run_id,pub_id,pub_name,rank,source_url,discount_type,discount_desc,discount_days,discount_time_range,source_observed_at,raw_context
20260707112707,area-001-soho-london-bar,London  Bar,1,https://www.barsoho.co.uk/london-bar/food-and-drink,offer,**[Please click here to read our allergen and dietary information.](https://tkmenus.com/hippo04)** [![Wing Wednesday at Bar Soho](https://www.spccs1.co.uk/ImageTiles/135/offer_page_mobile_wing_wednesday%20(1).jpg)](https://www.barsoho.co.uk/london-bar/food-and-drink-offers#wingwednesday) [![Burger & Drink from £13 at Bar Soho](https://www.spccs1.co.uk/ImageTiles/135/offer_page_mobile_burger_drink_13%20(1).jpg)](https://www.barsoho.co.uk/london-bar/food-and-drink-offers#burgerdrink) ![Summer of S,Wednesday,,2026-07-07T11:27:07.091Z,**[Please click here to read our allergen and dietary information.](https://tkmenus.com/hippo04)** [![Wing Wednesday at Bar Soho](https://www.spccs1.co.uk/ImageTiles/135/offer_page_mobile_wing_wednesday%20(1).jpg)](https://www.barsoho.co.uk/london-bar/food-and-drink-offers#wingwednesday) [![Burger & Drink from £13 at Bar Soho](https://www.spccs1.co.uk/ImageTiles/135/offer_page_mobile_burger_drink_13%20(1).jpg)](https://www.barsoho.co.uk/london-bar/food-and-drink-offers#burgerdrink) ![Summer of Spritz at Bar Soho](https://www.spccs1.co.uk/GridContents/5762/Summer%20of%20Spritz.png)
20260707112707,area-001-soho-london-bar,London  Bar,1,https://www.barsoho.co.uk/london-bar/food-and-drink,offer,[![Wing Wednesday at Bar Soho](https://www.spccs1.co.uk/ImageTiles/135/offer_page_mobile_wing_wednesday%20(1).jpg)](https://www.barsoho.co.uk/london-bar/food-and-drink-offers#wingwednesday) [![Burger & Drink from £13 at Bar Soho](https://www.spccs1.co.uk/ImageTiles/135/offer_page_mobile_burger_drink_13%20(1).jpg)](https://www.barsoho.co.uk/london-bar/food-and-drink-offers#burgerdrink) ![Summer of Spritz at Bar Soho](https://www.spccs1.co.uk/GridContents/5762/Summer%20of%20Spritz.png) ## SUMMER O,Wednesday,,2026-07-07T11:27:07.091Z,[![Wing Wednesday at Bar Soho](https://www.spccs1.co.uk/ImageTiles/135/offer_page_mobile_wing_wednesday%20(1).jpg)](https://www.barsoho.co.uk/london-bar/food-and-drink-offers#wingwednesday) [![Burger & Drink from £13 at Bar Soho](https://www.spccs1.co.uk/ImageTiles/135/offer_page_mobile_burger_drink_13%20(1).jpg)](https://www.barsoho.co.uk/london-bar/food-and-drink-offers#burgerdrink) ![Summer of Spritz at Bar Soho](https://www.spccs1.co.uk/GridContents/5762/Summer%20of%20Spritz.png) ## SUMMER OF SPRITZ AT Bar Soho
20260707112707,area-001-soho-london-bar,London  Bar,1,https://www.barsoho.co.uk/london-bar/food-and-drink,offer,[![Burger & Drink from £13 at Bar Soho](https://www.spccs1.co.uk/ImageTiles/135/offer_page_mobile_burger_drink_13%20(1).jpg)](https://www.barsoho.co.uk/london-bar/food-and-drink-offers#burgerdrink) ![Summer of Spritz at Bar Soho](https://www.spccs1.co.uk/GridContents/5762/Summer%20of%20Spritz.png) ## SUMMER OF SPRITZ AT Bar Soho Hot spritz Summer? We’re ready.,,,2026-07-07T11:27:07.091Z,[![Burger & Drink from £13 at Bar Soho](https://www.spccs1.co.uk/ImageTiles/135/offer_page_mobile_burger_drink_13%20(1).jpg)](https://www.barsoho.co.uk/london-bar/food-and-drink-offers#burgerdrink) ![Summer of Spritz at Bar Soho](https://www.spccs1.co.uk/GridContents/5762/Summer%20of%20Spritz.png) ## SUMMER OF SPRITZ AT Bar Soho Hot spritz Summer? We’re ready.
20260707112707,area-001-soho-london-bar,London  Bar,1,https://www.barsoho.co.uk/london-bar/food-and-drink,mention,"![Summer of Spritz at Bar Soho](https://www.spccs1.co.uk/GridContents/5762/Summer%20of%20Spritz.png) ## SUMMER OF SPRITZ AT Bar Soho Hot spritz Summer? We’re ready. Get ready to sip your way through longer evenings with 3 for 2 on our Summer of Spritz menu, available Monday to Friday until 8pm. Whether it’s a midweek treat, an after-work catch up or an essential sunny day sesh, our limited-edition menu is here to keep things sparkling.",Monday; Friday; sun,,2026-07-07T11:27:07.091Z,"![Summer of Spritz at Bar Soho](https://www.spccs1.co.uk/GridContents/5762/Summer%20of%20Spritz.png) ## SUMMER OF SPRITZ AT Bar Soho Hot spritz Summer? We’re ready. Get ready to sip your way through longer evenings with 3 for 2 on our Summer of Spritz menu, available Monday to Friday until 8pm. Whether it’s a midweek treat, an after-work catch up or an essential sunny day sesh, our limited-edition menu is here to keep things sparkling."
20260707112707,area-001-soho-london-bar,London  Bar,1,https://www.barsoho.co.uk/london-bar/food-and-drink,mention,"## SUMMER OF SPRITZ AT Bar Soho Hot spritz Summer? We’re ready. Get ready to sip your way through longer evenings with 3 for 2 on our Summer of Spritz menu, available Monday to Friday until 8pm. Whether it’s a midweek treat, an after-work catch up or an essential sunny day sesh, our limited-edition menu is here to keep things sparkling. 🍊 **APEROL SPRITZ** \- Aperol, Prosecco and soda",Monday; Friday; sun,,2026-07-07T11:27:07.091Z,"## SUMMER OF SPRITZ AT Bar Soho Hot spritz Summer? We’re ready. Get ready to sip your way through longer evenings with 3 for 2 on our Summer of Spritz menu, available Monday to Friday until 8pm. Whether it’s a midweek treat, an after-work catch up or an essential sunny day sesh, our limited-edition menu is here to keep things sparkling. 🍊 **APEROL SPRITZ** \- Aperol, Prosecco and soda"
20260707112707,area-001-soho-london-bar,London  Bar,1,https://www.barsoho.co.uk/london-bar/food-and-drink,mention,"Hot spritz Summer? We’re ready. Get ready to sip your way through longer evenings with 3 for 2 on our Summer of Spritz menu, available Monday to Friday until 8pm. Whether it’s a midweek treat, an after-work catch up or an essential sunny day sesh, our limited-edition menu is here to keep things sparkling. 🍊 **APEROL SPRITZ** \- Aperol, Prosecco and soda 🥭 **SARTI SPRITZ** \- Sarti Rosa mango & passion fruit Italian aperitif, Prosecco and soda",Monday; Friday; sun,,2026-07-07T11:27:07.091Z,"Hot spritz Summer? We’re ready. Get ready to sip your way through longer evenings with 3 for 2 on our Summer of Spritz menu, available Monday to Friday until 8pm. Whether it’s a midweek treat, an after-work catch up or an essential sunny day sesh, our limited-edition menu is here to keep things sparkling. 🍊 **APEROL SPRITZ** \- Aperol, Prosecco and soda 🥭 **SARTI SPRITZ** \- Sarti Rosa mango & passion fruit Italian aperitif, Prosecco and soda"
20260707112707,area-001-soho-london-bar,London  Bar,1,https://www.barsoho.co.uk/london-bar/food-and-drink,mention,"Get ready to sip your way through longer evenings with 3 for 2 on our Summer of Spritz menu, available Monday to Friday until 8pm. Whether it’s a midweek treat, an after-work catch up or an essential sunny day sesh, our limited-edition menu is here to keep things sparkling. 🍊 **APEROL SPRITZ** \- Aperol, Prosecco and soda 🥭 **SARTI SPRITZ** \- Sarti Rosa mango & passion fruit Italian aperitif, Prosecco and soda 🌿 **HUGO SPRITZ** \- St. Germain Elderflower liqueur, Prosecco and soda",Monday; Friday; sun,,2026-07-07T11:27:07.091Z,"Get ready to sip your way through longer evenings with 3 for 2 on our Summer of Spritz menu, available Monday to Friday until 8pm. Whether it’s a midweek treat, an after-work catch up or an essential sunny day sesh, our limited-edition menu is here to keep things sparkling. 🍊 **APEROL SPRITZ** \- Aperol, Prosecco and soda 🥭 **SARTI SPRITZ** \- Sarti Rosa mango & passion fruit Italian aperitif, Prosecco and soda 🌿 **HUGO SPRITZ** \- St. Germain Elderflower liqueur, Prosecco and soda"
20260707112707,area-001-soho-london-bar,London  Bar,1,https://www.barsoho.co.uk/london-bar/food-and-drink,mention,"🍊 **APEROL SPRITZ** \- Aperol, Prosecco and soda 🥭 **SARTI SPRITZ** \- Sarti Rosa mango & passion fruit Italian aperitif, Prosecco and soda 🌿 **HUGO SPRITZ** \- St. Germain Elderflower liqueur, Prosecco and soda 0️⃣ **CRODINO SPRITZ (0.0%)** \- Crodino Italian Spritz 0%",,,2026-07-07T11:27:07.091Z,"🍊 **APEROL SPRITZ** \- Aperol, Prosecco and soda 🥭 **SARTI SPRITZ** \- Sarti Rosa mango & passion fruit Italian aperitif, Prosecco and soda 🌿 **HUGO SPRITZ** \- St. Germain Elderflower liqueur, Prosecco and soda 0️⃣ **CRODINO SPRITZ (0.0%)** \- Crodino Italian Spritz 0%"
20260707112707,area-001-soho-london-bar,London  Bar,1,https://www.barsoho.co.uk/london-bar/food-and-drink,mention,"🥭 **SARTI SPRITZ** \- Sarti Rosa mango & passion fruit Italian aperitif, Prosecco and soda 🌿 **HUGO SPRITZ** \- St. Germain Elderflower liqueur, Prosecco and soda 0️⃣ **CRODINO SPRITZ (0.0%)** \- Crodino Italian Spritz 0% Summer plans? Sorted.",,,2026-07-07T11:27:07.091Z,"🥭 **SARTI SPRITZ** \- Sarti Rosa mango & passion fruit Italian aperitif, Prosecco and soda 🌿 **HUGO SPRITZ** \- St. Germain Elderflower liqueur, Prosecco and soda 0️⃣ **CRODINO SPRITZ (0.0%)** \- Crodino Italian Spritz 0% Summer plans? Sorted."
20260707112707,area-001-soho-london-bar,London  Bar,1,https://www.barsoho.co.uk/london-bar/food-and-drink,mention,"🌿 **HUGO SPRITZ** \- St. Germain Elderflower liqueur, Prosecco and soda 0️⃣ **CRODINO SPRITZ (0.0%)** \- Crodino Italian Spritz 0% Summer plans? Sorted. Long days, loud laughs and 3 for 2 spritzes because every iconic summer deserves a little sparkle.",,,2026-07-07T11:27:07.091Z,"🌿 **HUGO SPRITZ** \- St. Germain Elderflower liqueur, Prosecco and soda 0️⃣ **CRODINO SPRITZ (0.0%)** \- Crodino Italian Spritz 0% Summer plans? Sorted. Long days, loud laughs and 3 for 2 spritzes because every iconic summer deserves a little sparkle."
20260707112707,area-001-soho-london-bar,London  Bar,1,https://www.barsoho.co.uk/london-bar/food-and-drink,mention,"Summer plans? Sorted. Long days, loud laughs and 3 for 2 spritzes because every iconic summer deserves a little sparkle. ## Bars with Food in Westminster Get ready for a night of great food, delicious drinks, and good times at Bar Soho. Our menus are packed with delicious bites and expertly crafted cocktails, perfect for any occasion. Whether you're stopping by for a casual meal or keeping the party going till late, our cocktail bar with food has everything you need to make it a night to remembe",,,2026-07-07T11:27:07.091Z,"Summer plans? Sorted. Long days, loud laughs and 3 for 2 spritzes because every iconic summer deserves a little sparkle. ## Bars with Food in Westminster Get ready for a night of great food, delicious drinks, and good times at Bar Soho. Our menus are packed with delicious bites and expertly crafted cocktails, perfect for any occasion. Whether you're stopping by for a casual meal or keeping the party going till late, our cocktail bar with food has everything you need to make it a night to remember."
20260707112707,area-001-soho-london-bar,London  Bar,1,https://www.barsoho.co.uk/london-bar/food-and-drink,offer,Special occasion coming up? Pre-book one of our drinks packages to make your night that bit extra. Don’t forget to [check out our latest offers](https://www.barsoho.co.uk/london-bar/food-and-drink-offers)! Book Your Next Visit Today: 4:00 PM - 1:00 AM,,4:00 PM-1:00 AM,2026-07-07T11:27:07.091Z,Special occasion coming up? Pre-book one of our drinks packages to make your night that bit extra. Don’t forget to [check out our latest offers](https://www.barsoho.co.uk/london-bar/food-and-drink-offers)! Book Your Next Visit Today: 4:00 PM - 1:00 AM
20260707112707,area-001-soho-london-bar,London  Bar,1,https://www.barsoho.co.uk/london-bar/food-and-drink,happy_hour,[View Menus](https://www.barsoho.co.uk/london-bar/food-and-drink) - [Offers](https://www.barsoho.co.uk/london-bar/offers) - [Cocktail Bar With Food](https://www.barsoho.co.uk/london-bar/bar-with-food) - [Happy Hour](https://www.barsoho.co.uk/london-bar/happy-hour),,,2026-07-07T11:27:07.091Z,[View Menus](https://www.barsoho.co.uk/london-bar/food-and-drink) - [Offers](https://www.barsoho.co.uk/london-bar/offers) - [Cocktail Bar With Food](https://www.barsoho.co.uk/london-bar/bar-with-food) - [Happy Hour](https://www.barsoho.co.uk/london-bar/happy-hour)
20260707112707,area-001-soho-london-bar,London  Bar,1,https://www.barsoho.co.uk/london-bar/food-and-drink,happy_hour,- [Cocktail Bar With Food](https://www.barsoho.co.uk/london-bar/bar-with-food) - [Happy Hour](https://www.barsoho.co.uk/london-bar/happy-hour) - [What's On](https://www.barsoho.co.uk/london-bar/events) [Events Calendar](https://www.barsoho.co.uk/london-bar/events),,,2026-07-07T11:27:07.091Z,- [Cocktail Bar With Food](https://www.barsoho.co.uk/london-bar/bar-with-food) - [Happy Hour](https://www.barsoho.co.uk/london-bar/happy-hour) - [What's On](https://www.barsoho.co.uk/london-bar/events) [Events Calendar](https://www.barsoho.co.uk/london-bar/events)
20260707112707,area-001-soho-london-bar,London  Bar,1,https://www.barsoho.co.uk/london-bar/food-and-drink,happy_hour,- [View Menus](https://www.barsoho.co.uk/london-bar/food-and-drink) - [Offers](https://www.barsoho.co.uk/london-bar/offers) - [Cocktail Bar With Food](https://www.barsoho.co.uk/london-bar/bar-with-food) - [Happy Hour](https://www.barsoho.co.uk/london-bar/happy-hour),,,2026-07-07T11:27:07.091Z,- [View Menus](https://www.barsoho.co.uk/london-bar/food-and-drink) - [Offers](https://www.barsoho.co.uk/london-bar/offers) - [Cocktail Bar With Food](https://www.barsoho.co.uk/london-bar/bar-with-food) - [Happy Hour](https://www.barsoho.co.uk/london-bar/happy-hour)
20260707112707,area-001-soho-london-bar,London  Bar,1,https://www.barsoho.co.uk/london-bar/food-and-drink,happy_hour,- [Cocktail Bar With Food](https://www.barsoho.co.uk/london-bar/bar-with-food) - [Happy Hour](https://www.barsoho.co.uk/london-bar/happy-hour) - [Events Calendar](https://www.barsoho.co.uk/london-bar/events) Open Today,,,2026-07-07T11:27:07.091Z,- [Cocktail Bar With Food](https://www.barsoho.co.uk/london-bar/bar-with-food) - [Happy Hour](https://www.barsoho.co.uk/london-bar/happy-hour) - [Events Calendar](https://www.barsoho.co.uk/london-bar/events) Open Today
20260707112707,area-004-soho-bar-soho,Bar Soho,4,https://www.quandoo.co.uk/place/bar-soho-9153/menu,offer,"### More about the restaurant: Bar Soho Is it a brothel? A fairground ride? Maybe a Gentleman's Club? No, it's our favourite pimped out bar in Soho! Encapsulating all that's fabulous about 'Old Soho' lifestyle in a modern and daring fashion, Bar Soho is the place to go to party. From gaudy circus extravaganza to sexy, sensual and seductive, Bar Soho indulges all of your deepest desires. It's the ideal bar for a sinful cocktail, a night out with no end in site, or an exclusive and excessive party",,,2026-07-07T11:27:07.091Z,"### More about the restaurant: Bar Soho Is it a brothel? A fairground ride? Maybe a Gentleman's Club? No, it's our favourite pimped out bar in Soho! Encapsulating all that's fabulous about 'Old Soho' lifestyle in a modern and daring fashion, Bar Soho is the place to go to party. From gaudy circus extravaganza to sexy, sensual and seductive, Bar Soho indulges all of your deepest desires. It's the ideal bar for a sinful cocktail, a night out with no end in site, or an exclusive and excessive party. Sink into Bar Soho and you'll emerge with a sparkle in your eye. See more ### Reviews (4)"
20260707112707,area-004-soho-bar-soho,Bar Soho,4,https://www.quandoo.co.uk/place/bar-soho-9153/menu,happy_hour,"deon p.8 years ago · 5 reviews Great atmosphere, burgers and vibe . Definitely a place to go if happy hour is on. The Dj for pride was awesome. Staff were brilliant. [All restaurant reviews](https://www.quandoo.co.uk/place/bar-soho-9153/reviews) ## Frequently asked questions",,,2026-07-07T11:27:07.091Z,"deon p.8 years ago · 5 reviews Great atmosphere, burgers and vibe . Definitely a place to go if happy hour is on. The Dj for pride was awesome. Staff were brilliant. [All restaurant reviews](https://www.quandoo.co.uk/place/bar-soho-9153/reviews) ## Frequently asked questions"
20260707112707,area-005-shoreditch-the-cornershop-bar,The Cornershop Bar,5,https://www.thecornershopbar.co.uk/drinks-menu/,offer,- [DRINKS PACKAGES](https://www.thecornershopbar.co.uk/drinks-packages/) - [OFFERS](https://www.thecornershopbar.co.uk/offers/) - [WHAT’S ON](https://www.thecornershopbar.co.uk/whats-on/) - [PRIVATE HIRE](https://www.thecornershopbar.co.uk/venue-hire/),,,2026-07-07T11:27:07.091Z,- [DRINKS PACKAGES](https://www.thecornershopbar.co.uk/drinks-packages/) - [OFFERS](https://www.thecornershopbar.co.uk/offers/) - [WHAT’S ON](https://www.thecornershopbar.co.uk/whats-on/) - [PRIVATE HIRE](https://www.thecornershopbar.co.uk/venue-hire/)
20260707112707,area-006-shoreditch-lightbarlondon,Lightbarlondon,6,https://www.lightbarlondon.com/menu/,happy_hour,[![Light-Bar-Daily-Menu](https://www.lightbarlondon.com/wp-content/uploads/elementor/thumbs/Light-Bar-Daily-Menu-ri7y1ywrc78o17eknvy5qgbgh1qjd5ygj98utkixcq.webp)](https://www.lightbarlondon.com/wp-content/uploads/2026/05/ALC-Menu-Summer.pdf) Daily Menu [![Friday Happy Hour](https://www.lightbarlondon.com/wp-content/uploads/elementor/thumbs/Friday-Happy-Hour--ri7y1ywrc78o17eknvy5qgbgh1qjd5ygj98utkixcq.png)](https://www.lightbarlondon.com/wp-content/uploads/2026/07/2Light-Bar-Menu-NEW-June-2026.pd,thu; Friday; thu; Friday; thu; thu,,2026-07-07T11:27:07.091Z,[![Light-Bar-Daily-Menu](https://www.lightbarlondon.com/wp-content/uploads/elementor/thumbs/Light-Bar-Daily-Menu-ri7y1ywrc78o17eknvy5qgbgh1qjd5ygj98utkixcq.webp)](https://www.lightbarlondon.com/wp-content/uploads/2026/05/ALC-Menu-Summer.pdf) Daily Menu [![Friday Happy Hour](https://www.lightbarlondon.com/wp-content/uploads/elementor/thumbs/Friday-Happy-Hour--ri7y1ywrc78o17eknvy5qgbgh1qjd5ygj98utkixcq.png)](https://www.lightbarlondon.com/wp-content/uploads/2026/07/2Light-Bar-Menu-NEW-June-2026.pdf) Drinks Menu [![Light-Bar-Group-Menu](https://www.lightbarlondon.com/wp-content/uploads/elementor/thumbs/Light-Bar-Group-Menu-ri7y1ywrc78o17eknvy5qgbgh1qjd5ygj98utkixcq.webp)](https://www.lightbarlondon.com/wp-content/uploads/2026/06/Canape-Menu-May26-.pdf) Canape Menu [![Wine Package](https://www
20260707112707,area-006-shoreditch-lightbarlondon,Lightbarlondon,6,https://www.lightbarlondon.com/menu/,happy_hour,"JuliaDMN Review ""Superb everything - food, after work (happy hour!) drinks, dancing on Sundays as well as ever welcoming staff."" Simona ValuckaiteGoogle Review ""Fantastic lunch, really fresh and tasty, seasonal and perfectly cooked. """,Sunday,,2026-07-07T11:27:07.091Z,"JuliaDMN Review ""Superb everything - food, after work (happy hour!) drinks, dancing on Sundays as well as ever welcoming staff."" Simona ValuckaiteGoogle Review ""Fantastic lunch, really fresh and tasty, seasonal and perfectly cooked. """
20260707112707,area-007-shoreditch-the-shoreditch-arms,The Shoreditch Arms,7,https://www.urbanpubsandbars.com/venues/the-shoreditch-arms,offer,"Our menu blends timeless classics with modern twists, featuring favourites like the French Martini, Smoked Old Fashioned, and seasonal house creations that surprise and delight. Whether you’re after something bold, bright, or beautifully balanced, our team will pour you the perfect drink — every time. Ideal for dates, discreet meetups, or letting the evening unfold into something special. [Book the cocktail bar](https://www.urbanpubsandbars.com/bookings/black-horse-cocktail-bar-website) ![](http",,,2026-07-07T11:27:07.091Z,"Our menu blends timeless classics with modern twists, featuring favourites like the French Martini, Smoked Old Fashioned, and seasonal house creations that surprise and delight. Whether you’re after something bold, bright, or beautifully balanced, our team will pour you the perfect drink — every time. Ideal for dates, discreet meetups, or letting the evening unfold into something special. [Book the cocktail bar](https://www.urbanpubsandbars.com/bookings/black-horse-cocktail-bar-website) ![](https://cdn.prod.website-files.com/64cd0b3dbdde72b77a84b64a/68769247c24341425d8e7822_the-black-horse-fitzrovia-london-pub-cocktail-bar-07.webp)"
20260707112707,area-007-shoreditch-the-shoreditch-arms,The Shoreditch Arms,7,https://www.urbanpubsandbars.com/venues/the-shoreditch-arms,offer,"[More Info ▸](https://business.untappd.com/embeds/iframes/41926/163228#) Our Pale Ale raises a glass to the art deco arches of Reliance Arcade where local cobblers and tailors still practice their crafts with skill and precision. Premium English Maris Otter barley provides the clean, crisp backdrop to bright hop flavours. Reliance proves that if you want the real deal, you have to make it by hand. STYLE & TASTE Pale Ale – Biscuity malts, pine aromas and citrus flavours. An easy drinking beer for",,,2026-07-07T11:27:07.091Z,"[More Info ▸](https://business.untappd.com/embeds/iframes/41926/163228#) Our Pale Ale raises a glass to the art deco arches of Reliance Arcade where local cobblers and tailors still practice their crafts with skill and precision. Premium English Maris Otter barley provides the clean, crisp backdrop to bright hop flavours. Reliance proves that if you want the real deal, you have to make it by hand. STYLE & TASTE Pale Ale – Biscuity malts, pine aromas and citrus flavours. An easy drinking beer for all occasions."
20260707112707,area-007-shoreditch-the-shoreditch-arms,The Shoreditch Arms,7,https://www.urbanpubsandbars.com/venues/the-shoreditch-arms,mention,"[More Info ▸](https://business.untappd.com/embeds/iframes/41926/163228#) Ein besonders mildes, spritziges, lang gelagertes und vor allem erfrischendes Bier. Einmalig in seinem Geschmack, ein Genuss für jeden Bierkenner. [Less Info ▴](https://business.untappd.com/embeds/iframes/41926/163228#) [![Sol](https://labels.untappd.com/7457)](https://untappd.com/b/cerveceria-cuauhtemoc-moctezuma-sol/7457)",,,2026-07-07T11:27:07.091Z,"[More Info ▸](https://business.untappd.com/embeds/iframes/41926/163228#) Ein besonders mildes, spritziges, lang gelagertes und vor allem erfrischendes Bier. Einmalig in seinem Geschmack, ein Genuss für jeden Bierkenner. [Less Info ▴](https://business.untappd.com/embeds/iframes/41926/163228#) [![Sol](https://labels.untappd.com/7457)](https://untappd.com/b/cerveceria-cuauhtemoc-moctezuma-sol/7457)"
20260707112707,area-007-shoreditch-the-shoreditch-arms,The Shoreditch Arms,7,https://www.urbanpubsandbars.com/venues/the-shoreditch-arms,offer,"Heavyweight flavour, featherweight ABV. Our in your face IPA, that just happens to be alcohol-free. When we decided to brew an AF IPA, we wanted to roll a bit differently. Rather than brewing with small amounts of malt or dealcoholizing after fermentation, for Lazer Crush we used a clever strain of yeast that fully ferments our crisp pilsner malt without producing alcohol and adds a hint of peachy fruit to boot. Then we laid down some heavy-duty hops. Azacca for ripe mango with a hint of fresh p",Monday; Sunday,,2026-07-07T11:27:07.091Z,"Heavyweight flavour, featherweight ABV. Our in your face IPA, that just happens to be alcohol-free. When we decided to brew an AF IPA, we wanted to roll a bit differently. Rather than brewing with small amounts of malt or dealcoholizing after fermentation, for Lazer Crush we used a clever strain of yeast that fully ferments our crisp pilsner malt without producing alcohol and adds a hint of peachy fruit to boot. Then we laid down some heavy-duty hops. Azacca for ripe mango with a hint of fresh pine, Amarillo gives bags of sweet orange and Citra adds the zesty citrus and grapefruit bitterness that we all want in an IPA. The result is a rocket-fueled, turbocharged, laser-sharp IPA at a Monday to Sunday crushable 0.3% [Less Info ▴](https://business.untappd.com/embeds/iframes/41926/163228#)"
20260707112707,area-007-shoreditch-the-shoreditch-arms,The Shoreditch Arms,7,https://www.urbanpubsandbars.com/venues/the-shoreditch-arms,offer,"An award-winning London Fringe Theatre with a varied programme of cabaret, drama, and musicals. The theatre seats up to 140 and is situated above our pub in the picturesque Highgate Village. Ovation, the in-house company, produces two or three shows each year at Upstairs at the Gatehouse. Past productions have included Legally Blonde, Singin' in the Rain, Crazy For You, Buddy, Kiss Me Kate, Avenue Q and Top Hat. Book your pre or post show meal with us and enjoy our pre-theatre menu, 2 courses fo",Fri; Tue-Sat,,2026-07-07T11:27:07.091Z,"An award-winning London Fringe Theatre with a varied programme of cabaret, drama, and musicals. The theatre seats up to 140 and is situated above our pub in the picturesque Highgate Village. Ovation, the in-house company, produces two or three shows each year at Upstairs at the Gatehouse. Past productions have included Legally Blonde, Singin' in the Rain, Crazy For You, Buddy, Kiss Me Kate, Avenue Q and Top Hat. Book your pre or post show meal with us and enjoy our pre-theatre menu, 2 courses for just £21.50 (Tue-Sat only). Just show your tickets upon arrival to receive this fantastic offer. Please allow an hour and a half for your meal as this can be a particularly busy time. Only valid on the day of your performance and on selected shows. [BOOK Now](https://www.upstairsatthegatehouse.com"
20260707112707,area-007-shoreditch-the-shoreditch-arms,The Shoreditch Arms,7,https://www.urbanpubsandbars.com/venues/the-shoreditch-arms,offer,"## Weddings at The Shoreditch Arms We know that your wedding day is one of the most important events in your life, and that's why we offer a range of services to help make your day truly unforgettable. Click below for more information. [Learn More](https://www.urbanpubsandbars.com/venues/the-shoreditch-arms#) ![](https://cdn.prod.website-files.com/64cd0b3dbdde72b77a84b64a/68b964e92f6c961689d66cce_urban-wedding-collection-london-wedding-venues.webp)",Wed; wed; wed; wed,,2026-07-07T11:27:07.091Z,"## Weddings at The Shoreditch Arms We know that your wedding day is one of the most important events in your life, and that's why we offer a range of services to help make your day truly unforgettable. Click below for more information. [Learn More](https://www.urbanpubsandbars.com/venues/the-shoreditch-arms#) ![](https://cdn.prod.website-files.com/64cd0b3dbdde72b77a84b64a/68b964e92f6c961689d66cce_urban-wedding-collection-london-wedding-venues.webp)"
20260707112707,area-007-shoreditch-the-shoreditch-arms,The Shoreditch Arms,7,https://www.urbanpubsandbars.com/venues/the-shoreditch-arms,offer,"## Let's be friends For exclusive offers, along with the latest food, wine and events new from The Shoreditch Arms, subscribe to our mailing lists and let us keep in touch. Check here to allow us to send you emails. Checking your Browser…",fri,,2026-07-07T11:27:07.091Z,"## Let's be friends For exclusive offers, along with the latest food, wine and events new from The Shoreditch Arms, subscribe to our mailing lists and let us keep in touch. Check here to allow us to send you emails. Checking your Browser…"
20260707112707,area-008-shoreditch-owlandpussycat,Owlandpussycat,8,https://www.owlandpussycatshoreditch.com/,offer,"Visit an epic pub oozing with that old skool heart and soul – if this is on your bucket list, then you’re in luck. Venture down Redchurch Street and you’ll find our pub – considered by many as the soul of Shoreditch! Offering a food menu packed full of hearty pub favourites, a bangin’ selection of beers, and a not-so-secret, heated (and covered to protect from the drizzle) [beer garden,](https://www.youngs.co.uk/best-pub-gardens-in-east-london) we are popular with locals and tourists alike. We’r",Monday-Sunday,,2026-07-07T11:27:07.091Z,"Visit an epic pub oozing with that old skool heart and soul – if this is on your bucket list, then you’re in luck. Venture down Redchurch Street and you’ll find our pub – considered by many as the soul of Shoreditch! Offering a food menu packed full of hearty pub favourites, a bangin’ selection of beers, and a not-so-secret, heated (and covered to protect from the drizzle) [beer garden,](https://www.youngs.co.uk/best-pub-gardens-in-east-london) we are popular with locals and tourists alike. We’re open Monday-Sunday, so whether you’re wanting to work from the pub through the week, (our coffee and lunch menus are certain to fuel your productivity) or if you’re looking to have drinks with your pals, food with your housemates, or cocktails with your better half, we’re here to host! ![](https:/"
20260707112707,area-008-shoreditch-owlandpussycat,Owlandpussycat,8,https://www.owlandpussycatshoreditch.com/,mention,"# Food & Drinks Our kitchen creatives regularly revamp our pub menu, making sure there’s always an epic selection of epic dishes, sharing boards for grazing, and nibbly bits to share, all washed down with our selection of beers on draft or refreshing seasonal cocktails and Spritz. You can count on us to keep you full and fed this Summer, whether that be for lunch, dinner, or a late-night supper. [Our Menus](https://www.owlandpussycatshoreditch.com/food-drink/) # Our Garden",,,2026-07-07T11:27:07.091Z,"# Food & Drinks Our kitchen creatives regularly revamp our pub menu, making sure there’s always an epic selection of epic dishes, sharing boards for grazing, and nibbly bits to share, all washed down with our selection of beers on draft or refreshing seasonal cocktails and Spritz. You can count on us to keep you full and fed this Summer, whether that be for lunch, dinner, or a late-night supper. [Our Menus](https://www.owlandpussycatshoreditch.com/food-drink/) # Our Garden"
20260707112707,area-008-shoreditch-owlandpussycat,Owlandpussycat,8,https://www.owlandpussycatshoreditch.com/,offer,"Birthday Sign me up for offers, news and promotions, mainly via email \* reCAPTCHA Recaptcha requires verification.",,,2026-07-07T11:27:07.091Z,"Birthday Sign me up for offers, news and promotions, mainly via email \* reCAPTCHA Recaptcha requires verification."
20260707112707,area-008-shoreditch-owlandpussycat,Owlandpussycat,8,https://www.owlandpussycatshoreditch.com/,offer,"Yes Please In future we may tailor emails and online advertising based on your location and what you’ve shown an interest in. By clicking on ‘Yes Please’ on the above, you’re accepting our Privacy & Cookie Policy. Young & Co.’s Brewery, P.L.C and its group of companies are committed to protecting your data and it will be processed in accordance with our Privacy & Cookie Policy which can be found at [www.youngs.co.uk/privacy-policy](http://www.youngs.co.uk/privacy-policy). Please read this before",,,2026-07-07T11:27:07.091Z,"Yes Please In future we may tailor emails and online advertising based on your location and what you’ve shown an interest in. By clicking on ‘Yes Please’ on the above, you’re accepting our Privacy & Cookie Policy. Young & Co.’s Brewery, P.L.C and its group of companies are committed to protecting your data and it will be processed in accordance with our Privacy & Cookie Policy which can be found at [www.youngs.co.uk/privacy-policy](http://www.youngs.co.uk/privacy-policy). Please read this before clicking ‘Yes Please’. Promoter: Young & Co.’s Brewery P.L.C, Copper House, 5 Garratt Lane, Wandsworth, London, SW18 4AQ. Registered in England & Wales Company No. 32762 reCAPTCHA"
20260707112707,area-009-camden-the-darkhorse,The Darkhorse,9,https://www.thedarkhorsecamden.com/menu,mention,"Silky smooth sour with a vibrant & tangy finish. A blend of Jack Daniel's, citrus, sugar, orange & Angostura bitters. ##### Here Comes The Sun' Spritz 13 A classic for the sunshine, Bombay Sapphire Gin, St Germain elderflower liqueur, prosecco & soda. Garnished with cucumber & mint.",Sun; sun,,2026-07-07T11:27:07.091Z,"Silky smooth sour with a vibrant & tangy finish. A blend of Jack Daniel's, citrus, sugar, orange & Angostura bitters. ##### Here Comes The Sun' Spritz 13 A classic for the sunshine, Bombay Sapphire Gin, St Germain elderflower liqueur, prosecco & soda. Garnished with cucumber & mint."
20260707112707,area-010-camden-earl-of-camden,Earl of Camden,10,https://www.socialpubandkitchen.co.uk/earl-of-camden/food-and-drink,percentage_discount,"#### Menus Following the government VAT reduction on Kids meals, a 15% discount has been applied to all Kids menu pricing. Discount will be applied on your visit. Valid until 01/09/26. [Food Menu](https://www.spccs1.co.uk/MenuPdf/Food%20Menu%20Band%206%20-%20Core.pdf?date=20260707122722) [Drinks Menu](https://www.spccs1.co.uk/MenuPdf/Drinks%20Menu%20-%20C8%20-%20W5%20-%20241.pdf?date=20260707122722) [Lunch & Drink](https://www.spccs1.co.uk/MenuPdf/Lunch%20Band%202%20%20-%20Core.pdf?date=20260707",Sunday; Sunday,,2026-07-07T11:27:07.091Z,"#### Menus Following the government VAT reduction on Kids meals, a 15% discount has been applied to all Kids menu pricing. Discount will be applied on your visit. Valid until 01/09/26. [Food Menu](https://www.spccs1.co.uk/MenuPdf/Food%20Menu%20Band%206%20-%20Core.pdf?date=20260707122722) [Drinks Menu](https://www.spccs1.co.uk/MenuPdf/Drinks%20Menu%20-%20C8%20-%20W5%20-%20241.pdf?date=20260707122722) [Lunch & Drink](https://www.spccs1.co.uk/MenuPdf/Lunch%20Band%202%20%20-%20Core.pdf?date=20260707122722) [Breakfast Menu](https://www.spccs1.co.uk/MenuPdf/Breakfast%20Menu%20Band%206%20-%20Eng_Wales.pdf?date=20260707122722) [Bottomless Brunch](https://www.spccs1.co.uk/MenuPdf/BBM%20-%20Core.pdf?date=20260707122722) [Kids Menu](https://www.spccs1.co.uk/MenuPdf/Kids%20Menu%20Band%206%20-%20Core.p"
20260707112707,area-010-camden-earl-of-camden,Earl of Camden,10,https://www.socialpubandkitchen.co.uk/earl-of-camden/food-and-drink,offer,"[Please click here to read our allergen and dietary information.](https://tkmenus.com/socialpubkitchen) At Earl Of Camden, we’re all about keeping it chilled and serving up great food and drinks. No matter that your plans are, we’ve got something you’ll love. Plus, we’ve got tons of [weekly food and drink offers](https://www.socialpubandkitchen.co.uk/earl-of-camden/offers) so you can count on some reliable faves that hit the spot every time! If you're up for it, don’t miss our [bottomless brunch",,,2026-07-07T11:27:07.091Z,"[Please click here to read our allergen and dietary information.](https://tkmenus.com/socialpubkitchen) At Earl Of Camden, we’re all about keeping it chilled and serving up great food and drinks. No matter that your plans are, we’ve got something you’ll love. Plus, we’ve got tons of [weekly food and drink offers](https://www.socialpubandkitchen.co.uk/earl-of-camden/offers) so you can count on some reliable faves that hit the spot every time! If you're up for it, don’t miss our [bottomless brunch](https://www.socialpubandkitchen.co.uk/earl-of-camden/bottomless-brunch) \- 2 hours of unlimited drinks and some seriously tasty dishes to start your day off right. Plus, to make things even easier, you can [order straight from your table](https://order.withqikserve.com/Social-Pub-and-Kitchen/#/mai"
20260707112707,area-010-camden-earl-of-camden,Earl of Camden,10,https://www.socialpubandkitchen.co.uk/earl-of-camden/food-and-drink,offer,### View Our Brunch Menu ![Bottomless Brunch](https://www.spccs1.co.uk/MenuImages/USJ220218%20-%20SPK%20-%20OFFER%20CHANGE%2026%20-%20DIGITAL%20ASSETS%20-%20WEB%20-%20BS_450%20x%204503.jpg) ![Beef burger](https://www.spccs1.co.uk/ColumnArticles/1497/SPK%20SMASH%20BURGER%20900X450.png) ### Burgers That Hit the Spot,,,2026-07-07T11:27:07.091Z,### View Our Brunch Menu ![Bottomless Brunch](https://www.spccs1.co.uk/MenuImages/USJ220218%20-%20SPK%20-%20OFFER%20CHANGE%2026%20-%20DIGITAL%20ASSETS%20-%20WEB%20-%20BS_450%20x%204503.jpg) ![Beef burger](https://www.spccs1.co.uk/ColumnArticles/1497/SPK%20SMASH%20BURGER%20900X450.png) ### Burgers That Hit the Spot
20260707112707,area-010-camden-earl-of-camden,Earl of Camden,10,https://www.socialpubandkitchen.co.uk/earl-of-camden/food-and-drink,offer,"Get messy with our crispy chicken wings or sweetcorn riblets coated in sauces like Cheesy Garlic & Parsley, sticky BBQ, Carolina Reaper Hot or Franks RedHot Buffalo & Ranch. Perfect for sharing (or keeping all to yourself). Plus, they're [50p each on Wednesdays](https://www.socialpubandkitchen.co.uk/earl-of-camden//offers/wing-wednesday)! Today: 12:00 PM - 11:00 PM Make a Booking",Wednesday; wednesday,12:00 PM-11:00 PM,2026-07-07T11:27:07.091Z,"Get messy with our crispy chicken wings or sweetcorn riblets coated in sauces like Cheesy Garlic & Parsley, sticky BBQ, Carolina Reaper Hot or Franks RedHot Buffalo & Ranch. Perfect for sharing (or keeping all to yourself). Plus, they're [50p each on Wednesdays](https://www.socialpubandkitchen.co.uk/earl-of-camden//offers/wing-wednesday)! Today: 12:00 PM - 11:00 PM Make a Booking"
20260707112707,area-010-camden-earl-of-camden,Earl of Camden,10,https://www.socialpubandkitchen.co.uk/earl-of-camden/food-and-drink,offer,- [Live Sport](https://www.socialpubandkitchen.co.uk/earl-of-camden/live-sport-pub) - [Offers](https://www.socialpubandkitchen.co.uk/earl-of-camden/offers) - [Our Beer Garden](https://www.socialpubandkitchen.co.uk/earl-of-camden/beer-garden) - [Occasions & Events](https://www.socialpubandkitchen.co.uk/earl-of-camden/occasions),,,2026-07-07T11:27:07.091Z,- [Live Sport](https://www.socialpubandkitchen.co.uk/earl-of-camden/live-sport-pub) - [Offers](https://www.socialpubandkitchen.co.uk/earl-of-camden/offers) - [Our Beer Garden](https://www.socialpubandkitchen.co.uk/earl-of-camden/beer-garden) - [Occasions & Events](https://www.socialpubandkitchen.co.uk/earl-of-camden/occasions)
20260707112707,area-010-camden-earl-of-camden,Earl of Camden,10,https://www.socialpubandkitchen.co.uk/earl-of-camden/food-and-drink,student_discount,[Wimbledon](https://www.socialpubandkitchen.co.uk/earl-of-camden/sport/tennis/where-to-watch-wimbledon) - [Offers](https://www.socialpubandkitchen.co.uk/earl-of-camden/offers) [View all Offers & Discounts](https://www.socialpubandkitchen.co.uk/earl-of-camden/offers) - [Student Offers](https://www.socialpubandkitchen.co.uk/earl-of-camden/student-pub),,,2026-07-07T11:27:07.091Z,[Wimbledon](https://www.socialpubandkitchen.co.uk/earl-of-camden/sport/tennis/where-to-watch-wimbledon) - [Offers](https://www.socialpubandkitchen.co.uk/earl-of-camden/offers) [View all Offers & Discounts](https://www.socialpubandkitchen.co.uk/earl-of-camden/offers) - [Student Offers](https://www.socialpubandkitchen.co.uk/earl-of-camden/student-pub)
20260707112707,area-010-camden-earl-of-camden,Earl of Camden,10,https://www.socialpubandkitchen.co.uk/earl-of-camden/food-and-drink,student_discount,- [Offers](https://www.socialpubandkitchen.co.uk/earl-of-camden/offers) [View all Offers & Discounts](https://www.socialpubandkitchen.co.uk/earl-of-camden/offers) - [Student Offers](https://www.socialpubandkitchen.co.uk/earl-of-camden/student-pub) - [Pizza Party Buffet](https://www.socialpubandkitchen.co.uk/earl-of-camden/occasions/pizza-party-buffet),,,2026-07-07T11:27:07.091Z,- [Offers](https://www.socialpubandkitchen.co.uk/earl-of-camden/offers) [View all Offers & Discounts](https://www.socialpubandkitchen.co.uk/earl-of-camden/offers) - [Student Offers](https://www.socialpubandkitchen.co.uk/earl-of-camden/student-pub) - [Pizza Party Buffet](https://www.socialpubandkitchen.co.uk/earl-of-camden/occasions/pizza-party-buffet)
20260707112707,area-010-camden-earl-of-camden,Earl of Camden,10,https://www.socialpubandkitchen.co.uk/earl-of-camden/food-and-drink,student_discount,[View all Offers & Discounts](https://www.socialpubandkitchen.co.uk/earl-of-camden/offers) - [Student Offers](https://www.socialpubandkitchen.co.uk/earl-of-camden/student-pub) - [Pizza Party Buffet](https://www.socialpubandkitchen.co.uk/earl-of-camden/occasions/pizza-party-buffet) - [Sunday Pitstop Offer](https://www.socialpubandkitchen.co.uk/earl-of-camden/offers/sunday-dinners),Sunday; sunday,,2026-07-07T11:27:07.091Z,[View all Offers & Discounts](https://www.socialpubandkitchen.co.uk/earl-of-camden/offers) - [Student Offers](https://www.socialpubandkitchen.co.uk/earl-of-camden/student-pub) - [Pizza Party Buffet](https://www.socialpubandkitchen.co.uk/earl-of-camden/occasions/pizza-party-buffet) - [Sunday Pitstop Offer](https://www.socialpubandkitchen.co.uk/earl-of-camden/offers/sunday-dinners)
20260707112707,area-010-camden-earl-of-camden,Earl of Camden,10,https://www.socialpubandkitchen.co.uk/earl-of-camden/food-and-drink,offer,- [Pizza Party Buffet](https://www.socialpubandkitchen.co.uk/earl-of-camden/occasions/pizza-party-buffet) - [Sunday Pitstop Offer](https://www.socialpubandkitchen.co.uk/earl-of-camden/offers/sunday-dinners) - [Occasions & Events](https://www.socialpubandkitchen.co.uk/earl-of-camden/occasions) [Events](https://www.socialpubandkitchen.co.uk/earl-of-camden/events),Sunday; sunday,,2026-07-07T11:27:07.091Z,- [Pizza Party Buffet](https://www.socialpubandkitchen.co.uk/earl-of-camden/occasions/pizza-party-buffet) - [Sunday Pitstop Offer](https://www.socialpubandkitchen.co.uk/earl-of-camden/offers/sunday-dinners) - [Occasions & Events](https://www.socialpubandkitchen.co.uk/earl-of-camden/occasions) [Events](https://www.socialpubandkitchen.co.uk/earl-of-camden/events)
20260707112707,area-010-camden-earl-of-camden,Earl of Camden,10,https://www.socialpubandkitchen.co.uk/earl-of-camden/food-and-drink,student_discount,- [Wimbledon](https://www.socialpubandkitchen.co.uk/earl-of-camden/sport/tennis/where-to-watch-wimbledon) - [View all Offers & Discounts](https://www.socialpubandkitchen.co.uk/earl-of-camden/offers) - [Student Offers](https://www.socialpubandkitchen.co.uk/earl-of-camden/student-pub) - [Pizza Party Buffet](https://www.socialpubandkitchen.co.uk/earl-of-camden/occasions/pizza-party-buffet),,,2026-07-07T11:27:07.091Z,- [Wimbledon](https://www.socialpubandkitchen.co.uk/earl-of-camden/sport/tennis/where-to-watch-wimbledon) - [View all Offers & Discounts](https://www.socialpubandkitchen.co.uk/earl-of-camden/offers) - [Student Offers](https://www.socialpubandkitchen.co.uk/earl-of-camden/student-pub) - [Pizza Party Buffet](https://www.socialpubandkitchen.co.uk/earl-of-camden/occasions/pizza-party-buffet)
20260707112707,area-010-camden-earl-of-camden,Earl of Camden,10,https://www.socialpubandkitchen.co.uk/earl-of-camden/food-and-drink,student_discount,- [View all Offers & Discounts](https://www.socialpubandkitchen.co.uk/earl-of-camden/offers) - [Student Offers](https://www.socialpubandkitchen.co.uk/earl-of-camden/student-pub) - [Pizza Party Buffet](https://www.socialpubandkitchen.co.uk/earl-of-camden/occasions/pizza-party-buffet) - [Sunday Pitstop Offer](https://www.socialpubandkitchen.co.uk/earl-of-camden/offers/sunday-dinners),Sunday; sunday,,2026-07-07T11:27:07.091Z,- [View all Offers & Discounts](https://www.socialpubandkitchen.co.uk/earl-of-camden/offers) - [Student Offers](https://www.socialpubandkitchen.co.uk/earl-of-camden/student-pub) - [Pizza Party Buffet](https://www.socialpubandkitchen.co.uk/earl-of-camden/occasions/pizza-party-buffet) - [Sunday Pitstop Offer](https://www.socialpubandkitchen.co.uk/earl-of-camden/offers/sunday-dinners)
20260707112707,area-010-camden-earl-of-camden,Earl of Camden,10,https://www.socialpubandkitchen.co.uk/earl-of-camden/food-and-drink,offer,- [Pizza Party Buffet](https://www.socialpubandkitchen.co.uk/earl-of-camden/occasions/pizza-party-buffet) - [Sunday Pitstop Offer](https://www.socialpubandkitchen.co.uk/earl-of-camden/offers/sunday-dinners) - [Events](https://www.socialpubandkitchen.co.uk/earl-of-camden/events) - [Hen Parties](https://www.socialpubandkitchen.co.uk/earl-of-camden/occasions/hen-parties),Sunday; sunday,,2026-07-07T11:27:07.091Z,- [Pizza Party Buffet](https://www.socialpubandkitchen.co.uk/earl-of-camden/occasions/pizza-party-buffet) - [Sunday Pitstop Offer](https://www.socialpubandkitchen.co.uk/earl-of-camden/offers/sunday-dinners) - [Events](https://www.socialpubandkitchen.co.uk/earl-of-camden/events) - [Hen Parties](https://www.socialpubandkitchen.co.uk/earl-of-camden/occasions/hen-parties)
20260707112707,area-012-islington-the-castle,The Castle,12,https://www.thecastleislington.co.uk/food-drink/,mention,"A seasonal, British menu full of all the traditional pub classics and small plates that are great for sharing. Whether its homemade pies, burgers or a sweet treat you simply can't resist, our scrumptious dishes are perfect to enjoy at your favourite local. Spritz At the The Castle, summer doesn’t do subtle - it shows up bold and ready to steal the spotlight. We’re pouring refreshing Summer Spritzes that hit just right - sharp, sparkling and impossible to stop at one. Rooftop Food & Drink",,,2026-07-07T11:27:07.091Z,"A seasonal, British menu full of all the traditional pub classics and small plates that are great for sharing. Whether its homemade pies, burgers or a sweet treat you simply can't resist, our scrumptious dishes are perfect to enjoy at your favourite local. Spritz At the The Castle, summer doesn’t do subtle - it shows up bold and ready to steal the spotlight. We’re pouring refreshing Summer Spritzes that hit just right - sharp, sparkling and impossible to stop at one. Rooftop Food & Drink"
20260707112707,area-012-islington-the-castle,The Castle,12,https://www.thecastleislington.co.uk/food-drink/,mention,"Spritz At the The Castle, summer doesn’t do subtle - it shows up bold and ready to steal the spotlight. We’re pouring refreshing Summer Spritzes that hit just right - sharp, sparkling and impossible to stop at one. Rooftop Food & Drink Take things upstairs and settle into one of Islington’s best rooftops.",,,2026-07-07T11:27:07.091Z,"Spritz At the The Castle, summer doesn’t do subtle - it shows up bold and ready to steal the spotlight. We’re pouring refreshing Summer Spritzes that hit just right - sharp, sparkling and impossible to stop at one. Rooftop Food & Drink Take things upstairs and settle into one of Islington’s best rooftops."
20260707112707,area-012-islington-the-castle,The Castle,12,https://www.thecastleislington.co.uk/food-drink/,offer,"## Food & Drinks in Islington Our Head Chef is serving up a menu full of seasonal summer dishes, packed with fresh, vibrant flavours and plates made for sharing. Think light bites, grilled favourites, and dishes that are perfect for warm days and long, easy evenings – ideal for lingering lunches, relaxed dinners, and sun-soaked get-togethers with friends. Upstairs in Islington, the rooftop comes into its own for the summer season. It’s the perfect spot for a catch-up, an after-work drink, or set",sun; fri; sun,,2026-07-07T11:27:07.091Z,"## Food & Drinks in Islington Our Head Chef is serving up a menu full of seasonal summer dishes, packed with fresh, vibrant flavours and plates made for sharing. Think light bites, grilled favourites, and dishes that are perfect for warm days and long, easy evenings – ideal for lingering lunches, relaxed dinners, and sun-soaked get-togethers with friends. Upstairs in Islington, the rooftop comes into its own for the summer season. It’s the perfect spot for a catch-up, an after-work drink, or settling in as the evening rolls on. There’s always something refreshing in your glass – from crisp pints to chilled cocktails and easy-drinking wines made for the sunshine. **Great food, laid-back rooftop vibes, and your favourite people – exactly where you want to be this summer.**"
20260707112707,area-012-islington-the-castle,The Castle,12,https://www.thecastleislington.co.uk/food-drink/,mention,[Match Day Sharers](https://www.thecastleislington.co.uk/food-drink/match-day-sharers) [Spritz](https://www.thecastleislington.co.uk/food-drink/spritz) [Sunday Menu](https://www.thecastleislington.co.uk/food-drink/sunday-menu) [Wine List](https://my.propcom.co.uk/data/media/pdf/Large%20I%20%282%29.pdf),Sunday; sunday,,2026-07-07T11:27:07.091Z,[Match Day Sharers](https://www.thecastleislington.co.uk/food-drink/match-day-sharers) [Spritz](https://www.thecastleislington.co.uk/food-drink/spritz) [Sunday Menu](https://www.thecastleislington.co.uk/food-drink/sunday-menu) [Wine List](https://my.propcom.co.uk/data/media/pdf/Large%20I%20%282%29.pdf)
20260707112707,area-012-islington-the-castle,The Castle,12,https://www.thecastleislington.co.uk/food-drink/,mention,"book now](https://www.thecastleislington.co.uk/?modal=booking) ## Spritz We’re serving Summer Spritzes ice-cold and slightly dangerous – crisp, sparkling and very easy to commit to. One turns into two. Two turns into “just one more.” You know how it goes. Let the spritz do the talking. ### Great! You're all signed up.",,,2026-07-07T11:27:07.091Z,"book now](https://www.thecastleislington.co.uk/?modal=booking) ## Spritz We’re serving Summer Spritzes ice-cold and slightly dangerous – crisp, sparkling and very easy to commit to. One turns into two. Two turns into “just one more.” You know how it goes. Let the spritz do the talking. ### Great! You're all signed up."
20260707112707,area-012-islington-the-castle,The Castle,12,https://www.thecastleislington.co.uk/food-drink/,mention,"## Spritz We’re serving Summer Spritzes ice-cold and slightly dangerous – crisp, sparkling and very easy to commit to. One turns into two. Two turns into “just one more.” You know how it goes. Let the spritz do the talking. ### Great! You're all signed up. Please confirm your communication preferences below.",,,2026-07-07T11:27:07.091Z,"## Spritz We’re serving Summer Spritzes ice-cold and slightly dangerous – crisp, sparkling and very easy to commit to. One turns into two. Two turns into “just one more.” You know how it goes. Let the spritz do the talking. ### Great! You're all signed up. Please confirm your communication preferences below."
20260707112707,area-012-islington-the-castle,The Castle,12,https://www.thecastleislington.co.uk/food-drink/,offer,"Please confirm your communication preferences below. Sign me up for offers, news and promotions, mainly via email reCAPTCHA Recaptcha requires verification.",,,2026-07-07T11:27:07.091Z,"Please confirm your communication preferences below. Sign me up for offers, news and promotions, mainly via email reCAPTCHA Recaptcha requires verification."
20260707112707,area-012-islington-the-castle,The Castle,12,https://www.thecastleislington.co.uk/food-drink/,offer,"Oops! Please check all fields are completed and try again. In future we may tailor emails and online advertising based on your location and what you've shown an interest in. By clicking on 'Submit' on the above, you're accepting our Privacy & Cookie Policy. Young & Co.'s Brewery, P.L.C and its group of companies are committed to protecting your data and it will be processed in accordance with our Privacy & Cookie Policy which can be found at [www.youngs.co.uk/privacy-policy](https://www.youngs.c",,,2026-07-07T11:27:07.091Z,"Oops! Please check all fields are completed and try again. In future we may tailor emails and online advertising based on your location and what you've shown an interest in. By clicking on 'Submit' on the above, you're accepting our Privacy & Cookie Policy. Young & Co.'s Brewery, P.L.C and its group of companies are committed to protecting your data and it will be processed in accordance with our Privacy & Cookie Policy which can be found at [www.youngs.co.uk/privacy-policy](https://www.youngs.co.uk/privacy-policy). Promoter: Young & Co.'s Brewery P.L.C, Copper House, 5 Garratt Lane, Wandsworth, London, SW18 4AQ. Registered in England & Wales Company No. 32762 This site is protected by reCAPTCHA and the Google [Privacy Policy](https://policies.google.com/privacy) and [Terms of Service](htt"
20260707112707,area-013-islington-vineyard-islington,Vineyard Islington,13,https://www.socialpubandkitchen.co.uk/vineyard-islington/food-and-drink,percentage_discount,"#### Menus Following the government VAT reduction on Kids meals, a 15% discount has been applied to all Kids menu pricing. Discount will be applied on your visit. Valid until 01/09/26. [Food Menu](https://www.spccs1.co.uk/MenuPdf/Food%20Menu%20Band%206%20-%20Core.pdf?date=20260707122734) [Drinks Menu](https://www.spccs1.co.uk/MenuPdf/Drinks%20Menu%20-%20C6%20-%20W8%20-%20241.pdf?date=20260707122734) [Lunch & Drink](https://www.spccs1.co.uk/MenuPdf/Lunch%20Band%205%20-%20Core.pdf?date=20260707122",Sunday; Sunday,,2026-07-07T11:27:07.091Z,"#### Menus Following the government VAT reduction on Kids meals, a 15% discount has been applied to all Kids menu pricing. Discount will be applied on your visit. Valid until 01/09/26. [Food Menu](https://www.spccs1.co.uk/MenuPdf/Food%20Menu%20Band%206%20-%20Core.pdf?date=20260707122734) [Drinks Menu](https://www.spccs1.co.uk/MenuPdf/Drinks%20Menu%20-%20C6%20-%20W8%20-%20241.pdf?date=20260707122734) [Lunch & Drink](https://www.spccs1.co.uk/MenuPdf/Lunch%20Band%205%20-%20Core.pdf?date=20260707122734) [Breakfast Menu](https://www.spccs1.co.uk/MenuPdf/Breakfast%20Menu%20Band%206%20-%20Eng_Wales.pdf?date=20260707122734) [Bottomless Brunch](https://www.spccs1.co.uk/MenuPdf/BBM%20-%20Core.pdf?date=20260707122734) [Kids Menu](https://www.spccs1.co.uk/MenuPdf/Kids%20Menu%20Band%206%20-%20Core.pdf?"
20260707112707,area-013-islington-vineyard-islington,Vineyard Islington,13,https://www.socialpubandkitchen.co.uk/vineyard-islington/food-and-drink,offer,"[Please click here to read our allergen and dietary information.](https://tkmenus.com/socialpubkitchen) At Vineyard Islington London, we’re all about keeping it chilled and serving up great food and drinks. No matter that your plans are, we’ve got something you’ll love. Plus, we’ve got tons of [weekly food and drink offers](https://www.socialpubandkitchen.co.uk/vineyard-islington/offers) so you can count on some reliable faves that hit the spot every time! If you're up for it, don’t miss our [bo",,,2026-07-07T11:27:07.091Z,"[Please click here to read our allergen and dietary information.](https://tkmenus.com/socialpubkitchen) At Vineyard Islington London, we’re all about keeping it chilled and serving up great food and drinks. No matter that your plans are, we’ve got something you’ll love. Plus, we’ve got tons of [weekly food and drink offers](https://www.socialpubandkitchen.co.uk/vineyard-islington/offers) so you can count on some reliable faves that hit the spot every time! If you're up for it, don’t miss our [bottomless brunch](https://www.socialpubandkitchen.co.uk/vineyard-islington/bottomless-brunch) \- 2 hours of unlimited drinks and some seriously tasty dishes to start your day off right. Plus, to make things even easier, you can [order straight from your table](https://order.withqikserve.com/Social-Pu"
20260707112707,area-013-islington-vineyard-islington,Vineyard Islington,13,https://www.socialpubandkitchen.co.uk/vineyard-islington/food-and-drink,offer,### View Our Brunch Menu ![Bottomless Brunch](https://www.spccs1.co.uk/MenuImages/USJ220218%20-%20SPK%20-%20OFFER%20CHANGE%2026%20-%20DIGITAL%20ASSETS%20-%20WEB%20-%20BS_450%20x%204503.jpg) ![Beef burger](https://www.spccs1.co.uk/ColumnArticles/1497/SPK%20SMASH%20BURGER%20900X450.png) ### Burgers That Hit the Spot,,,2026-07-07T11:27:07.091Z,### View Our Brunch Menu ![Bottomless Brunch](https://www.spccs1.co.uk/MenuImages/USJ220218%20-%20SPK%20-%20OFFER%20CHANGE%2026%20-%20DIGITAL%20ASSETS%20-%20WEB%20-%20BS_450%20x%204503.jpg) ![Beef burger](https://www.spccs1.co.uk/ColumnArticles/1497/SPK%20SMASH%20BURGER%20900X450.png) ### Burgers That Hit the Spot
20260707112707,area-013-islington-vineyard-islington,Vineyard Islington,13,https://www.socialpubandkitchen.co.uk/vineyard-islington/food-and-drink,offer,"Get messy with our crispy chicken wings or sweetcorn riblets coated in sauces like Cheesy Garlic & Parsley, sticky BBQ, Carolina Reaper Hot or Franks RedHot Buffalo & Ranch. Perfect for sharing (or keeping all to yourself). Plus, they're [50p each on Wednesdays](https://www.socialpubandkitchen.co.uk/vineyard-islington//offers/wing-wednesday)! Today: 12:00 PM - 11:00 PM Make a Booking",Wednesday; wednesday,12:00 PM-11:00 PM,2026-07-07T11:27:07.091Z,"Get messy with our crispy chicken wings or sweetcorn riblets coated in sauces like Cheesy Garlic & Parsley, sticky BBQ, Carolina Reaper Hot or Franks RedHot Buffalo & Ranch. Perfect for sharing (or keeping all to yourself). Plus, they're [50p each on Wednesdays](https://www.socialpubandkitchen.co.uk/vineyard-islington//offers/wing-wednesday)! Today: 12:00 PM - 11:00 PM Make a Booking"
20260707112707,area-013-islington-vineyard-islington,Vineyard Islington,13,https://www.socialpubandkitchen.co.uk/vineyard-islington/food-and-drink,offer,- [Live Sport](https://www.socialpubandkitchen.co.uk/vineyard-islington/live-sport-pub) - [Offers](https://www.socialpubandkitchen.co.uk/vineyard-islington/offers) - [Our Beer Garden](https://www.socialpubandkitchen.co.uk/vineyard-islington/beer-garden) - [Occasions & Events](https://www.socialpubandkitchen.co.uk/vineyard-islington/occasions),,,2026-07-07T11:27:07.091Z,- [Live Sport](https://www.socialpubandkitchen.co.uk/vineyard-islington/live-sport-pub) - [Offers](https://www.socialpubandkitchen.co.uk/vineyard-islington/offers) - [Our Beer Garden](https://www.socialpubandkitchen.co.uk/vineyard-islington/beer-garden) - [Occasions & Events](https://www.socialpubandkitchen.co.uk/vineyard-islington/occasions)
20260707112707,area-013-islington-vineyard-islington,Vineyard Islington,13,https://www.socialpubandkitchen.co.uk/vineyard-islington/food-and-drink,student_discount,[Wimbledon](https://www.socialpubandkitchen.co.uk/vineyard-islington/sport/tennis/where-to-watch-wimbledon) - [Offers](https://www.socialpubandkitchen.co.uk/vineyard-islington/offers) [View all Offers & Discounts](https://www.socialpubandkitchen.co.uk/vineyard-islington/offers) - [Student Offers](https://www.socialpubandkitchen.co.uk/vineyard-islington/student-pub),,,2026-07-07T11:27:07.091Z,[Wimbledon](https://www.socialpubandkitchen.co.uk/vineyard-islington/sport/tennis/where-to-watch-wimbledon) - [Offers](https://www.socialpubandkitchen.co.uk/vineyard-islington/offers) [View all Offers & Discounts](https://www.socialpubandkitchen.co.uk/vineyard-islington/offers) - [Student Offers](https://www.socialpubandkitchen.co.uk/vineyard-islington/student-pub)
20260707112707,area-013-islington-vineyard-islington,Vineyard Islington,13,https://www.socialpubandkitchen.co.uk/vineyard-islington/food-and-drink,student_discount,- [Offers](https://www.socialpubandkitchen.co.uk/vineyard-islington/offers) [View all Offers & Discounts](https://www.socialpubandkitchen.co.uk/vineyard-islington/offers) - [Student Offers](https://www.socialpubandkitchen.co.uk/vineyard-islington/student-pub) - [Pizza Party Buffet](https://www.socialpubandkitchen.co.uk/vineyard-islington/occasions/pizza-party-buffet),,,2026-07-07T11:27:07.091Z,- [Offers](https://www.socialpubandkitchen.co.uk/vineyard-islington/offers) [View all Offers & Discounts](https://www.socialpubandkitchen.co.uk/vineyard-islington/offers) - [Student Offers](https://www.socialpubandkitchen.co.uk/vineyard-islington/student-pub) - [Pizza Party Buffet](https://www.socialpubandkitchen.co.uk/vineyard-islington/occasions/pizza-party-buffet)
20260707112707,area-013-islington-vineyard-islington,Vineyard Islington,13,https://www.socialpubandkitchen.co.uk/vineyard-islington/food-and-drink,student_discount,[View all Offers & Discounts](https://www.socialpubandkitchen.co.uk/vineyard-islington/offers) - [Student Offers](https://www.socialpubandkitchen.co.uk/vineyard-islington/student-pub) - [Pizza Party Buffet](https://www.socialpubandkitchen.co.uk/vineyard-islington/occasions/pizza-party-buffet) - [Sunday Pitstop Offer](https://www.socialpubandkitchen.co.uk/vineyard-islington/offers/sunday-dinners),Sunday; sunday,,2026-07-07T11:27:07.091Z,[View all Offers & Discounts](https://www.socialpubandkitchen.co.uk/vineyard-islington/offers) - [Student Offers](https://www.socialpubandkitchen.co.uk/vineyard-islington/student-pub) - [Pizza Party Buffet](https://www.socialpubandkitchen.co.uk/vineyard-islington/occasions/pizza-party-buffet) - [Sunday Pitstop Offer](https://www.socialpubandkitchen.co.uk/vineyard-islington/offers/sunday-dinners)
20260707112707,area-013-islington-vineyard-islington,Vineyard Islington,13,https://www.socialpubandkitchen.co.uk/vineyard-islington/food-and-drink,offer,- [Pizza Party Buffet](https://www.socialpubandkitchen.co.uk/vineyard-islington/occasions/pizza-party-buffet) - [Sunday Pitstop Offer](https://www.socialpubandkitchen.co.uk/vineyard-islington/offers/sunday-dinners) - [Occasions & Events](https://www.socialpubandkitchen.co.uk/vineyard-islington/occasions) [Events](https://www.socialpubandkitchen.co.uk/vineyard-islington/events),Sunday; sunday,,2026-07-07T11:27:07.091Z,- [Pizza Party Buffet](https://www.socialpubandkitchen.co.uk/vineyard-islington/occasions/pizza-party-buffet) - [Sunday Pitstop Offer](https://www.socialpubandkitchen.co.uk/vineyard-islington/offers/sunday-dinners) - [Occasions & Events](https://www.socialpubandkitchen.co.uk/vineyard-islington/occasions) [Events](https://www.socialpubandkitchen.co.uk/vineyard-islington/events)
20260707112707,area-013-islington-vineyard-islington,Vineyard Islington,13,https://www.socialpubandkitchen.co.uk/vineyard-islington/food-and-drink,student_discount,- [Wimbledon](https://www.socialpubandkitchen.co.uk/vineyard-islington/sport/tennis/where-to-watch-wimbledon) - [View all Offers & Discounts](https://www.socialpubandkitchen.co.uk/vineyard-islington/offers) - [Student Offers](https://www.socialpubandkitchen.co.uk/vineyard-islington/student-pub) - [Pizza Party Buffet](https://www.socialpubandkitchen.co.uk/vineyard-islington/occasions/pizza-party-buffet),,,2026-07-07T11:27:07.091Z,- [Wimbledon](https://www.socialpubandkitchen.co.uk/vineyard-islington/sport/tennis/where-to-watch-wimbledon) - [View all Offers & Discounts](https://www.socialpubandkitchen.co.uk/vineyard-islington/offers) - [Student Offers](https://www.socialpubandkitchen.co.uk/vineyard-islington/student-pub) - [Pizza Party Buffet](https://www.socialpubandkitchen.co.uk/vineyard-islington/occasions/pizza-party-buffet)
20260707112707,area-013-islington-vineyard-islington,Vineyard Islington,13,https://www.socialpubandkitchen.co.uk/vineyard-islington/food-and-drink,student_discount,- [View all Offers & Discounts](https://www.socialpubandkitchen.co.uk/vineyard-islington/offers) - [Student Offers](https://www.socialpubandkitchen.co.uk/vineyard-islington/student-pub) - [Pizza Party Buffet](https://www.socialpubandkitchen.co.uk/vineyard-islington/occasions/pizza-party-buffet) - [Sunday Pitstop Offer](https://www.socialpubandkitchen.co.uk/vineyard-islington/offers/sunday-dinners),Sunday; sunday,,2026-07-07T11:27:07.091Z,- [View all Offers & Discounts](https://www.socialpubandkitchen.co.uk/vineyard-islington/offers) - [Student Offers](https://www.socialpubandkitchen.co.uk/vineyard-islington/student-pub) - [Pizza Party Buffet](https://www.socialpubandkitchen.co.uk/vineyard-islington/occasions/pizza-party-buffet) - [Sunday Pitstop Offer](https://www.socialpubandkitchen.co.uk/vineyard-islington/offers/sunday-dinners)
20260707112707,area-013-islington-vineyard-islington,Vineyard Islington,13,https://www.socialpubandkitchen.co.uk/vineyard-islington/food-and-drink,offer,- [Pizza Party Buffet](https://www.socialpubandkitchen.co.uk/vineyard-islington/occasions/pizza-party-buffet) - [Sunday Pitstop Offer](https://www.socialpubandkitchen.co.uk/vineyard-islington/offers/sunday-dinners) - [Events](https://www.socialpubandkitchen.co.uk/vineyard-islington/events) - [Hen Parties](https://www.socialpubandkitchen.co.uk/vineyard-islington/occasions/hen-parties),Sunday; sunday,,2026-07-07T11:27:07.091Z,- [Pizza Party Buffet](https://www.socialpubandkitchen.co.uk/vineyard-islington/occasions/pizza-party-buffet) - [Sunday Pitstop Offer](https://www.socialpubandkitchen.co.uk/vineyard-islington/offers/sunday-dinners) - [Events](https://www.socialpubandkitchen.co.uk/vineyard-islington/events) - [Hen Parties](https://www.socialpubandkitchen.co.uk/vineyard-islington/occasions/hen-parties)
20260707112707,area-014-islington-the-crown,The Crown,14,https://www.crownislington.co.uk/,offer,"### Dining We offer a menu featuring refined pub classics crafted from fresh, seasonal ingredients. [Learn More](https://www.crownislington.co.uk/food) ![](https://www.crownislington.co.uk/-/media/sites/pubs-and-hotels/drink/tsp_fullers_theboater-169b.jpg?la=en&h=1280&w=1920&hash=42BF2CAA24994D9B530406FC45E15D41)",,,2026-07-07T11:27:07.091Z,"### Dining We offer a menu featuring refined pub classics crafted from fresh, seasonal ingredients. [Learn More](https://www.crownislington.co.uk/food) ![](https://www.crownislington.co.uk/-/media/sites/pubs-and-hotels/drink/tsp_fullers_theboater-169b.jpg?la=en&h=1280&w=1920&hash=42BF2CAA24994D9B530406FC45E15D41)"
20260707112707,area-016-brixton-the-ferndale-brixton,The Ferndale • Brixton,16,https://www.urbanpubsandbars.com/venues/the-ferndale,offer,"## Plentiful pizzas and sharing plates all week long Located in the heart of Brixton, The Ferndale offers a modern menu of pizza and small plates made using only the finest fresh produce. From wine to cocktails and craft beers, we're the perfect spot for a light bite or a sharing feast. [Main Menu](https://cdn.prod.website-files.com/64cd0b3dbdde72b77a84b66e/69bbc73bfa275d824ba7a4b3_Ferndale%20Main%20Menu.pdf) [Main Menu](https://cdn.prod.website-files.com/64cd0b3dbdde72b77a84b66e/69bbc73bfa275d8",Sunday; Sunday,,2026-07-07T11:27:07.091Z,"## Plentiful pizzas and sharing plates all week long Located in the heart of Brixton, The Ferndale offers a modern menu of pizza and small plates made using only the finest fresh produce. From wine to cocktails and craft beers, we're the perfect spot for a light bite or a sharing feast. [Main Menu](https://cdn.prod.website-files.com/64cd0b3dbdde72b77a84b66e/69bbc73bfa275d824ba7a4b3_Ferndale%20Main%20Menu.pdf) [Main Menu](https://cdn.prod.website-files.com/64cd0b3dbdde72b77a84b66e/69bbc73bfa275d824ba7a4b3_Ferndale%20Main%20Menu.pdf) [Sunday Menu](https://cdn.prod.website-files.com/64cd0b3dbdde72b77a84b66e/69bbc70d04fd1de5dd8752bf_Ferndale%20Sunday%20Menu.pdf) [Sunday Menu](https://cdn.prod.website-files.com/64cd0b3dbdde72b77a84b66e/69bbc70d04fd1de5dd8752bf_Ferndale%20Sunday%20Menu.pdf)"
20260707112707,area-016-brixton-the-ferndale-brixton,The Ferndale • Brixton,16,https://www.urbanpubsandbars.com/venues/the-ferndale,offer,"Our menu blends timeless classics with modern twists, featuring favourites like the French Martini, Smoked Old Fashioned, and seasonal house creations that surprise and delight. Whether you’re after something bold, bright, or beautifully balanced, our team will pour you the perfect drink — every time. Ideal for dates, discreet meetups, or letting the evening unfold into something special. [Book the cocktail bar](https://www.urbanpubsandbars.com/bookings/black-horse-cocktail-bar-website) ![](http",,,2026-07-07T11:27:07.091Z,"Our menu blends timeless classics with modern twists, featuring favourites like the French Martini, Smoked Old Fashioned, and seasonal house creations that surprise and delight. Whether you’re after something bold, bright, or beautifully balanced, our team will pour you the perfect drink — every time. Ideal for dates, discreet meetups, or letting the evening unfold into something special. [Book the cocktail bar](https://www.urbanpubsandbars.com/bookings/black-horse-cocktail-bar-website) ![](https://cdn.prod.website-files.com/64cd0b3dbdde72b77a84b64a/68769247c24341425d8e7822_the-black-horse-fitzrovia-london-pub-cocktail-bar-07.webp)"
20260707112707,area-016-brixton-the-ferndale-brixton,The Ferndale • Brixton,16,https://www.urbanpubsandbars.com/venues/the-ferndale,offer,"[More Info ▸](https://business.untappd.com/embeds/iframes/41926/163228#) Our Pale Ale raises a glass to the art deco arches of Reliance Arcade where local cobblers and tailors still practice their crafts with skill and precision. Premium English Maris Otter barley provides the clean, crisp backdrop to bright hop flavours. Reliance proves that if you want the real deal, you have to make it by hand. STYLE & TASTE Pale Ale – Biscuity malts, pine aromas and citrus flavours. An easy drinking beer for",,,2026-07-07T11:27:07.091Z,"[More Info ▸](https://business.untappd.com/embeds/iframes/41926/163228#) Our Pale Ale raises a glass to the art deco arches of Reliance Arcade where local cobblers and tailors still practice their crafts with skill and precision. Premium English Maris Otter barley provides the clean, crisp backdrop to bright hop flavours. Reliance proves that if you want the real deal, you have to make it by hand. STYLE & TASTE Pale Ale – Biscuity malts, pine aromas and citrus flavours. An easy drinking beer for all occasions."
20260707112707,area-016-brixton-the-ferndale-brixton,The Ferndale • Brixton,16,https://www.urbanpubsandbars.com/venues/the-ferndale,mention,"[More Info ▸](https://business.untappd.com/embeds/iframes/41926/163228#) Ein besonders mildes, spritziges, lang gelagertes und vor allem erfrischendes Bier. Einmalig in seinem Geschmack, ein Genuss für jeden Bierkenner. [Less Info ▴](https://business.untappd.com/embeds/iframes/41926/163228#) [![Sol](https://labels.untappd.com/7457)](https://untappd.com/b/cerveceria-cuauhtemoc-moctezuma-sol/7457)",,,2026-07-07T11:27:07.091Z,"[More Info ▸](https://business.untappd.com/embeds/iframes/41926/163228#) Ein besonders mildes, spritziges, lang gelagertes und vor allem erfrischendes Bier. Einmalig in seinem Geschmack, ein Genuss für jeden Bierkenner. [Less Info ▴](https://business.untappd.com/embeds/iframes/41926/163228#) [![Sol](https://labels.untappd.com/7457)](https://untappd.com/b/cerveceria-cuauhtemoc-moctezuma-sol/7457)"
20260707112707,area-016-brixton-the-ferndale-brixton,The Ferndale • Brixton,16,https://www.urbanpubsandbars.com/venues/the-ferndale,offer,"Heavyweight flavour, featherweight ABV. Our in your face IPA, that just happens to be alcohol-free. When we decided to brew an AF IPA, we wanted to roll a bit differently. Rather than brewing with small amounts of malt or dealcoholizing after fermentation, for Lazer Crush we used a clever strain of yeast that fully ferments our crisp pilsner malt without producing alcohol and adds a hint of peachy fruit to boot. Then we laid down some heavy-duty hops. Azacca for ripe mango with a hint of fresh p",Monday; Sunday,,2026-07-07T11:27:07.091Z,"Heavyweight flavour, featherweight ABV. Our in your face IPA, that just happens to be alcohol-free. When we decided to brew an AF IPA, we wanted to roll a bit differently. Rather than brewing with small amounts of malt or dealcoholizing after fermentation, for Lazer Crush we used a clever strain of yeast that fully ferments our crisp pilsner malt without producing alcohol and adds a hint of peachy fruit to boot. Then we laid down some heavy-duty hops. Azacca for ripe mango with a hint of fresh pine, Amarillo gives bags of sweet orange and Citra adds the zesty citrus and grapefruit bitterness that we all want in an IPA. The result is a rocket-fueled, turbocharged, laser-sharp IPA at a Monday to Sunday crushable 0.3% [Less Info ▴](https://business.untappd.com/embeds/iframes/41926/163228#)"
20260707112707,area-016-brixton-the-ferndale-brixton,The Ferndale • Brixton,16,https://www.urbanpubsandbars.com/venues/the-ferndale,offer,"An award-winning London Fringe Theatre with a varied programme of cabaret, drama, and musicals. The theatre seats up to 140 and is situated above our pub in the picturesque Highgate Village. Ovation, the in-house company, produces two or three shows each year at Upstairs at the Gatehouse. Past productions have included Legally Blonde, Singin' in the Rain, Crazy For You, Buddy, Kiss Me Kate, Avenue Q and Top Hat. Book your pre or post show meal with us and enjoy our pre-theatre menu, 2 courses fo",Fri; Tue-Sat,,2026-07-07T11:27:07.091Z,"An award-winning London Fringe Theatre with a varied programme of cabaret, drama, and musicals. The theatre seats up to 140 and is situated above our pub in the picturesque Highgate Village. Ovation, the in-house company, produces two or three shows each year at Upstairs at the Gatehouse. Past productions have included Legally Blonde, Singin' in the Rain, Crazy For You, Buddy, Kiss Me Kate, Avenue Q and Top Hat. Book your pre or post show meal with us and enjoy our pre-theatre menu, 2 courses for just £21.50 (Tue-Sat only). Just show your tickets upon arrival to receive this fantastic offer. Please allow an hour and a half for your meal as this can be a particularly busy time. Only valid on the day of your performance and on selected shows. [BOOK Now](https://www.upstairsatthegatehouse.com"
20260707112707,area-016-brixton-the-ferndale-brixton,The Ferndale • Brixton,16,https://www.urbanpubsandbars.com/venues/the-ferndale,offer,"## Situated in the heart Brixton, The Ferndale is the perfect place for any occasion Discover The Ferndale, Brixton’s ultimate destination for unforgettable events. Our venue is designed to cater to a variety of occasions, from milestone celebrations to corporate gatherings. Indulge your guests with a menu featuring mouthwatering pizzas, sharing plates, and an impressive selection of drinks, all served in a lively and contemporary setting. Our experienced team is on hand to bring your vision to ",,,2026-07-07T11:27:07.091Z,"## Situated in the heart Brixton, The Ferndale is the perfect place for any occasion Discover The Ferndale, Brixton’s ultimate destination for unforgettable events. Our venue is designed to cater to a variety of occasions, from milestone celebrations to corporate gatherings. Indulge your guests with a menu featuring mouthwatering pizzas, sharing plates, and an impressive selection of drinks, all served in a lively and contemporary setting. Our experienced team is on hand to bring your vision to life, ensuring every detail is taken care of. Whether you’re planning an intimate dinner or a large-scale event, The Ferndale offers the perfect blend of style, flexibility, and warm hospitality. Full venue: 112 Seated / 250 Standing The Parlour: 30 Seated / 40 Standing"
20260707112707,area-016-brixton-the-ferndale-brixton,The Ferndale • Brixton,16,https://www.urbanpubsandbars.com/venues/the-ferndale,offer,"[View our spaces](https://www.urbanpubsandbars.com/private-hire/the-ferndale) [Enquire Now](https://www.urbanpubsandbars.com/contact) [Virtual Tour](https://www.urbanpubsandbars.com/venues/the-ferndale#) ![Discover The Ferndale, Brixton’s ultimate destination for unforgettable events. Our venue is designed to cater to a variety of occasions, from milestone celebrations to corporate gatherings. Indulge your guests with a menu featuring mouthwatering pizzas, sharing plates, and an impressive selec",Wed; wed,,2026-07-07T11:27:07.091Z,"[View our spaces](https://www.urbanpubsandbars.com/private-hire/the-ferndale) [Enquire Now](https://www.urbanpubsandbars.com/contact) [Virtual Tour](https://www.urbanpubsandbars.com/venues/the-ferndale#) ![Discover The Ferndale, Brixton’s ultimate destination for unforgettable events. Our venue is designed to cater to a variety of occasions, from milestone celebrations to corporate gatherings. Indulge your guests with a menu featuring mouthwatering pizzas, sharing plates, and an impressive selection of drinks, all served in a lively and contemporary setting. Our experienced team is on hand to bring your vision to life, ensuring every detail is taken care of. Whether you’re planning an intimate dinner or a large-scale event, The Ferndale offers the perfect blend of style, flexibility, and w"
20260707112707,area-016-brixton-the-ferndale-brixton,The Ferndale • Brixton,16,https://www.urbanpubsandbars.com/venues/the-ferndale,offer,"## Weddings at The Ferndale We know that your wedding day is one of the most important events in your life, and that's why we offer a range of services to help make your day truly unforgettable. Click below for more information. [Learn More](https://www.urbanpubsandbars.com/venues/the-ferndale#) ![](https://cdn.prod.website-files.com/64cd0b3dbdde72b77a84b64a/68b964e92f6c961689d66cce_urban-wedding-collection-london-wedding-venues.webp)",Wed; wed; wed; wed,,2026-07-07T11:27:07.091Z,"## Weddings at The Ferndale We know that your wedding day is one of the most important events in your life, and that's why we offer a range of services to help make your day truly unforgettable. Click below for more information. [Learn More](https://www.urbanpubsandbars.com/venues/the-ferndale#) ![](https://cdn.prod.website-files.com/64cd0b3dbdde72b77a84b64a/68b964e92f6c961689d66cce_urban-wedding-collection-london-wedding-venues.webp)"
20260707112707,area-016-brixton-the-ferndale-brixton,The Ferndale • Brixton,16,https://www.urbanpubsandbars.com/venues/the-ferndale,offer,"## Let's be friends For exclusive offers, along with the latest food, wine and events new from The Ferndale, subscribe to our mailing lists and let us keep in touch. Check here to allow us to send you emails. Checking your Browser…",fri,,2026-07-07T11:27:07.091Z,"## Let's be friends For exclusive offers, along with the latest food, wine and events new from The Ferndale, subscribe to our mailing lists and let us keep in touch. Check here to allow us to send you emails. Checking your Browser…"
20260707112707,area-017-brixton-hopeandanchor,Hopeandanchor,17,https://www.hopeandanchorbrixton.co.uk/food-and-drinks/,mention,##### Summer ## Spritz ![](https://www.hopeandanchorbrixton.co.uk/wp-content/uploads/sites/54/2026/03/London-Food-Photography-No-Purple-Tinge-63.jpg?format=auto) ## Eat & Drink,,,2026-07-07T11:27:07.091Z,##### Summer ## Spritz ![](https://www.hopeandanchorbrixton.co.uk/wp-content/uploads/sites/54/2026/03/London-Food-Photography-No-Purple-Tinge-63.jpg?format=auto) ## Eat & Drink
20260707112707,area-017-brixton-hopeandanchor,Hopeandanchor,17,https://www.hopeandanchorbrixton.co.uk/food-and-drinks/,mention,Drinks DRINKS MENU [Wine List](https://www.hopeandanchorbrixton.co.uk/wp-content/uploads/sites/54/2023/11/Hope-Medium-E.pdf) Summer Spritz ## Matchday Menu [Download Menu](https://www.hopeandanchorbrixton.co.uk/wp-content/uploads/sites/54/2026/06/Matchday-Menu-World-Cup-2026.pdf),,,2026-07-07T11:27:07.091Z,Drinks DRINKS MENU [Wine List](https://www.hopeandanchorbrixton.co.uk/wp-content/uploads/sites/54/2023/11/Hope-Medium-E.pdf) Summer Spritz ## Matchday Menu [Download Menu](https://www.hopeandanchorbrixton.co.uk/wp-content/uploads/sites/54/2026/06/Matchday-Menu-World-Cup-2026.pdf)
20260707112707,area-017-brixton-hopeandanchor,Hopeandanchor,17,https://www.hopeandanchorbrixton.co.uk/food-and-drinks/,mention,"![](https://www.hopeandanchorbrixton.co.uk/wp-content/uploads/sites/54/2026/03/London-Food-and-Drink-Photography-Youngs-Pubs-Cocktail-Summer-Menu-Photography-2026-Nic-Crilly-Hargrave-14.jpg?format=auto) ## Spritz Season Sun’s out(ish), spritz in hand, that’s the vibe. Settle into a comfy corner or head straight for our pub garden in Brixton and sip your way through our line-up of dangerously drinkable cocktails. Think zingy Picantes, crisp White Sangrias and everything in between, all made for l",Sun,43-1,2026-07-07T11:27:07.091Z,"![](https://www.hopeandanchorbrixton.co.uk/wp-content/uploads/sites/54/2026/03/London-Food-and-Drink-Photography-Youngs-Pubs-Cocktail-Summer-Menu-Photography-2026-Nic-Crilly-Hargrave-14.jpg?format=auto) ## Spritz Season Sun’s out(ish), spritz in hand, that’s the vibe. Settle into a comfy corner or head straight for our pub garden in Brixton and sip your way through our line-up of dangerously drinkable cocktails. Think zingy Picantes, crisp White Sangrias and everything in between, all made for long afternoons that turn into “just one more”. ![](https://www.hopeandanchorbrixton.co.uk/wp-content/uploads/sites/54/2026/03/hope-and-anchor-garden-2019-43-1.jpg?format=auto)"
20260707112707,area-017-brixton-hopeandanchor,Hopeandanchor,17,https://www.hopeandanchorbrixton.co.uk/food-and-drinks/,mention,"## Spritz Season Sun’s out(ish), spritz in hand, that’s the vibe. Settle into a comfy corner or head straight for our pub garden in Brixton and sip your way through our line-up of dangerously drinkable cocktails. Think zingy Picantes, crisp White Sangrias and everything in between, all made for long afternoons that turn into “just one more”. ![](https://www.hopeandanchorbrixton.co.uk/wp-content/uploads/sites/54/2026/03/hope-and-anchor-garden-2019-43-1.jpg?format=auto) ## Alfresco Dining",Sun,43-1,2026-07-07T11:27:07.091Z,"## Spritz Season Sun’s out(ish), spritz in hand, that’s the vibe. Settle into a comfy corner or head straight for our pub garden in Brixton and sip your way through our line-up of dangerously drinkable cocktails. Think zingy Picantes, crisp White Sangrias and everything in between, all made for long afternoons that turn into “just one more”. ![](https://www.hopeandanchorbrixton.co.uk/wp-content/uploads/sites/54/2026/03/hope-and-anchor-garden-2019-43-1.jpg?format=auto) ## Alfresco Dining"
20260707112707,area-017-brixton-hopeandanchor,Hopeandanchor,17,https://www.hopeandanchorbrixton.co.uk/food-and-drinks/,mention,"## Alfresco Dining Sun’s out, drinks flowing at The Hope & Anchor. Our garden is in full summer mode, think ice-cold spritzes, sun-soaked corners, and that golden-hour glow that keeps you lingering longer than planned. Whether you’re rounding up the crew for cocktails under blue skies or diving into something fresh off the grill, we’ve got your warm-weather plans sorted. Walk-ins welcome, bookings recommended, good times guaranteed. ![](https://www.hopeandanchorbrixton.co.uk/wp-content/uploads/s",Sun; sun,,2026-07-07T11:27:07.091Z,"## Alfresco Dining Sun’s out, drinks flowing at The Hope & Anchor. Our garden is in full summer mode, think ice-cold spritzes, sun-soaked corners, and that golden-hour glow that keeps you lingering longer than planned. Whether you’re rounding up the crew for cocktails under blue skies or diving into something fresh off the grill, we’ve got your warm-weather plans sorted. Walk-ins welcome, bookings recommended, good times guaranteed. ![](https://www.hopeandanchorbrixton.co.uk/wp-content/uploads/sites/54/2024/12/London-Food-and-Drink-Photography-Hope-and-Anchor-Brixton-London-2024-Nic-Crilly-Hargrave-66.jpg?format=auto)"
20260707112707,area-017-brixton-hopeandanchor,Hopeandanchor,17,https://www.hopeandanchorbrixton.co.uk/food-and-drinks/,offer,"First Name \*Last Name \*Email \*Date of Birth \* Sign me up for offers, news and promotions, mainly via emailSubmit In future we may tailor emails and online advertising based on your location and what you’ve shown an interest in. By clicking on ‘Yes Please’ on the above, you’re accepting our Privacy & Cookie Policy. Young & Co.’s Brewery, P.L.C and its group of companies are committed to protecting your data and it will be processed in accordance with our Privacy & Cookie Policy which can be f",,,2026-07-07T11:27:07.091Z,"First Name \*Last Name \*Email \*Date of Birth \* Sign me up for offers, news and promotions, mainly via emailSubmit In future we may tailor emails and online advertising based on your location and what you’ve shown an interest in. By clicking on ‘Yes Please’ on the above, you’re accepting our Privacy & Cookie Policy. Young & Co.’s Brewery, P.L.C and its group of companies are committed to protecting your data and it will be processed in accordance with our Privacy & Cookie Policy which can be found at [http://www.youngs.co.uk/privacy-policy](http://www.youngs.co.uk/privacy-policy) . Please read this before clicking ‘Yes Please’. Promoter: Young & Co.’s Brewery P.L.C, Copper House, 5 Garratt Lane, Wandsworth, London, SW18 4AQ. Registered in England & Wales Company No. 32762 This site is pr"
20260707112707,area-017-brixton-hopeandanchor,Hopeandanchor,17,https://www.hopeandanchorbrixton.co.uk/food-and-drinks/,offer,"Sign me up for offers, news and promotions, mainly via emailSubmit In future we may tailor emails and online advertising based on your location and what you’ve shown an interest in. By clicking on ‘Yes Please’ on the above, you’re accepting our Privacy & Cookie Policy. Young & Co.’s Brewery, P.L.C and its group of companies are committed to protecting your data and it will be processed in accordance with our Privacy & Cookie Policy which can be found at [http://www.youngs.co.uk/privacy-policy](h",,,2026-07-07T11:27:07.091Z,"Sign me up for offers, news and promotions, mainly via emailSubmit In future we may tailor emails and online advertising based on your location and what you’ve shown an interest in. By clicking on ‘Yes Please’ on the above, you’re accepting our Privacy & Cookie Policy. Young & Co.’s Brewery, P.L.C and its group of companies are committed to protecting your data and it will be processed in accordance with our Privacy & Cookie Policy which can be found at [http://www.youngs.co.uk/privacy-policy](http://www.youngs.co.uk/privacy-policy) . Please read this before clicking ‘Yes Please’. Promoter: Young & Co.’s Brewery P.L.C, Copper House, 5 Garratt Lane, Wandsworth, London, SW18 4AQ. Registered in England & Wales Company No. 32762 This site is protected by reCAPTCHA and the Google [Privacy Polic"
20260707112707,area-018-brixton-brixton-s-best-bars-restaurants,Brixton's Best Bars & Restaurants,18,https://brixtonvillage.com/eat-drink/,offer,"## A destination for foodies looking for the next best thing Our restaurants often use fresh, local ingredients and produce, sourced straight from the grocers in the Village, with many offering vegetarian and vegan options. Always high-quality and high value. A destination for foodies looking for the next best thing, a home away from home for locals returning week after week. Late night dining thrives with bars and restaurants staying open until midnight amongst a regular backdrop of local and w",,,2026-07-07T11:27:07.091Z,"## A destination for foodies looking for the next best thing Our restaurants often use fresh, local ingredients and produce, sourced straight from the grocers in the Village, with many offering vegetarian and vegan options. Always high-quality and high value. A destination for foodies looking for the next best thing, a home away from home for locals returning week after week. Late night dining thrives with bars and restaurants staying open until midnight amongst a regular backdrop of local and well established DJs and live acts. Institutions such as [**Fish, Wings & Tings**](https://brixtonvillage.com/trader/fish-wings-and-tings/) and [**Okan**](https://brixtonvillage.com/trader/okan/) remain beloved anchors of the neighbourhood, whilst new additions including [**Temaki**](https://brixtonv"
20260707112707,area-018-brixton-brixton-s-best-bars-restaurants,Brixton's Best Bars & Restaurants,18,https://brixtonvillage.com/eat-drink/,offer,"## Brixton Village has something for every occasion and every budget Stay for breakfast, lunch, dinner and eat every cuisine the world has to offer. Meet the owners, chefs and founders whose passion, skill and heritage is reflected in each dish, and learn their story. Dining and drinking in the Village is not only a journey for your tastebuds, but a deeply personal and educational experience thanks to the independent personalities behind every brand. Brixton Village has something for every occas",fri,,2026-07-07T11:27:07.091Z,"## Brixton Village has something for every occasion and every budget Stay for breakfast, lunch, dinner and eat every cuisine the world has to offer. Meet the owners, chefs and founders whose passion, skill and heritage is reflected in each dish, and learn their story. Dining and drinking in the Village is not only a journey for your tastebuds, but a deeply personal and educational experience thanks to the independent personalities behind every brand. Brixton Village has something for every occasion and every budget, whether you’re visiting with the family to entertain the little ones, catching up with friends over great food and local wines, impressing a date with a romantic dinner, or planning a night fuelled by cocktails and music. **Here you can browse Brixton Village’s bars and restaur"
20260707112707,area-019-clapham-windmill,Windmill,19,https://www.windmillclapham.co.uk/food-drink/,offer,"**Best for Brunch** When it comes to daytime eating, we're kinda a big deal. Pancakes, smashed avocado, baked eggs and Full (fit-to-bursting, in fact) English breakfast. **Summer of Spritz** Searching for the best beer garden in Clapham? You've just found it (lucky you). Our spritz-packed summer menu is bursting with refreshing flavours and your new-found favourites.",,,2026-07-07T11:27:07.091Z,"**Best for Brunch** When it comes to daytime eating, we're kinda a big deal. Pancakes, smashed avocado, baked eggs and Full (fit-to-bursting, in fact) English breakfast. **Summer of Spritz** Searching for the best beer garden in Clapham? You've just found it (lucky you). Our spritz-packed summer menu is bursting with refreshing flavours and your new-found favourites."
20260707112707,area-019-clapham-windmill,Windmill,19,https://www.windmillclapham.co.uk/food-drink/,offer,"When it comes to daytime eating, we're kinda a big deal. Pancakes, smashed avocado, baked eggs and Full (fit-to-bursting, in fact) English breakfast. **Summer of Spritz** Searching for the best beer garden in Clapham? You've just found it (lucky you). Our spritz-packed summer menu is bursting with refreshing flavours and your new-found favourites. **Epic Sunday Roasts**",Sunday,,2026-07-07T11:27:07.091Z,"When it comes to daytime eating, we're kinda a big deal. Pancakes, smashed avocado, baked eggs and Full (fit-to-bursting, in fact) English breakfast. **Summer of Spritz** Searching for the best beer garden in Clapham? You've just found it (lucky you). Our spritz-packed summer menu is bursting with refreshing flavours and your new-found favourites. **Epic Sunday Roasts**"
20260707112707,area-019-clapham-windmill,Windmill,19,https://www.windmillclapham.co.uk/food-drink/,mention,"**Summer of Spritz** Searching for the best beer garden in Clapham? You've just found it (lucky you). Our spritz-packed summer menu is bursting with refreshing flavours and your new-found favourites. **Epic Sunday Roasts** Snuggling up around a table with your besties, plonking a few bottles of red on the table (Malbec's a dream with the roast beef) and tucking into a hearty Sunday roast is our idea of weekend heaven.",Sunday; Sunday,,2026-07-07T11:27:07.091Z,"**Summer of Spritz** Searching for the best beer garden in Clapham? You've just found it (lucky you). Our spritz-packed summer menu is bursting with refreshing flavours and your new-found favourites. **Epic Sunday Roasts** Snuggling up around a table with your besties, plonking a few bottles of red on the table (Malbec's a dream with the roast beef) and tucking into a hearty Sunday roast is our idea of weekend heaven."
20260707112707,area-019-clapham-windmill,Windmill,19,https://www.windmillclapham.co.uk/food-drink/,mention,[Summer Set Menu - Mon-Fri](https://www.windmillclapham.co.uk/food-drink/summer-set-menu-mon-fri) [Spritz Menu](https://www.windmillclapham.co.uk/food-drink/spritz-menu) ### Spritz O’Clock It’s that time of year again in Clapham’s best beer garden.,Mon-Fri; mon-fri,,2026-07-07T11:27:07.091Z,[Summer Set Menu - Mon-Fri](https://www.windmillclapham.co.uk/food-drink/summer-set-menu-mon-fri) [Spritz Menu](https://www.windmillclapham.co.uk/food-drink/spritz-menu) ### Spritz O’Clock It’s that time of year again in Clapham’s best beer garden.
20260707112707,area-019-clapham-windmill,Windmill,19,https://www.windmillclapham.co.uk/food-drink/,mention,"[Spritz Menu](https://www.windmillclapham.co.uk/food-drink/spritz-menu) ### Spritz O’Clock It’s that time of year again in Clapham’s best beer garden. Whether you’re a gin devotee, a tequila enthusiast, or keeping things alcohol-free, our Spritz menu is made for long, lazy afternoons in the sunshine. Bright, refreshing, and full of flavour, there’s a perfect pour waiting for everyone.",sun,,2026-07-07T11:27:07.091Z,"[Spritz Menu](https://www.windmillclapham.co.uk/food-drink/spritz-menu) ### Spritz O’Clock It’s that time of year again in Clapham’s best beer garden. Whether you’re a gin devotee, a tequila enthusiast, or keeping things alcohol-free, our Spritz menu is made for long, lazy afternoons in the sunshine. Bright, refreshing, and full of flavour, there’s a perfect pour waiting for everyone."
20260707112707,area-019-clapham-windmill,Windmill,19,https://www.windmillclapham.co.uk/food-drink/,mention,"It’s that time of year again in Clapham’s best beer garden. Whether you’re a gin devotee, a tequila enthusiast, or keeping things alcohol-free, our Spritz menu is made for long, lazy afternoons in the sunshine. Bright, refreshing, and full of flavour, there’s a perfect pour waiting for everyone. ## Breakfast of Champions Head chef Luka is cooking up a storm so why not indulge in an ‘oh, go on then’ kind of breakfast?",sun,,2026-07-07T11:27:07.091Z,"It’s that time of year again in Clapham’s best beer garden. Whether you’re a gin devotee, a tequila enthusiast, or keeping things alcohol-free, our Spritz menu is made for long, lazy afternoons in the sunshine. Bright, refreshing, and full of flavour, there’s a perfect pour waiting for everyone. ## Breakfast of Champions Head chef Luka is cooking up a storm so why not indulge in an ‘oh, go on then’ kind of breakfast?"
20260707112707,area-019-clapham-windmill,Windmill,19,https://www.windmillclapham.co.uk/food-drink/,offer,"Birthday Sign me up for offers, news and promotions, mainly via email reCAPTCHA Recaptcha requires verification.",,,2026-07-07T11:27:07.091Z,"Birthday Sign me up for offers, news and promotions, mainly via email reCAPTCHA Recaptcha requires verification."
20260707112707,area-020-clapham-good-food-craft-beers-and-cocktails-in-clapham,"Good food, craft beers and cocktails in Clapham",20,https://www.claphamnorthpub.co.uk/food-and-drink/,mention,##### Summer ## Spritz ![](https://www.claphamnorthpub.co.uk/wp-content/uploads/sites/20/2026/04/London-Food-and-Drink-Photography-Youngs-Pubs-London-2026-Nic-Crilly-Hargrave-6.jpg?format=auto) ## Feed-worthy plates,,,2026-07-07T11:27:07.091Z,##### Summer ## Spritz ![](https://www.claphamnorthpub.co.uk/wp-content/uploads/sites/20/2026/04/London-Food-and-Drink-Photography-Youngs-Pubs-London-2026-Nic-Crilly-Hargrave-6.jpg?format=auto) ## Feed-worthy plates
20260707112707,area-020-clapham-good-food-craft-beers-and-cocktails-in-clapham,"Good food, craft beers and cocktails in Clapham",20,https://www.claphamnorthpub.co.uk/food-and-drink/,mention,"![](https://www.claphamnorthpub.co.uk/wp-content/uploads/sites/20/2026/04/London-Food-and-Drink-Photography-Youngs-Pubs-Summer-Cocktails-Menu-Photography-2026-Nic-Crilly-Hargrave-6.jpg?format=auto) ## Spritz Season Sun’s out(ish), spritz in hand, that’s the vibe. Settle into a comfy corner or head straight for our little pub garden in Clapham and sip your way through our line-up of dangerously drinkable cocktails. Think zingy Picantes, crisp White Sangrias and everything in between, all made for",Sun,,2026-07-07T11:27:07.091Z,"![](https://www.claphamnorthpub.co.uk/wp-content/uploads/sites/20/2026/04/London-Food-and-Drink-Photography-Youngs-Pubs-Summer-Cocktails-Menu-Photography-2026-Nic-Crilly-Hargrave-6.jpg?format=auto) ## Spritz Season Sun’s out(ish), spritz in hand, that’s the vibe. Settle into a comfy corner or head straight for our little pub garden in Clapham and sip your way through our line-up of dangerously drinkable cocktails. Think zingy Picantes, crisp White Sangrias and everything in between, all made for long afternoons that turn into “just one more”. ![](https://www.claphamnorthpub.co.uk/wp-content/uploads/sites/20/2024/01/DSC4075.jpg?format=auto)"
20260707112707,area-020-clapham-good-food-craft-beers-and-cocktails-in-clapham,"Good food, craft beers and cocktails in Clapham",20,https://www.claphamnorthpub.co.uk/food-and-drink/,mention,"## Spritz Season Sun’s out(ish), spritz in hand, that’s the vibe. Settle into a comfy corner or head straight for our little pub garden in Clapham and sip your way through our line-up of dangerously drinkable cocktails. Think zingy Picantes, crisp White Sangrias and everything in between, all made for long afternoons that turn into “just one more”. ![](https://www.claphamnorthpub.co.uk/wp-content/uploads/sites/20/2024/01/DSC4075.jpg?format=auto) ### Sunday fun-day",Sun; Sunday,,2026-07-07T11:27:07.091Z,"## Spritz Season Sun’s out(ish), spritz in hand, that’s the vibe. Settle into a comfy corner or head straight for our little pub garden in Clapham and sip your way through our line-up of dangerously drinkable cocktails. Think zingy Picantes, crisp White Sangrias and everything in between, all made for long afternoons that turn into “just one more”. ![](https://www.claphamnorthpub.co.uk/wp-content/uploads/sites/20/2024/01/DSC4075.jpg?format=auto) ### Sunday fun-day"
20260707112707,area-020-clapham-good-food-craft-beers-and-cocktails-in-clapham,"Good food, craft beers and cocktails in Clapham",20,https://www.claphamnorthpub.co.uk/food-and-drink/,offer,"First Name \*Last Name \*Email \*Date of Birth \* Sign me up for offers, news and promotions, mainly via emailSubmit In future we may tailor emails and online advertising based on your location and what you’ve shown an interest in. By clicking on ‘Yes Please’ on the above, you’re accepting our Privacy & Cookie Policy. Young & Co.’s Brewery, P.L.C and its group of companies are committed to protecting your data and it will be processed in accordance with our Privacy & Cookie Policy which can be f",,,2026-07-07T11:27:07.091Z,"First Name \*Last Name \*Email \*Date of Birth \* Sign me up for offers, news and promotions, mainly via emailSubmit In future we may tailor emails and online advertising based on your location and what you’ve shown an interest in. By clicking on ‘Yes Please’ on the above, you’re accepting our Privacy & Cookie Policy. Young & Co.’s Brewery, P.L.C and its group of companies are committed to protecting your data and it will be processed in accordance with our Privacy & Cookie Policy which can be found at [http://www.youngs.co.uk/privacy-policy](http://www.youngs.co.uk/privacy-policy). Please read this before clicking ‘Yes Please’. Promoter: Young & Co.’s Brewery P.L.C, Copper House, 5 Garratt Lane, Wandsworth, London, SW18 4AQ. Registered in England & Wales Company No. 32762 This site is pro"
20260707112707,area-020-clapham-good-food-craft-beers-and-cocktails-in-clapham,"Good food, craft beers and cocktails in Clapham",20,https://www.claphamnorthpub.co.uk/food-and-drink/,offer,"Sign me up for offers, news and promotions, mainly via emailSubmit In future we may tailor emails and online advertising based on your location and what you’ve shown an interest in. By clicking on ‘Yes Please’ on the above, you’re accepting our Privacy & Cookie Policy. Young & Co.’s Brewery, P.L.C and its group of companies are committed to protecting your data and it will be processed in accordance with our Privacy & Cookie Policy which can be found at [http://www.youngs.co.uk/privacy-policy](h",,,2026-07-07T11:27:07.091Z,"Sign me up for offers, news and promotions, mainly via emailSubmit In future we may tailor emails and online advertising based on your location and what you’ve shown an interest in. By clicking on ‘Yes Please’ on the above, you’re accepting our Privacy & Cookie Policy. Young & Co.’s Brewery, P.L.C and its group of companies are committed to protecting your data and it will be processed in accordance with our Privacy & Cookie Policy which can be found at [http://www.youngs.co.uk/privacy-policy](http://www.youngs.co.uk/privacy-policy). Please read this before clicking ‘Yes Please’. Promoter: Young & Co.’s Brewery P.L.C, Copper House, 5 Garratt Lane, Wandsworth, London, SW18 4AQ. Registered in England & Wales Company No. 32762 This site is protected by reCAPTCHA and the Google [Privacy Policy"
20260707112707,area-021-clapham-the-junction-pub-restaurant-in-clapham,The Junction Pub Restaurant in Clapham ...,21,https://www.greeneking.co.uk/pubs/greater-london/junction,offer,"![A banner promoting the Football World Cup at selected Greene King venues.](https://gkbr-p-001.sitecorecontenthub.cloud/api/public/content/da8a7d51eb88496bb6447363039dc8f6?v=02aafc12&t=heroMobileS) ## The World's Game, The Nation's Pub Join us for England's World Cup Quarter Final on Saturday 11th July. Norway are the opponents. Could football be coming home?",Saturday,,2026-07-07T11:27:07.091Z,"![A banner promoting the Football World Cup at selected Greene King venues.](https://gkbr-p-001.sitecorecontenthub.cloud/api/public/content/da8a7d51eb88496bb6447363039dc8f6?v=02aafc12&t=heroMobileS) ## The World's Game, The Nation's Pub Join us for England's World Cup Quarter Final on Saturday 11th July. Norway are the opponents. Could football be coming home?"
20260707112707,area-021-clapham-the-junction-pub-restaurant-in-clapham,The Junction Pub Restaurant in Clapham ...,21,https://www.greeneking.co.uk/pubs/greater-london/junction,offer,[Plan your visit](https://www.greeneking.co.uk/pubs/greater-london/junction/find-us) ![A banner promoting the Football World Cup at selected Greene King venues.](https://gkbr-p-001.sitecorecontenthub.cloud/api/public/content/02aa21664b6c40b58a58eee2089bd14c?v=f46a0cef&t=s250)[Book your World Cup seat](https://www.greeneking.co.uk/pubs/greater-london/junction/world-cup) ### [The world's game... In the nation's pub](https://www.greeneking.co.uk/pubs/greater-london/junction/world-cup) The World Cup,,,2026-07-07T11:27:07.091Z,"[Plan your visit](https://www.greeneking.co.uk/pubs/greater-london/junction/find-us) ![A banner promoting the Football World Cup at selected Greene King venues.](https://gkbr-p-001.sitecorecontenthub.cloud/api/public/content/02aa21664b6c40b58a58eee2089bd14c?v=f46a0cef&t=s250)[Book your World Cup seat](https://www.greeneking.co.uk/pubs/greater-london/junction/world-cup) ### [The world's game... In the nation's pub](https://www.greeneking.co.uk/pubs/greater-london/junction/world-cup) The World Cup is BACK this summer, and here at Junction, we're pulling out all the stops to make this tournament the best one yet. Save your seat today and get ready for an unmissable summer."
20260707112707,area-021-clapham-the-junction-pub-restaurant-in-clapham,The Junction Pub Restaurant in Clapham ...,21,https://www.greeneking.co.uk/pubs/greater-london/junction,percentage_discount,- TNT Sports - Accepts Matchday Discount - Beer Garden - WiFi,,,2026-07-07T11:27:07.091Z,- TNT Sports - Accepts Matchday Discount - Beer Garden - WiFi
20260707112707,area-021-clapham-the-junction-pub-restaurant-in-clapham,The Junction Pub Restaurant in Clapham ...,21,https://www.greeneking.co.uk/pubs/greater-london/junction,percentage_discount,"Free dessert? Tick. Free pub classic? Oh yes. Free pint? Don’t mind if we do. And hey, even if you don’t win, you’ll still have our app now, so you can skip the queue like the legend you are. Want to find out more about the great offers and discounts you can win, earn and receive by signing up for Rewards? Click [here](https://www.greeneking.co.uk/loyalty) to find out more, and to view our current terms and conditions. [Spin to Win](https://72uku.app.link/ELCAOFC3iWb) ![A banner promoting the Fo",,,2026-07-07T11:27:07.091Z,"Free dessert? Tick. Free pub classic? Oh yes. Free pint? Don’t mind if we do. And hey, even if you don’t win, you’ll still have our app now, so you can skip the queue like the legend you are. Want to find out more about the great offers and discounts you can win, earn and receive by signing up for Rewards? Click [here](https://www.greeneking.co.uk/loyalty) to find out more, and to view our current terms and conditions. [Spin to Win](https://72uku.app.link/ELCAOFC3iWb) ![A banner promoting the Football World Cup at selected Greene King venues.](https://gkbr-p-001.sitecorecontenthub.cloud/api/public/content/da8a7d51eb88496bb6447363039dc8f6?v=02aafc12&t=s445)"
20260707112707,area-021-clapham-the-junction-pub-restaurant-in-clapham,The Junction Pub Restaurant in Clapham ...,21,https://www.greeneking.co.uk/pubs/greater-london/junction,offer,"[Spin to Win](https://72uku.app.link/ELCAOFC3iWb) ![A banner promoting the Football World Cup at selected Greene King venues.](https://gkbr-p-001.sitecorecontenthub.cloud/api/public/content/da8a7d51eb88496bb6447363039dc8f6?v=02aafc12&t=s445) ## The world's game... In the nation's pub The World Cup is BACK this summer, and here at Junction, we're pulling out all the stops to make this tournament the best one yet. Save your seat today and get ready for an unmissable summer.",,,2026-07-07T11:27:07.091Z,"[Spin to Win](https://72uku.app.link/ELCAOFC3iWb) ![A banner promoting the Football World Cup at selected Greene King venues.](https://gkbr-p-001.sitecorecontenthub.cloud/api/public/content/da8a7d51eb88496bb6447363039dc8f6?v=02aafc12&t=s445) ## The world's game... In the nation's pub The World Cup is BACK this summer, and here at Junction, we're pulling out all the stops to make this tournament the best one yet. Save your seat today and get ready for an unmissable summer."
20260707112707,area-021-clapham-the-junction-pub-restaurant-in-clapham,The Junction Pub Restaurant in Clapham ...,21,https://www.greeneking.co.uk/pubs/greater-london/junction,offer,"![A close up image of people at a table within the restaurant area enjoying small plates dishes and drinks available at Urban Social venues.](https://gkbr-p-001.sitecorecontenthub.cloud/api/public/content/caafa7dbcc384ca795f304b1630e26e9?v=163d7e31&t=s445) ## Deals You’ll Love From small plates to hearty pub classics, plus great-value lunch deals and shots & bombs, explore offers made for sharing, sipping, and savouring. [discover our deals](https://www.greeneking.co.uk/pubs/greater-london/junct",,,2026-07-07T11:27:07.091Z,"![A close up image of people at a table within the restaurant area enjoying small plates dishes and drinks available at Urban Social venues.](https://gkbr-p-001.sitecorecontenthub.cloud/api/public/content/caafa7dbcc384ca795f304b1630e26e9?v=163d7e31&t=s445) ## Deals You’ll Love From small plates to hearty pub classics, plus great-value lunch deals and shots & bombs, explore offers made for sharing, sipping, and savouring. [discover our deals](https://www.greeneking.co.uk/pubs/greater-london/junction/deals)"
20260707112707,area-021-clapham-the-junction-pub-restaurant-in-clapham,The Junction Pub Restaurant in Clapham ...,21,https://www.greeneking.co.uk/pubs/greater-london/junction,offer,"## Deals You’ll Love From small plates to hearty pub classics, plus great-value lunch deals and shots & bombs, explore offers made for sharing, sipping, and savouring. [discover our deals](https://www.greeneking.co.uk/pubs/greater-london/junction/deals) ![A group of friends sat in the interior restaurant and seating area in a Urban Social venue, enjoying main meals and drinks.](https://gkbr-p-001.sitecorecontenthub.cloud/api/public/content/c9a36e4c5f4448189fb56c5059e5e146?v=fc04cc3a&t=s445)",fri; sat,,2026-07-07T11:27:07.091Z,"## Deals You’ll Love From small plates to hearty pub classics, plus great-value lunch deals and shots & bombs, explore offers made for sharing, sipping, and savouring. [discover our deals](https://www.greeneking.co.uk/pubs/greater-london/junction/deals) ![A group of friends sat in the interior restaurant and seating area in a Urban Social venue, enjoying main meals and drinks.](https://gkbr-p-001.sitecorecontenthub.cloud/api/public/content/c9a36e4c5f4448189fb56c5059e5e146?v=fc04cc3a&t=s445)"
20260707112707,area-021-clapham-the-junction-pub-restaurant-in-clapham,The Junction Pub Restaurant in Clapham ...,21,https://www.greeneking.co.uk/pubs/greater-london/junction,offer,"From small plates to hearty pub classics, plus great-value lunch deals and shots & bombs, explore offers made for sharing, sipping, and savouring. [discover our deals](https://www.greeneking.co.uk/pubs/greater-london/junction/deals) ![A group of friends sat in the interior restaurant and seating area in a Urban Social venue, enjoying main meals and drinks.](https://gkbr-p-001.sitecorecontenthub.cloud/api/public/content/c9a36e4c5f4448189fb56c5059e5e146?v=fc04cc3a&t=s445) ## Plates Worth Talking A",fri; sat,,2026-07-07T11:27:07.091Z,"From small plates to hearty pub classics, plus great-value lunch deals and shots & bombs, explore offers made for sharing, sipping, and savouring. [discover our deals](https://www.greeneking.co.uk/pubs/greater-london/junction/deals) ![A group of friends sat in the interior restaurant and seating area in a Urban Social venue, enjoying main meals and drinks.](https://gkbr-p-001.sitecorecontenthub.cloud/api/public/content/c9a36e4c5f4448189fb56c5059e5e146?v=fc04cc3a&t=s445) ## Plates Worth Talking About"
20260707112707,area-022-clapham-craft-beer-pub-in-clapham,Craft beer pub in Clapham,22,https://thekingandco.uk/,offer,"- A drink on us when you sign up - Latest news, exclusive offers and upcoming events [Learn more](https://thekingandco.uk/pub-club-sign-up/) ![](https://thekingandco.uk/wp-content/uploads/sites/10/2026/06/89abcac77842333dd11bdfdabab7f19d-1024x681.jpg)",,,2026-07-07T11:27:07.091Z,"- A drink on us when you sign up - Latest news, exclusive offers and upcoming events [Learn more](https://thekingandco.uk/pub-club-sign-up/) ![](https://thekingandco.uk/wp-content/uploads/sites/10/2026/06/89abcac77842333dd11bdfdabab7f19d-1024x681.jpg)"
20260707112707,area-023-greenwich-enjoy-british-pub-classics-and-sunday-roasts-greenwich,"Enjoy British Pub classics and Sunday Roasts, Greenwich",23,https://www.cuttysarkse10.co.uk/food-drink/,mention,![](https://www.cuttysarkse10.co.uk/wp-content/uploads/sites/21/2023/05/youngs-190-147-1.jpg?format=auto) # Summer of Spritzing ![](https://www.cuttysarkse10.co.uk/wp-content/uploads/sites/21/2026/03/London-Food-Photography-.jpg?format=auto) ## Seasonal and British menus,,,2026-07-07T11:27:07.091Z,![](https://www.cuttysarkse10.co.uk/wp-content/uploads/sites/21/2023/05/youngs-190-147-1.jpg?format=auto) # Summer of Spritzing ![](https://www.cuttysarkse10.co.uk/wp-content/uploads/sites/21/2026/03/London-Food-Photography-.jpg?format=auto) ## Seasonal and British menus
20260707112707,area-023-greenwich-enjoy-british-pub-classics-and-sunday-roasts-greenwich,"Enjoy British Pub classics and Sunday Roasts, Greenwich",23,https://www.cuttysarkse10.co.uk/food-drink/,mention,"Cocktail Hugo Spritz£11.00 Plymouth Gin, Elderflower, Prosseco, Soda Berry Hugo 0%£8.50",,,2026-07-07T11:27:07.091Z,"Cocktail Hugo Spritz£11.00 Plymouth Gin, Elderflower, Prosseco, Soda Berry Hugo 0%£8.50"
20260707112707,area-023-greenwich-enjoy-british-pub-classics-and-sunday-roasts-greenwich,"Enjoy British Pub classics and Sunday Roasts, Greenwich",23,https://www.cuttysarkse10.co.uk/food-drink/,mention,"Three Spirit Livener 0.0%, Watermelon, Soda Amalfi Spritz 0%£9.50 Lyre's Italian Spritz, Fever-Tree Mediterranean Tonic Allora Spritz£12.00",,,2026-07-07T11:27:07.091Z,"Three Spirit Livener 0.0%, Watermelon, Soda Amalfi Spritz 0%£9.50 Lyre's Italian Spritz, Fever-Tree Mediterranean Tonic Allora Spritz£12.00"
20260707112707,area-023-greenwich-enjoy-british-pub-classics-and-sunday-roasts-greenwich,"Enjoy British Pub classics and Sunday Roasts, Greenwich",23,https://www.cuttysarkse10.co.uk/food-drink/,mention,"Amalfi Spritz 0%£9.50 Lyre's Italian Spritz, Fever-Tree Mediterranean Tonic Allora Spritz£12.00 Allora Aperitivo al Limone, Soda",,,2026-07-07T11:27:07.091Z,"Amalfi Spritz 0%£9.50 Lyre's Italian Spritz, Fever-Tree Mediterranean Tonic Allora Spritz£12.00 Allora Aperitivo al Limone, Soda"
20260707112707,area-023-greenwich-enjoy-british-pub-classics-and-sunday-roasts-greenwich,"Enjoy British Pub classics and Sunday Roasts, Greenwich",23,https://www.cuttysarkse10.co.uk/food-drink/,mention,"Lyre's Italian Spritz, Fever-Tree Mediterranean Tonic Allora Spritz£12.00 Allora Aperitivo al Limone, Soda Pimm's Fizz£10.00",,,2026-07-07T11:27:07.091Z,"Lyre's Italian Spritz, Fever-Tree Mediterranean Tonic Allora Spritz£12.00 Allora Aperitivo al Limone, Soda Pimm's Fizz£10.00"
20260707112707,area-023-greenwich-enjoy-british-pub-classics-and-sunday-roasts-greenwich,"Enjoy British Pub classics and Sunday Roasts, Greenwich",23,https://www.cuttysarkse10.co.uk/food-drink/,mention,"Pimm's No. 1 Cup, Prosecco, Lemonade Martini Spritz£11.00 Tanqueray Gin, Martini Bianco Vermouth, Fever-Tree Mediterannean Tonic, Olives Sparkling Marg£12.50",,,2026-07-07T11:27:07.091Z,"Pimm's No. 1 Cup, Prosecco, Lemonade Martini Spritz£11.00 Tanqueray Gin, Martini Bianco Vermouth, Fever-Tree Mediterannean Tonic, Olives Sparkling Marg£12.50"
20260707112707,area-023-greenwich-enjoy-british-pub-classics-and-sunday-roasts-greenwich,"Enjoy British Pub classics and Sunday Roasts, Greenwich",23,https://www.cuttysarkse10.co.uk/food-drink/,mention,"Altos Plata Tequila, Burnt Faith Triple Sec, Fever-Tree Mexican Lime Soda Aperol Spritz£12.00 Aperol, Prosecco, Soda Rhubarb Rose£11.50",,,2026-07-07T11:27:07.091Z,"Altos Plata Tequila, Burnt Faith Triple Sec, Fever-Tree Mexican Lime Soda Aperol Spritz£12.00 Aperol, Prosecco, Soda Rhubarb Rose£11.50"
20260707112707,area-023-greenwich-enjoy-british-pub-classics-and-sunday-roasts-greenwich,"Enjoy British Pub classics and Sunday Roasts, Greenwich",23,https://www.cuttysarkse10.co.uk/food-drink/,mention,"Havana Spiced Rum, Pineapple, Coconut, Fever-Tree Mexican Lime Soda Picante Spritz£12.50 Altos Plata Tequila, Beesou Honey, Green Chilli, Lime, Soda Raspberry Honeybee£12.50",,,2026-07-07T11:27:07.091Z,"Havana Spiced Rum, Pineapple, Coconut, Fever-Tree Mexican Lime Soda Picante Spritz£12.50 Altos Plata Tequila, Beesou Honey, Green Chilli, Lime, Soda Raspberry Honeybee£12.50"
20260707112707,area-023-greenwich-enjoy-british-pub-classics-and-sunday-roasts-greenwich,"Enjoy British Pub classics and Sunday Roasts, Greenwich",23,https://www.cuttysarkse10.co.uk/food-drink/,mention,"![](https://www.cuttysarkse10.co.uk/wp-content/uploads/sites/21/2026/03/London-Food-and-Drink-Photography-Youngs-Pubs-Cocktail-Summer-Menu-Photography-2026-Nic-Crilly-Hargrave-17.jpg?format=auto) ## Spritz Season Sun’s out(ish), spritz in hand — that’s the vibe. Settle into a comfy corner or head straight for our riverside terrace in Greenwich and sip your way through our line-up of dangerously drinkable cocktails. Think zingy Picantes, crisp White Sangrias and everything in between — all made f",Sun,,2026-07-07T11:27:07.091Z,"![](https://www.cuttysarkse10.co.uk/wp-content/uploads/sites/21/2026/03/London-Food-and-Drink-Photography-Youngs-Pubs-Cocktail-Summer-Menu-Photography-2026-Nic-Crilly-Hargrave-17.jpg?format=auto) ## Spritz Season Sun’s out(ish), spritz in hand — that’s the vibe. Settle into a comfy corner or head straight for our riverside terrace in Greenwich and sip your way through our line-up of dangerously drinkable cocktails. Think zingy Picantes, crisp White Sangrias and everything in between — all made for long afternoons that turn into “just one more”. ![](https://www.cuttysarkse10.co.uk/wp-content/uploads/sites/21/2024/06/Cutty-Sark-7.jpg?format=auto)"
20260707112707,area-023-greenwich-enjoy-british-pub-classics-and-sunday-roasts-greenwich,"Enjoy British Pub classics and Sunday Roasts, Greenwich",23,https://www.cuttysarkse10.co.uk/food-drink/,mention,"## Spritz Season Sun’s out(ish), spritz in hand — that’s the vibe. Settle into a comfy corner or head straight for our riverside terrace in Greenwich and sip your way through our line-up of dangerously drinkable cocktails. Think zingy Picantes, crisp White Sangrias and everything in between — all made for long afternoons that turn into “just one more”. ![](https://www.cuttysarkse10.co.uk/wp-content/uploads/sites/21/2024/06/Cutty-Sark-7.jpg?format=auto) ## Private Dining with a View",Sun,,2026-07-07T11:27:07.091Z,"## Spritz Season Sun’s out(ish), spritz in hand — that’s the vibe. Settle into a comfy corner or head straight for our riverside terrace in Greenwich and sip your way through our line-up of dangerously drinkable cocktails. Think zingy Picantes, crisp White Sangrias and everything in between — all made for long afternoons that turn into “just one more”. ![](https://www.cuttysarkse10.co.uk/wp-content/uploads/sites/21/2024/06/Cutty-Sark-7.jpg?format=auto) ## Private Dining with a View"
20260707112707,area-023-greenwich-enjoy-british-pub-classics-and-sunday-roasts-greenwich,"Enjoy British Pub classics and Sunday Roasts, Greenwich",23,https://www.cuttysarkse10.co.uk/food-drink/,offer,"First Name \*Last Name \*Email \*Date of Birth \* Sign me up for offers, news and promotions, mainly via emailSubmit In future we may tailor emails and online advertising based on your location and what you’ve shown an interest in. By clicking on ‘Yes Please’ on the above, you’re accepting our Privacy & Cookie Policy. Young & Co.’s Brewery, P.L.C and its group of companies are committed to protecting your data and it will be processed in accordance with our Privacy & Cookie Policy which can be f",,,2026-07-07T11:27:07.091Z,"First Name \*Last Name \*Email \*Date of Birth \* Sign me up for offers, news and promotions, mainly via emailSubmit In future we may tailor emails and online advertising based on your location and what you’ve shown an interest in. By clicking on ‘Yes Please’ on the above, you’re accepting our Privacy & Cookie Policy. Young & Co.’s Brewery, P.L.C and its group of companies are committed to protecting your data and it will be processed in accordance with our Privacy & Cookie Policy which can be found at www.youngs.co.uk/privacy-policy. Please read this before clicking ‘Yes Please’. Promoter: Young & Co.’s Brewery P.L.C, Copper House, 5 Garratt Lane, Wandsworth, London, SW18 4AQ. Registered in England & Wales Company No. 32762 This site is protected by reCAPTCHA and the Google [Privacy Polic"
20260707112707,area-023-greenwich-enjoy-british-pub-classics-and-sunday-roasts-greenwich,"Enjoy British Pub classics and Sunday Roasts, Greenwich",23,https://www.cuttysarkse10.co.uk/food-drink/,offer,"Sign me up for offers, news and promotions, mainly via emailSubmit In future we may tailor emails and online advertising based on your location and what you’ve shown an interest in. By clicking on ‘Yes Please’ on the above, you’re accepting our Privacy & Cookie Policy. Young & Co.’s Brewery, P.L.C and its group of companies are committed to protecting your data and it will be processed in accordance with our Privacy & Cookie Policy which can be found at www.youngs.co.uk/privacy-policy. Please re",,,2026-07-07T11:27:07.091Z,"Sign me up for offers, news and promotions, mainly via emailSubmit In future we may tailor emails and online advertising based on your location and what you’ve shown an interest in. By clicking on ‘Yes Please’ on the above, you’re accepting our Privacy & Cookie Policy. Young & Co.’s Brewery, P.L.C and its group of companies are committed to protecting your data and it will be processed in accordance with our Privacy & Cookie Policy which can be found at www.youngs.co.uk/privacy-policy. Please read this before clicking ‘Yes Please’. Promoter: Young & Co.’s Brewery P.L.C, Copper House, 5 Garratt Lane, Wandsworth, London, SW18 4AQ. Registered in England & Wales Company No. 32762 This site is protected by reCAPTCHA and the Google [Privacy Policy](https://policies.google.com/privacy) and [Terms"
20260707112707,area-024-greenwich-kings-arms-greenwich,Kings Arms Greenwich,24,https://www.greeneking.co.uk/pubs/greater-london/kings-arms-greenwich/menu,mention,"£10.50 ### Spritz Cocktails (5) #### Lillet Rosé Spritz Light and refreshing with red berry and subtle floral notes,",,,2026-07-07T11:27:07.091Z,"£10.50 ### Spritz Cocktails (5) #### Lillet Rosé Spritz Light and refreshing with red berry and subtle floral notes,"
20260707112707,area-024-greenwich-kings-arms-greenwich,Kings Arms Greenwich,24,https://www.greeneking.co.uk/pubs/greater-london/kings-arms-greenwich/menu,mention,"### Spritz Cocktails (5) #### Lillet Rosé Spritz Light and refreshing with red berry and subtle floral notes, finishes crisp and aromatic",,,2026-07-07T11:27:07.091Z,"### Spritz Cocktails (5) #### Lillet Rosé Spritz Light and refreshing with red berry and subtle floral notes, finishes crisp and aromatic"
20260707112707,area-024-greenwich-kings-arms-greenwich,Kings Arms Greenwich,24,https://www.greeneking.co.uk/pubs/greater-london/kings-arms-greenwich/menu,mention,"£11.00 #### Aperol Spritz A classic serve of Aperol, prosecco, and soda £11.00",,,2026-07-07T11:27:07.091Z,"£11.00 #### Aperol Spritz A classic serve of Aperol, prosecco, and soda £11.00"
20260707112707,area-024-greenwich-kings-arms-greenwich,Kings Arms Greenwich,24,https://www.greeneking.co.uk/pubs/greater-london/kings-arms-greenwich/menu,mention,"£11.00 #### St Germain Hugo Spritz Fresh and floral St-Germain Elderflower Liqueur, prosecco and soda £11.00",,,2026-07-07T11:27:07.091Z,"£11.00 #### St Germain Hugo Spritz Fresh and floral St-Germain Elderflower Liqueur, prosecco and soda £11.00"
20260707112707,area-024-greenwich-kings-arms-greenwich,Kings Arms Greenwich,24,https://www.greeneking.co.uk/pubs/greater-london/kings-arms-greenwich/menu,mention,"£11.00 #### Limoncello Spritz Bright and zesty Isolabella Limoncello, prosecco and soda £11.00",,,2026-07-07T11:27:07.091Z,"£11.00 #### Limoncello Spritz Bright and zesty Isolabella Limoncello, prosecco and soda £11.00"
20260707112707,area-024-greenwich-kings-arms-greenwich,Kings Arms Greenwich,24,https://www.greeneking.co.uk/pubs/greater-london/kings-arms-greenwich/menu,mention,"£11.00 #### Sarti Passionfruit Spritz A vibrant spritz combining Sarti Rosa, prosecco, soda, and lime, with passionfruit, mango, and blood orange notes",,,2026-07-07T11:27:07.091Z,"£11.00 #### Sarti Passionfruit Spritz A vibrant spritz combining Sarti Rosa, prosecco, soda, and lime, with passionfruit, mango, and blood orange notes"
20260707112707,area-024-greenwich-kings-arms-greenwich,Kings Arms Greenwich,24,https://www.greeneking.co.uk/pubs/greater-london/kings-arms-greenwich/menu,mention,"#### Sarti Passionfruit Spritz A vibrant spritz combining Sarti Rosa, prosecco, soda, and lime, with passionfruit, mango, and blood orange notes £11.00",,,2026-07-07T11:27:07.091Z,"#### Sarti Passionfruit Spritz A vibrant spritz combining Sarti Rosa, prosecco, soda, and lime, with passionfruit, mango, and blood orange notes £11.00"
20260707112707,area-024-greenwich-kings-arms-greenwich,Kings Arms Greenwich,24,https://www.greeneking.co.uk/pubs/greater-london/kings-arms-greenwich/menu,mention,£9.00 #### Warner's 0% Pink Berry Spritz Warner’s 0% Pink Berry paired with Fever-Tree Raspberry & Orange Blossom Soda £9.00,,,2026-07-07T11:27:07.091Z,£9.00 #### Warner's 0% Pink Berry Spritz Warner’s 0% Pink Berry paired with Fever-Tree Raspberry & Orange Blossom Soda £9.00
20260707112707,area-026-greenwich-pubs-and-bars,Pubs and Bars,26,https://www.visitgreenwich.org.uk/food-and-drink/pubs-and-bars,offer,"Greenwich has some of the best pubs and bars in London. From historic riverside taverns charming traditional inns to stylish bars overlooking the city and glorious gardens for catching the summer sun with a pint. For a traditional pub, try the Admiral Hardy or the Old Brewery in Greenwich town centre, both offering fantastic food and local craft beer. At the northern border of Greenwich Park you’ll find the Plume of Feathers, a hidden gem of a pub and a favourite with the locals. Greenwich Taver",sun; sun,,2026-07-07T11:27:07.091Z,"Greenwich has some of the best pubs and bars in London. From historic riverside taverns charming traditional inns to stylish bars overlooking the city and glorious gardens for catching the summer sun with a pint. For a traditional pub, try the Admiral Hardy or the Old Brewery in Greenwich town centre, both offering fantastic food and local craft beer. At the northern border of Greenwich Park you’ll find the Plume of Feathers, a hidden gem of a pub and a favourite with the locals. Greenwich Tavern on the nearby corner of Greenwich Park is set across three floors and lovely for lunch after a good walk. For riverside charm, Greenwich is packed with pubs that pair historic character with stunning Thames views. Enjoy a pint at the Trafalgar Tavern, steeped in maritime history, or relax...[Read "
20260707112707,area-026-greenwich-pubs-and-bars,Pubs and Bars,26,https://www.visitgreenwich.org.uk/food-and-drink/pubs-and-bars,offer,"For a traditional pub, try the Admiral Hardy or the Old Brewery in Greenwich town centre, both offering fantastic food and local craft beer. At the northern border of Greenwich Park you’ll find the Plume of Feathers, a hidden gem of a pub and a favourite with the locals. Greenwich Tavern on the nearby corner of Greenwich Park is set across three floors and lovely for lunch after a good walk. For riverside charm, Greenwich is packed with pubs that pair historic character with stunning Thames view",,,2026-07-07T11:27:07.091Z,"For a traditional pub, try the Admiral Hardy or the Old Brewery in Greenwich town centre, both offering fantastic food and local craft beer. At the northern border of Greenwich Park you’ll find the Plume of Feathers, a hidden gem of a pub and a favourite with the locals. Greenwich Tavern on the nearby corner of Greenwich Park is set across three floors and lovely for lunch after a good walk. For riverside charm, Greenwich is packed with pubs that pair historic character with stunning Thames views. Enjoy a pint at the Trafalgar Tavern, steeped in maritime history, or relax at The Sail Loft with its outdoor terrace overlooking the water. The Cutty Sark pub, just a stone’s throw from the iconic ship, is another riverside favourite, offering classic pub food and a lively atmosphere. For a bran"
20260707112707,area-026-greenwich-pubs-and-bars,Pubs and Bars,26,https://www.visitgreenwich.org.uk/food-and-drink/pubs-and-bars,student_discount,"### Address Greenwich Students’ Union, Dreadnought Building, 30 Park Row, Greenwich, London, SE10 9HU ### Telephone +44 (0)20 8331 8000",,,2026-07-07T11:27:07.091Z,"### Address Greenwich Students’ Union, Dreadnought Building, 30 Park Row, Greenwich, London, SE10 9HU ### Telephone +44 (0)20 8331 8000"
20260707112707,area-026-greenwich-pubs-and-bars,Pubs and Bars,26,https://www.visitgreenwich.org.uk/food-and-drink/pubs-and-bars,offer,[![Add Enderby House to your Itinerary](https://www.visitgreenwich.org.uk/images/itinerary/addtoitinerary.png)](https://www.visitgreenwich.org.uk/food-and-drink/pubs-and-bars?epkey=1445421&epaction=add) 20. [![Eighteen Sky Bar is an elegant and enigmatic cocktail lounge offering exclusive and luxurious private dining experience](https://www.visitgreenwich.org.uk/imageresizer/?image=%2Fdmsimgs%2FNEW_Eighteen_Sky_Bar_Interior_Sunset_-_resize_-_1660482277.jpg&action=ProductListMain)](https://www.vi,,,2026-07-07T11:27:07.091Z,[![Add Enderby House to your Itinerary](https://www.visitgreenwich.org.uk/images/itinerary/addtoitinerary.png)](https://www.visitgreenwich.org.uk/food-and-drink/pubs-and-bars?epkey=1445421&epaction=add) 20. [![Eighteen Sky Bar is an elegant and enigmatic cocktail lounge offering exclusive and luxurious private dining experience](https://www.visitgreenwich.org.uk/imageresizer/?image=%2Fdmsimgs%2FNEW_Eighteen_Sky_Bar_Interior_Sunset_-_resize_-_1660482277.jpg&action=ProductListMain)](https://www.visitgreenwich.org.uk/food-and-drink/eighteen-sky-bar-intercontinental-london-the-02-p1354241) [Eighteen Sky Bar – InterContinental London - The O2](https://www.visitgreenwich.org.uk/food-and-drink/eighteen-sky-bar-intercontinental-london-the-02-p1354241) ### Address
20260707112707,area-026-greenwich-pubs-and-bars,Pubs and Bars,26,https://www.visitgreenwich.org.uk/food-and-drink/pubs-and-bars,offer,Greenwich Peninsula Eighteen Sky Bar is an elegant and enigmatic cocktail lounge that offers an exclusive and luxurious private dining experience. ![Indicative Availability](https://www.visitgreenwich.org.uk/images/booking/availability_enquiryform.png) [![Book Eighteen Sky Bar – InterContinental London - The O2 Online (opens in a new window)](https://www.visitgreenwich.org.uk/images/booking/booknow.png)](https://www.sevenrooms.com/reservations/eighteenskybar),,,2026-07-07T11:27:07.091Z,Greenwich Peninsula Eighteen Sky Bar is an elegant and enigmatic cocktail lounge that offers an exclusive and luxurious private dining experience. ![Indicative Availability](https://www.visitgreenwich.org.uk/images/booking/availability_enquiryform.png) [![Book Eighteen Sky Bar – InterContinental London - The O2 Online (opens in a new window)](https://www.visitgreenwich.org.uk/images/booking/booknow.png)](https://www.sevenrooms.com/reservations/eighteenskybar)
20260707112707,area-027-hackney-pub-on-the-park-london-fields-beer-garden,"Pub on the Park, London Fields Beer Garden",27,https://pubonthepark.com/,offer,"On the very edge of London Fields, come rain (thanks to our big brollys) or shine – you can grab a table with spectacular views across the park. We’re also easy to get to from Hackney Central, London Fields or Haggerston overground. Being just three minutes walk from the [Hackney Empire](https://www.hackneyempire.co.uk/), [Oslo](https://www.oslohackney.com/), [MOTH](https://mothclub.co.uk/) and [Hackney Picture House](https://www.picturehouses.com/cinema/hackney-picturehouse) we’re the ideal mee",,,2026-07-07T11:27:07.091Z,"On the very edge of London Fields, come rain (thanks to our big brollys) or shine – you can grab a table with spectacular views across the park. We’re also easy to get to from Hackney Central, London Fields or Haggerston overground. Being just three minutes walk from the [Hackney Empire](https://www.hackneyempire.co.uk/), [Oslo](https://www.oslohackney.com/), [MOTH](https://mothclub.co.uk/) and [Hackney Picture House](https://www.picturehouses.com/cinema/hackney-picturehouse) we’re the ideal meeting place before your next concert or gig, or for drinks afterwards if you fancy. Our two **[function rooms](https://pubonthepark.com/function-rooms-london-fields/)**, are extremely flexible and can cater for any type of event. Plus, neither room has a hire fee – [enquire here to find out more.](ht"
20260707112707,area-028-hackney-the-old-ship-hackney,The Old Ship • Hackney,28,https://www.urbanpubsandbars.com/venues/the-old-ship,offer,"Our menu blends timeless classics with modern twists, featuring favourites like the French Martini, Smoked Old Fashioned, and seasonal house creations that surprise and delight. Whether you’re after something bold, bright, or beautifully balanced, our team will pour you the perfect drink — every time. Ideal for dates, discreet meetups, or letting the evening unfold into something special. [Book the cocktail bar](https://www.urbanpubsandbars.com/bookings/black-horse-cocktail-bar-website) ![](http",,,2026-07-07T11:27:07.091Z,"Our menu blends timeless classics with modern twists, featuring favourites like the French Martini, Smoked Old Fashioned, and seasonal house creations that surprise and delight. Whether you’re after something bold, bright, or beautifully balanced, our team will pour you the perfect drink — every time. Ideal for dates, discreet meetups, or letting the evening unfold into something special. [Book the cocktail bar](https://www.urbanpubsandbars.com/bookings/black-horse-cocktail-bar-website) ![](https://cdn.prod.website-files.com/64cd0b3dbdde72b77a84b64a/68769247c24341425d8e7822_the-black-horse-fitzrovia-london-pub-cocktail-bar-07.webp)"
20260707112707,area-028-hackney-the-old-ship-hackney,The Old Ship • Hackney,28,https://www.urbanpubsandbars.com/venues/the-old-ship,offer,"[More Info ▸](https://business.untappd.com/embeds/iframes/41926/163228#) Our Pale Ale raises a glass to the art deco arches of Reliance Arcade where local cobblers and tailors still practice their crafts with skill and precision. Premium English Maris Otter barley provides the clean, crisp backdrop to bright hop flavours. Reliance proves that if you want the real deal, you have to make it by hand. STYLE & TASTE Pale Ale – Biscuity malts, pine aromas and citrus flavours. An easy drinking beer for",,,2026-07-07T11:27:07.091Z,"[More Info ▸](https://business.untappd.com/embeds/iframes/41926/163228#) Our Pale Ale raises a glass to the art deco arches of Reliance Arcade where local cobblers and tailors still practice their crafts with skill and precision. Premium English Maris Otter barley provides the clean, crisp backdrop to bright hop flavours. Reliance proves that if you want the real deal, you have to make it by hand. STYLE & TASTE Pale Ale – Biscuity malts, pine aromas and citrus flavours. An easy drinking beer for all occasions."
20260707112707,area-028-hackney-the-old-ship-hackney,The Old Ship • Hackney,28,https://www.urbanpubsandbars.com/venues/the-old-ship,mention,"[More Info ▸](https://business.untappd.com/embeds/iframes/41926/163228#) Ein besonders mildes, spritziges, lang gelagertes und vor allem erfrischendes Bier. Einmalig in seinem Geschmack, ein Genuss für jeden Bierkenner. [Less Info ▴](https://business.untappd.com/embeds/iframes/41926/163228#) [![Sol](https://labels.untappd.com/7457)](https://untappd.com/b/cerveceria-cuauhtemoc-moctezuma-sol/7457)",,,2026-07-07T11:27:07.091Z,"[More Info ▸](https://business.untappd.com/embeds/iframes/41926/163228#) Ein besonders mildes, spritziges, lang gelagertes und vor allem erfrischendes Bier. Einmalig in seinem Geschmack, ein Genuss für jeden Bierkenner. [Less Info ▴](https://business.untappd.com/embeds/iframes/41926/163228#) [![Sol](https://labels.untappd.com/7457)](https://untappd.com/b/cerveceria-cuauhtemoc-moctezuma-sol/7457)"
20260707112707,area-028-hackney-the-old-ship-hackney,The Old Ship • Hackney,28,https://www.urbanpubsandbars.com/venues/the-old-ship,offer,"Heavyweight flavour, featherweight ABV. Our in your face IPA, that just happens to be alcohol-free. When we decided to brew an AF IPA, we wanted to roll a bit differently. Rather than brewing with small amounts of malt or dealcoholizing after fermentation, for Lazer Crush we used a clever strain of yeast that fully ferments our crisp pilsner malt without producing alcohol and adds a hint of peachy fruit to boot. Then we laid down some heavy-duty hops. Azacca for ripe mango with a hint of fresh p",Monday; Sunday,,2026-07-07T11:27:07.091Z,"Heavyweight flavour, featherweight ABV. Our in your face IPA, that just happens to be alcohol-free. When we decided to brew an AF IPA, we wanted to roll a bit differently. Rather than brewing with small amounts of malt or dealcoholizing after fermentation, for Lazer Crush we used a clever strain of yeast that fully ferments our crisp pilsner malt without producing alcohol and adds a hint of peachy fruit to boot. Then we laid down some heavy-duty hops. Azacca for ripe mango with a hint of fresh pine, Amarillo gives bags of sweet orange and Citra adds the zesty citrus and grapefruit bitterness that we all want in an IPA. The result is a rocket-fueled, turbocharged, laser-sharp IPA at a Monday to Sunday crushable 0.3% [Less Info ▴](https://business.untappd.com/embeds/iframes/41926/163228#)"
20260707112707,area-028-hackney-the-old-ship-hackney,The Old Ship • Hackney,28,https://www.urbanpubsandbars.com/venues/the-old-ship,offer,[![2-4-£20 Burgers all day every Monday](https://cdn.prod.website-files.com/64cd0b3dbdde72b77a84b66e/67f9b1e0a541412236f7220d_what-s-ons-burger-monday-old-ship-thumbnail-image.webp)](https://www.urbanpubsandbars.com/whats-on/burger-monday-old-ship) Promo ### Old Ship Burger Monday Every Monday,Monday; monday; thu; monday; Monday; Monday,2-4,2026-07-07T11:27:07.091Z,[![2-4-£20 Burgers all day every Monday](https://cdn.prod.website-files.com/64cd0b3dbdde72b77a84b66e/67f9b1e0a541412236f7220d_what-s-ons-burger-monday-old-ship-thumbnail-image.webp)](https://www.urbanpubsandbars.com/whats-on/burger-monday-old-ship) Promo ### Old Ship Burger Monday Every Monday
20260707112707,area-028-hackney-the-old-ship-hackney,The Old Ship • Hackney,28,https://www.urbanpubsandbars.com/venues/the-old-ship,offer,"An award-winning London Fringe Theatre with a varied programme of cabaret, drama, and musicals. The theatre seats up to 140 and is situated above our pub in the picturesque Highgate Village. Ovation, the in-house company, produces two or three shows each year at Upstairs at the Gatehouse. Past productions have included Legally Blonde, Singin' in the Rain, Crazy For You, Buddy, Kiss Me Kate, Avenue Q and Top Hat. Book your pre or post show meal with us and enjoy our pre-theatre menu, 2 courses fo",Fri; Tue-Sat,,2026-07-07T11:27:07.091Z,"An award-winning London Fringe Theatre with a varied programme of cabaret, drama, and musicals. The theatre seats up to 140 and is situated above our pub in the picturesque Highgate Village. Ovation, the in-house company, produces two or three shows each year at Upstairs at the Gatehouse. Past productions have included Legally Blonde, Singin' in the Rain, Crazy For You, Buddy, Kiss Me Kate, Avenue Q and Top Hat. Book your pre or post show meal with us and enjoy our pre-theatre menu, 2 courses for just £21.50 (Tue-Sat only). Just show your tickets upon arrival to receive this fantastic offer. Please allow an hour and a half for your meal as this can be a particularly busy time. Only valid on the day of your performance and on selected shows. [BOOK Now](https://www.upstairsatthegatehouse.com"
20260707112707,area-028-hackney-the-old-ship-hackney,The Old Ship • Hackney,28,https://www.urbanpubsandbars.com/venues/the-old-ship,offer,"## Party in the heart of Hackney Located on Mare Street in the heart of Hackney, the Old Ship offers table bookings within our pub and restaurant or exclusive whole venue hire. Perfect for all kinds of occasions, from birthday parties, engagements, weddings and private events for 75+ people. 75 Seated / 120 Standing [View our spaces](https://www.urbanpubsandbars.com/private-hire/the-old-ship) [Enquire Now](https://www.urbanpubsandbars.com/contact) [Virtual Tour](https://www.urbanpubsandbars.com/",wed,,2026-07-07T11:27:07.091Z,"## Party in the heart of Hackney Located on Mare Street in the heart of Hackney, the Old Ship offers table bookings within our pub and restaurant or exclusive whole venue hire. Perfect for all kinds of occasions, from birthday parties, engagements, weddings and private events for 75+ people. 75 Seated / 120 Standing [View our spaces](https://www.urbanpubsandbars.com/private-hire/the-old-ship) [Enquire Now](https://www.urbanpubsandbars.com/contact) [Virtual Tour](https://www.urbanpubsandbars.com/venues/the-old-ship#)"
20260707112707,area-028-hackney-the-old-ship-hackney,The Old Ship • Hackney,28,https://www.urbanpubsandbars.com/venues/the-old-ship,offer,"[View our spaces](https://www.urbanpubsandbars.com/private-hire/the-old-ship) [Enquire Now](https://www.urbanpubsandbars.com/contact) [Virtual Tour](https://www.urbanpubsandbars.com/venues/the-old-ship#) ![Located on Mare Street in the heart of Hackney, the Old Ship offers table bookings within our pub and restaurant or exclusive whole venue hire. Perfect for all kinds of occasions, from birthday parties, engagements, weddings and private events for 75+ people.](https://cdn.prod.website-files.co",wed; thu; Wed; wed,,2026-07-07T11:27:07.091Z,"[View our spaces](https://www.urbanpubsandbars.com/private-hire/the-old-ship) [Enquire Now](https://www.urbanpubsandbars.com/contact) [Virtual Tour](https://www.urbanpubsandbars.com/venues/the-old-ship#) ![Located on Mare Street in the heart of Hackney, the Old Ship offers table bookings within our pub and restaurant or exclusive whole venue hire. Perfect for all kinds of occasions, from birthday parties, engagements, weddings and private events for 75+ people.](https://cdn.prod.website-files.com/64cd0b3dbdde72b77a84b66e/67f9ad5c1c2249dbcafde54f_venues-the-old-ship-private-hire-hero-thumbnail.webp) ## Weddings at The Old Ship We know that your wedding day is one of the most important events in your life, and that's why we offer a range of services to help make your day truly unforgettable."
20260707112707,area-028-hackney-the-old-ship-hackney,The Old Ship • Hackney,28,https://www.urbanpubsandbars.com/venues/the-old-ship,offer,"## Weddings at The Old Ship We know that your wedding day is one of the most important events in your life, and that's why we offer a range of services to help make your day truly unforgettable. Click below for more information. [Learn More](https://www.urbanweddingcollection.com/weddings/the-old-ship) ![](https://cdn.prod.website-files.com/64cd0b3dbdde72b77a84b64a/68b964e92f6c961689d66cce_urban-wedding-collection-london-wedding-venues.webp)",Wed; wed; wed; wed; wed,,2026-07-07T11:27:07.091Z,"## Weddings at The Old Ship We know that your wedding day is one of the most important events in your life, and that's why we offer a range of services to help make your day truly unforgettable. Click below for more information. [Learn More](https://www.urbanweddingcollection.com/weddings/the-old-ship) ![](https://cdn.prod.website-files.com/64cd0b3dbdde72b77a84b64a/68b964e92f6c961689d66cce_urban-wedding-collection-london-wedding-venues.webp)"
20260707112707,area-028-hackney-the-old-ship-hackney,The Old Ship • Hackney,28,https://www.urbanpubsandbars.com/venues/the-old-ship,offer,"## Let's be friends For exclusive offers, along with the latest food, wine and events new from The Old Ship, subscribe to our mailing lists and let us keep in touch. Check here to allow us to send you emails. Checking your Browser…",fri,,2026-07-07T11:27:07.091Z,"## Let's be friends For exclusive offers, along with the latest food, wine and events new from The Old Ship, subscribe to our mailing lists and let us keep in touch. Check here to allow us to send you emails. Checking your Browser…"
20260707112707,area-029-hackney-lord-napier-star-home,Lord Napier Star: Home,29,https://lordnapierstar.co.uk/,offer,"[More Info](https://lordnapierstar.co.uk/) [![Friday Wine Club](https://lordnapierstar.co.uk/wp-content/uploads/2025/10/LNS-Wine-Club-Offer-1080-V5-550x550.jpg)](https://lordnapierstar.co.uk/events/friday-wine-club-2026-07-10/ ""Click for more details about Friday Wine Club"") #### Friday Wine Club 10.07.26",Friday; friday; Friday; Friday,07-10,2026-07-07T11:27:07.091Z,"[More Info](https://lordnapierstar.co.uk/) [![Friday Wine Club](https://lordnapierstar.co.uk/wp-content/uploads/2025/10/LNS-Wine-Club-Offer-1080-V5-550x550.jpg)](https://lordnapierstar.co.uk/events/friday-wine-club-2026-07-10/ ""Click for more details about Friday Wine Club"") #### Friday Wine Club 10.07.26"
20260707112707,area-029-hackney-lord-napier-star-home,Lord Napier Star: Home,29,https://lordnapierstar.co.uk/,offer,"We’re the only pub in Hackney Wick, and we’re pretty hard to miss, we’re the one covered in graffiti. We’re incredibly proud to host some of London’s most delicious and creative food traders. Our current guest kitchen is Oh My Dog!, known for their legendary hot dogs and more. Plus we offer a legendary selection of beers, wines, spirits and cocktails. [Drinks Menu](https://lordnapiersthttps//lordnapierstar.co.uk/wp-content/uploads/2026/03/LNS-Cocktail-Menu-Spring-2026.pdfar.co.uk/wp-content/uplo",Sunday; SUN,,2026-07-07T11:27:07.091Z,"We’re the only pub in Hackney Wick, and we’re pretty hard to miss, we’re the one covered in graffiti. We’re incredibly proud to host some of London’s most delicious and creative food traders. Our current guest kitchen is Oh My Dog!, known for their legendary hot dogs and more. Plus we offer a legendary selection of beers, wines, spirits and cocktails. [Drinks Menu](https://lordnapiersthttps//lordnapierstar.co.uk/wp-content/uploads/2026/03/LNS-Cocktail-Menu-Spring-2026.pdfar.co.uk/wp-content/uploads/2025/05/LNS-Cocktail-Menu-Spring-2025.pdf) [Oh My Dog! Food Menu](https://lordnapierstar.co.uk/wp-content/uploads/2026/05/OMD-x-Lord-Napier-Star-Main-Menu-.pdf) [Oh My Dog! Sunday Roast Menu](https://lordnapierstar.co.uk/wp-content/uploads/2026/05/SUN-MENU-V9.-OMD-x-Lord-Napier-Star-Main-Menu-.p"
20260707112707,area-029-hackney-lord-napier-star-home,Lord Napier Star: Home,29,https://lordnapierstar.co.uk/,offer,"## Stay in Touch We don’t expect that you check our website every week so we’ve made it easier for you to keep up to date with the amazing things we have going on. Join our newsletter to receive all of our quality content including upcoming events, new kitchen residencies and sometimes even an offer or two. If you’re as cool as we think you are you’ll obviously already be following us on social media, and you’re obviously already in the know, but just in case, we’re @lordnapierstar on Instagram ",,,2026-07-07T11:27:07.091Z,"## Stay in Touch We don’t expect that you check our website every week so we’ve made it easier for you to keep up to date with the amazing things we have going on. Join our newsletter to receive all of our quality content including upcoming events, new kitchen residencies and sometimes even an offer or two. If you’re as cool as we think you are you’ll obviously already be following us on social media, and you’re obviously already in the know, but just in case, we’re @lordnapierstar on Instagram and Facebook. Lord Napier Sign-up form"
20260707112707,area-029-hackney-lord-napier-star-home,Lord Napier Star: Home,29,https://lordnapierstar.co.uk/,offer,Email address \* Date of birth - We'll offer you a free bottle of bubbles on your birthday! \* / /,,,2026-07-07T11:27:07.091Z,Email address \* Date of birth - We'll offer you a free bottle of bubbles on your birthday! \* / /
20260707112707,area-029-hackney-lord-napier-star-home,Lord Napier Star: Home,29,https://lordnapierstar.co.uk/,offer,![](https://lordnapierstar.co.uk/wp-content/uploads/2021/09/Group-3253.svg) **7 offers available** See Offers Lord Napier & Star,,,2026-07-07T11:27:07.091Z,![](https://lordnapierstar.co.uk/wp-content/uploads/2021/09/Group-3253.svg) **7 offers available** See Offers Lord Napier & Star
20260707112707,area-029-hackney-lord-napier-star-home,Lord Napier Star: Home,29,https://lordnapierstar.co.uk/,offer,**7 offers available** See Offers Lord Napier & Star Edit,,,2026-07-07T11:27:07.091Z,**7 offers available** See Offers Lord Napier & Star Edit
20260707112707,area-031-kensington-zetland-arms,Zetland  Arms,31,https://www.greeneking.co.uk/pubs/greater-london/zetland-arms/menu,mention,"£12.50 ### Spritz Cocktails (5) #### Lillet Rosé Spritz Light and refreshing with red berry and subtle floral notes,",,,2026-07-07T11:27:07.091Z,"£12.50 ### Spritz Cocktails (5) #### Lillet Rosé Spritz Light and refreshing with red berry and subtle floral notes,"
20260707112707,area-031-kensington-zetland-arms,Zetland  Arms,31,https://www.greeneking.co.uk/pubs/greater-london/zetland-arms/menu,mention,"### Spritz Cocktails (5) #### Lillet Rosé Spritz Light and refreshing with red berry and subtle floral notes, finishes crisp and aromatic",,,2026-07-07T11:27:07.091Z,"### Spritz Cocktails (5) #### Lillet Rosé Spritz Light and refreshing with red berry and subtle floral notes, finishes crisp and aromatic"
20260707112707,area-031-kensington-zetland-arms,Zetland  Arms,31,https://www.greeneking.co.uk/pubs/greater-london/zetland-arms/menu,mention,"£13.00 #### Aperol Spritz A classic serve of Aperol, prosecco, and soda £13.00",,,2026-07-07T11:27:07.091Z,"£13.00 #### Aperol Spritz A classic serve of Aperol, prosecco, and soda £13.00"
20260707112707,area-031-kensington-zetland-arms,Zetland  Arms,31,https://www.greeneking.co.uk/pubs/greater-london/zetland-arms/menu,mention,"£13.00 #### St Germain Hugo Spritz Fresh and floral St-Germain Elderflower Liqueur, prosecco and soda £13.00",,,2026-07-07T11:27:07.091Z,"£13.00 #### St Germain Hugo Spritz Fresh and floral St-Germain Elderflower Liqueur, prosecco and soda £13.00"
20260707112707,area-031-kensington-zetland-arms,Zetland  Arms,31,https://www.greeneking.co.uk/pubs/greater-london/zetland-arms/menu,mention,"£13.00 #### Limoncello Spritz Bright and zesty Isolabella Limoncello, prosecco and soda £13.00",,,2026-07-07T11:27:07.091Z,"£13.00 #### Limoncello Spritz Bright and zesty Isolabella Limoncello, prosecco and soda £13.00"
20260707112707,area-031-kensington-zetland-arms,Zetland  Arms,31,https://www.greeneking.co.uk/pubs/greater-london/zetland-arms/menu,mention,"£13.00 #### Sarti Passionfruit Spritz A vibrant spritz combining Sarti Rosa, prosecco, soda, and lime, with passionfruit, mango, and blood orange notes",,,2026-07-07T11:27:07.091Z,"£13.00 #### Sarti Passionfruit Spritz A vibrant spritz combining Sarti Rosa, prosecco, soda, and lime, with passionfruit, mango, and blood orange notes"
20260707112707,area-031-kensington-zetland-arms,Zetland  Arms,31,https://www.greeneking.co.uk/pubs/greater-london/zetland-arms/menu,mention,"#### Sarti Passionfruit Spritz A vibrant spritz combining Sarti Rosa, prosecco, soda, and lime, with passionfruit, mango, and blood orange notes £13.00",,,2026-07-07T11:27:07.091Z,"#### Sarti Passionfruit Spritz A vibrant spritz combining Sarti Rosa, prosecco, soda, and lime, with passionfruit, mango, and blood orange notes £13.00"
20260707112707,area-031-kensington-zetland-arms,Zetland  Arms,31,https://www.greeneking.co.uk/pubs/greater-london/zetland-arms/menu,mention,£11.00 #### Warner's 0% Pink Berry Spritz Warner’s 0% Pink Berry paired with Fever-Tree Raspberry & Orange Blossom Soda £11.00,,,2026-07-07T11:27:07.091Z,£11.00 #### Warner's 0% Pink Berry Spritz Warner’s 0% Pink Berry paired with Fever-Tree Raspberry & Orange Blossom Soda £11.00
20260707112707,area-032-kensington-foodanddrink,Foodanddrink,32,https://www.britanniakensington.co.uk/foodanddrink/,mention,"![](https://www.britanniakensington.co.uk/wp-content/uploads/sites/101/2025/07/Britannia-roast-04.jpg?format=auto) ## Summer Spritz There’s something special about a summer spritz in the sunshine, especially when enjoyed in our charming Posh Alleyway. Light, refreshing and made for warm days, our spritz selection is perfect for unwinding with friends or starting an evening in Central London. Spritz in the sun",sun; fri; sun,,2026-07-07T11:27:07.091Z,"![](https://www.britanniakensington.co.uk/wp-content/uploads/sites/101/2025/07/Britannia-roast-04.jpg?format=auto) ## Summer Spritz There’s something special about a summer spritz in the sunshine, especially when enjoyed in our charming Posh Alleyway. Light, refreshing and made for warm days, our spritz selection is perfect for unwinding with friends or starting an evening in Central London. Spritz in the sun"
20260707112707,area-032-kensington-foodanddrink,Foodanddrink,32,https://www.britanniakensington.co.uk/foodanddrink/,mention,"## Summer Spritz There’s something special about a summer spritz in the sunshine, especially when enjoyed in our charming Posh Alleyway. Light, refreshing and made for warm days, our spritz selection is perfect for unwinding with friends or starting an evening in Central London. Spritz in the sun ![](https://www.britanniakensington.co.uk/wp-content/uploads/sites/101/2025/07/Britannia-14.jpg?format=auto)",sun; fri; sun,,2026-07-07T11:27:07.091Z,"## Summer Spritz There’s something special about a summer spritz in the sunshine, especially when enjoyed in our charming Posh Alleyway. Light, refreshing and made for warm days, our spritz selection is perfect for unwinding with friends or starting an evening in Central London. Spritz in the sun ![](https://www.britanniakensington.co.uk/wp-content/uploads/sites/101/2025/07/Britannia-14.jpg?format=auto)"
20260707112707,area-032-kensington-foodanddrink,Foodanddrink,32,https://www.britanniakensington.co.uk/foodanddrink/,mention,"There’s something special about a summer spritz in the sunshine, especially when enjoyed in our charming Posh Alleyway. Light, refreshing and made for warm days, our spritz selection is perfect for unwinding with friends or starting an evening in Central London. Spritz in the sun ![](https://www.britanniakensington.co.uk/wp-content/uploads/sites/101/2025/07/Britannia-14.jpg?format=auto) ## Summer Wines",sun; fri; sun,,2026-07-07T11:27:07.091Z,"There’s something special about a summer spritz in the sunshine, especially when enjoyed in our charming Posh Alleyway. Light, refreshing and made for warm days, our spritz selection is perfect for unwinding with friends or starting an evening in Central London. Spritz in the sun ![](https://www.britanniakensington.co.uk/wp-content/uploads/sites/101/2025/07/Britannia-14.jpg?format=auto) ## Summer Wines"
20260707112707,area-032-kensington-foodanddrink,Foodanddrink,32,https://www.britanniakensington.co.uk/foodanddrink/,mention,"![](https://www.britanniakensington.co.uk/wp-content/uploads/sites/101/2026/03/Cannonbury-116.jpg?format=auto) If you’re looking to experience classic British pub food in London, we’re the perfect place to start. Our menu celebrates the dishes that make British pubs so loved around the world, from our famous fish and chips, served golden and crisp, to indulgent burgers and comforting seasonal specials. These are the dishes visitors travel to London to try, and our kitchen takes pride in doing th",,,2026-07-07T11:27:07.091Z,"![](https://www.britanniakensington.co.uk/wp-content/uploads/sites/101/2026/03/Cannonbury-116.jpg?format=auto) If you’re looking to experience classic British pub food in London, we’re the perfect place to start. Our menu celebrates the dishes that make British pubs so loved around the world, from our famous fish and chips, served golden and crisp, to indulgent burgers and comforting seasonal specials. These are the dishes visitors travel to London to try, and our kitchen takes pride in doing them properly. Pair your meal with a craft ale, a glass of wine, or a refreshing spritz, and enjoy a true London pub experience. Book now Food"
20260707112707,area-032-kensington-foodanddrink,Foodanddrink,32,https://www.britanniakensington.co.uk/foodanddrink/,mention,"[Wine List](https://www.britanniakensington.co.uk/wp-content/uploads/sites/101/2025/04/Large-Premium-K.pdf) Alcohol Free, Low Alcohol Spritz Menu Spritz Menu ## Main Menu",,,2026-07-07T11:27:07.091Z,"[Wine List](https://www.britanniakensington.co.uk/wp-content/uploads/sites/101/2025/04/Large-Premium-K.pdf) Alcohol Free, Low Alcohol Spritz Menu Spritz Menu ## Main Menu"
20260707112707,area-032-kensington-foodanddrink,Foodanddrink,32,https://www.britanniakensington.co.uk/foodanddrink/,mention,Spritz Menu Spritz Menu ## Main Menu Filter By:,,,2026-07-07T11:27:07.091Z,Spritz Menu Spritz Menu ## Main Menu Filter By:
20260707112707,area-032-kensington-foodanddrink,Foodanddrink,32,https://www.britanniakensington.co.uk/foodanddrink/,offer,"## Private Hire Spaces Planning a gathering in London? We offer a range of private and semi-private hire spaces, ideal for celebrations, group dining and special occasions. With flexible layouts and menus designed for sharing and socialising, our team will help you plan an event that feels effortless and memorable. Find out more ![](https://www.britanniakensington.co.uk/wp-content/uploads/sites/101/2025/07/Britannia-117.jpg?format=auto)",,,2026-07-07T11:27:07.091Z,"## Private Hire Spaces Planning a gathering in London? We offer a range of private and semi-private hire spaces, ideal for celebrations, group dining and special occasions. With flexible layouts and menus designed for sharing and socialising, our team will help you plan an event that feels effortless and memorable. Find out more ![](https://www.britanniakensington.co.uk/wp-content/uploads/sites/101/2025/07/Britannia-117.jpg?format=auto)"
20260707112707,area-032-kensington-foodanddrink,Foodanddrink,32,https://www.britanniakensington.co.uk/foodanddrink/,offer,"First Name \*Last Name \*Email \*Date of Birth \* Sign me up for offers, news and promotions, mainly via emailSubmit In future we may tailor emails and online advertising based on your location and what you’ve shown an interest in. By clicking on ‘Submit’ on the above, you’re accepting our Privacy & Cookie Policy. Young & Co.’s Brewery, P.L.C and its group of companies are committed to protecting your data and it will be processed in accordance with our Privacy & Cookie Policy which can be found",,,2026-07-07T11:27:07.091Z,"First Name \*Last Name \*Email \*Date of Birth \* Sign me up for offers, news and promotions, mainly via emailSubmit In future we may tailor emails and online advertising based on your location and what you’ve shown an interest in. By clicking on ‘Submit’ on the above, you’re accepting our Privacy & Cookie Policy. Young & Co.’s Brewery, P.L.C and its group of companies are committed to protecting your data and it will be processed in accordance with our Privacy & Cookie Policy which can be found at [http://www.youngs.co.uk/privacy-policy](http://www.youngs.co.uk/privacy-policy) . Please read this before clicking ‘Submit’. Promoter: Young & Co.’s Brewery P.L.C, Copper House, 5 Garratt Lane, Wandsworth, London, SW18 4AQ. Registered in England & Wales Company No. 32762 This site is protected "
20260707112707,area-032-kensington-foodanddrink,Foodanddrink,32,https://www.britanniakensington.co.uk/foodanddrink/,offer,"Sign me up for offers, news and promotions, mainly via emailSubmit In future we may tailor emails and online advertising based on your location and what you’ve shown an interest in. By clicking on ‘Submit’ on the above, you’re accepting our Privacy & Cookie Policy. Young & Co.’s Brewery, P.L.C and its group of companies are committed to protecting your data and it will be processed in accordance with our Privacy & Cookie Policy which can be found at [http://www.youngs.co.uk/privacy-policy](http:",,,2026-07-07T11:27:07.091Z,"Sign me up for offers, news and promotions, mainly via emailSubmit In future we may tailor emails and online advertising based on your location and what you’ve shown an interest in. By clicking on ‘Submit’ on the above, you’re accepting our Privacy & Cookie Policy. Young & Co.’s Brewery, P.L.C and its group of companies are committed to protecting your data and it will be processed in accordance with our Privacy & Cookie Policy which can be found at [http://www.youngs.co.uk/privacy-policy](http://www.youngs.co.uk/privacy-policy) . Please read this before clicking ‘Submit’. Promoter: Young & Co.’s Brewery P.L.C, Copper House, 5 Garratt Lane, Wandsworth, London, SW18 4AQ. Registered in England & Wales Company No. 32762 This site is protected by reCAPTCHA and the Google [Privacy Policy](https"
20260707112707,area-032-kensington-foodanddrink,Foodanddrink,32,https://www.britanniakensington.co.uk/foodanddrink/,offer,"## Watch The World Cup With Us Take a seat, enjoy a proper meal, and follow the matches with fellow fans from around the world. For groups looking for something more exclusive, we also offer private screenings, perfect for gatherings, team outings, or special matchday celebrations. Book your table [See our private spaces](https://www.britanniakensington.co.uk/private-hire/) ![](https://www.britanniakensington.co.uk/wp-content/uploads/sites/101/2025/07/YOUNGS-WomensEurosRoyalOak-JoshBestOf-_R6_84",,,2026-07-07T11:27:07.091Z,"## Watch The World Cup With Us Take a seat, enjoy a proper meal, and follow the matches with fellow fans from around the world. For groups looking for something more exclusive, we also offer private screenings, perfect for gatherings, team outings, or special matchday celebrations. Book your table [See our private spaces](https://www.britanniakensington.co.uk/private-hire/) ![](https://www.britanniakensington.co.uk/wp-content/uploads/sites/101/2025/07/YOUNGS-WomensEurosRoyalOak-JoshBestOf-_R6_8451.jpg?format=auto)"
20260707112707,area-033-kensington-explore-our-main-menu-in-london,Explore Our Main Menu in London,33,https://www.nicholsonspubs.co.uk/restaurants/london/thewellingtonstrandlondon/foodmenu,offer,![nic-dn25-09-mainmenu-img-03.jpg](https://www.nicholsonspubs.co.uk/content/dam/nicholsons/images/2025/dn25/nic-dn25-09-mainmenu-img-03.jpg.asset/1783421203460.jpg) This website uses cookies. [Enable Cookies](https://www.nicholsonspubs.co.uk/restaurants/london/thewellingtonstrandlondon/foodmenu?allergens=&excludeAllergenDishes=false#) Twitter Widget Iframe,,,2026-07-07T11:27:07.091Z,![nic-dn25-09-mainmenu-img-03.jpg](https://www.nicholsonspubs.co.uk/content/dam/nicholsons/images/2025/dn25/nic-dn25-09-mainmenu-img-03.jpg.asset/1783421203460.jpg) This website uses cookies. [Enable Cookies](https://www.nicholsonspubs.co.uk/restaurants/london/thewellingtonstrandlondon/foodmenu?allergens=&excludeAllergenDishes=false#) Twitter Widget Iframe
20260707112707,area-034-marylebone-the-london,The London,34,https://themarylebonelondon.com/menus/,happy_hour,## Drinks Menu Happy Hour 12pm – 5pm EVERYDAY! [Drinks Menu](https://themarylebonelondon.com/wp-content/uploads/2026/01/TMB-Drink-Menu-26-3.pdf),,26-3,2026-07-07T11:27:07.091Z,## Drinks Menu Happy Hour 12pm – 5pm EVERYDAY! [Drinks Menu](https://themarylebonelondon.com/wp-content/uploads/2026/01/TMB-Drink-Menu-26-3.pdf)
20260707112707,area-035-marylebone-home-marylebone-eating-drinking-and-wellbeing,"Home Marylebone – Eating, Drinking and Wellbeing",35,https://homemarylebone.com/,offer,"**Welcome to Home Marylebone – Your Destination for Dining, Drinks & Events** Nestled in the heart of Marylebone High Street, Home Marylebone offers the perfect blend of delicious, wholesome food, handcrafted drinks, and a warm, inviting atmosphere. Whether you’re catching up with friends, enjoying a family meal, or simply unwinding with a coffee, we’ve got you covered. Looking to host an event? From intimate gatherings to private parties, our space is available for exclusive hire. Get in touch ",fri,,2026-07-07T11:27:07.091Z,"**Welcome to Home Marylebone – Your Destination for Dining, Drinks & Events** Nestled in the heart of Marylebone High Street, Home Marylebone offers the perfect blend of delicious, wholesome food, handcrafted drinks, and a warm, inviting atmosphere. Whether you’re catching up with friends, enjoying a family meal, or simply unwinding with a coffee, we’ve got you covered. Looking to host an event? From intimate gatherings to private parties, our space is available for exclusive hire. Get in touch today to plan your perfect celebration! FOOD"
20260707112707,area-035-marylebone-home-marylebone-eating-drinking-and-wellbeing,"Home Marylebone – Eating, Drinking and Wellbeing",35,https://homemarylebone.com/,offer,"DRINKS ## Discover our premium drinks menu, featuring a wide selection of fine wines, signature cocktails, craft beers, and non-alcoholic options. From classic cocktails to carefully curated wines and local craft beers, we offer the perfect drink for every occasion in the heart of Marylebone. [DRINKS MENU](https://homemarylebone.com/wp-content/uploads/2026/01/HM-Drink-Menu-2026-1.pdf) EVENTS",,,2026-07-07T11:27:07.091Z,"DRINKS ## Discover our premium drinks menu, featuring a wide selection of fine wines, signature cocktails, craft beers, and non-alcoholic options. From classic cocktails to carefully curated wines and local craft beers, we offer the perfect drink for every occasion in the heart of Marylebone. [DRINKS MENU](https://homemarylebone.com/wp-content/uploads/2026/01/HM-Drink-Menu-2026-1.pdf) EVENTS"
20260707112707,area-035-marylebone-home-marylebone-eating-drinking-and-wellbeing,"Home Marylebone – Eating, Drinking and Wellbeing",35,https://homemarylebone.com/,offer,"EVENTS ## Host your next event at Home Marylebone, the ideal venue for intimate gatherings, private parties, and special occasions. Whether you’re celebrating with friends, hosting a corporate event, or planning a memorable gathering, our space offers the perfect setting. For more details or to inquire about private hire, email benny@mlglondon.com. [EVENTS PACKAGE](https://homemarylebone.com/wp-content/uploads/2026/01/HM-Event-Pack-26.pdf) [![](https://homemarylebone.com/wp-content/uploads/2025/",fri,,2026-07-07T11:27:07.091Z,"EVENTS ## Host your next event at Home Marylebone, the ideal venue for intimate gatherings, private parties, and special occasions. Whether you’re celebrating with friends, hosting a corporate event, or planning a memorable gathering, our space offers the perfect setting. For more details or to inquire about private hire, email benny@mlglondon.com. [EVENTS PACKAGE](https://homemarylebone.com/wp-content/uploads/2026/01/HM-Event-Pack-26.pdf) [![](https://homemarylebone.com/wp-content/uploads/2025/03/SBS05966-1024x683.jpg)](https://homemarylebone.com/wp-content/uploads/2025/02/HM-Drinks-Menu-Dec24.pdf)"
20260707112707,area-036-marylebone,...,36,https://www.theportmanw1.com/menus,offer,"## Our Menus Our philosophy is that great food doesn’t need to be complicated—just carefully crafted and full of flavour. Below, you'll find sample menus, as our offerings change with the seasons based on the wonderful produce our suppliers bring us. [![A dining table set with a white bowl containing food, a glass of white wine, a green bottle, and decorative dried plants in a brown vase. Best pub for food in Marylebone.](https://images.squarespace-cdn.com/content/v1/60c9f3f144a4273d3f9045e7/42e",,,2026-07-07T11:27:07.091Z,"## Our Menus Our philosophy is that great food doesn’t need to be complicated—just carefully crafted and full of flavour. Below, you'll find sample menus, as our offerings change with the seasons based on the wonderful produce our suppliers bring us. [![A dining table set with a white bowl containing food, a glass of white wine, a green bottle, and decorative dried plants in a brown vase. Best pub for food in Marylebone.](https://images.squarespace-cdn.com/content/v1/60c9f3f144a4273d3f9045e7/42ec85a1-7fdb-4df9-b5d2-b6df17def00c/portman+food+%282%29.jpg)](https://drive.google.com/file/d/1oLhwbFpxHP88hVYffSWkxjQ8FD4DeFrT/view?usp=sharing) [![](https://images.squarespace-cdn.com/content/v1/60c9f3f144a4273d3f9045e7/0c3b1c0d-8dc3-41fd-bd21-8fbb4419872c/1T0A9828.jpg)](https://drive.google.com/fi"
20260707112707,area-036-marylebone,...,36,https://www.theportmanw1.com/menus,offer,"The Wilton Arms Tick here to allow us to send you emails with great offers, a treat on your Birthday and information about what's going on at our venues. \* Submit",,,2026-07-07T11:27:07.091Z,"The Wilton Arms Tick here to allow us to send you emails with great offers, a treat on your Birthday and information about what's going on at our venues. \* Submit"
20260707112707,area-037-bermondsey-barandkitchen,Barandkitchen,37,https://www.bermondseybarandkitchen.co.uk/menus,percentage_discount,# \| # DISCOUNTED PACKAGES FOR PRE-ORDER ONLY # \| # 🥂 PRE-ORDER DRINKS & FOOD AVAILABLE 🥂\|DISCOUNTED PACKAGES FOR PRE-ORDER ONLY \|🥂 PRE-ORDER DRINKS & FOOD AVAILABLE 🥂\|DISCOUNTED PACKAGES FOR PRE-ORDER ONLY \|🥂 PRE-ORDER DRINKS & FOOD AVAILABLE 🥂\|DISCOUNTED PACKAGES FOR PRE-ORDER ONLY \|🥂 PRE-ORDER DRINKS & FOOD AVAILABLE 🥂\|DISCOUNTED PACKAGES FOR PRE-ORDER ONLY \| 🥂 PRE-ORDER DRINKS & FOOD AVAILABLE 🥂 \| DISCOUNTED PACKAGES FOR PRE-ORDER ONLY \|,,,2026-07-07T11:27:07.091Z,# \| # DISCOUNTED PACKAGES FOR PRE-ORDER ONLY # \| # 🥂 PRE-ORDER DRINKS & FOOD AVAILABLE 🥂\|DISCOUNTED PACKAGES FOR PRE-ORDER ONLY \|🥂 PRE-ORDER DRINKS & FOOD AVAILABLE 🥂\|DISCOUNTED PACKAGES FOR PRE-ORDER ONLY \|🥂 PRE-ORDER DRINKS & FOOD AVAILABLE 🥂\|DISCOUNTED PACKAGES FOR PRE-ORDER ONLY \|🥂 PRE-ORDER DRINKS & FOOD AVAILABLE 🥂\|DISCOUNTED PACKAGES FOR PRE-ORDER ONLY \| 🥂 PRE-ORDER DRINKS & FOOD AVAILABLE 🥂 \| DISCOUNTED PACKAGES FOR PRE-ORDER ONLY \|
20260707112707,area-037-bermondsey-barandkitchen,Barandkitchen,37,https://www.bermondseybarandkitchen.co.uk/menus,percentage_discount,# \| # 🥂 PRE-ORDER DRINKS & FOOD AVAILABLE 🥂\|DISCOUNTED PACKAGES FOR PRE-ORDER ONLY \|🥂 PRE-ORDER DRINKS & FOOD AVAILABLE 🥂\|DISCOUNTED PACKAGES FOR PRE-ORDER ONLY \|🥂 PRE-ORDER DRINKS & FOOD AVAILABLE 🥂\|DISCOUNTED PACKAGES FOR PRE-ORDER ONLY \|🥂 PRE-ORDER DRINKS & FOOD AVAILABLE 🥂\|DISCOUNTED PACKAGES FOR PRE-ORDER ONLY \| 🥂 PRE-ORDER DRINKS & FOOD AVAILABLE 🥂 \| DISCOUNTED PACKAGES FOR PRE-ORDER ONLY \| ![](https://images.squarespace-cdn.com/content/v1/5b2237b49772ae0fedc8944f/91c3,,,2026-07-07T11:27:07.091Z,# \| # 🥂 PRE-ORDER DRINKS & FOOD AVAILABLE 🥂\|DISCOUNTED PACKAGES FOR PRE-ORDER ONLY \|🥂 PRE-ORDER DRINKS & FOOD AVAILABLE 🥂\|DISCOUNTED PACKAGES FOR PRE-ORDER ONLY \|🥂 PRE-ORDER DRINKS & FOOD AVAILABLE 🥂\|DISCOUNTED PACKAGES FOR PRE-ORDER ONLY \|🥂 PRE-ORDER DRINKS & FOOD AVAILABLE 🥂\|DISCOUNTED PACKAGES FOR PRE-ORDER ONLY \| 🥂 PRE-ORDER DRINKS & FOOD AVAILABLE 🥂 \| DISCOUNTED PACKAGES FOR PRE-ORDER ONLY \| ![](https://images.squarespace-cdn.com/content/v1/5b2237b49772ae0fedc8944f/91c3b49e-8dda-4e67-b0d2-fc1d25ed7174/TheJointAug23-220.jpg) ## **MENU**
20260707112707,area-038-bermondsey-the-garrison,The Garrison,38,https://www.thegarrison.co.uk/menus/,mention,##### Browse ## Our Summer Spritz ![](https://www.thegarrison.co.uk/wp-content/uploads/sites/82/2026/03/YoungsGarrison19-09-25MattAustin-271.jpg?format=auto) ## Menus that focus on fresh British produce,,,2026-07-07T11:27:07.091Z,##### Browse ## Our Summer Spritz ![](https://www.thegarrison.co.uk/wp-content/uploads/sites/82/2026/03/YoungsGarrison19-09-25MattAustin-271.jpg?format=auto) ## Menus that focus on fresh British produce
20260707112707,area-038-bermondsey-the-garrison,The Garrison,38,https://www.thegarrison.co.uk/menus/,mention,No & Low Alcohol Spritz [Spritz](https://www.thegarrison.co.uk/wp-content/uploads/sites/82/2026/03/garrison-spritz.pdf) ## Sunday Menu,Sunday,,2026-07-07T11:27:07.091Z,No & Low Alcohol Spritz [Spritz](https://www.thegarrison.co.uk/wp-content/uploads/sites/82/2026/03/garrison-spritz.pdf) ## Sunday Menu
20260707112707,area-038-bermondsey-the-garrison,The Garrison,38,https://www.thegarrison.co.uk/menus/,mention,Spritz [Spritz](https://www.thegarrison.co.uk/wp-content/uploads/sites/82/2026/03/garrison-spritz.pdf) ## Sunday Menu [Download Menu](https://www.thegarrison.co.uk/wp-content/uploads/sites/82/2025/02/Sunday-Menu-Updated-1.pdf),Sunday; Sunday,,2026-07-07T11:27:07.091Z,Spritz [Spritz](https://www.thegarrison.co.uk/wp-content/uploads/sites/82/2026/03/garrison-spritz.pdf) ## Sunday Menu [Download Menu](https://www.thegarrison.co.uk/wp-content/uploads/sites/82/2025/02/Sunday-Menu-Updated-1.pdf)
20260707112707,area-038-bermondsey-the-garrison,The Garrison,38,https://www.thegarrison.co.uk/menus/,mention,"![](https://www.thegarrison.co.uk/wp-content/uploads/sites/82/2026/03/YoungsGarrison19-09-25MattAustin-271.jpg?format=auto) ## Summer Spritz Sip your way through summer with our irresistible spritz selection. From a sparkling Marg to a refreshing Raspberry Honeybee, there’s something for every taste. You’ll be spoilt for choice when exploring our spritz menu. Book a table",,,2026-07-07T11:27:07.091Z,"![](https://www.thegarrison.co.uk/wp-content/uploads/sites/82/2026/03/YoungsGarrison19-09-25MattAustin-271.jpg?format=auto) ## Summer Spritz Sip your way through summer with our irresistible spritz selection. From a sparkling Marg to a refreshing Raspberry Honeybee, there’s something for every taste. You’ll be spoilt for choice when exploring our spritz menu. Book a table"
20260707112707,area-038-bermondsey-the-garrison,The Garrison,38,https://www.thegarrison.co.uk/menus/,mention,"## Summer Spritz Sip your way through summer with our irresistible spritz selection. From a sparkling Marg to a refreshing Raspberry Honeybee, there’s something for every taste. You’ll be spoilt for choice when exploring our spritz menu. Book a table ##### Keep up to date with our very latest news, events, tipples and treats.",,,2026-07-07T11:27:07.091Z,"## Summer Spritz Sip your way through summer with our irresistible spritz selection. From a sparkling Marg to a refreshing Raspberry Honeybee, there’s something for every taste. You’ll be spoilt for choice when exploring our spritz menu. Book a table ##### Keep up to date with our very latest news, events, tipples and treats."
20260707112707,area-038-bermondsey-the-garrison,The Garrison,38,https://www.thegarrison.co.uk/menus/,offer,"First Name \*Last Name \*Email \*Date of Birth \* Sign me up for offers, news and promotions, mainly via emailSubmit In future we may tailor emails and online advertising based on your location and what you’ve shown an interest in. By clicking on ‘Yes Please’ on the above, you’re accepting our Privacy & Cookie Policy. Young & Co.’s Brewery, P.L.C and its group of companies are committed to protecting your data and it will be processed in accordance with our Privacy & Cookie Policy which can be f",,,2026-07-07T11:27:07.091Z,"First Name \*Last Name \*Email \*Date of Birth \* Sign me up for offers, news and promotions, mainly via emailSubmit In future we may tailor emails and online advertising based on your location and what you’ve shown an interest in. By clicking on ‘Yes Please’ on the above, you’re accepting our Privacy & Cookie Policy. Young & Co.’s Brewery, P.L.C and its group of companies are committed to protecting your data and it will be processed in accordance with our Privacy & Cookie Policy which can be found at [http://www.youngs.co.uk/privacy-policy](http://www.youngs.co.uk/privacy-policy) . Please read this before clicking ‘Yes Please’. Promoter: Young & Co.’s Brewery P.L.C, Copper House, 5 Garratt Lane, Wandsworth, London, SW18 4AQ. Registered in England & Wales Company No. 32762 This site is pr"
20260707112707,area-038-bermondsey-the-garrison,The Garrison,38,https://www.thegarrison.co.uk/menus/,offer,"Sign me up for offers, news and promotions, mainly via emailSubmit In future we may tailor emails and online advertising based on your location and what you’ve shown an interest in. By clicking on ‘Yes Please’ on the above, you’re accepting our Privacy & Cookie Policy. Young & Co.’s Brewery, P.L.C and its group of companies are committed to protecting your data and it will be processed in accordance with our Privacy & Cookie Policy which can be found at [http://www.youngs.co.uk/privacy-policy](h",,,2026-07-07T11:27:07.091Z,"Sign me up for offers, news and promotions, mainly via emailSubmit In future we may tailor emails and online advertising based on your location and what you’ve shown an interest in. By clicking on ‘Yes Please’ on the above, you’re accepting our Privacy & Cookie Policy. Young & Co.’s Brewery, P.L.C and its group of companies are committed to protecting your data and it will be processed in accordance with our Privacy & Cookie Policy which can be found at [http://www.youngs.co.uk/privacy-policy](http://www.youngs.co.uk/privacy-policy) . Please read this before clicking ‘Yes Please’. Promoter: Young & Co.’s Brewery P.L.C, Copper House, 5 Garratt Lane, Wandsworth, London, SW18 4AQ. Registered in England & Wales Company No. 32762 This site is protected by reCAPTCHA and the Google [Privacy Polic"
20260707112707,area-039-bermondsey-the-woolpack,The Woolpack,39,https://www.woolpackbar.com/,offer,"First Name \*Last Name \*Email \*Date of Birth \* Sign me up for offers, news and promotions, mainly via emailSubmit In future we may tailor emails and online advertising based on your location and what you’ve shown an interest in. By clicking on ‘Yes Please’ on the above, you’re accepting our Privacy & Cookie Policy. Young & Co.’s Brewery, P.L.C and its group of companies are committed to protecting your data and it will be processed in accordance with our Privacy & Cookie Policy which can be f",,,2026-07-07T11:27:07.091Z,"First Name \*Last Name \*Email \*Date of Birth \* Sign me up for offers, news and promotions, mainly via emailSubmit In future we may tailor emails and online advertising based on your location and what you’ve shown an interest in. By clicking on ‘Yes Please’ on the above, you’re accepting our Privacy & Cookie Policy. Young & Co.’s Brewery, P.L.C and its group of companies are committed to protecting your data and it will be processed in accordance with our Privacy & Cookie Policy which can be found at [http://www.youngs.co.uk/privacy-policy](http://www.youngs.co.uk/privacy-policy) . Please read this before clicking ‘Yes Please’. Promoter: Young & Co.’s Brewery P.L.C, Copper House, 5 Garratt Lane, Wandsworth, London, SW18 4AQ. Registered in England & Wales Company No. 32762 This site is pr"
20260707112707,area-039-bermondsey-the-woolpack,The Woolpack,39,https://www.woolpackbar.com/,offer,"Sign me up for offers, news and promotions, mainly via emailSubmit In future we may tailor emails and online advertising based on your location and what you’ve shown an interest in. By clicking on ‘Yes Please’ on the above, you’re accepting our Privacy & Cookie Policy. Young & Co.’s Brewery, P.L.C and its group of companies are committed to protecting your data and it will be processed in accordance with our Privacy & Cookie Policy which can be found at [http://www.youngs.co.uk/privacy-policy](h",,,2026-07-07T11:27:07.091Z,"Sign me up for offers, news and promotions, mainly via emailSubmit In future we may tailor emails and online advertising based on your location and what you’ve shown an interest in. By clicking on ‘Yes Please’ on the above, you’re accepting our Privacy & Cookie Policy. Young & Co.’s Brewery, P.L.C and its group of companies are committed to protecting your data and it will be processed in accordance with our Privacy & Cookie Policy which can be found at [http://www.youngs.co.uk/privacy-policy](http://www.youngs.co.uk/privacy-policy) . Please read this before clicking ‘Yes Please’. Promoter: Young & Co.’s Brewery P.L.C, Copper House, 5 Garratt Lane, Wandsworth, London, SW18 4AQ. Registered in England & Wales Company No. 32762 This site is protected by reCAPTCHA and the Google [Privacy Polic"
20260707112707,area-040-peckham-food-and-drinks,Food and Drinks,40,https://princeofpeckham.co.uk/food-and-drinks/,percentage_discount,"[Close](https://princeofpeckham.co.uk/food-and-drinks/#) ## Join our whatsapp group and get special offers, early notices and discounted tickets throughout the year. Join us",,,2026-07-07T11:27:07.091Z,"[Close](https://princeofpeckham.co.uk/food-and-drinks/#) ## Join our whatsapp group and get special offers, early notices and discounted tickets throughout the year. Join us"
20260707112707,area-041-peckham-peckham-arches,Peckham Arches,41,https://peckhamarches.com/,happy_hour,"[The World Cup 2026](https://peckhamarches.com/the-world-cup-2026-at-peckham-arches.html) The all weather terrace is the perfect place for intimate get togethers, big group bookings, and private parties. An extensive drinks menu is on offer alongside fresh tank beer from Bird House Brewery and delicious tacos by Angeles London. Join us for £2 taco Wednesdays, £3.50 pints on Thursdays and 2-4-1 Happy Hour on weeknights. Dance to DJs every Friday and Saturday evening and relax to live music most S",Wednesday; Thursday; Friday; Saturday; Sunday; Wednesday-Sunday,2-4,2026-07-07T11:27:07.091Z,"[The World Cup 2026](https://peckhamarches.com/the-world-cup-2026-at-peckham-arches.html) The all weather terrace is the perfect place for intimate get togethers, big group bookings, and private parties. An extensive drinks menu is on offer alongside fresh tank beer from Bird House Brewery and delicious tacos by Angeles London. Join us for £2 taco Wednesdays, £3.50 pints on Thursdays and 2-4-1 Happy Hour on weeknights. Dance to DJs every Friday and Saturday evening and relax to live music most Sundays. The venue is open Wednesday - Sunday and available for private hire. Please view our [private hire page](https://peckhamarches.com/private-hire) for more information."
20260707112707,area-041-peckham-peckham-arches,Peckham Arches,41,https://peckhamarches.com/,happy_hour,"The all weather terrace is the perfect place for intimate get togethers, big group bookings, and private parties. An extensive drinks menu is on offer alongside fresh tank beer from Bird House Brewery and delicious tacos by Angeles London. Join us for £2 taco Wednesdays, £3.50 pints on Thursdays and 2-4-1 Happy Hour on weeknights. Dance to DJs every Friday and Saturday evening and relax to live music most Sundays. The venue is open Wednesday - Sunday and available for private hire. Please view o",Wednesday; Thursday; Friday; Saturday; Sunday; Wednesday-Sunday,2-4,2026-07-07T11:27:07.091Z,"The all weather terrace is the perfect place for intimate get togethers, big group bookings, and private parties. An extensive drinks menu is on offer alongside fresh tank beer from Bird House Brewery and delicious tacos by Angeles London. Join us for £2 taco Wednesdays, £3.50 pints on Thursdays and 2-4-1 Happy Hour on weeknights. Dance to DJs every Friday and Saturday evening and relax to live music most Sundays. The venue is open Wednesday - Sunday and available for private hire. Please view our [private hire page](https://peckhamarches.com/private-hire) for more information. We will be screening the World Cup on multiple screens around the venue. For more info [Click here](https://peckhamarches.com/the-world-cup-2026-at-peckham-arches.html)"
20260707112707,area-041-peckham-peckham-arches,Peckham Arches,41,https://peckhamarches.com/,offer,![Peckham Arches white logo](https://peckhamarches.com/images/peckham-arches-logo-white-crop-optimised.png?_cchid=3a0eeb324547eb4f7c9c0954aeac4857) ## Sign up to our mailing list for updates on events and offers Only the good stuff. Unsubscribe any time. SIGN UP,,,2026-07-07T11:27:07.091Z,![Peckham Arches white logo](https://peckhamarches.com/images/peckham-arches-logo-white-crop-optimised.png?_cchid=3a0eeb324547eb4f7c9c0954aeac4857) ## Sign up to our mailing list for updates on events and offers Only the good stuff. Unsubscribe any time. SIGN UP
20260707112707,area-041-peckham-peckham-arches,Peckham Arches,41,https://peckhamarches.com/,happy_hour,"![Large heated terrace filled with guests drinking cocktails, beers and eating tacos](https://peckhamarches.com/images/peckham-arches-relauch-winter-terrace-and-cocktails.jpg?_cchid=79de2bc81efffbdd9dbb037608f609fd) HAPPY HOUR! ## 2 - 4 - 1 Cocktails, Thursday & Friday, before 7pm [Book Now](https://peckhamarches.com/bookings)",Thursday; Friday,2 -4,2026-07-07T11:27:07.091Z,"![Large heated terrace filled with guests drinking cocktails, beers and eating tacos](https://peckhamarches.com/images/peckham-arches-relauch-winter-terrace-and-cocktails.jpg?_cchid=79de2bc81efffbdd9dbb037608f609fd) HAPPY HOUR! ## 2 - 4 - 1 Cocktails, Thursday & Friday, before 7pm [Book Now](https://peckhamarches.com/bookings)"
20260707112707,area-041-peckham-peckham-arches,Peckham Arches,41,https://peckhamarches.com/,happy_hour,"[Book Now](https://peckhamarches.com/bookings) HAPPY HOUR! ## 2 - 4 - 1 Cocktails, Thursday & Friday, before 7pm [Book Now](https://peckhamarches.com/bookings)",Thursday; Friday,2 -4,2026-07-07T11:27:07.091Z,"[Book Now](https://peckhamarches.com/bookings) HAPPY HOUR! ## 2 - 4 - 1 Cocktails, Thursday & Friday, before 7pm [Book Now](https://peckhamarches.com/bookings)"
20260707112707,area-041-peckham-peckham-arches,Peckham Arches,41,https://peckhamarches.com/,two_for_one,🇲🇽 WIN A TRIP TO MEXICO 🇲🇽 Join the El Rayo World Cup challenge at Peckham Arches!! Watch every...](https://www.instagram.com/p/DZe75RRDX00/) - [![JUNE WHAT’S ON 💥 - £2 Taco Wednesdays - £3.50 Pint Thursdays - 2-for-1 Cocktails Wed-Fri - DJs...](https://scontent-fra5-1.cdninstagram.com/v/t51.71878-15/706711823_1304828221196634_2132204653667538586_n.jpg?stp=dst-jpg_e35_tt6&_nc_cat=100&ccb=7-5&_nc_sid=18de74&efg=eyJlZmdfdGFnIjoiQ0xJUFMuYmVzdF9pbWFnZV91cmxnZW4uQzMifQ%3D%3D&_nc_ohc=0U4wajFiKOEQ,Wednesday; Thursday; Wed-Fri,7-5,2026-07-07T11:27:07.091Z,🇲🇽 WIN A TRIP TO MEXICO 🇲🇽 Join the El Rayo World Cup challenge at Peckham Arches!! Watch every...](https://www.instagram.com/p/DZe75RRDX00/) - [![JUNE WHAT’S ON 💥 - £2 Taco Wednesdays - £3.50 Pint Thursdays - 2-for-1 Cocktails Wed-Fri - DJs...](https://scontent-fra5-1.cdninstagram.com/v/t51.71878-15/706711823_1304828221196634_2132204653667538586_n.jpg?stp=dst-jpg_e35_tt6&_nc_cat=100&ccb=7-5&_nc_sid=18de74&efg=eyJlZmdfdGFnIjoiQ0xJUFMuYmVzdF9pbWFnZV91cmxnZW4uQzMifQ%3D%3D&_nc_ohc=0U4wajFiKOEQ7kNvwEqf_Br&_nc_oc=Adp429Fzd4JW6MvAofRx5D-ZMQ8lvRAyqHIN7IU6rXX4_V4OXiPN-STyxIFuJJFvNxdnJ0aXaV_dylld8oMcaSBe&_nc_zt=23&_nc_ht=scontent-fra5-1.cdninstagram.com&edm=ANo9K5cEAAAA&_nc_gid=LRmTDwt6e7EA1NZKj5oRwQ&_nc_tpa=Q5bMBQGckpKXWQNkZGbvruFeveZM1D7fztrj4Rp3K5Qp0qt6mdGGcUHSTGIXLg9PmO4Guk-RSKh0pZra&oh=00
20260707112707,area-041-peckham-peckham-arches,Peckham Arches,41,https://peckhamarches.com/,two_for_one,"\\ JUNE WHAT’S ON 💥 - £2 Taco Wednesdays - £3.50 Pint Thursdays - 2-for-1 Cocktails Wed-Fri - DJs on...](https://www.instagram.com/reel/DYzYGRXNWQn/) - [![Batching for a busy weekend ☀️ In case you didn’t already know, all of our cocktails are freshly...](https://scontent-fra3-2.cdninstagram.com/v/t51.71878-15/704827127_1482865166649772_1767307567414334759_n.jpg?stp=dst-jpg_e35_tt6&_nc_cat=111&ccb=7-5&_nc_sid=18de74&efg=eyJlZmdfdGFnIjoiQ0xJUFMuYmVzdF9pbWFnZV91cmxnZW4uQzMifQ%3D%3D&_nc_ohc=stPZWy",Wednesday; Thursday; Wed-Fri,7-5,2026-07-07T11:27:07.091Z,"\\ JUNE WHAT’S ON 💥 - £2 Taco Wednesdays - £3.50 Pint Thursdays - 2-for-1 Cocktails Wed-Fri - DJs on...](https://www.instagram.com/reel/DYzYGRXNWQn/) - [![Batching for a busy weekend ☀️ In case you didn’t already know, all of our cocktails are freshly...](https://scontent-fra3-2.cdninstagram.com/v/t51.71878-15/704827127_1482865166649772_1767307567414334759_n.jpg?stp=dst-jpg_e35_tt6&_nc_cat=111&ccb=7-5&_nc_sid=18de74&efg=eyJlZmdfdGFnIjoiQ0xJUFMuYmVzdF9pbWFnZV91cmxnZW4uQzMifQ%3D%3D&_nc_ohc=stPZWyyq-yIQ7kNvwGwoycr&_nc_oc=AdpSltiClLLpzLCqpICI2PVq7OPqcOsnf3B62XiquK9cKdo14HiefHSlRs3iXVzrj7KDul4F09yAhfjmb_Dl1yNg&_nc_zt=23&_nc_ht=scontent-fra3-2.cdninstagram.com&edm=ANo9K5cEAAAA&_nc_gid=LRmTDwt6e7EA1NZKj5oRwQ&_nc_tpa=Q5bMBQEo8DSmuaxrsqC8BR7VfXDdzycp3GCe1CqpIV4VxIVSwNaml5aqBHPNpVB1a9vjmfoHMD96Lju9"
20260707112707,area-043-dalston-crown-castle-dalston,Crown & Castle • Dalston,43,https://www.urbanpubsandbars.com/venues/crown-castle,offer,"## Dalston Crown & Castle is the perfect spot for great drinks in East London – and we’re now serving up incredible food too! Our beautiful bar on Kingsland Road is the ideal place to meet up with friends and family for cocktails, craft beers, and fine wines. And here’s the big news. We’ve teamed up with Chick ‘n’ Sours to bring their legendary fried chicken, stacked burgers and sides bursting with bold flavours, back to Dalston – now serving right here at Crown & Castle. Great drinks, iconic fo",fri; fri,,2026-07-07T11:27:07.091Z,"## Dalston Crown & Castle is the perfect spot for great drinks in East London – and we’re now serving up incredible food too! Our beautiful bar on Kingsland Road is the ideal place to meet up with friends and family for cocktails, craft beers, and fine wines. And here’s the big news. We’ve teamed up with Chick ‘n’ Sours to bring their legendary fried chicken, stacked burgers and sides bursting with bold flavours, back to Dalston – now serving right here at Crown & Castle. Great drinks, iconic food, all under one roof. 600 Kingsland Road, London E8 4AH"
20260707112707,area-043-dalston-crown-castle-dalston,Crown & Castle • Dalston,43,https://www.urbanpubsandbars.com/venues/crown-castle,offer,"Our menu blends timeless classics with modern twists, featuring favourites like the French Martini, Smoked Old Fashioned, and seasonal house creations that surprise and delight. Whether you’re after something bold, bright, or beautifully balanced, our team will pour you the perfect drink — every time. Ideal for dates, discreet meetups, or letting the evening unfold into something special. [Book the cocktail bar](https://www.urbanpubsandbars.com/bookings/black-horse-cocktail-bar-website) ![](http",,,2026-07-07T11:27:07.091Z,"Our menu blends timeless classics with modern twists, featuring favourites like the French Martini, Smoked Old Fashioned, and seasonal house creations that surprise and delight. Whether you’re after something bold, bright, or beautifully balanced, our team will pour you the perfect drink — every time. Ideal for dates, discreet meetups, or letting the evening unfold into something special. [Book the cocktail bar](https://www.urbanpubsandbars.com/bookings/black-horse-cocktail-bar-website) ![](https://cdn.prod.website-files.com/64cd0b3dbdde72b77a84b64a/68769247c24341425d8e7822_the-black-horse-fitzrovia-london-pub-cocktail-bar-07.webp)"
20260707112707,area-043-dalston-crown-castle-dalston,Crown & Castle • Dalston,43,https://www.urbanpubsandbars.com/venues/crown-castle,offer,"[More Info ▸](https://business.untappd.com/embeds/iframes/41926/163228#) Our Pale Ale raises a glass to the art deco arches of Reliance Arcade where local cobblers and tailors still practice their crafts with skill and precision. Premium English Maris Otter barley provides the clean, crisp backdrop to bright hop flavours. Reliance proves that if you want the real deal, you have to make it by hand. STYLE & TASTE Pale Ale – Biscuity malts, pine aromas and citrus flavours. An easy drinking beer for",,,2026-07-07T11:27:07.091Z,"[More Info ▸](https://business.untappd.com/embeds/iframes/41926/163228#) Our Pale Ale raises a glass to the art deco arches of Reliance Arcade where local cobblers and tailors still practice their crafts with skill and precision. Premium English Maris Otter barley provides the clean, crisp backdrop to bright hop flavours. Reliance proves that if you want the real deal, you have to make it by hand. STYLE & TASTE Pale Ale – Biscuity malts, pine aromas and citrus flavours. An easy drinking beer for all occasions."
20260707112707,area-043-dalston-crown-castle-dalston,Crown & Castle • Dalston,43,https://www.urbanpubsandbars.com/venues/crown-castle,mention,"[More Info ▸](https://business.untappd.com/embeds/iframes/41926/163228#) Ein besonders mildes, spritziges, lang gelagertes und vor allem erfrischendes Bier. Einmalig in seinem Geschmack, ein Genuss für jeden Bierkenner. [Less Info ▴](https://business.untappd.com/embeds/iframes/41926/163228#) [![Sol](https://labels.untappd.com/7457)](https://untappd.com/b/cerveceria-cuauhtemoc-moctezuma-sol/7457)",,,2026-07-07T11:27:07.091Z,"[More Info ▸](https://business.untappd.com/embeds/iframes/41926/163228#) Ein besonders mildes, spritziges, lang gelagertes und vor allem erfrischendes Bier. Einmalig in seinem Geschmack, ein Genuss für jeden Bierkenner. [Less Info ▴](https://business.untappd.com/embeds/iframes/41926/163228#) [![Sol](https://labels.untappd.com/7457)](https://untappd.com/b/cerveceria-cuauhtemoc-moctezuma-sol/7457)"
20260707112707,area-043-dalston-crown-castle-dalston,Crown & Castle • Dalston,43,https://www.urbanpubsandbars.com/venues/crown-castle,offer,"Heavyweight flavour, featherweight ABV. Our in your face IPA, that just happens to be alcohol-free. When we decided to brew an AF IPA, we wanted to roll a bit differently. Rather than brewing with small amounts of malt or dealcoholizing after fermentation, for Lazer Crush we used a clever strain of yeast that fully ferments our crisp pilsner malt without producing alcohol and adds a hint of peachy fruit to boot. Then we laid down some heavy-duty hops. Azacca for ripe mango with a hint of fresh p",Monday; Sunday,,2026-07-07T11:27:07.091Z,"Heavyweight flavour, featherweight ABV. Our in your face IPA, that just happens to be alcohol-free. When we decided to brew an AF IPA, we wanted to roll a bit differently. Rather than brewing with small amounts of malt or dealcoholizing after fermentation, for Lazer Crush we used a clever strain of yeast that fully ferments our crisp pilsner malt without producing alcohol and adds a hint of peachy fruit to boot. Then we laid down some heavy-duty hops. Azacca for ripe mango with a hint of fresh pine, Amarillo gives bags of sweet orange and Citra adds the zesty citrus and grapefruit bitterness that we all want in an IPA. The result is a rocket-fueled, turbocharged, laser-sharp IPA at a Monday to Sunday crushable 0.3% [Less Info ▴](https://business.untappd.com/embeds/iframes/41926/163228#)"
20260707112707,area-043-dalston-crown-castle-dalston,Crown & Castle • Dalston,43,https://www.urbanpubsandbars.com/venues/crown-castle,offer,"An award-winning London Fringe Theatre with a varied programme of cabaret, drama, and musicals. The theatre seats up to 140 and is situated above our pub in the picturesque Highgate Village. Ovation, the in-house company, produces two or three shows each year at Upstairs at the Gatehouse. Past productions have included Legally Blonde, Singin' in the Rain, Crazy For You, Buddy, Kiss Me Kate, Avenue Q and Top Hat. Book your pre or post show meal with us and enjoy our pre-theatre menu, 2 courses fo",Fri; Tue-Sat,,2026-07-07T11:27:07.091Z,"An award-winning London Fringe Theatre with a varied programme of cabaret, drama, and musicals. The theatre seats up to 140 and is situated above our pub in the picturesque Highgate Village. Ovation, the in-house company, produces two or three shows each year at Upstairs at the Gatehouse. Past productions have included Legally Blonde, Singin' in the Rain, Crazy For You, Buddy, Kiss Me Kate, Avenue Q and Top Hat. Book your pre or post show meal with us and enjoy our pre-theatre menu, 2 courses for just £21.50 (Tue-Sat only). Just show your tickets upon arrival to receive this fantastic offer. Please allow an hour and a half for your meal as this can be a particularly busy time. Only valid on the day of your performance and on selected shows. [BOOK Now](https://www.upstairsatthegatehouse.com"
20260707112707,area-043-dalston-crown-castle-dalston,Crown & Castle • Dalston,43,https://www.urbanpubsandbars.com/venues/crown-castle,offer,"[Learn more](https://circleandstar.com/) ## We offer a range of spaces for bookings & private hire The Crown & Castle can accommodate any style of booking you're seeking. We have spaces for a catch up with a friend, group get-togethers, and we are available for private hire! Get in touch below to find out how our experienced team can make yours the perfect occasion. Full Venue Hire: 60 Seated / 100 Standing",fri,,2026-07-07T11:27:07.091Z,"[Learn more](https://circleandstar.com/) ## We offer a range of spaces for bookings & private hire The Crown & Castle can accommodate any style of booking you're seeking. We have spaces for a catch up with a friend, group get-togethers, and we are available for private hire! Get in touch below to find out how our experienced team can make yours the perfect occasion. Full Venue Hire: 60 Seated / 100 Standing"
20260707112707,area-043-dalston-crown-castle-dalston,Crown & Castle • Dalston,43,https://www.urbanpubsandbars.com/venues/crown-castle,offer,"## Weddings at Crown & Castle We know that your wedding day is one of the most important events in your life, and that's why we offer a range of services to help make your day truly unforgettable. Click below for more information. [Learn More](https://www.urbanpubsandbars.com/venues/crown-castle#) ![](https://cdn.prod.website-files.com/64cd0b3dbdde72b77a84b64a/68b964e92f6c961689d66cce_urban-wedding-collection-london-wedding-venues.webp)",Wed; wed; wed; wed,,2026-07-07T11:27:07.091Z,"## Weddings at Crown & Castle We know that your wedding day is one of the most important events in your life, and that's why we offer a range of services to help make your day truly unforgettable. Click below for more information. [Learn More](https://www.urbanpubsandbars.com/venues/crown-castle#) ![](https://cdn.prod.website-files.com/64cd0b3dbdde72b77a84b64a/68b964e92f6c961689d66cce_urban-wedding-collection-london-wedding-venues.webp)"
20260707112707,area-043-dalston-crown-castle-dalston,Crown & Castle • Dalston,43,https://www.urbanpubsandbars.com/venues/crown-castle,mention,Instagram icon](https://www.instagram.com/p/DLKbhISoRmg/) [![Sunny day who doesn’t like a fancy cocktail and SPRITZ from our wonderful staff 🫶🏽☺️ Come down for the best time ever 💃🏽🥰 @ CROWN&CASTLE!!!!!!!!!!!!](https://cdn.prod.website-files.com/64cd0b3dbdde72b77a84b66e/68532f709efda3d01184644e_crownandcastledalston_image_18044944142235750.webp)\\ \\ Instagram icon](https://www.instagram.com/p/DLDeSrYozXh/),Sun,,2026-07-07T11:27:07.091Z,Instagram icon](https://www.instagram.com/p/DLKbhISoRmg/) [![Sunny day who doesn’t like a fancy cocktail and SPRITZ from our wonderful staff 🫶🏽☺️ Come down for the best time ever 💃🏽🥰 @ CROWN&CASTLE!!!!!!!!!!!!](https://cdn.prod.website-files.com/64cd0b3dbdde72b77a84b66e/68532f709efda3d01184644e_crownandcastledalston_image_18044944142235750.webp)\\ \\ Instagram icon](https://www.instagram.com/p/DLDeSrYozXh/)
20260707112707,area-043-dalston-crown-castle-dalston,Crown & Castle • Dalston,43,https://www.urbanpubsandbars.com/venues/crown-castle,offer,"## Let's be friends For exclusive offers, along with the latest food, wine and events new from Crown & Castle, subscribe to our mailing lists and let us keep in touch. Check here to allow us to send you emails. Checking your Browser…",fri,,2026-07-07T11:27:07.091Z,"## Let's be friends For exclusive offers, along with the latest food, wine and events new from Crown & Castle, subscribe to our mailing lists and let us keep in touch. Check here to allow us to send you emails. Checking your Browser…"
20260707112707,area-046-hammersmith-the-dove,The Dove,46,https://www.dovehammersmith.co.uk/,offer,"### Dining We offer a menu featuring refined pub classics crafted from fresh, seasonal ingredients. [Learn More](https://www.dovehammersmith.co.uk/food) ![](https://www.dovehammersmith.co.uk/-/media/sites/pubs-and-hotels/d/the-dove-_-p028/images/2023/exterior/the-dove-2.jpg?la=en&h=1280&w=1920&hash=37A789353558F3B6A256ACAAB8275383)",,,2026-07-07T11:27:07.091Z,"### Dining We offer a menu featuring refined pub classics crafted from fresh, seasonal ingredients. [Learn More](https://www.dovehammersmith.co.uk/food) ![](https://www.dovehammersmith.co.uk/-/media/sites/pubs-and-hotels/d/the-dove-_-p028/images/2023/exterior/the-dove-2.jpg?la=en&h=1280&w=1920&hash=37A789353558F3B6A256ACAAB8275383)"
20260707112707,area-047-hammersmith-latymers,Latymers,47,https://www.latymershammersmith.co.uk/drink,offer,- Competitions & rewards - Special Offers at Fuller's - Offers from our partners [Sign up to Fuller's](https://www.latymershammersmith.co.uk/drink#),,,2026-07-07T11:27:07.091Z,- Competitions & rewards - Special Offers at Fuller's - Offers from our partners [Sign up to Fuller's](https://www.latymershammersmith.co.uk/drink#)
20260707112707,area-047-hammersmith-latymers,Latymers,47,https://www.latymershammersmith.co.uk/drink,offer,- Special Offers at Fuller's - Offers from our partners [Sign up to Fuller's](https://www.latymershammersmith.co.uk/drink#) ![](https://www.latymershammersmith.co.uk/assets/pubs/images/themes/fortune/logos/top-bar-fullers-logo.png),,,2026-07-07T11:27:07.091Z,- Special Offers at Fuller's - Offers from our partners [Sign up to Fuller's](https://www.latymershammersmith.co.uk/drink#) ![](https://www.latymershammersmith.co.uk/assets/pubs/images/themes/fortune/logos/top-bar-fullers-logo.png)
20260707112707,area-048-hammersmith-rutland-arms,Rutland  Arms,48,https://www.greeneking.co.uk/pubs/greater-london/rutland-arms/menu,mention,"£10.50 ### Spritz Cocktails (5) #### Lillet Rosé Spritz Light and refreshing with red berry and subtle floral notes,",,,2026-07-07T11:27:07.091Z,"£10.50 ### Spritz Cocktails (5) #### Lillet Rosé Spritz Light and refreshing with red berry and subtle floral notes,"
20260707112707,area-048-hammersmith-rutland-arms,Rutland  Arms,48,https://www.greeneking.co.uk/pubs/greater-london/rutland-arms/menu,mention,"### Spritz Cocktails (5) #### Lillet Rosé Spritz Light and refreshing with red berry and subtle floral notes, finishes crisp and aromatic",,,2026-07-07T11:27:07.091Z,"### Spritz Cocktails (5) #### Lillet Rosé Spritz Light and refreshing with red berry and subtle floral notes, finishes crisp and aromatic"
20260707112707,area-048-hammersmith-rutland-arms,Rutland  Arms,48,https://www.greeneking.co.uk/pubs/greater-london/rutland-arms/menu,mention,"£11.00 #### Aperol Spritz A classic serve of Aperol, prosecco, and soda £11.00",,,2026-07-07T11:27:07.091Z,"£11.00 #### Aperol Spritz A classic serve of Aperol, prosecco, and soda £11.00"
20260707112707,area-048-hammersmith-rutland-arms,Rutland  Arms,48,https://www.greeneking.co.uk/pubs/greater-london/rutland-arms/menu,mention,"£11.00 #### St Germain Hugo Spritz Fresh and floral St-Germain Elderflower Liqueur, prosecco and soda £11.00",,,2026-07-07T11:27:07.091Z,"£11.00 #### St Germain Hugo Spritz Fresh and floral St-Germain Elderflower Liqueur, prosecco and soda £11.00"
20260707112707,area-048-hammersmith-rutland-arms,Rutland  Arms,48,https://www.greeneking.co.uk/pubs/greater-london/rutland-arms/menu,mention,"£11.00 #### Limoncello Spritz Bright and zesty Isolabella Limoncello, prosecco and soda £11.00",,,2026-07-07T11:27:07.091Z,"£11.00 #### Limoncello Spritz Bright and zesty Isolabella Limoncello, prosecco and soda £11.00"
20260707112707,area-048-hammersmith-rutland-arms,Rutland  Arms,48,https://www.greeneking.co.uk/pubs/greater-london/rutland-arms/menu,mention,"£11.00 #### Sarti Passionfruit Spritz A vibrant spritz combining Sarti Rosa, prosecco, soda, and lime, with passionfruit, mango, and blood orange notes",,,2026-07-07T11:27:07.091Z,"£11.00 #### Sarti Passionfruit Spritz A vibrant spritz combining Sarti Rosa, prosecco, soda, and lime, with passionfruit, mango, and blood orange notes"
20260707112707,area-048-hammersmith-rutland-arms,Rutland  Arms,48,https://www.greeneking.co.uk/pubs/greater-london/rutland-arms/menu,mention,"#### Sarti Passionfruit Spritz A vibrant spritz combining Sarti Rosa, prosecco, soda, and lime, with passionfruit, mango, and blood orange notes £11.00",,,2026-07-07T11:27:07.091Z,"#### Sarti Passionfruit Spritz A vibrant spritz combining Sarti Rosa, prosecco, soda, and lime, with passionfruit, mango, and blood orange notes £11.00"
20260707112707,area-048-hammersmith-rutland-arms,Rutland  Arms,48,https://www.greeneking.co.uk/pubs/greater-london/rutland-arms/menu,mention,£9.00 #### Warner's 0% Pink Berry Spritz Warner’s 0% Pink Berry paired with Fever-Tree Raspberry & Orange Blossom Soda £9.00,,,2026-07-07T11:27:07.091Z,£9.00 #### Warner's 0% Pink Berry Spritz Warner’s 0% Pink Berry paired with Fever-Tree Raspberry & Orange Blossom Soda £9.00
20260707112707,area-049-paddington-food-drink-in-paddington,Food & Drink in Paddington,49,https://www.theprideofpaddington.co.uk/food-drink/,mention,"[Wine List](https://my.propcom.co.uk/data/media/pdf/Small%20Premium%20F.pdf) [Spritz Menu](https://www.theprideofpaddington.co.uk/food-drink/spritz-menu) ## Best Kept Ales Landlord Matt takes real pride in keeping a great pint, with perfectly poured beers and well-kept cask ales always front and centre at The Pride of Paddington.",,,2026-07-07T11:27:07.091Z,"[Wine List](https://my.propcom.co.uk/data/media/pdf/Small%20Premium%20F.pdf) [Spritz Menu](https://www.theprideofpaddington.co.uk/food-drink/spritz-menu) ## Best Kept Ales Landlord Matt takes real pride in keeping a great pint, with perfectly poured beers and well-kept cask ales always front and centre at The Pride of Paddington."
20260707112707,area-049-paddington-food-drink-in-paddington,Food & Drink in Paddington,49,https://www.theprideofpaddington.co.uk/food-drink/,mention,"[Book your spot](https://www.theprideofpaddington.co.uk/?booking_type_category=1&booking_type=5ce69a4c2e275731526662a5) ## Best Spritz in West London Sit back and sip on something refreshing this spring and summer. Our spritz menu is full of favourites waiting to be discovered. Whether you’re a fan of fruity flavours, something a little spicier or a good ol’ classic, you’re sure to find the perfect match on our menu. Sipping whilst sunnies-donning and sunshine-basking out the front of the pub a ",sun; sun,,2026-07-07T11:27:07.091Z,"[Book your spot](https://www.theprideofpaddington.co.uk/?booking_type_category=1&booking_type=5ce69a4c2e275731526662a5) ## Best Spritz in West London Sit back and sip on something refreshing this spring and summer. Our spritz menu is full of favourites waiting to be discovered. Whether you’re a fan of fruity flavours, something a little spicier or a good ol’ classic, you’re sure to find the perfect match on our menu. Sipping whilst sunnies-donning and sunshine-basking out the front of the pub a must."
20260707112707,area-049-paddington-food-drink-in-paddington,Food & Drink in Paddington,49,https://www.theprideofpaddington.co.uk/food-drink/,mention,"## Best Spritz in West London Sit back and sip on something refreshing this spring and summer. Our spritz menu is full of favourites waiting to be discovered. Whether you’re a fan of fruity flavours, something a little spicier or a good ol’ classic, you’re sure to find the perfect match on our menu. Sipping whilst sunnies-donning and sunshine-basking out the front of the pub a must. [Book for drinks](https://www.theprideofpaddington.co.uk/?booking_type_category=1&booking_type=5ce69a4c2e275731526",sun; sun,,2026-07-07T11:27:07.091Z,"## Best Spritz in West London Sit back and sip on something refreshing this spring and summer. Our spritz menu is full of favourites waiting to be discovered. Whether you’re a fan of fruity flavours, something a little spicier or a good ol’ classic, you’re sure to find the perfect match on our menu. Sipping whilst sunnies-donning and sunshine-basking out the front of the pub a must. [Book for drinks](https://www.theprideofpaddington.co.uk/?booking_type_category=1&booking_type=5ce69a4c2e275731526662a5)"
20260707112707,area-049-paddington-food-drink-in-paddington,Food & Drink in Paddington,49,https://www.theprideofpaddington.co.uk/food-drink/,offer,"Birthday Sign me up for offers, news and promotions, mainly via email reCAPTCHA Recaptcha requires verification.",,,2026-07-07T11:27:07.091Z,"Birthday Sign me up for offers, news and promotions, mainly via email reCAPTCHA Recaptcha requires verification."
20260707112707,area-050-paddington-the-bear-pub-paddington,The Bear Pub Paddington,50,https://www.thebearpaddington.com/,offer,"The Bear Pub Paddington’s focus is always on finding and serving the best **beers**, **wines**, and **spirits** to be found from the length and breadth of the UK, Europe and beyond, we never compromise on quality and only showcase products from other **small businesses** who share our ethos and values. #### The Bear Pub Paddington has the pleasure of offering... 200+ Bottled Beers",,,2026-07-07T11:27:07.091Z,"The Bear Pub Paddington’s focus is always on finding and serving the best **beers**, **wines**, and **spirits** to be found from the length and breadth of the UK, Europe and beyond, we never compromise on quality and only showcase products from other **small businesses** who share our ethos and values. #### The Bear Pub Paddington has the pleasure of offering... 200+ Bottled Beers"
20260707112707,area-050-paddington-the-bear-pub-paddington,The Bear Pub Paddington,50,https://www.thebearpaddington.com/,offer,## Reservations Our team at The Bear pub are ready to welcome you in to experience the best quality small batch drinks and food we can offer. Please go-a-head and make a reservation. [Book Now](https://www.thebearpaddington.com/book) ## Private Hire,,,2026-07-07T11:27:07.091Z,## Reservations Our team at The Bear pub are ready to welcome you in to experience the best quality small batch drinks and food we can offer. Please go-a-head and make a reservation. [Book Now](https://www.thebearpaddington.com/book) ## Private Hire
20260707112707,area-053-canary-wharf-rocket-canary-wharf,Rocket Canary Wharf,53,https://www.thechaptercollection.co.uk/rocket-canary-wharf/food-and-drink,percentage_discount,"#### Menus Following the government VAT reduction on Kids meals, a 15% discount has been applied to all Kids menu pricing. Discount will be applied on your visit. Valid until 01/09/26. [Food](https://www.spccs1.co.uk/MenuPdf/TCC_JUNE26_B5%20July%203rd.pdf?date=20260707122913) [Drinks](https://www.spccs1.co.uk/MenuPdf/1TCC_0626_ROCK_W3_01.pdf?date=20260707122913) [Lunch](https://www.spccs1.co.uk/MenuPdf/TCC_JUNE26_LUN_B5.pdf?date=20260707122913) [Sunday](https://www.spccs1.co.uk/MenuPdf/TCC_JUNE2",Sunday,,2026-07-07T11:27:07.091Z,"#### Menus Following the government VAT reduction on Kids meals, a 15% discount has been applied to all Kids menu pricing. Discount will be applied on your visit. Valid until 01/09/26. [Food](https://www.spccs1.co.uk/MenuPdf/TCC_JUNE26_B5%20July%203rd.pdf?date=20260707122913) [Drinks](https://www.spccs1.co.uk/MenuPdf/1TCC_0626_ROCK_W3_01.pdf?date=20260707122913) [Lunch](https://www.spccs1.co.uk/MenuPdf/TCC_JUNE26_LUN_B5.pdf?date=20260707122913) [Sunday](https://www.spccs1.co.uk/MenuPdf/TCC_JUNE26_SUN_B5.pdf?date=20260707122913) [Dessert](https://www.spccs1.co.uk/MenuPdf/TCC_JUNE26_DES_B5.pdf?date=20260707122913) [Kids](https://www.spccs1.co.uk/MenuPdf/TCC_JUNE26_KIDS_B5.pdf?date=20260707122913) [Kids' Roast](https://www.spccs1.co.uk/MenuPdf/TCC_JUNE26_KIDSWROAST_B5.pdf?date=20260707122913)"
20260707112707,area-054-canary-wharf-cocktail-bar-in-canary-wharf,Cocktail Bar in Canary Wharf,54,https://thealchemistbars.com/venues/london/canary-wharf/,offer,[EXPLORE OUR MENUEXPLORE OUR MENU](https://thealchemistbars.com/pdfs/alchemist-food-menus-3.pdf/) ## £7 SPRITZ SESSIONS FRIDAY 4-6PM. 5 SERVES [EXPLORE DEALEXPLORE DEAL](https://thealchemistbars.com/happenings/spritz-sessions-offer/),FRIDAY,4-6PM,2026-07-07T11:27:07.091Z,[EXPLORE OUR MENUEXPLORE OUR MENU](https://thealchemistbars.com/pdfs/alchemist-food-menus-3.pdf/) ## £7 SPRITZ SESSIONS FRIDAY 4-6PM. 5 SERVES [EXPLORE DEALEXPLORE DEAL](https://thealchemistbars.com/happenings/spritz-sessions-offer/)
20260707112707,area-054-canary-wharf-cocktail-bar-in-canary-wharf,Cocktail Bar in Canary Wharf,54,https://thealchemistbars.com/venues/london/canary-wharf/,offer,FRIDAY 4-6PM. 5 SERVES [EXPLORE DEALEXPLORE DEAL](https://thealchemistbars.com/happenings/spritz-sessions-offer/) THE ALCHEMIST Canary Wharf CanaryWharfisnostrangertotheunique&unconventional.Acocktailbarunlikeanyother,FRIDAY,4-6PM,2026-07-07T11:27:07.091Z,FRIDAY 4-6PM. 5 SERVES [EXPLORE DEALEXPLORE DEAL](https://thealchemistbars.com/happenings/spritz-sessions-offer/) THE ALCHEMIST Canary Wharf CanaryWharfisnostrangertotheunique&unconventional.Acocktailbarunlikeanyother
20260707112707,area-055-canary-wharf-directory,Directory,55,https://canarywharf.com/eating-drinking/directory/,offer,## Canary Wharf in the Palm of your Hand. - ### Get Exclusive Offers - ### Discover upcoming events - ### 300+ shops & dining options,,,2026-07-07T11:27:07.091Z,## Canary Wharf in the Palm of your Hand. - ### Get Exclusive Offers - ### Discover upcoming events - ### 300+ shops & dining options
