borough,rank,pub_name,pint_name,price_text,price_gbp,pub_url,borough_url,estimated_average_price_text,scraped_at
Barnet,1,Finchley United Services Club Ltd,FOSTERS,£3.20,3.2,"https://www.pint-prices.com/pub/St%20Kilda,%20307%20Ballards%20Ln,%20London%20N12%208LY,%20UK/Finchley%20United%20Services%20Club%20Ltd",https://www.pint-prices.com/borough-results/Barnet,£5.28,2026-07-03T23:10:47+00:00
Barnet,2,Finchley United Services Club Ltd,CARLING,£3.20,3.2,"https://www.pint-prices.com/pub/St%20Kilda,%20307%20Ballards%20Ln,%20London%20N12%208LY,%20UK/Finchley%20United%20Services%20Club%20Ltd",https://www.pint-prices.com/borough-results/Barnet,£5.28,2026-07-03T23:10:47+00:00
Barnet,3,Finchley United Services Club Ltd,STRONGBOW,£3.20,3.2,"https://www.pint-prices.com/pub/St%20Kilda,%20307%20Ballards%20Ln,%20London%20N12%208LY,%20UK/Finchley%20United%20Services%20Club%20Ltd",https://www.pint-prices.com/borough-results/Barnet,£5.28,2026-07-03T23:10:47+00:00
Barnet,4,The Bohemia,CASK ALE,£4.70,4.7,"https://www.pint-prices.com/pub/762-764%20High%20Rd,%20London%20N12%209QH,%20UK/The%20Bohemia",https://www.pint-prices.com/borough-results/Barnet,£5.28,2026-07-03T23:10:47+00:00
Barnet,5,Arnos Arms,AMSTEL,£5.50,5.5,"https://www.pint-prices.com/pub/338%20Bowes%20Road,%20Arnos%20Grove,%20London,%20N11%201AN/Arnos%20Arms",https://www.pint-prices.com/borough-results/Barnet,£5.28,2026-07-03T23:10:47+00:00
Barnet,6,Arnos Arms,LANDLORD,£5.70,5.7,"https://www.pint-prices.com/pub/338%20Bowes%20Road,%20Arnos%20Grove,%20London,%20N11%201AN/Arnos%20Arms",https://www.pint-prices.com/borough-results/Barnet,£5.28,2026-07-03T23:10:47+00:00
Barnet,7,The Bohemia,KEG ALE,£5.95,5.95,"https://www.pint-prices.com/pub/762-764%20High%20Rd,%20London%20N12%209QH,%20UK/The%20Bohemia",https://www.pint-prices.com/borough-results/Barnet,£5.28,2026-07-03T23:10:47+00:00
Barnet,8,Arnos Arms,HEINEKEN,£6.50,6.5,"https://www.pint-prices.com/pub/338%20Bowes%20Road,%20Arnos%20Grove,%20London,%20N11%201AN/Arnos%20Arms",https://www.pint-prices.com/borough-results/Barnet,£5.28,2026-07-03T23:10:47+00:00
Barnet,9,Arnos Arms,BIRRA MORETTI,£6.60,6.6,"https://www.pint-prices.com/pub/338%20Bowes%20Road,%20Arnos%20Grove,%20London,%20N11%201AN/Arnos%20Arms",https://www.pint-prices.com/borough-results/Barnet,£5.28,2026-07-03T23:10:47+00:00
Barnet,10,The Elephant Inn,GUINNESS,£6.70,6.7,https://www.pint-prices.com/pub/N12%208NR/The%20Elephant%20Inn,https://www.pint-prices.com/borough-results/Barnet,£5.28,2026-07-03T23:10:47+00:00
Barnet,11,Arnos Arms,NECK OIL,£6.80,6.8,"https://www.pint-prices.com/pub/338%20Bowes%20Road,%20Arnos%20Grove,%20London,%20N11%201AN/Arnos%20Arms",https://www.pint-prices.com/borough-results/Barnet,£5.28,2026-07-03T23:10:47+00:00
Bexley,1,The Wrong Un - JD Wetherspoon,BUD LIGHT,£2.59,2.59,"https://www.pint-prices.com/pub/234-236%20Broadway,%20Bexleyheath%20DA6%208AS,%20UK/The%20Wrong%20Un%20-%20JD%20Wetherspoon",https://www.pint-prices.com/borough-results/Bexley,£4.33,2026-07-03T23:10:47+00:00
Bexley,2,The Furze Wren - JD Wetherspoon,BUD LIGHT,£2.59,2.59,"https://www.pint-prices.com/pub/Broadway%20Square,%20Bexleyheath%20Shopping%20Centre,%206%20Market%20Pl,%20Bexleyheath%20DA6%207DY,%20UK/The%20Furze%20Wren%20-%20JD%20Wetherspoon",https://www.pint-prices.com/borough-results/Bexley,£4.33,2026-07-03T23:10:47+00:00
Bexley,3,The Wrong Un - JD Wetherspoon,CARLSBERG PILSNER,£2.83,2.83,"https://www.pint-prices.com/pub/234-236%20Broadway,%20Bexleyheath%20DA6%208AS,%20UK/The%20Wrong%20Un%20-%20JD%20Wetherspoon",https://www.pint-prices.com/borough-results/Bexley,£4.33,2026-07-03T23:10:47+00:00
Bexley,4,The Furze Wren - JD Wetherspoon,CARLSBERG PILSNER,£2.83,2.83,"https://www.pint-prices.com/pub/Broadway%20Square,%20Bexleyheath%20Shopping%20Centre,%206%20Market%20Pl,%20Bexleyheath%20DA6%207DY,%20UK/The%20Furze%20Wren%20-%20JD%20Wetherspoon",https://www.pint-prices.com/borough-results/Bexley,£4.33,2026-07-03T23:10:47+00:00
Bexley,5,The Wrong Un - JD Wetherspoon,BUDWEISER,£3.06,3.06,"https://www.pint-prices.com/pub/234-236%20Broadway,%20Bexleyheath%20DA6%208AS,%20UK/The%20Wrong%20Un%20-%20JD%20Wetherspoon",https://www.pint-prices.com/borough-results/Bexley,£4.33,2026-07-03T23:10:47+00:00
Bexley,6,The Wrong Un - JD Wetherspoon,CARLING,£3.06,3.06,"https://www.pint-prices.com/pub/234-236%20Broadway,%20Bexleyheath%20DA6%208AS,%20UK/The%20Wrong%20Un%20-%20JD%20Wetherspoon",https://www.pint-prices.com/borough-results/Bexley,£4.33,2026-07-03T23:10:47+00:00
Bexley,7,The Wrong Un - JD Wetherspoon,COORS,£3.06,3.06,"https://www.pint-prices.com/pub/234-236%20Broadway,%20Bexleyheath%20DA6%208AS,%20UK/The%20Wrong%20Un%20-%20JD%20Wetherspoon",https://www.pint-prices.com/borough-results/Bexley,£4.33,2026-07-03T23:10:47+00:00
Bexley,8,The Wrong Un - JD Wetherspoon,GUINNESS,£3.53,3.53,"https://www.pint-prices.com/pub/234-236%20Broadway,%20Bexleyheath%20DA6%208AS,%20UK/The%20Wrong%20Un%20-%20JD%20Wetherspoon",https://www.pint-prices.com/borough-results/Bexley,£4.33,2026-07-03T23:10:47+00:00
Bexley,9,The Furze Wren - JD Wetherspoon,GUINNESS,£3.53,3.53,"https://www.pint-prices.com/pub/Broadway%20Square,%20Bexleyheath%20Shopping%20Centre,%206%20Market%20Pl,%20Bexleyheath%20DA6%207DY,%20UK/The%20Furze%20Wren%20-%20JD%20Wetherspoon",https://www.pint-prices.com/borough-results/Bexley,£4.33,2026-07-03T23:10:47+00:00
Bexley,10,The Furze Wren - JD Wetherspoon,CARLING,£3.89,3.89,"https://www.pint-prices.com/pub/Broadway%20Square,%20Bexleyheath%20Shopping%20Centre,%206%20Market%20Pl,%20Bexleyheath%20DA6%207DY,%20UK/The%20Furze%20Wren%20-%20JD%20Wetherspoon",https://www.pint-prices.com/borough-results/Bexley,£4.33,2026-07-03T23:10:47+00:00
Bexley,11,The Furze Wren - JD Wetherspoon,COORS,£3.89,3.89,"https://www.pint-prices.com/pub/Broadway%20Square,%20Bexleyheath%20Shopping%20Centre,%206%20Market%20Pl,%20Bexleyheath%20DA6%207DY,%20UK/The%20Furze%20Wren%20-%20JD%20Wetherspoon",https://www.pint-prices.com/borough-results/Bexley,£4.33,2026-07-03T23:10:47+00:00
Bexley,12,Bexleyheath Working Mens Club,HEINEKEN SILVER,£3.90,3.9,"https://www.pint-prices.com/pub/Royal%20Oak%20Rd,%20Bexleyheath%20DA6%207HG,%20UK/Bexleyheath%20Working%20Mens%20Club",https://www.pint-prices.com/borough-results/Bexley,£4.33,2026-07-03T23:10:47+00:00
Bexley,13,The Furze Wren - JD Wetherspoon,BUDWEISER,£3.98,3.98,"https://www.pint-prices.com/pub/Broadway%20Square,%20Bexleyheath%20Shopping%20Centre,%206%20Market%20Pl,%20Bexleyheath%20DA6%207DY,%20UK/The%20Furze%20Wren%20-%20JD%20Wetherspoon",https://www.pint-prices.com/borough-results/Bexley,£4.33,2026-07-03T23:10:47+00:00
Bexley,14,The Bird & Barrel,BEXLEY BREWERY 'GOLDEN ACRE' PALE,£4.00,4.0,"https://www.pint-prices.com/pub/100%20Barnehurst%20Rd,%20Bexleyheath%20DA7%206HG,%20UK/The%20Bird%20%26%20Barrel",https://www.pint-prices.com/borough-results/Bexley,£4.33,2026-07-03T23:10:47+00:00
Bexley,15,The Wrong Un - JD Wetherspoon,STELLA ARTOIS,£4.08,4.08,"https://www.pint-prices.com/pub/234-236%20Broadway,%20Bexleyheath%20DA6%208AS,%20UK/The%20Wrong%20Un%20-%20JD%20Wetherspoon",https://www.pint-prices.com/borough-results/Bexley,£4.33,2026-07-03T23:10:47+00:00
Bexley,16,The Furze Wren - JD Wetherspoon,STELLA ARTOIS,£4.08,4.08,"https://www.pint-prices.com/pub/Broadway%20Square,%20Bexleyheath%20Shopping%20Centre,%206%20Market%20Pl,%20Bexleyheath%20DA6%207DY,%20UK/The%20Furze%20Wren%20-%20JD%20Wetherspoon",https://www.pint-prices.com/borough-results/Bexley,£4.33,2026-07-03T23:10:47+00:00
Bexley,17,The Travellers Home,CARLING,£4.10,4.1,"https://www.pint-prices.com/pub/Long%20Ln,%20Bexleyheath%20DA7%205AR,%20UK/The%20Travellers%20Home",https://www.pint-prices.com/borough-results/Bexley,£4.33,2026-07-03T23:10:47+00:00
Bexley,18,The Wrong Un - JD Wetherspoon,CORONA,£4.20,4.2,"https://www.pint-prices.com/pub/234-236%20Broadway,%20Bexleyheath%20DA6%208AS,%20UK/The%20Wrong%20Un%20-%20JD%20Wetherspoon",https://www.pint-prices.com/borough-results/Bexley,£4.33,2026-07-03T23:10:47+00:00
Bexley,19,The Wrong Un - JD Wetherspoon,SAN MIGUEL,£4.20,4.2,"https://www.pint-prices.com/pub/234-236%20Broadway,%20Bexleyheath%20DA6%208AS,%20UK/The%20Wrong%20Un%20-%20JD%20Wetherspoon",https://www.pint-prices.com/borough-results/Bexley,£4.33,2026-07-03T23:10:47+00:00
Bexley,20,The Furze Wren - JD Wetherspoon,CORONA,£4.20,4.2,"https://www.pint-prices.com/pub/Broadway%20Square,%20Bexleyheath%20Shopping%20Centre,%206%20Market%20Pl,%20Bexleyheath%20DA6%207DY,%20UK/The%20Furze%20Wren%20-%20JD%20Wetherspoon",https://www.pint-prices.com/borough-results/Bexley,£4.33,2026-07-03T23:10:47+00:00
Bexley,21,The Furze Wren - JD Wetherspoon,SAN MIGUEL,£4.20,4.2,"https://www.pint-prices.com/pub/Broadway%20Square,%20Bexleyheath%20Shopping%20Centre,%206%20Market%20Pl,%20Bexleyheath%20DA6%207DY,%20UK/The%20Furze%20Wren%20-%20JD%20Wetherspoon",https://www.pint-prices.com/borough-results/Bexley,£4.33,2026-07-03T23:10:47+00:00
Bexley,22,The Bird & Barrel,THORNBRIDGE 'LORD MARPLES' BITTER,£4.20,4.2,"https://www.pint-prices.com/pub/100%20Barnehurst%20Rd,%20Bexleyheath%20DA7%206HG,%20UK/The%20Bird%20%26%20Barrel",https://www.pint-prices.com/borough-results/Bexley,£4.33,2026-07-03T23:10:47+00:00
Bexley,23,The Furze Wren (Wetherspoons),STELLA ARTOIS,£4.24,4.24,https://www.pint-prices.com/pub/DA6%207DY/The%20Furze%20Wren%20(Wetherspoons),https://www.pint-prices.com/borough-results/Bexley,£4.33,2026-07-03T23:10:47+00:00
Bexley,24,The Volunteer,FOSTERS,£4.30,4.3,"https://www.pint-prices.com/pub/46%20Church%20Rd,%20Bexleyheath%20DA7%204DQ,%20UK/The%20Volunteer",https://www.pint-prices.com/borough-results/Bexley,£4.33,2026-07-03T23:10:47+00:00
Bexley,25,Lord Hill,CARLING,£4.50,4.5,"https://www.pint-prices.com/pub/40%20Watling%20St,%20Bexleyheath%20DA6%207QG,%20UK/Lord%20Hill",https://www.pint-prices.com/borough-results/Bexley,£4.33,2026-07-03T23:10:47+00:00
Bexley,26,The Wrong Un - JD Wetherspoon,LEFFE BLONDE,£4.55,4.55,"https://www.pint-prices.com/pub/234-236%20Broadway,%20Bexleyheath%20DA6%208AS,%20UK/The%20Wrong%20Un%20-%20JD%20Wetherspoon",https://www.pint-prices.com/borough-results/Bexley,£4.33,2026-07-03T23:10:47+00:00
Bexley,27,The Furze Wren - JD Wetherspoon,LEFFE BLONDE,£4.55,4.55,"https://www.pint-prices.com/pub/Broadway%20Square,%20Bexleyheath%20Shopping%20Centre,%206%20Market%20Pl,%20Bexleyheath%20DA6%207DY,%20UK/The%20Furze%20Wren%20-%20JD%20Wetherspoon",https://www.pint-prices.com/borough-results/Bexley,£4.33,2026-07-03T23:10:47+00:00
Bexley,28,The Rose,FOSTERS,£4.55,4.55,"https://www.pint-prices.com/pub/179%20Broadway,%20Bexleyheath%20DA6%207ES,%20UK/The%20Rose",https://www.pint-prices.com/borough-results/Bexley,£4.33,2026-07-03T23:10:47+00:00
Bexley,29,The Rose,CARLSBERG,£4.55,4.55,"https://www.pint-prices.com/pub/179%20Broadway,%20Bexleyheath%20DA6%207ES,%20UK/The%20Rose",https://www.pint-prices.com/borough-results/Bexley,£4.33,2026-07-03T23:10:47+00:00
Bexley,30,Lord Hill,FOSTERS,£4.60,4.6,"https://www.pint-prices.com/pub/40%20Watling%20St,%20Bexleyheath%20DA6%207QG,%20UK/Lord%20Hill",https://www.pint-prices.com/borough-results/Bexley,£4.33,2026-07-03T23:10:47+00:00
Bexley,31,The Bird & Barrel,BEXLEY BREWERY 'ARNSBERG' LAGER,£4.80,4.8,"https://www.pint-prices.com/pub/100%20Barnehurst%20Rd,%20Bexleyheath%20DA7%206HG,%20UK/The%20Bird%20%26%20Barrel",https://www.pint-prices.com/borough-results/Bexley,£4.33,2026-07-03T23:10:47+00:00
Bexley,32,The Bird & Barrel,BEXLEY BREWERY '5 HOP' SESSION IPA,£4.80,4.8,"https://www.pint-prices.com/pub/100%20Barnehurst%20Rd,%20Bexleyheath%20DA7%206HG,%20UK/The%20Bird%20%26%20Barrel",https://www.pint-prices.com/borough-results/Bexley,£4.33,2026-07-03T23:10:47+00:00
Bexley,33,Prince Albert,SPITFIRE,£4.90,4.9,"https://www.pint-prices.com/pub/2%20Broadway,%20Bexleyheath%20DA6%207LE,%20UK/Prince%20Albert",https://www.pint-prices.com/borough-results/Bexley,£4.33,2026-07-03T23:10:47+00:00
Bexley,34,The Kings Arms,LONDON PRIDE,£4.90,4.9,"https://www.pint-prices.com/pub/156%20Broadway,%20Bexleyheath%20DA6%207DW,%20UK/The%20Kings%20Arms",https://www.pint-prices.com/borough-results/Bexley,£4.33,2026-07-03T23:10:47+00:00
Bexley,35,George,AMSTEL,£5.40,5.4,"https://www.pint-prices.com/pub/74%20Bexley%20High%20St,%20Bexley%20DA5%201AJ,%20UK/George",https://www.pint-prices.com/borough-results/Bexley,£4.33,2026-07-03T23:10:47+00:00
Bexley,36,Yacht,PERONI,£5.45,5.45,"https://www.pint-prices.com/pub/167%20Long%20Ln,%20Bexleyheath%20DA7%205AE,%20UK/Yacht",https://www.pint-prices.com/borough-results/Bexley,£4.33,2026-07-03T23:10:47+00:00
Bexley,37,Delicio (Bexleyheath),PERONI,£5.45,5.45,"https://www.pint-prices.com/pub/157%20Broadway,%20Bexleyheath%20DA6%207EY,%20UK/Delicio%20(Bexleyheath)",https://www.pint-prices.com/borough-results/Bexley,£4.33,2026-07-03T23:10:47+00:00
Bexley,38,The Kings Arms,AMSTEL,£5.50,5.5,"https://www.pint-prices.com/pub/156%20Broadway,%20Bexleyheath%20DA6%207DW,%20UK/The%20Kings%20Arms",https://www.pint-prices.com/borough-results/Bexley,£4.33,2026-07-03T23:10:47+00:00
Bexley,39,Hazine,EFES,£6.00,6.0,"https://www.pint-prices.com/pub/Hazine,%20288-290%20Broadway,%20Bexleyheath%20DA6%208AJ,%20UK/Hazine",https://www.pint-prices.com/borough-results/Bexley,£4.33,2026-07-03T23:10:47+00:00
Bexley,40,The Kings Arms,BIRRA MORETTI,£6.10,6.1,"https://www.pint-prices.com/pub/156%20Broadway,%20Bexleyheath%20DA6%207DW,%20UK/The%20Kings%20Arms",https://www.pint-prices.com/borough-results/Bexley,£4.33,2026-07-03T23:10:47+00:00
Bexley,41,The Kings Arms,GUINNESS,£6.20,6.2,"https://www.pint-prices.com/pub/156%20Broadway,%20Bexleyheath%20DA6%207DW,%20UK/The%20Kings%20Arms",https://www.pint-prices.com/borough-results/Bexley,£4.33,2026-07-03T23:10:47+00:00
Bexley,42,Hazine,PERONI,£6.60,6.6,"https://www.pint-prices.com/pub/Hazine,%20288-290%20Broadway,%20Bexleyheath%20DA6%208AJ,%20UK/Hazine",https://www.pint-prices.com/borough-results/Bexley,£4.33,2026-07-03T23:10:47+00:00
Brent,1,J.J. Moon's - JD Wetherspoon,BUD LIGHT,£2.59,2.59,"https://www.pint-prices.com/pub/397%20High%20Rd,%20Wembley%20HA9%207DS,%20UK/J.J.%20Moon's%20-%20JD%20Wetherspoon",https://www.pint-prices.com/borough-results/Brent,£3.48,2026-07-03T23:10:47+00:00
Brent,2,J.J. Moon's - JD Wetherspoon,CARLSBERG PILSNER,£2.83,2.83,"https://www.pint-prices.com/pub/397%20High%20Rd,%20Wembley%20HA9%207DS,%20UK/J.J.%20Moon's%20-%20JD%20Wetherspoon",https://www.pint-prices.com/borough-results/Brent,£3.48,2026-07-03T23:10:47+00:00
Brent,3,J.J. Moon's - JD Wetherspoon,CARLING,£2.99,2.99,"https://www.pint-prices.com/pub/397%20High%20Rd,%20Wembley%20HA9%207DS,%20UK/J.J.%20Moon's%20-%20JD%20Wetherspoon",https://www.pint-prices.com/borough-results/Brent,£3.48,2026-07-03T23:10:47+00:00
Brent,4,J.J. Moon's - JD Wetherspoon,COORS,£2.99,2.99,"https://www.pint-prices.com/pub/397%20High%20Rd,%20Wembley%20HA9%207DS,%20UK/J.J.%20Moon's%20-%20JD%20Wetherspoon",https://www.pint-prices.com/borough-results/Brent,£3.48,2026-07-03T23:10:47+00:00
Brent,5,J.J. Moon's - JD Wetherspoon,GUINNESS,£3.09,3.09,"https://www.pint-prices.com/pub/397%20High%20Rd,%20Wembley%20HA9%207DS,%20UK/J.J.%20Moon's%20-%20JD%20Wetherspoon",https://www.pint-prices.com/borough-results/Brent,£3.48,2026-07-03T23:10:47+00:00
Brent,6,J.J. Moon's - JD Wetherspoon,BUDWEISER,£3.30,3.3,"https://www.pint-prices.com/pub/397%20High%20Rd,%20Wembley%20HA9%207DS,%20UK/J.J.%20Moon's%20-%20JD%20Wetherspoon",https://www.pint-prices.com/borough-results/Brent,£3.48,2026-07-03T23:10:47+00:00
Brent,7,J.J. Moon's - JD Wetherspoon,STELLA ARTOIS,£4.08,4.08,"https://www.pint-prices.com/pub/397%20High%20Rd,%20Wembley%20HA9%207DS,%20UK/J.J.%20Moon's%20-%20JD%20Wetherspoon",https://www.pint-prices.com/borough-results/Brent,£3.48,2026-07-03T23:10:47+00:00
Brent,8,J.J. Moon's - JD Wetherspoon,CORONA,£4.20,4.2,"https://www.pint-prices.com/pub/397%20High%20Rd,%20Wembley%20HA9%207DS,%20UK/J.J.%20Moon's%20-%20JD%20Wetherspoon",https://www.pint-prices.com/borough-results/Brent,£3.48,2026-07-03T23:10:47+00:00
Brent,9,J.J. Moon's - JD Wetherspoon,SAN MIGUEL,£4.20,4.2,"https://www.pint-prices.com/pub/397%20High%20Rd,%20Wembley%20HA9%207DS,%20UK/J.J.%20Moon's%20-%20JD%20Wetherspoon",https://www.pint-prices.com/borough-results/Brent,£3.48,2026-07-03T23:10:47+00:00
Brent,10,J.J. Moon's - JD Wetherspoon,LEFFE BLONDE,£4.55,4.55,"https://www.pint-prices.com/pub/397%20High%20Rd,%20Wembley%20HA9%207DS,%20UK/J.J.%20Moon's%20-%20JD%20Wetherspoon",https://www.pint-prices.com/borough-results/Brent,£3.48,2026-07-03T23:10:47+00:00
Bromley,1,The Richmal Crompton - JD Wetherspoon,BUD LIGHT,£2.55,2.55,"https://www.pint-prices.com/pub/Unit%2023,%20Westmoreland%20Place,%20Bromley%20BR1%201DS,%20UK/The%20Richmal%20Crompton%20-%20JD%20Wetherspoon",https://www.pint-prices.com/borough-results/Bromley,£4.18,2026-07-03T23:10:47+00:00
Bromley,2,The Greyhound - JD Wetherspoon,BUD LIGHT,£2.55,2.55,"https://www.pint-prices.com/pub/205%20High%20St,%20Bromley%20BR1%201NY,%20UK/The%20Greyhound%20-%20JD%20Wetherspoon",https://www.pint-prices.com/borough-results/Bromley,£4.18,2026-07-03T23:10:47+00:00
Bromley,3,The Richmal Crompton - JD Wetherspoon,CARLSBERG PILSNER,£2.83,2.83,"https://www.pint-prices.com/pub/Unit%2023,%20Westmoreland%20Place,%20Bromley%20BR1%201DS,%20UK/The%20Richmal%20Crompton%20-%20JD%20Wetherspoon",https://www.pint-prices.com/borough-results/Bromley,£4.18,2026-07-03T23:10:47+00:00
Bromley,4,The Greyhound - JD Wetherspoon,CARLSBERG PILSNER,£2.83,2.83,"https://www.pint-prices.com/pub/205%20High%20St,%20Bromley%20BR1%201NY,%20UK/The%20Greyhound%20-%20JD%20Wetherspoon",https://www.pint-prices.com/borough-results/Bromley,£4.18,2026-07-03T23:10:47+00:00
Bromley,5,The Richmal Crompton - JD Wetherspoon,BUDWEISER,£3.84,3.84,"https://www.pint-prices.com/pub/Unit%2023,%20Westmoreland%20Place,%20Bromley%20BR1%201DS,%20UK/The%20Richmal%20Crompton%20-%20JD%20Wetherspoon",https://www.pint-prices.com/borough-results/Bromley,£4.18,2026-07-03T23:10:47+00:00
Bromley,6,The Greyhound - JD Wetherspoon,BUDWEISER,£3.84,3.84,"https://www.pint-prices.com/pub/205%20High%20St,%20Bromley%20BR1%201NY,%20UK/The%20Greyhound%20-%20JD%20Wetherspoon",https://www.pint-prices.com/borough-results/Bromley,£4.18,2026-07-03T23:10:47+00:00
Bromley,7,The Richmal Crompton - JD Wetherspoon,CARLING,£3.88,3.88,"https://www.pint-prices.com/pub/Unit%2023,%20Westmoreland%20Place,%20Bromley%20BR1%201DS,%20UK/The%20Richmal%20Crompton%20-%20JD%20Wetherspoon",https://www.pint-prices.com/borough-results/Bromley,£4.18,2026-07-03T23:10:47+00:00
Bromley,8,The Richmal Crompton - JD Wetherspoon,COORS,£3.88,3.88,"https://www.pint-prices.com/pub/Unit%2023,%20Westmoreland%20Place,%20Bromley%20BR1%201DS,%20UK/The%20Richmal%20Crompton%20-%20JD%20Wetherspoon",https://www.pint-prices.com/borough-results/Bromley,£4.18,2026-07-03T23:10:47+00:00
Bromley,9,The Richmal Crompton - JD Wetherspoon,GUINNESS,£3.88,3.88,"https://www.pint-prices.com/pub/Unit%2023,%20Westmoreland%20Place,%20Bromley%20BR1%201DS,%20UK/The%20Richmal%20Crompton%20-%20JD%20Wetherspoon",https://www.pint-prices.com/borough-results/Bromley,£4.18,2026-07-03T23:10:47+00:00
Bromley,10,The Greyhound - JD Wetherspoon,CARLING,£3.88,3.88,"https://www.pint-prices.com/pub/205%20High%20St,%20Bromley%20BR1%201NY,%20UK/The%20Greyhound%20-%20JD%20Wetherspoon",https://www.pint-prices.com/borough-results/Bromley,£4.18,2026-07-03T23:10:47+00:00
Bromley,11,The Greyhound - JD Wetherspoon,COORS,£3.88,3.88,"https://www.pint-prices.com/pub/205%20High%20St,%20Bromley%20BR1%201NY,%20UK/The%20Greyhound%20-%20JD%20Wetherspoon",https://www.pint-prices.com/borough-results/Bromley,£4.18,2026-07-03T23:10:47+00:00
Bromley,12,The Greyhound - JD Wetherspoon,GUINNESS,£3.88,3.88,"https://www.pint-prices.com/pub/205%20High%20St,%20Bromley%20BR1%201NY,%20UK/The%20Greyhound%20-%20JD%20Wetherspoon",https://www.pint-prices.com/borough-results/Bromley,£4.18,2026-07-03T23:10:47+00:00
Bromley,13,The Richmal Crompton - JD Wetherspoon,STELLA ARTOIS,£4.28,4.28,"https://www.pint-prices.com/pub/Unit%2023,%20Westmoreland%20Place,%20Bromley%20BR1%201DS,%20UK/The%20Richmal%20Crompton%20-%20JD%20Wetherspoon",https://www.pint-prices.com/borough-results/Bromley,£4.18,2026-07-03T23:10:47+00:00
Bromley,14,The Greyhound - JD Wetherspoon,STELLA ARTOIS,£4.28,4.28,"https://www.pint-prices.com/pub/205%20High%20St,%20Bromley%20BR1%201NY,%20UK/The%20Greyhound%20-%20JD%20Wetherspoon",https://www.pint-prices.com/borough-results/Bromley,£4.18,2026-07-03T23:10:47+00:00
Bromley,15,O'Neill's Bromley,CARLING,£4.40,4.4,"https://www.pint-prices.com/pub/27-29%20East%20St,%20Bromley%20BR1%201QE,%20UK/O'Neill's%20Bromley",https://www.pint-prices.com/borough-results/Bromley,£4.18,2026-07-03T23:10:47+00:00
Bromley,16,The Richmal Crompton - JD Wetherspoon,CORONA,£4.40,4.4,"https://www.pint-prices.com/pub/Unit%2023,%20Westmoreland%20Place,%20Bromley%20BR1%201DS,%20UK/The%20Richmal%20Crompton%20-%20JD%20Wetherspoon",https://www.pint-prices.com/borough-results/Bromley,£4.18,2026-07-03T23:10:47+00:00
Bromley,17,The Richmal Crompton - JD Wetherspoon,SAN MIGUEL,£4.40,4.4,"https://www.pint-prices.com/pub/Unit%2023,%20Westmoreland%20Place,%20Bromley%20BR1%201DS,%20UK/The%20Richmal%20Crompton%20-%20JD%20Wetherspoon",https://www.pint-prices.com/borough-results/Bromley,£4.18,2026-07-03T23:10:47+00:00
Bromley,18,The Greyhound - JD Wetherspoon,CORONA,£4.40,4.4,"https://www.pint-prices.com/pub/205%20High%20St,%20Bromley%20BR1%201NY,%20UK/The%20Greyhound%20-%20JD%20Wetherspoon",https://www.pint-prices.com/borough-results/Bromley,£4.18,2026-07-03T23:10:47+00:00
Bromley,19,The Greyhound - JD Wetherspoon,SAN MIGUEL,£4.40,4.4,"https://www.pint-prices.com/pub/205%20High%20St,%20Bromley%20BR1%201NY,%20UK/The%20Greyhound%20-%20JD%20Wetherspoon",https://www.pint-prices.com/borough-results/Bromley,£4.18,2026-07-03T23:10:47+00:00
Bromley,20,The White Horse,JOHN SMITHS,£4.40,4.4,"https://www.pint-prices.com/pub/64%20Palace%20Rd,%20Bromley%20BR1%203JX,%20UK/The%20White%20Horse",https://www.pint-prices.com/borough-results/Bromley,£4.18,2026-07-03T23:10:47+00:00
Bromley,21,The Richmal Crompton - JD Wetherspoon,LEFFE BLONDE,£4.73,4.73,"https://www.pint-prices.com/pub/Unit%2023,%20Westmoreland%20Place,%20Bromley%20BR1%201DS,%20UK/The%20Richmal%20Crompton%20-%20JD%20Wetherspoon",https://www.pint-prices.com/borough-results/Bromley,£4.18,2026-07-03T23:10:47+00:00
Bromley,22,The Greyhound - JD Wetherspoon,LEFFE BLONDE,£4.73,4.73,"https://www.pint-prices.com/pub/205%20High%20St,%20Bromley%20BR1%201NY,%20UK/The%20Greyhound%20-%20JD%20Wetherspoon",https://www.pint-prices.com/borough-results/Bromley,£4.18,2026-07-03T23:10:47+00:00
Bromley,23,Swan and Mitre,CARLING,£4.75,4.75,"https://www.pint-prices.com/pub/260-262%20High%20St,%20Bromley%20BR1%201PG,%20UK/Swan%20and%20Mitre",https://www.pint-prices.com/borough-results/Bromley,£4.18,2026-07-03T23:10:47+00:00
Bromley,24,The Freelands Tavern,FOSTERS,£4.90,4.9,"https://www.pint-prices.com/pub/31%20Freelands%20Rd,%20Bromley%20BR1%203HZ,%20UK/The%20Freelands%20Tavern",https://www.pint-prices.com/borough-results/Bromley,£4.18,2026-07-03T23:10:47+00:00
Bromley,25,The Red Lion,GREENEKING IPA,£5.00,5.0,"https://www.pint-prices.com/pub/The%20Red%20Lion,%2010%20North%20Rd,%20Bromley%20BR1%203LG,%20UK/The%20Red%20Lion",https://www.pint-prices.com/borough-results/Bromley,£4.18,2026-07-03T23:10:47+00:00
Bromley,26,Prince Frederick,FOSTERS,£5.05,5.05,"https://www.pint-prices.com/pub/31%20Nichol%20Ln,%20Bromley%20BR1%204DE,%20UK/Prince%20Frederick",https://www.pint-prices.com/borough-results/Bromley,£4.18,2026-07-03T23:10:47+00:00
Bromley,27,VEEN SHISHA,MADRI,£5.50,5.5,"https://www.pint-prices.com/pub/Westmoreland%20Place,%20Churchill%20Way,%20Bromley%20BR1%201EA,%20UK/VEEN%20SHISHA",https://www.pint-prices.com/borough-results/Bromley,£4.18,2026-07-03T23:10:47+00:00
Bromley,28,The Artful Duke Pub (Bromley),PRAVHA,£5.60,5.6,"https://www.pint-prices.com/pub/196-198%20High%20St,%20Bromley%20BR1%201HE,%20UK/The%20Artful%20Duke%20Pub%20(Bromley)",https://www.pint-prices.com/borough-results/Bromley,£4.18,2026-07-03T23:10:47+00:00
Camden,1,The White Swan - JD Wetherspoon,BUD LIGHT,£2.66,2.66,"https://www.pint-prices.com/pub/255-256%20Upper%20St,%20London%20N1%201RY,%20UK/The%20White%20Swan%20-%20JD%20Wetherspoon",https://www.pint-prices.com/borough-results/Camden,£6.50,2026-07-03T23:10:47+00:00
Camden,2,The Three Tuns - LSE Student Union,BUD LIGHT,£2.95,2.95,"https://www.pint-prices.com/pub/Saw%20Swee%20Hock%20Student%20Centre%20WC2B,%20London/The%20Three%20Tuns%20-%20LSE%20Student%20Union",https://www.pint-prices.com/borough-results/Camden,£6.50,2026-07-03T23:10:47+00:00
Camden,3,The White Swan,CARLSBERG,£3.33,3.33,"https://www.pint-prices.com/pub/255-256%20Upper%20St,%20London%20N1%201RY/The%20White%20Swan",https://www.pint-prices.com/borough-results/Camden,£6.50,2026-07-03T23:10:47+00:00
Camden,4,The White Swan - JD Wetherspoon,CARLSBERG PILSNER,£3.45,3.45,"https://www.pint-prices.com/pub/255-256%20Upper%20St,%20London%20N1%201RY,%20UK/The%20White%20Swan%20-%20JD%20Wetherspoon",https://www.pint-prices.com/borough-results/Camden,£6.50,2026-07-03T23:10:47+00:00
Camden,5,The Ice Wharf - JD Wetherspoon,BUD LIGHT,£3.66,3.66,"https://www.pint-prices.com/pub/28A,%2028B%20Jamestown%20Rd,%20London%20NW1%207BY,%20UK/The%20Ice%20Wharf%20-%20JD%20Wetherspoon",https://www.pint-prices.com/borough-results/Camden,£6.50,2026-07-03T23:10:47+00:00
Camden,6,The White Swan - JD Wetherspoon,CORONA,£3.84,3.84,"https://www.pint-prices.com/pub/255-256%20Upper%20St,%20London%20N1%201RY,%20UK/The%20White%20Swan%20-%20JD%20Wetherspoon",https://www.pint-prices.com/borough-results/Camden,£6.50,2026-07-03T23:10:47+00:00
Camden,7,The Marian Anderson,GUINESS,£4.00,4.0,"https://www.pint-prices.com/pub/28-32%20Bowling%20Green%20Ln,%20London%20EC1R%200BJ/The%20Marian%20Anderson",https://www.pint-prices.com/borough-results/Camden,£6.50,2026-07-03T23:10:47+00:00
Camden,8,The Marian Anderson,PRAVHA,£4.00,4.0,"https://www.pint-prices.com/pub/28-32%20Bowling%20Green%20Ln,%20London%20EC1R%200BJ/The%20Marian%20Anderson",https://www.pint-prices.com/borough-results/Camden,£6.50,2026-07-03T23:10:47+00:00
Camden,9,The White Swan - JD Wetherspoon,CARLING,£4.07,4.07,"https://www.pint-prices.com/pub/255-256%20Upper%20St,%20London%20N1%201RY,%20UK/The%20White%20Swan%20-%20JD%20Wetherspoon",https://www.pint-prices.com/borough-results/Camden,£6.50,2026-07-03T23:10:47+00:00
Camden,10,The White Swan - JD Wetherspoon,COORS,£4.07,4.07,"https://www.pint-prices.com/pub/255-256%20Upper%20St,%20London%20N1%201RY,%20UK/The%20White%20Swan%20-%20JD%20Wetherspoon",https://www.pint-prices.com/borough-results/Camden,£6.50,2026-07-03T23:10:47+00:00
Camden,11,Hercules Pillars,CASK ALE,£4.20,4.2,"https://www.pint-prices.com/pub/18%20Great%20Queen%20St,%20London%20WC2B%205DG/Hercules%20Pillars",https://www.pint-prices.com/borough-results/Camden,£6.50,2026-07-03T23:10:47+00:00
Camden,12,The White Swan - JD Wetherspoon,GUINNESS,£4.21,4.21,"https://www.pint-prices.com/pub/255-256%20Upper%20St,%20London%20N1%201RY,%20UK/The%20White%20Swan%20-%20JD%20Wetherspoon",https://www.pint-prices.com/borough-results/Camden,£6.50,2026-07-03T23:10:47+00:00
Camden,13,The Ice Wharf - JD Wetherspoon,CARLSBERG PILSNER,£4.25,4.25,"https://www.pint-prices.com/pub/28A,%2028B%20Jamestown%20Rd,%20London%20NW1%207BY,%20UK/The%20Ice%20Wharf%20-%20JD%20Wetherspoon",https://www.pint-prices.com/borough-results/Camden,£6.50,2026-07-03T23:10:47+00:00
Camden,14,The White Swan - JD Wetherspoon,BUDWEISER,£4.28,4.28,"https://www.pint-prices.com/pub/255-256%20Upper%20St,%20London%20N1%201RY,%20UK/The%20White%20Swan%20-%20JD%20Wetherspoon",https://www.pint-prices.com/borough-results/Camden,£6.50,2026-07-03T23:10:47+00:00
Camden,15,The Jolly Sisters,FOSTERS,£4.30,4.3,"https://www.pint-prices.com/pub/95%20Bride%20St,%20London%20N7%208AX/The%20Jolly%20Sisters",https://www.pint-prices.com/borough-results/Camden,£6.50,2026-07-03T23:10:47+00:00
Camden,16,The Cock Tavern,FOSTERS,£4.30,4.3,"https://www.pint-prices.com/pub/23%20Phoenix%20Rd,%20London%20NW1%201HB/The%20Cock%20Tavern",https://www.pint-prices.com/borough-results/Camden,£6.50,2026-07-03T23:10:47+00:00
Camden,17,The Kings,FOSTERS,£4.40,4.4,"https://www.pint-prices.com/pub/59%20Essex%20Rd,%20London%20N1%202SF/The%20Kings",https://www.pint-prices.com/borough-results/Camden,£6.50,2026-07-03T23:10:47+00:00
Camden,18,The Lincoln Arms,GUINNESS,£4.40,4.4,https://www.pint-prices.com/pub/EN1%201QT/The%20Lincoln%20Arms,https://www.pint-prices.com/borough-results/Camden,£6.50,2026-07-03T23:10:47+00:00
Camden,19,The White Swan - JD Wetherspoon,STELLA ARTOIS,£4.73,4.73,"https://www.pint-prices.com/pub/255-256%20Upper%20St,%20London%20N1%201RY,%20UK/The%20White%20Swan%20-%20JD%20Wetherspoon",https://www.pint-prices.com/borough-results/Camden,£6.50,2026-07-03T23:10:47+00:00
Camden,20,The Boot,FOSTERS,£4.80,4.8,"https://www.pint-prices.com/pub/116%20Cromer%20St,%20London%20WC1H%208BS/The%20Boot",https://www.pint-prices.com/borough-results/Camden,£6.50,2026-07-03T23:10:47+00:00
Camden,21,The White Swan - JD Wetherspoon,SAN MIGUEL,£4.84,4.84,"https://www.pint-prices.com/pub/255-256%20Upper%20St,%20London%20N1%201RY,%20UK/The%20White%20Swan%20-%20JD%20Wetherspoon",https://www.pint-prices.com/borough-results/Camden,£6.50,2026-07-03T23:10:47+00:00
Camden,22,The Lord John Russell,KONRAD,£4.95,4.95,"https://www.pint-prices.com/pub/91-93%20Marchmont%20St,%20London%20WC1N%201AL/The%20Lord%20John%20Russell",https://www.pint-prices.com/borough-results/Camden,£6.50,2026-07-03T23:10:47+00:00
Camden,23,The Lord John Russell,KONRAD,£4.95,4.95,"https://www.pint-prices.com/pub/91-93%20Marchmont%20St,%20London%20WC1N%201AL/The%20Lord%20John%20Russell",https://www.pint-prices.com/borough-results/Camden,£6.50,2026-07-03T23:10:47+00:00
Camden,24,The Abbey Tavern Pub | Kentish Town,AMSTEL,£5.00,5.0,"https://www.pint-prices.com/pub/124%20Kentish%20Town%20Rd,%20London%20NW1%209QB,%20UK/The%20Abbey%20Tavern%20Pub%20%7C%20Kentish%20Town",https://www.pint-prices.com/borough-results/Camden,£6.50,2026-07-03T23:10:47+00:00
Camden,25,The Elephants Head,FOSTERS,£5.00,5.0,"https://www.pint-prices.com/pub/224%20Camden%20High%20St,%20London%20NW1%208QR,%20UK/The%20Elephants%20Head",https://www.pint-prices.com/borough-results/Camden,£6.50,2026-07-03T23:10:47+00:00
Camden,26,The Horse & Wig,PRAVHA,£5.00,5.0,"https://www.pint-prices.com/pub/14%20Fulwood%20Pl,%20London%20WC1V%206HZ/The%20Horse%20%26%20Wig",https://www.pint-prices.com/borough-results/Camden,£6.50,2026-07-03T23:10:47+00:00
Camden,27,The Harrison,AMSTEL,£5.00,5.0,"https://www.pint-prices.com/pub/28%20Harrison%20St,%20London%20WC1H%208JF/The%20Harrison",https://www.pint-prices.com/borough-results/Camden,£6.50,2026-07-03T23:10:47+00:00
Camden,28,Camden Head,AMSTEL,£5.00,5.0,https://www.pint-prices.com/pub/100%20Camden%20High%20Street%20NW1%200LU/Camden%20Head,https://www.pint-prices.com/borough-results/Camden,£6.50,2026-07-03T23:10:47+00:00
Camden,29,The Ice Wharf - JD Wetherspoon,GUINNESS,£5.07,5.07,"https://www.pint-prices.com/pub/28A,%2028B%20Jamestown%20Rd,%20London%20NW1%207BY,%20UK/The%20Ice%20Wharf%20-%20JD%20Wetherspoon",https://www.pint-prices.com/borough-results/Camden,£6.50,2026-07-03T23:10:47+00:00
Camden,30,The Coach & Horses,TIMOTHY TAYLOR’S LANDLORD ALE,£5.10,5.1,https://www.pint-prices.com/pub/WD3%201ER/The%20Coach%20%26%20Horses,https://www.pint-prices.com/borough-results/Camden,£6.50,2026-07-03T23:10:47+00:00
Camden,31,The Elephants Head,LONDON PRIDE,£5.15,5.15,"https://www.pint-prices.com/pub/224%20Camden%20High%20St,%20London%20NW1%208QR,%20UK/The%20Elephants%20Head",https://www.pint-prices.com/borough-results/Camden,£6.50,2026-07-03T23:10:47+00:00
Camden,32,The White Swan - JD Wetherspoon,LEFFE BLONDE,£5.18,5.18,"https://www.pint-prices.com/pub/255-256%20Upper%20St,%20London%20N1%201RY,%20UK/The%20White%20Swan%20-%20JD%20Wetherspoon",https://www.pint-prices.com/borough-results/Camden,£6.50,2026-07-03T23:10:47+00:00
Camden,33,McGlynn's Free House,KRONENBOURG,£5.20,5.2,"https://www.pint-prices.com/pub/1-5%20Whidborne%20Street,%20Kings%20Cross,%20London%20WC1H%208ET/McGlynn's%20Free%20House",https://www.pint-prices.com/borough-results/Camden,£6.50,2026-07-03T23:10:47+00:00
Camden,34,The Hen & Chickens,PRAVHA,£5.25,5.25,"https://www.pint-prices.com/pub/109%20St%20Paul's%20Rd,%20London%20N1%202NA/The%20Hen%20%26%20Chickens",https://www.pint-prices.com/borough-results/Camden,£6.50,2026-07-03T23:10:47+00:00
Camden,35,The Ice Wharf - JD Wetherspoon,CARLING,£5.29,5.29,"https://www.pint-prices.com/pub/28A,%2028B%20Jamestown%20Rd,%20London%20NW1%207BY,%20UK/The%20Ice%20Wharf%20-%20JD%20Wetherspoon",https://www.pint-prices.com/borough-results/Camden,£6.50,2026-07-03T23:10:47+00:00
Camden,36,The Ice Wharf - JD Wetherspoon,COORS,£5.29,5.29,"https://www.pint-prices.com/pub/28A,%2028B%20Jamestown%20Rd,%20London%20NW1%207BY,%20UK/The%20Ice%20Wharf%20-%20JD%20Wetherspoon",https://www.pint-prices.com/borough-results/Camden,£6.50,2026-07-03T23:10:47+00:00
Camden,37,The Ice Wharf - JD Wetherspoon,BUDWEISER,£5.38,5.38,"https://www.pint-prices.com/pub/28A,%2028B%20Jamestown%20Rd,%20London%20NW1%207BY,%20UK/The%20Ice%20Wharf%20-%20JD%20Wetherspoon",https://www.pint-prices.com/borough-results/Camden,£6.50,2026-07-03T23:10:47+00:00
Camden,38,The Albion,YOUNG’S ORIGINAL,£5.40,5.4,https://www.pint-prices.com/pub/EC4V%206AA/The%20Albion,https://www.pint-prices.com/borough-results/Camden,£6.50,2026-07-03T23:10:47+00:00
Camden,39,The Elephants Head,AMSTEL,£5.45,5.45,"https://www.pint-prices.com/pub/224%20Camden%20High%20St,%20London%20NW1%208QR,%20UK/The%20Elephants%20Head",https://www.pint-prices.com/borough-results/Camden,£6.50,2026-07-03T23:10:47+00:00
Camden,40,The Steam Passage Tavern,AMSTEL,£5.45,5.45,"https://www.pint-prices.com/pub/45%20Upper%20St,%20London%20N1%200PN/The%20Steam%20Passage%20Tavern",https://www.pint-prices.com/borough-results/Camden,£6.50,2026-07-03T23:10:47+00:00
Camden,41,The Abbey Tavern Pub | Kentish Town,HEINEKEN,£5.50,5.5,"https://www.pint-prices.com/pub/124%20Kentish%20Town%20Rd,%20London%20NW1%209QB,%20UK/The%20Abbey%20Tavern%20Pub%20%7C%20Kentish%20Town",https://www.pint-prices.com/borough-results/Camden,£6.50,2026-07-03T23:10:47+00:00
Camden,42,The Oxford Arms,DOOMBAR,£5.57,5.57,"https://www.pint-prices.com/pub/265%20Camden%20High%20St,%20London%20NW1%207BU,%20UK/The%20Oxford%20Arms",https://www.pint-prices.com/borough-results/Camden,£6.50,2026-07-03T23:10:47+00:00
Camden,43,The Enterprise,AMSTEL,£5.60,5.6,"https://www.pint-prices.com/pub/38%20Red%20Lion%20St,%20London%20WC1R%204PN/The%20Enterprise",https://www.pint-prices.com/borough-results/Camden,£6.50,2026-07-03T23:10:47+00:00
Camden,44,The Calthorpe Arms,MADRI,£5.60,5.6,"https://www.pint-prices.com/pub/252%20Grays%20Inn%20Rd,%20London%20WC1X%208JR/The%20Calthorpe%20Arms",https://www.pint-prices.com/borough-results/Camden,£6.50,2026-07-03T23:10:47+00:00
Camden,45,The Lyceum Tavern,DOUBLE FOUR LAGER,£5.60,5.6,"https://www.pint-prices.com/pub/354%20Strand,%20London%20WC2R%200HS/The%20Lyceum%20Tavern",https://www.pint-prices.com/borough-results/Camden,£6.50,2026-07-03T23:10:47+00:00
Camden,46,The Ice Wharf - JD Wetherspoon,STELLA ARTOIS,£5.62,5.62,"https://www.pint-prices.com/pub/28A,%2028B%20Jamestown%20Rd,%20London%20NW1%207BY,%20UK/The%20Ice%20Wharf%20-%20JD%20Wetherspoon",https://www.pint-prices.com/borough-results/Camden,£6.50,2026-07-03T23:10:47+00:00
Camden,47,The Coach & Horses,AMSTEL,£5.70,5.7,"https://www.pint-prices.com/pub/29%20Greek%20St,%20London%20W1D%205DH/The%20Coach%20%26%20Horses",https://www.pint-prices.com/borough-results/Camden,£6.50,2026-07-03T23:10:47+00:00
Camden,48,The Ice Wharf - JD Wetherspoon,CORONA,£5.73,5.73,"https://www.pint-prices.com/pub/28A,%2028B%20Jamestown%20Rd,%20London%20NW1%207BY,%20UK/The%20Ice%20Wharf%20-%20JD%20Wetherspoon",https://www.pint-prices.com/borough-results/Camden,£6.50,2026-07-03T23:10:47+00:00
Camden,49,The Ice Wharf - JD Wetherspoon,SAN MIGUEL,£5.73,5.73,"https://www.pint-prices.com/pub/28A,%2028B%20Jamestown%20Rd,%20London%20NW1%207BY,%20UK/The%20Ice%20Wharf%20-%20JD%20Wetherspoon",https://www.pint-prices.com/borough-results/Camden,£6.50,2026-07-03T23:10:47+00:00
Camden,50,The Oxford Arms,LONDON PRIDE,£5.75,5.75,"https://www.pint-prices.com/pub/265%20Camden%20High%20St,%20London%20NW1%207BU,%20UK/The%20Oxford%20Arms",https://www.pint-prices.com/borough-results/Camden,£6.50,2026-07-03T23:10:47+00:00
Camden,51,Liberty London,AMSTEL,£5.80,5.8,"https://www.pint-prices.com/pub/Regent%20St.,%20Carnaby,%20London%20W1B%205AH/Liberty%20London",https://www.pint-prices.com/borough-results/Camden,£6.50,2026-07-03T23:10:47+00:00
Camden,52,The Friend at Hand,AMSTEL,£5.80,5.8,"https://www.pint-prices.com/pub/2-4%20Herbrand%20St,%20London%20WC1N%201HX/The%20Friend%20at%20Hand",https://www.pint-prices.com/borough-results/Camden,£6.50,2026-07-03T23:10:47+00:00
Camden,53,The Coach & Horses,AMSTEL,£5.80,5.8,"https://www.pint-prices.com/pub/42%20Wellington%20St,%20London%20WC2E%207BD/The%20Coach%20%26%20Horses",https://www.pint-prices.com/borough-results/Camden,£6.50,2026-07-03T23:10:47+00:00
Camden,54,McGlynn’s Free House,GUINNESS,£5.80,5.8,"https://www.pint-prices.com/pub/1-5%20Whidborne%20St,%20London%20WC1H%208ET/McGlynn%E2%80%99s%20Free%20House",https://www.pint-prices.com/borough-results/Camden,£6.50,2026-07-03T23:10:47+00:00
Camden,55,Hicce Hart,SUNSHINE LAGER,£5.80,5.8,"https://www.pint-prices.com/pub/58%20Penton%20St,%20London%20N1%209PZ/Hicce%20Hart",https://www.pint-prices.com/borough-results/Camden,£6.50,2026-07-03T23:10:47+00:00
Camden,56,The Regent,LANTERNA LAGER,£5.90,5.9,"https://www.pint-prices.com/pub/201-203%20Liverpool%20Rd,%20London%20N1%201LX,%20UK/The%20Regent",https://www.pint-prices.com/borough-results/Camden,£6.50,2026-07-03T23:10:47+00:00
Camden,57,Hope & Anchor,AMSTEL,£5.90,5.9,"https://www.pint-prices.com/pub/207%20Upper%20Street,%20N1%201RL/Hope%20%26%20Anchor",https://www.pint-prices.com/borough-results/Camden,£6.50,2026-07-03T23:10:47+00:00
Camden,58,The Queens Head,BOHEM MAMKA PILSNER,£5.90,5.9,"https://www.pint-prices.com/pub/66%20Acton%20St,%20London%20WC1X%208DU/The%20Queens%20Head",https://www.pint-prices.com/borough-results/Camden,£6.50,2026-07-03T23:10:47+00:00
Camden,59,Brewhouse & Kitchen Highbury,LEGEND CRAFT LAGER,£5.90,5.9,"https://www.pint-prices.com/pub/2A%20Corsica%20St,%20London%20N5%201JJ/Brewhouse%20%26%20Kitchen%20Highbury",https://www.pint-prices.com/borough-results/Camden,£6.50,2026-07-03T23:10:47+00:00
Camden,60,The Fox On The Green,AMSTEL,£5.90,5.9,"https://www.pint-prices.com/pub/1%20Islington%20Grn,%20London%20N1%202XA/The%20Fox%20On%20The%20Green",https://www.pint-prices.com/borough-results/Camden,£6.50,2026-07-03T23:10:47+00:00
Camden,61,The Colonel Fawcett,TIDALWAVE PILSNER,£5.90,5.9,https://www.pint-prices.com/pub/NW1%200SS/The%20Colonel%20Fawcett,https://www.pint-prices.com/borough-results/Camden,£6.50,2026-07-03T23:10:47+00:00
Camden,62,Tootoomoo Islington,MEANTIME GREENWICH LAGER,£5.95,5.95,"https://www.pint-prices.com/pub/278%20St%20Paul's%20Rd,%20London%20N1%202LH,%20UK/Tootoomoo%20Islington",https://www.pint-prices.com/borough-results/Camden,£6.50,2026-07-03T23:10:47+00:00
Camden,63,The Stags Head,HEINEKEN,£5.95,5.95,"https://www.pint-prices.com/pub/102%20New%20Cavendish%20St,%20London%20W1W%206XW/The%20Stags%20Head",https://www.pint-prices.com/borough-results/Camden,£6.50,2026-07-03T23:10:47+00:00
Camden,64,"Myddleton Arms, Islington",GUINNESS,£5.95,5.95,"https://www.pint-prices.com/pub/52%20Canonbury%20Rd,%20London%20N1%202HS/Myddleton%20Arms,%20Islington",https://www.pint-prices.com/borough-results/Camden,£6.50,2026-07-03T23:10:47+00:00
Camden,65,"Myddleton Arms, Islington",GUINNESS,£5.95,5.95,"https://www.pint-prices.com/pub/52%20Canonbury%20Rd,%20London%20N1%202HS/Myddleton%20Arms,%20Islington",https://www.pint-prices.com/borough-results/Camden,£6.50,2026-07-03T23:10:47+00:00
Camden,66,The Dublin Castle,FOSTERS,£6.00,6.0,"https://www.pint-prices.com/pub/94%20Parkway,%20London%20NW1%207AN,%20UK/The%20Dublin%20Castle",https://www.pint-prices.com/borough-results/Camden,£6.50,2026-07-03T23:10:47+00:00
Camden,67,The Dublin Castle,STRONGBOW,£6.00,6.0,"https://www.pint-prices.com/pub/94%20Parkway,%20London%20NW1%207AN,%20UK/The%20Dublin%20Castle",https://www.pint-prices.com/borough-results/Camden,£6.50,2026-07-03T23:10:47+00:00
Camden,68,The Earl of Essex,MARBLE BEERS,£6.00,6.0,"https://www.pint-prices.com/pub/25%20Danbury%20St,%20London%20N1%208LE,%20UK/The%20Earl%20of%20Essex",https://www.pint-prices.com/borough-results/Camden,£6.50,2026-07-03T23:10:47+00:00
Camden,69,Masons Arms (Mayfair),AMSTEL,£6.00,6.0,"https://www.pint-prices.com/pub/Maddox%20Street,%20W1S%201PY/Masons%20Arms%20(Mayfair)",https://www.pint-prices.com/borough-results/Camden,£6.50,2026-07-03T23:10:47+00:00
Camden,70,Friend At Hand,FOSTERS,£6.00,6.0,"https://www.pint-prices.com/pub/2-4%20Herbrand%20Street,%20WC1N%201HX/Friend%20At%20Hand",https://www.pint-prices.com/borough-results/Camden,£6.50,2026-07-03T23:10:47+00:00
Camden,71,Camden Head,AMSTEL,£6.00,6.0,"https://www.pint-prices.com/pub/2%20Camden%20Walk,%20N1%208DY/Camden%20Head",https://www.pint-prices.com/borough-results/Camden,£6.50,2026-07-03T23:10:47+00:00
Camden,72,The Narrowboat,PRAVHA,£6.00,6.0,"https://www.pint-prices.com/pub/119%20St%20Peter's%20St,%20London%20N1%208PZ/The%20Narrowboat",https://www.pint-prices.com/borough-results/Camden,£6.50,2026-07-03T23:10:47+00:00
Camden,73,Bradley’s Spanish Bar,MAHOU,£6.00,6.0,"https://www.pint-prices.com/pub/42-44%20Hanway%20St,%20London%20W1T%201UT/Bradley%E2%80%99s%20Spanish%20Bar",https://www.pint-prices.com/borough-results/Camden,£6.50,2026-07-03T23:10:47+00:00
Camden,74,The Angelic,AMSTEL,£6.00,6.0,"https://www.pint-prices.com/pub/57%20Liverpool%20Rd,%20London%20N1%200RJ/The%20Angelic",https://www.pint-prices.com/borough-results/Camden,£6.50,2026-07-03T23:10:47+00:00
Camden,75,Lucas Arms,AMSTEL,£6.05,6.05,"https://www.pint-prices.com/pub/245A%20Grays%20Inn%20Road,%20WC1X%208QY/Lucas%20Arms",https://www.pint-prices.com/borough-results/Camden,£6.50,2026-07-03T23:10:47+00:00
Camden,76,Lucas Arms,GUINNESS,£6.05,6.05,"https://www.pint-prices.com/pub/245A%20Grays%20Inn%20Road,%20WC1X%208QY/Lucas%20Arms",https://www.pint-prices.com/borough-results/Camden,£6.50,2026-07-03T23:10:47+00:00
Camden,77,The Old Nick,AMSTEL,£6.05,6.05,"https://www.pint-prices.com/pub/20-22%20Sandland%20St,%20London%20WC1R%204PZ/The%20Old%20Nick",https://www.pint-prices.com/borough-results/Camden,£6.50,2026-07-03T23:10:47+00:00
Camden,78,The Dog & Duck,AMSTEL,£6.05,6.05,"https://www.pint-prices.com/pub/18%20Bateman%20St,%20London%20W1D%203AJ/The%20Dog%20%26%20Duck",https://www.pint-prices.com/borough-results/Camden,£6.50,2026-07-03T23:10:47+00:00
Camden,79,The Ice Wharf - JD Wetherspoon,LEFFE BLONDE,£6.09,6.09,"https://www.pint-prices.com/pub/28A,%2028B%20Jamestown%20Rd,%20London%20NW1%207BY,%20UK/The%20Ice%20Wharf%20-%20JD%20Wetherspoon",https://www.pint-prices.com/borough-results/Camden,£6.50,2026-07-03T23:10:47+00:00
Camden,80,Swan,AMSTEL,£6.10,6.1,"https://www.pint-prices.com/pub/7%20Cosmo%20Place,%20WC1N%203AP/Swan",https://www.pint-prices.com/borough-results/Camden,£6.50,2026-07-03T23:10:47+00:00
Camden,81,Hope & Anchor,GUINNESS,£6.10,6.1,"https://www.pint-prices.com/pub/207%20Upper%20Street,%20N1%201RL/Hope%20%26%20Anchor",https://www.pint-prices.com/borough-results/Camden,£6.50,2026-07-03T23:10:47+00:00
Camden,82,The Queens Head,ESTRELLA,£6.10,6.1,"https://www.pint-prices.com/pub/64%20Theobalds%20Rd,%20London%20WC1X%208SF/The%20Queens%20Head",https://www.pint-prices.com/borough-results/Camden,£6.50,2026-07-03T23:10:47+00:00
Camden,83,The Nellie Dean,HEINEKEN,£6.10,6.1,"https://www.pint-prices.com/pub/89%20Dean%20St,%20London%20W1D%203SU/The%20Nellie%20Dean",https://www.pint-prices.com/borough-results/Camden,£6.50,2026-07-03T23:10:47+00:00
Camden,84,Sheephaven Bay,COORS,£6.10,6.1,https://www.pint-prices.com/pub/NW1%207QD/Sheephaven%20Bay,https://www.pint-prices.com/borough-results/Camden,£6.50,2026-07-03T23:10:47+00:00
Camden,85,The Montagu pyke (Wetherspoons),STELLA ARTOIS,£6.13,6.13,https://www.pint-prices.com/pub/WC2H%200DT/The%20Montagu%20pyke%20(Wetherspoons),https://www.pint-prices.com/borough-results/Camden,£6.50,2026-07-03T23:10:47+00:00
Camden,86,The Elephants Head,GUINNESS,£6.15,6.15,"https://www.pint-prices.com/pub/224%20Camden%20High%20St,%20London%20NW1%208QR,%20UK/The%20Elephants%20Head",https://www.pint-prices.com/borough-results/Camden,£6.50,2026-07-03T23:10:47+00:00
Camden,87,Coach & Horses,AMSTEL,£6.15,6.15,"https://www.pint-prices.com/pub/1%20Great%20Malborough%20Street,%20W1F%207HG/Coach%20%26%20Horses",https://www.pint-prices.com/borough-results/Camden,£6.50,2026-07-03T23:10:47+00:00
Camden,88,Duke of York,AMSTEL,£6.15,6.15,"https://www.pint-prices.com/pub/8%20Dering%20Street,%20W1S%201AF/Duke%20of%20York",https://www.pint-prices.com/borough-results/Camden,£6.50,2026-07-03T23:10:47+00:00
Camden,89,Two Brewers,AMSTEL,£6.15,6.15,"https://www.pint-prices.com/pub/40%20Monmouth%20Street,%20WC2H%209EP/Two%20Brewers",https://www.pint-prices.com/borough-results/Camden,£6.50,2026-07-03T23:10:47+00:00
Camden,90,Green Man,AMSTEL,£6.15,6.15,"https://www.pint-prices.com/pub/383%20Euston%20Road,%20NW1%203AU/Green%20Man",https://www.pint-prices.com/borough-results/Camden,£6.50,2026-07-03T23:10:47+00:00
Camden,91,Rising Sun,AMSTEL,£6.15,6.15,"https://www.pint-prices.com/pub/46%20Tottenham%20Court%20Road,%20W1T%202ED/Rising%20Sun",https://www.pint-prices.com/borough-results/Camden,£6.50,2026-07-03T23:10:47+00:00
Camden,92,Plough,AMSTEL,£6.15,6.15,"https://www.pint-prices.com/pub/27%20Museum%20Street,%20WC1A%201LH/Plough",https://www.pint-prices.com/borough-results/Camden,£6.50,2026-07-03T23:10:47+00:00
Camden,93,Museum Tavern,AMSTEL,£6.15,6.15,"https://www.pint-prices.com/pub/49%20Great%20Russell%20Street,%20WC1B%203BA/Museum%20Tavern",https://www.pint-prices.com/borough-results/Camden,£6.50,2026-07-03T23:10:47+00:00
Camden,94,Friend At Hand,AMSTEL,£6.15,6.15,"https://www.pint-prices.com/pub/2-4%20Herbrand%20Street,%20WC1N%201HX/Friend%20At%20Hand",https://www.pint-prices.com/borough-results/Camden,£6.50,2026-07-03T23:10:47+00:00
Camden,95,Royal George (Euston),AMSTEL,£6.20,6.2,"https://www.pint-prices.com/pub/8-14%20Eversholt%20Street,%20NW1%201DG/Royal%20George%20(Euston)",https://www.pint-prices.com/borough-results/Camden,£6.50,2026-07-03T23:10:47+00:00
Camden,96,Lord Raglan,AMSTEL,£6.20,6.2,"https://www.pint-prices.com/pub/61%20St%20Matrins%20Le%20Grand,%20EC1A%204ER/Lord%20Raglan",https://www.pint-prices.com/borough-results/Camden,£6.50,2026-07-03T23:10:47+00:00
Camden,97,The George & Monkey,PAULANER,£6.20,6.2,"https://www.pint-prices.com/pub/68%20Amwell%20St,%20London%20EC1R%201UU/The%20George%20%26%20Monkey",https://www.pint-prices.com/borough-results/Camden,£6.50,2026-07-03T23:10:47+00:00
Camden,98,The Lyric,BUDVAR,£6.20,6.2,"https://www.pint-prices.com/pub/37%20Great%20Windmill%20St,%20London%20W1D%207LT/The%20Lyric",https://www.pint-prices.com/borough-results/Camden,£6.50,2026-07-03T23:10:47+00:00
Camden,99,The Northwood Sports Pub,AMSTEL,£6.20,6.2,"https://www.pint-prices.com/pub/30%20Parkfield%20St,%20London%20N1%200PZ/The%20Northwood%20Sports%20Pub",https://www.pint-prices.com/borough-results/Camden,£6.50,2026-07-03T23:10:47+00:00
Camden,100,The Marquis Cornwallis,PRAVHA,£6.20,6.2,"https://www.pint-prices.com/pub/31%20Marchmont%20St,%20Greater,%20London%20WC1N%201AP/The%20Marquis%20Cornwallis",https://www.pint-prices.com/borough-results/Camden,£6.50,2026-07-03T23:10:47+00:00
Camden,101,The Sutton Arms,PAULANER,£6.20,6.2,"https://www.pint-prices.com/pub/16%20Great%20Sutton%20St,%20London%20EC1V%200DH/The%20Sutton%20Arms",https://www.pint-prices.com/borough-results/Camden,£6.50,2026-07-03T23:10:47+00:00
Camden,102,The Lucky Saint,CAMDEN HELLS,£6.20,6.2,"https://www.pint-prices.com/pub/58%20Devonshire%20St,%20London%20W1W%205EA/The%20Lucky%20Saint",https://www.pint-prices.com/borough-results/Camden,£6.50,2026-07-03T23:10:47+00:00
Camden,103,The Lexington,CRUZCAMPO,£6.20,6.2,"https://www.pint-prices.com/pub/96-98%20Pentonville%20Rd,%20London%20N1%209JB/The%20Lexington",https://www.pint-prices.com/borough-results/Camden,£6.50,2026-07-03T23:10:47+00:00
Camden,104,Shakespeares Head (Soho),AMSTEL,£6.25,6.25,"https://www.pint-prices.com/pub/29%20Great%20Malborough%20Street,%20W1F%207HZ/Shakespeares%20Head%20(Soho)",https://www.pint-prices.com/borough-results/Camden,£6.50,2026-07-03T23:10:47+00:00
Camden,105,Two Brewers,GUINNESS,£6.25,6.25,"https://www.pint-prices.com/pub/40%20Monmouth%20Street,%20WC2H%209EP/Two%20Brewers",https://www.pint-prices.com/borough-results/Camden,£6.50,2026-07-03T23:10:47+00:00
Camden,106,The Sutton Arms,LONDON PRIDE,£6.25,6.25,"https://www.pint-prices.com/pub/16%20Great%20Sutton%20St,%20London%20EC1V%200DH/The%20Sutton%20Arms",https://www.pint-prices.com/borough-results/Camden,£6.50,2026-07-03T23:10:47+00:00
Camden,107,Signal Box,LONDON PRIDE,£6.25,6.25,"https://www.pint-prices.com/pub/Unit%2053,%20Euston%20Station,%20London%20NW1%202DU/Signal%20Box",https://www.pint-prices.com/borough-results/Camden,£6.50,2026-07-03T23:10:47+00:00
Camden,108,Fox on the green,AMSTEL,£6.25,6.25,"https://www.pint-prices.com/pub/1%20Islington%20Grn,%20London%20N1%202XH,%20Reino%20Unido/Fox%20on%20the%20green",https://www.pint-prices.com/borough-results/Camden,£6.50,2026-07-03T23:10:47+00:00
Camden,109,Round Table,AMSTEL,£6.30,6.3,"https://www.pint-prices.com/pub/26-27%20St%20Martins%20Court,%20WC2N%204AL/Round%20Table",https://www.pint-prices.com/borough-results/Camden,£6.50,2026-07-03T23:10:47+00:00
Camden,110,Round Table,GUINNESS,£6.30,6.3,"https://www.pint-prices.com/pub/26-27%20St%20Martins%20Court,%20WC2N%204AL/Round%20Table",https://www.pint-prices.com/borough-results/Camden,£6.50,2026-07-03T23:10:47+00:00
Camden,111,Friend At Hand,GUINNESS,£6.30,6.3,"https://www.pint-prices.com/pub/2-4%20Herbrand%20Street,%20WC1N%201HX/Friend%20At%20Hand",https://www.pint-prices.com/borough-results/Camden,£6.50,2026-07-03T23:10:47+00:00
Camden,112,Camden Head,GUINNESS,£6.30,6.3,"https://www.pint-prices.com/pub/2%20Camden%20Walk,%20N1%208DY/Camden%20Head",https://www.pint-prices.com/borough-results/Camden,£6.50,2026-07-03T23:10:47+00:00
Camden,113,The George IV,CAMDEN HELLS,£6.30,6.3,"https://www.pint-prices.com/pub/28%20Portugal%20St,%20London%20WC2A%202HE/The%20George%20IV",https://www.pint-prices.com/borough-results/Camden,£6.50,2026-07-03T23:10:47+00:00
Camden,114,The Duke of Cambridge,CRATE LAGER,£6.30,6.3,"https://www.pint-prices.com/pub/30%20St%20Peter's%20St,%20London%20N1%208JT/The%20Duke%20of%20Cambridge",https://www.pint-prices.com/borough-results/Camden,£6.50,2026-07-03T23:10:47+00:00
Camden,115,Masons Arms (Mayfair),GUINNESS,£6.35,6.35,"https://www.pint-prices.com/pub/Maddox%20Street,%20W1S%201PY/Masons%20Arms%20(Mayfair)",https://www.pint-prices.com/borough-results/Camden,£6.50,2026-07-03T23:10:47+00:00
Camden,116,Coach & Horses,GUINNESS,£6.35,6.35,"https://www.pint-prices.com/pub/1%20Great%20Malborough%20Street,%20W1F%207HG/Coach%20%26%20Horses",https://www.pint-prices.com/borough-results/Camden,£6.50,2026-07-03T23:10:47+00:00
Camden,117,Ye Olde Cock Tavern,GUINNESS,£6.35,6.35,"https://www.pint-prices.com/pub/22%20Fleet%20Street,%20EC4Y%201AA/Ye%20Olde%20Cock%20Tavern",https://www.pint-prices.com/borough-results/Camden,£6.50,2026-07-03T23:10:47+00:00
Camden,118,Fitzrovia,GUINNESS,£6.35,6.35,"https://www.pint-prices.com/pub/18%20Goodge%20Street,%20W1T%202QT/Fitzrovia",https://www.pint-prices.com/borough-results/Camden,£6.50,2026-07-03T23:10:47+00:00
Camden,119,Rising Sun,GUINNESS,£6.35,6.35,"https://www.pint-prices.com/pub/46%20Tottenham%20Court%20Road,%20W1T%202ED/Rising%20Sun",https://www.pint-prices.com/borough-results/Camden,£6.50,2026-07-03T23:10:47+00:00
Camden,120,Museum Tavern,GUINNESS,£6.35,6.35,"https://www.pint-prices.com/pub/49%20Great%20Russell%20Street,%20WC1B%203BA/Museum%20Tavern",https://www.pint-prices.com/borough-results/Camden,£6.50,2026-07-03T23:10:47+00:00
Camden,121,Swan,GUINNESS,£6.35,6.35,"https://www.pint-prices.com/pub/7%20Cosmo%20Place,%20WC1N%203AP/Swan",https://www.pint-prices.com/borough-results/Camden,£6.50,2026-07-03T23:10:47+00:00
Camden,122,Ye Olde London City,GUINNESS,£6.35,6.35,"https://www.pint-prices.com/pub/42%20Ludgate%20Hill,%20EC4M%207DE/Ye%20Olde%20London%20City",https://www.pint-prices.com/borough-results/Camden,£6.50,2026-07-03T23:10:47+00:00
Camden,123,Lord Raglan,GUINNESS,£6.35,6.35,"https://www.pint-prices.com/pub/61%20St%20Matrins%20Le%20Grand,%20EC1A%204ER/Lord%20Raglan",https://www.pint-prices.com/borough-results/Camden,£6.50,2026-07-03T23:10:47+00:00
Camden,124,Yorkshire Grey,AMSTEL,£6.35,6.35,https://www.pint-prices.com/pub/WC1X%208PN/Yorkshire%20Grey,https://www.pint-prices.com/borough-results/Camden,£6.50,2026-07-03T23:10:47+00:00
Camden,125,The Regent,GUINNESS,£6.40,6.4,"https://www.pint-prices.com/pub/201-203%20Liverpool%20Rd,%20London%20N1%201LX,%20UK/The%20Regent",https://www.pint-prices.com/borough-results/Camden,£6.50,2026-07-03T23:10:47+00:00
Camden,126,Golden Lion (Soho),GUINNESS,£6.40,6.4,"https://www.pint-prices.com/pub/51%20Dean%20Street,%20W1D%205BH/Golden%20Lion%20(Soho)",https://www.pint-prices.com/borough-results/Camden,£6.50,2026-07-03T23:10:47+00:00
Camden,127,Duke of York,GUINNESS,£6.40,6.4,"https://www.pint-prices.com/pub/8%20Dering%20Street,%20W1S%201AF/Duke%20of%20York",https://www.pint-prices.com/borough-results/Camden,£6.50,2026-07-03T23:10:47+00:00
Camden,128,Prince of Wales (Covent Garden),GUINNESS,£6.40,6.4,"https://www.pint-prices.com/pub/150%20Drury%20Lane,%20WC2B%205TD/Prince%20of%20Wales%20(Covent%20Garden)",https://www.pint-prices.com/borough-results/Camden,£6.50,2026-07-03T23:10:47+00:00
Camden,129,Ye Olde Cock Tavern,NECK OIL,£6.40,6.4,"https://www.pint-prices.com/pub/22%20Fleet%20Street,%20EC4Y%201AA/Ye%20Olde%20Cock%20Tavern",https://www.pint-prices.com/borough-results/Camden,£6.50,2026-07-03T23:10:47+00:00
Camden,130,Royal George (Euston),GUINNESS,£6.40,6.4,"https://www.pint-prices.com/pub/8-14%20Eversholt%20Street,%20NW1%201DG/Royal%20George%20(Euston)",https://www.pint-prices.com/borough-results/Camden,£6.50,2026-07-03T23:10:47+00:00
Camden,131,Plough,GUINNESS,£6.40,6.4,"https://www.pint-prices.com/pub/27%20Museum%20Street,%20WC1A%201LH/Plough",https://www.pint-prices.com/borough-results/Camden,£6.50,2026-07-03T23:10:47+00:00
Camden,132,The Blue Lion,BLUE MOON,£6.40,6.4,"https://www.pint-prices.com/pub/133%20Grays%20Inn%20Rd,%20London%20WC1X%208TU/The%20Blue%20Lion",https://www.pint-prices.com/borough-results/Camden,£6.50,2026-07-03T23:10:47+00:00
Camden,133,The Duke of Argyll,TADDY LAGER,£6.40,6.4,"https://www.pint-prices.com/pub/37%20Brewer%20St,%20London%20W1F%200RY/The%20Duke%20of%20Argyll",https://www.pint-prices.com/borough-results/Camden,£6.50,2026-07-03T23:10:47+00:00
Camden,134,The Glasshouse Stores,TADDY LAGER,£6.40,6.4,"https://www.pint-prices.com/pub/55%20Brewer%20St,%20London%20W1F%209UJ/The%20Glasshouse%20Stores",https://www.pint-prices.com/borough-results/Camden,£6.50,2026-07-03T23:10:47+00:00
Camden,135,The Plaquemine Lock,ESTRELLA,£6.40,6.4,"https://www.pint-prices.com/pub/139%20Graham%20St,%20London%20N1%208LB/The%20Plaquemine%20Lock",https://www.pint-prices.com/borough-results/Camden,£6.50,2026-07-03T23:10:47+00:00
Camden,136,The Junction,CRUZCAMPO,£6.40,6.4,"https://www.pint-prices.com/pub/Noble%20House,%203-5%20Islington%20High%20St,%20London%20N1%209LQ/The%20Junction",https://www.pint-prices.com/borough-results/Camden,£6.50,2026-07-03T23:10:47+00:00
Camden,137,The King and Queen,INCHES,£6.40,6.4,https://www.pint-prices.com/pub/W1W%206DL/The%20King%20and%20Queen,https://www.pint-prices.com/borough-results/Camden,£6.50,2026-07-03T23:10:47+00:00
Camden,138,The Elephants Head,PERONI,£6.45,6.45,"https://www.pint-prices.com/pub/224%20Camden%20High%20St,%20London%20NW1%208QR,%20UK/The%20Elephants%20Head",https://www.pint-prices.com/borough-results/Camden,£6.50,2026-07-03T23:10:47+00:00
Camden,139,The Elephants Head,ASAHI,£6.45,6.45,"https://www.pint-prices.com/pub/224%20Camden%20High%20St,%20London%20NW1%208QR,%20UK/The%20Elephants%20Head",https://www.pint-prices.com/borough-results/Camden,£6.50,2026-07-03T23:10:47+00:00
Camden,140,Mem & Laz Brasserie,URQUELL,£6.45,6.45,"https://www.pint-prices.com/pub/8%20Theberton%20St,%20London%20N1%200QX,%20UK/Mem%20%26%20Laz%20Brasserie",https://www.pint-prices.com/borough-results/Camden,£6.50,2026-07-03T23:10:47+00:00
Camden,141,Shakespeares Head (Soho),GUINNESS,£6.45,6.45,"https://www.pint-prices.com/pub/29%20Great%20Malborough%20Street,%20W1F%207HZ/Shakespeares%20Head%20(Soho)",https://www.pint-prices.com/borough-results/Camden,£6.50,2026-07-03T23:10:47+00:00
Camden,142,Golden Lion (Soho),AMSTEL,£6.45,6.45,"https://www.pint-prices.com/pub/51%20Dean%20Street,%20W1D%205BH/Golden%20Lion%20(Soho)",https://www.pint-prices.com/borough-results/Camden,£6.50,2026-07-03T23:10:47+00:00
Camden,143,Crown (Covent Garden),GUINNESS,£6.45,6.45,"https://www.pint-prices.com/pub/43%20Monmouth%20Street,%20WC2H%209DD/Crown%20(Covent%20Garden)",https://www.pint-prices.com/borough-results/Camden,£6.50,2026-07-03T23:10:47+00:00
Camden,144,The Perseverance,ESTRELLA,£6.45,6.45,"https://www.pint-prices.com/pub/63%20Lamb's%20Conduit%20St,%20London%20WC1N%203NB/The%20Perseverance",https://www.pint-prices.com/borough-results/Camden,£6.50,2026-07-03T23:10:47+00:00
Camden,145,Hope & Anchor,CAMDEN HELLS,£6.45,6.45,"https://www.pint-prices.com/pub/207%20Upper%20St,%20London%20N1%201RL/Hope%20%26%20Anchor",https://www.pint-prices.com/borough-results/Camden,£6.50,2026-07-03T23:10:47+00:00
Camden,146,Lord Raglan (Holborn),AMSTEL,£6.45,6.45,"https://www.pint-prices.com/pub/61%20St%20Martins%20Le%20Grand,%20,%20Holborn,%20England/Lord%20Raglan%20(Holborn)",https://www.pint-prices.com/borough-results/Camden,£6.50,2026-07-03T23:10:47+00:00
Camden,147,Lord Raglan (Holborn),ABBOT ALE,£6.45,6.45,"https://www.pint-prices.com/pub/61%20St%20Martins%20Le%20Grand,%20,%20Holborn,%20England/Lord%20Raglan%20(Holborn)",https://www.pint-prices.com/borough-results/Camden,£6.50,2026-07-03T23:10:47+00:00
Camden,148,The Abbey Tavern Pub | Kentish Town,BIRRA MORETTI,£6.50,6.5,"https://www.pint-prices.com/pub/124%20Kentish%20Town%20Rd,%20London%20NW1%209QB,%20UK/The%20Abbey%20Tavern%20Pub%20%7C%20Kentish%20Town",https://www.pint-prices.com/borough-results/Camden,£6.50,2026-07-03T23:10:47+00:00
Camden,149,The Blackfriar,PRAVHA,£6.50,6.5,"https://www.pint-prices.com/pub/174%20Queen%20Victoria%20St,%20Greater,%20London%20EC4V%204EG,%20UK/The%20Blackfriar",https://www.pint-prices.com/borough-results/Camden,£6.50,2026-07-03T23:10:47+00:00
Camden,150,German Gymnasium,OECHSNER,£6.50,6.5,"https://www.pint-prices.com/pub/King%E2%80%99s%20Blvd,%20Kings%20Cross,%20London%20N1C%204BU/German%20Gymnasium",https://www.pint-prices.com/borough-results/Camden,£6.50,2026-07-03T23:10:47+00:00
Camden,151,The Regent,CAMDEN HELLS,£6.50,6.5,"https://www.pint-prices.com/pub/201-203%20Liverpool%20Rd,%20London%20N1%201LX,%20UK/The%20Regent",https://www.pint-prices.com/borough-results/Camden,£6.50,2026-07-03T23:10:47+00:00
Camden,152,Tootoomoo Islington,ASAHI,£6.50,6.5,"https://www.pint-prices.com/pub/278%20St%20Paul's%20Rd,%20London%20N1%202LH,%20UK/Tootoomoo%20Islington",https://www.pint-prices.com/borough-results/Camden,£6.50,2026-07-03T23:10:47+00:00
Camden,153,Tootoomoo Islington,MEANTIME IPA,£6.50,6.5,"https://www.pint-prices.com/pub/278%20St%20Paul's%20Rd,%20London%20N1%202LH,%20UK/Tootoomoo%20Islington",https://www.pint-prices.com/borough-results/Camden,£6.50,2026-07-03T23:10:47+00:00
Camden,154,The Scottish Stores,CAMDEN PALE ALE,£6.50,6.5,"https://www.pint-prices.com/pub/6%20Caledonian%20Rd,%20London%20N1%209DT/The%20Scottish%20Stores",https://www.pint-prices.com/borough-results/Camden,£6.50,2026-07-03T23:10:47+00:00
Camden,155,Brewmaster,GUINNESS,£6.50,6.5,"https://www.pint-prices.com/pub/37%20Cranbourn%20Street,%20WC2H%207AD/Brewmaster",https://www.pint-prices.com/borough-results/Camden,£6.50,2026-07-03T23:10:47+00:00
Camden,156,Finery,GUINNESS,£6.50,6.5,"https://www.pint-prices.com/pub/23%20Great%20Castle%20Street,%20W1G%200JA/Finery",https://www.pint-prices.com/borough-results/Camden,£6.50,2026-07-03T23:10:47+00:00
Camden,157,The Dolphin Tavern,CRUZCAMPO,£6.50,6.5,"https://www.pint-prices.com/pub/44%20Red%20Lion%20St,%20London%20WC1R%204PF/The%20Dolphin%20Tavern",https://www.pint-prices.com/borough-results/Camden,£6.50,2026-07-03T23:10:47+00:00
Camden,158,The Seven Stars,BITBURGER,£6.50,6.5,"https://www.pint-prices.com/pub/53%20Carey%20St,%20London%20WC2A%203QS/The%20Seven%20Stars",https://www.pint-prices.com/borough-results/Camden,£6.50,2026-07-03T23:10:47+00:00
Camden,159,The Northumberland Arms,CRUZAMPO,£6.50,6.5,"https://www.pint-prices.com/pub/141%20King%E2%80%99s%20Cross%20Rd,%20London%20WC1X%209BJ/The%20Northumberland%20Arms",https://www.pint-prices.com/borough-results/Camden,£6.50,2026-07-03T23:10:47+00:00
Camden,160,The Duke,ESTRELLA,£6.50,6.5,"https://www.pint-prices.com/pub/7%20Roger%20St,%20London%20WC1N%202PB/The%20Duke",https://www.pint-prices.com/borough-results/Camden,£6.50,2026-07-03T23:10:47+00:00
Camden,161,The Rugby Tavern,CRUZCAMPO,£6.50,6.5,"https://www.pint-prices.com/pub/19%20Great%20James%20St,%20London%20WC1N%203ES/The%20Rugby%20Tavern",https://www.pint-prices.com/borough-results/Camden,£6.50,2026-07-03T23:10:47+00:00
Camden,162,"The Toucan,",GUINNESS,£6.50,6.5,"https://www.pint-prices.com/pub/19%20Carlisle%20St,%20London%20W1D%203BY/The%20Toucan,",https://www.pint-prices.com/borough-results/Camden,£6.50,2026-07-03T23:10:47+00:00
Camden,163,The Tipperary,GUINNESS,£6.50,6.5,"https://www.pint-prices.com/pub/66%20Fleet%20St,%20Temple,%20London%20EC4Y%201HT/The%20Tipperary",https://www.pint-prices.com/borough-results/Camden,£6.50,2026-07-03T23:10:47+00:00
Camden,164,The Alwyne Castle,PRAVHA,£6.50,6.5,"https://www.pint-prices.com/pub/83%20St%20Paul's%20Rd,%20Greater,%20London%20N1%202LY/The%20Alwyne%20Castle",https://www.pint-prices.com/borough-results/Camden,£6.50,2026-07-03T23:10:47+00:00
Camden,165,The Alwyne Castle,PRAVHA,£6.50,6.5,"https://www.pint-prices.com/pub/83%20St%20Paul's%20Rd,%20Greater,%20London%20N1%202LY/The%20Alwyne%20Castle",https://www.pint-prices.com/borough-results/Camden,£6.50,2026-07-03T23:10:47+00:00
Camden,166,Blues Kitchen,CAMDEN HELLS,£6.50,6.5,"https://www.pint-prices.com/pub/111-113%20Camden%20High%20St,%20London%20NW1%207JN/Blues%20Kitchen",https://www.pint-prices.com/borough-results/Camden,£6.50,2026-07-03T23:10:47+00:00
Camden,167,White Bear,PRAVHA,£6.50,6.5,https://www.pint-prices.com/pub/SE11%204DJ/White%20Bear,https://www.pint-prices.com/borough-results/Camden,£6.50,2026-07-03T23:10:47+00:00
Camden,168,Lucas Arms,NECK OIL,£6.55,6.55,"https://www.pint-prices.com/pub/245A%20Grays%20Inn%20Road,%20WC1X%208QY/Lucas%20Arms",https://www.pint-prices.com/borough-results/Camden,£6.50,2026-07-03T23:10:47+00:00
Camden,169,Crown & Anchor,ESTRELLA,£6.55,6.55,"https://www.pint-prices.com/pub/137%20Drummond%20St,%20London%20NW1%202HL/Crown%20%26%20Anchor",https://www.pint-prices.com/borough-results/Camden,£6.50,2026-07-03T23:10:47+00:00
Camden,170,Ye Olde London,ESTRELLA,£6.55,6.55,"https://www.pint-prices.com/pub/42%20Ludgate%20Hill,%20London%20EC4M%207DE/Ye%20Olde%20London",https://www.pint-prices.com/borough-results/Camden,£6.50,2026-07-03T23:10:47+00:00
Camden,171,The Sutton Arms,AMSTEL,£6.55,6.55,"https://www.pint-prices.com/pub/16%20Great%20Sutton%20St,%20London%20EC1V%200DH/The%20Sutton%20Arms",https://www.pint-prices.com/borough-results/Camden,£6.50,2026-07-03T23:10:47+00:00
Camden,172,Frederick's,DOOMBAR,£6.60,6.6,"https://www.pint-prices.com/pub/106%20Islington%20High%20St,%20London%20N1%208EG,%20UK/Frederick's",https://www.pint-prices.com/borough-results/Camden,£6.50,2026-07-03T23:10:47+00:00
Camden,173,Ye Olde Cock Tavern,MADRI,£6.60,6.6,"https://www.pint-prices.com/pub/22%20Fleet%20Street,%20EC4Y%201AA/Ye%20Olde%20Cock%20Tavern",https://www.pint-prices.com/borough-results/Camden,£6.50,2026-07-03T23:10:47+00:00
Camden,174,Lucas Arms,BIRRA MORETTI,£6.60,6.6,"https://www.pint-prices.com/pub/245A%20Grays%20Inn%20Road,%20WC1X%208QY/Lucas%20Arms",https://www.pint-prices.com/borough-results/Camden,£6.50,2026-07-03T23:10:47+00:00
Camden,175,The Library,CAMDEN HELLS,£6.60,6.6,"https://www.pint-prices.com/pub/235%20Upper%20St,%20London%20N1%201RU/The%20Library",https://www.pint-prices.com/borough-results/Camden,£6.50,2026-07-03T23:10:47+00:00
Camden,176,The Royal George,CAMDEN HELLS,£6.60,6.6,"https://www.pint-prices.com/pub/133%20Charing%20Cross%20Rd,%20London%20WC2H%200EA/The%20Royal%20George",https://www.pint-prices.com/borough-results/Camden,£6.50,2026-07-03T23:10:47+00:00
Camden,177,The Three Kings,GUINNESS,£6.60,6.6,"https://www.pint-prices.com/pub/7%20Clerkenwell%20Close,%20London%20EC1R%200DY/The%20Three%20Kings",https://www.pint-prices.com/borough-results/Camden,£6.50,2026-07-03T23:10:47+00:00
Camden,178,The Alwyne Castle,ASPALL,£6.60,6.6,"https://www.pint-prices.com/pub/83%20St%20Paul's%20Rd,%20Greater,%20London%20N1%202LY/The%20Alwyne%20Castle",https://www.pint-prices.com/borough-results/Camden,£6.50,2026-07-03T23:10:47+00:00
Camden,179,The Alwyne Castle,ASPALL,£6.60,6.6,"https://www.pint-prices.com/pub/83%20St%20Paul's%20Rd,%20Greater,%20London%20N1%202LY/The%20Alwyne%20Castle",https://www.pint-prices.com/borough-results/Camden,£6.50,2026-07-03T23:10:47+00:00
Camden,180,The Court,GUINNESS,£6.60,6.6,https://www.pint-prices.com/pub/W1T%205AA/The%20Court,https://www.pint-prices.com/borough-results/Camden,£6.50,2026-07-03T23:10:47+00:00
Camden,181,Plough,MADRI,£6.65,6.65,"https://www.pint-prices.com/pub/27%20Museum%20Street,%20WC1A%201LH/Plough",https://www.pint-prices.com/borough-results/Camden,£6.50,2026-07-03T23:10:47+00:00
Camden,182,Ye Olde London City,ESTRELLA,£6.65,6.65,"https://www.pint-prices.com/pub/42%20Ludgate%20Hill,%20EC4M%207DE/Ye%20Olde%20London%20City",https://www.pint-prices.com/borough-results/Camden,£6.50,2026-07-03T23:10:47+00:00
Camden,183,The Lamb,ESTRELLA,£6.65,6.65,"https://www.pint-prices.com/pub/94%20Lamb's%20Conduit%20St,%20London%20WC1N%201EA/The%20Lamb",https://www.pint-prices.com/borough-results/Camden,£6.50,2026-07-03T23:10:47+00:00
Camden,184,Signal Box,GRIFFIN IPA,£6.65,6.65,"https://www.pint-prices.com/pub/Unit%2053,%20Euston%20Station,%20London%20NW1%202DU/Signal%20Box",https://www.pint-prices.com/borough-results/Camden,£6.50,2026-07-03T23:10:47+00:00
Camden,185,The Abbey Tavern Pub | Kentish Town,GUINNESS,£6.70,6.7,"https://www.pint-prices.com/pub/124%20Kentish%20Town%20Rd,%20London%20NW1%209QB,%20UK/The%20Abbey%20Tavern%20Pub%20%7C%20Kentish%20Town",https://www.pint-prices.com/borough-results/Camden,£6.50,2026-07-03T23:10:47+00:00
Camden,186,The Elephants Head,NECK OIL,£6.70,6.7,"https://www.pint-prices.com/pub/224%20Camden%20High%20St,%20London%20NW1%208QR,%20UK/The%20Elephants%20Head",https://www.pint-prices.com/borough-results/Camden,£6.50,2026-07-03T23:10:47+00:00
Camden,187,The Nags Head,AMSTEL,£6.70,6.7,"https://www.pint-prices.com/pub/10%20James%20St,%20London%20WC2E88T/The%20Nags%20Head",https://www.pint-prices.com/borough-results/Camden,£6.50,2026-07-03T23:10:47+00:00
Camden,188,The Pregnant Man,CAMDEN HELLS,£6.70,6.7,"https://www.pint-prices.com/pub/40%20Chancery%20Lane,%20London%20WC2A%201JA/The%20Pregnant%20Man",https://www.pint-prices.com/borough-results/Camden,£6.50,2026-07-03T23:10:47+00:00
Camden,189,The Shakespeare,BIRRA MORETTI,£6.70,6.7,"https://www.pint-prices.com/pub/2%20Goswell%20Rd.,%20Golden%20Lane%20Estate,%20London%20EC1M%207AA/The%20Shakespeare",https://www.pint-prices.com/borough-results/Camden,£6.50,2026-07-03T23:10:47+00:00
Camden,190,The Queens Head & Artichoke,ESTRELLA,£6.70,6.7,"https://www.pint-prices.com/pub/30-32%20Albany%20St,%20London%20NW1%204EA/The%20Queens%20Head%20%26%20Artichoke",https://www.pint-prices.com/borough-results/Camden,£6.50,2026-07-03T23:10:47+00:00
Camden,191,The Colonel Fawcett,BIRRA MORETTI,£6.70,6.7,"https://www.pint-prices.com/pub/1%20Randolph%20St,%20London%20NW1%200SS/The%20Colonel%20Fawcett",https://www.pint-prices.com/borough-results/Camden,£6.50,2026-07-03T23:10:47+00:00
Camden,192,The Bountiful Cow,CRUZCAMPO,£6.70,6.7,"https://www.pint-prices.com/pub/51%20Eagle%20St,%20London%20WC1R%204AP/The%20Bountiful%20Cow",https://www.pint-prices.com/borough-results/Camden,£6.50,2026-07-03T23:10:47+00:00
Camden,193,The Bountiful Cow,CRUZCAMPO,£6.70,6.7,"https://www.pint-prices.com/pub/51%20Eagle%20St,%20London%20WC1R%204AP/The%20Bountiful%20Cow",https://www.pint-prices.com/borough-results/Camden,£6.50,2026-07-03T23:10:47+00:00
Camden,194,Lord Raglan (Holborn),GUINNESS,£6.70,6.7,"https://www.pint-prices.com/pub/61%20St%20Martins%20Le%20Grand,%20,%20Holborn,%20England/Lord%20Raglan%20(Holborn)",https://www.pint-prices.com/borough-results/Camden,£6.50,2026-07-03T23:10:47+00:00
Camden,195,Lord Raglan (Holborn),ASPALL CYDER,£6.70,6.7,"https://www.pint-prices.com/pub/61%20St%20Martins%20Le%20Grand,%20,%20Holborn,%20England/Lord%20Raglan%20(Holborn)",https://www.pint-prices.com/borough-results/Camden,£6.50,2026-07-03T23:10:47+00:00
Camden,196,Lucas Arms,ESTRELLA,£6.75,6.75,"https://www.pint-prices.com/pub/245A%20Grays%20Inn%20Road,%20WC1X%208QY/Lucas%20Arms",https://www.pint-prices.com/borough-results/Camden,£6.50,2026-07-03T23:10:47+00:00
Camden,197,The Castle,ESTRELLA,£6.75,6.75,"https://www.pint-prices.com/pub/54%20Pentonville%20Rd,%20London%20N1%209HF/The%20Castle",https://www.pint-prices.com/borough-results/Camden,£6.50,2026-07-03T23:10:47+00:00
Camden,198,The Crown & Two Chairmen,ESTRELLA,£6.75,6.75,"https://www.pint-prices.com/pub/31-32%20Dean%20St,%20London%20W1D%203SB/The%20Crown%20%26%20Two%20Chairmen",https://www.pint-prices.com/borough-results/Camden,£6.50,2026-07-03T23:10:47+00:00
Camden,199,The Famous Cock,PILSNER URQUELL,£6.75,6.75,"https://www.pint-prices.com/pub/259%20Upper%20St,%20London%20N1%201RU/The%20Famous%20Cock",https://www.pint-prices.com/borough-results/Camden,£6.50,2026-07-03T23:10:47+00:00
Camden,200,The Old Bank of England,GUINNESS,£6.80,6.8,"https://www.pint-prices.com/pub/194%20Fleet%20St,%20London%20EC4A%202LT/The%20Old%20Bank%20of%20England",https://www.pint-prices.com/borough-results/Camden,£6.50,2026-07-03T23:10:47+00:00
Camden,201,Crown (Covent Garden),MADRI,£6.80,6.8,"https://www.pint-prices.com/pub/43%20Monmouth%20Street,%20WC2H%209DD/Crown%20(Covent%20Garden)",https://www.pint-prices.com/borough-results/Camden,£6.50,2026-07-03T23:10:47+00:00
Camden,202,Punch & Judy,GUINNESS,£6.80,6.8,"https://www.pint-prices.com/pub/40%20The%20Market,%20WC2E%208RF/Punch%20%26%20Judy",https://www.pint-prices.com/borough-results/Camden,£6.50,2026-07-03T23:10:47+00:00
Camden,203,The Water Rats,ESTRELLA,£6.80,6.8,"https://www.pint-prices.com/pub/328%20Grays%20Inn%20Rd,%20London%20WC1X%208BZ/The%20Water%20Rats",https://www.pint-prices.com/borough-results/Camden,£6.50,2026-07-03T23:10:47+00:00
Camden,204,The Rocket,HEINEKEN,£6.80,6.8,"https://www.pint-prices.com/pub/120%20Euston%20Rd.,%20London%20NW1%202AL/The%20Rocket",https://www.pint-prices.com/borough-results/Camden,£6.50,2026-07-03T23:10:47+00:00
Camden,205,The White Bear,MAHOU,£6.80,6.8,"https://www.pint-prices.com/pub/57%20St%20John%20St,%20London%20EC1M%204AN/The%20White%20Bear",https://www.pint-prices.com/borough-results/Camden,£6.50,2026-07-03T23:10:47+00:00
Camden,206,Royal George (Euston),MADRI,£6.85,6.85,"https://www.pint-prices.com/pub/8-14%20Eversholt%20Street,%20NW1%201DG/Royal%20George%20(Euston)",https://www.pint-prices.com/borough-results/Camden,£6.50,2026-07-03T23:10:47+00:00
Camden,207,Friend At Hand,BIRRA MORETTI,£6.85,6.85,"https://www.pint-prices.com/pub/2-4%20Herbrand%20Street,%20WC1N%201HX/Friend%20At%20Hand",https://www.pint-prices.com/borough-results/Camden,£6.50,2026-07-03T23:10:47+00:00
Camden,208,The Edinboro Castle,LONDON PRIDE,£6.85,6.85,https://www.pint-prices.com/pub/NW1%207RU/The%20Edinboro%20Castle,https://www.pint-prices.com/borough-results/Camden,£6.50,2026-07-03T23:10:47+00:00
Camden,209,Coach & Horses,CORONA,£6.90,6.9,"https://www.pint-prices.com/pub/1%20Great%20Malborough%20Street,%20W1F%207HG/Coach%20%26%20Horses",https://www.pint-prices.com/borough-results/Camden,£6.50,2026-07-03T23:10:47+00:00
Camden,210,Duke of York,ESTRELLA,£6.90,6.9,"https://www.pint-prices.com/pub/8%20Dering%20Street,%20W1S%201AF/Duke%20of%20York",https://www.pint-prices.com/borough-results/Camden,£6.50,2026-07-03T23:10:47+00:00
Camden,211,Ye Olde Cock Tavern,ESTRELLA,£6.90,6.9,"https://www.pint-prices.com/pub/22%20Fleet%20Street,%20EC4Y%201AA/Ye%20Olde%20Cock%20Tavern",https://www.pint-prices.com/borough-results/Camden,£6.50,2026-07-03T23:10:47+00:00
Camden,212,Rising Sun,ESTRELLA,£6.90,6.9,"https://www.pint-prices.com/pub/46%20Tottenham%20Court%20Road,%20W1T%202ED/Rising%20Sun",https://www.pint-prices.com/borough-results/Camden,£6.50,2026-07-03T23:10:47+00:00
Camden,213,Friend At Hand,ESTRELLA,£6.90,6.9,"https://www.pint-prices.com/pub/2-4%20Herbrand%20Street,%20WC1N%201HX/Friend%20At%20Hand",https://www.pint-prices.com/borough-results/Camden,£6.50,2026-07-03T23:10:47+00:00
Camden,214,Camden Head,ESTRELLA,£6.90,6.9,"https://www.pint-prices.com/pub/2%20Camden%20Walk,%20N1%208DY/Camden%20Head",https://www.pint-prices.com/borough-results/Camden,£6.50,2026-07-03T23:10:47+00:00
Camden,215,Lucas Arms,PERONI,£6.90,6.9,"https://www.pint-prices.com/pub/245A%20Grays%20Inn%20Road,%20WC1X%208QY/Lucas%20Arms",https://www.pint-prices.com/borough-results/Camden,£6.50,2026-07-03T23:10:47+00:00
Camden,216,Ye Olde London,OLD MOUT CIDER,£6.90,6.9,"https://www.pint-prices.com/pub/42%20Ludgate%20Hill,%20London%20EC4M%207DE/Ye%20Olde%20London",https://www.pint-prices.com/borough-results/Camden,£6.50,2026-07-03T23:10:47+00:00
Camden,217,The Edinboro Castle,PRAVHA,£6.90,6.9,https://www.pint-prices.com/pub/NW1%207RU/The%20Edinboro%20Castle,https://www.pint-prices.com/borough-results/Camden,£6.50,2026-07-03T23:10:47+00:00
Camden,218,The Bishops Finger,GUINNESS,£6.90,6.9,https://www.pint-prices.com/pub/%20CT2%208AF/The%20Bishops%20Finger,https://www.pint-prices.com/borough-results/Camden,£6.50,2026-07-03T23:10:47+00:00
Camden,219,Mem & Laz Brasserie,PERONI,£6.95,6.95,"https://www.pint-prices.com/pub/8%20Theberton%20St,%20London%20N1%200QX,%20UK/Mem%20%26%20Laz%20Brasserie",https://www.pint-prices.com/borough-results/Camden,£6.50,2026-07-03T23:10:47+00:00
Camden,220,Coach & Horses,MADRI,£6.95,6.95,"https://www.pint-prices.com/pub/1%20Great%20Malborough%20Street,%20W1F%207HG/Coach%20%26%20Horses",https://www.pint-prices.com/borough-results/Camden,£6.50,2026-07-03T23:10:47+00:00
Camden,221,Coach & Horses,ESTRELLA,£6.95,6.95,"https://www.pint-prices.com/pub/1%20Great%20Malborough%20Street,%20W1F%207HG/Coach%20%26%20Horses",https://www.pint-prices.com/borough-results/Camden,£6.50,2026-07-03T23:10:47+00:00
Camden,222,Swan,ESTRELLA,£6.95,6.95,"https://www.pint-prices.com/pub/7%20Cosmo%20Place,%20WC1N%203AP/Swan",https://www.pint-prices.com/borough-results/Camden,£6.50,2026-07-03T23:10:47+00:00
Camden,223,Swan,BIRRA MORETTI,£6.95,6.95,"https://www.pint-prices.com/pub/7%20Cosmo%20Place,%20WC1N%203AP/Swan",https://www.pint-prices.com/borough-results/Camden,£6.50,2026-07-03T23:10:47+00:00
Camden,224,Finery,BIRRA MORETTI,£7.00,7.0,"https://www.pint-prices.com/pub/23%20Great%20Castle%20Street,%20W1G%200JA/Finery",https://www.pint-prices.com/borough-results/Camden,£6.50,2026-07-03T23:10:47+00:00
Camden,225,Duke of York,BIRRA MORETTI,£7.00,7.0,"https://www.pint-prices.com/pub/8%20Dering%20Street,%20W1S%201AF/Duke%20of%20York",https://www.pint-prices.com/borough-results/Camden,£6.50,2026-07-03T23:10:47+00:00
Camden,226,Two Brewers,ESTRELLA,£7.00,7.0,"https://www.pint-prices.com/pub/40%20Monmouth%20Street,%20WC2H%209EP/Two%20Brewers",https://www.pint-prices.com/borough-results/Camden,£6.50,2026-07-03T23:10:47+00:00
Camden,227,Crown (Covent Garden),ESTRELLA,£7.00,7.0,"https://www.pint-prices.com/pub/43%20Monmouth%20Street,%20WC2H%209DD/Crown%20(Covent%20Garden)",https://www.pint-prices.com/borough-results/Camden,£6.50,2026-07-03T23:10:47+00:00
Camden,228,Ye Olde Cock Tavern,BIRRA MORETTI,£7.00,7.0,"https://www.pint-prices.com/pub/22%20Fleet%20Street,%20EC4Y%201AA/Ye%20Olde%20Cock%20Tavern",https://www.pint-prices.com/borough-results/Camden,£6.50,2026-07-03T23:10:47+00:00
Camden,229,Fitzrovia,ESTRELLA,£7.00,7.0,"https://www.pint-prices.com/pub/18%20Goodge%20Street,%20W1T%202QT/Fitzrovia",https://www.pint-prices.com/borough-results/Camden,£6.50,2026-07-03T23:10:47+00:00
Camden,230,Fitzrovia,BIRRA MORETTI,£7.00,7.0,"https://www.pint-prices.com/pub/18%20Goodge%20Street,%20W1T%202QT/Fitzrovia",https://www.pint-prices.com/borough-results/Camden,£6.50,2026-07-03T23:10:47+00:00
Camden,231,Rising Sun,BIRRA MORETTI,£7.00,7.0,"https://www.pint-prices.com/pub/46%20Tottenham%20Court%20Road,%20W1T%202ED/Rising%20Sun",https://www.pint-prices.com/borough-results/Camden,£6.50,2026-07-03T23:10:47+00:00
Camden,232,Plough,ESTRELLA,£7.00,7.0,"https://www.pint-prices.com/pub/27%20Museum%20Street,%20WC1A%201LH/Plough",https://www.pint-prices.com/borough-results/Camden,£6.50,2026-07-03T23:10:47+00:00
Camden,233,Museum Tavern,ESTRELLA,£7.00,7.0,"https://www.pint-prices.com/pub/49%20Great%20Russell%20Street,%20WC1B%203BA/Museum%20Tavern",https://www.pint-prices.com/borough-results/Camden,£6.50,2026-07-03T23:10:47+00:00
Camden,234,Lord Raglan,ESTRELLA,£7.00,7.0,"https://www.pint-prices.com/pub/61%20St%20Matrins%20Le%20Grand,%20EC1A%204ER/Lord%20Raglan",https://www.pint-prices.com/borough-results/Camden,£6.50,2026-07-03T23:10:47+00:00
Camden,235,Lord Raglan,BIRRA MORETTI,£7.00,7.0,"https://www.pint-prices.com/pub/61%20St%20Matrins%20Le%20Grand,%20EC1A%204ER/Lord%20Raglan",https://www.pint-prices.com/borough-results/Camden,£6.50,2026-07-03T23:10:47+00:00
Camden,236,The Yorkshire Grey,ASAHI,£7.00,7.0,"https://www.pint-prices.com/pub/2%20Theobalds%20Rd,%20London%20WC1X%208PN/The%20Yorkshire%20Grey",https://www.pint-prices.com/borough-results/Camden,£6.50,2026-07-03T23:10:47+00:00
Camden,237,The Island Queen,CAMDEN HELLS,£7.00,7.0,"https://www.pint-prices.com/pub/87%20Noel%20Rd,%20London%20N1%208HD/The%20Island%20Queen",https://www.pint-prices.com/borough-results/Camden,£6.50,2026-07-03T23:10:47+00:00
Camden,238,Mabel's Tavern,SINGHA,£7.00,7.0,"https://www.pint-prices.com/pub/9%20Mabledon%20Pl,%20London%20WC1H%209AZ/Mabel's%20Tavern",https://www.pint-prices.com/borough-results/Camden,£6.50,2026-07-03T23:10:47+00:00
Camden,239,Masons Arms (Mayfair),NECK OIL,£7.05,7.05,"https://www.pint-prices.com/pub/Maddox%20Street,%20W1S%201PY/Masons%20Arms%20(Mayfair)",https://www.pint-prices.com/borough-results/Camden,£6.50,2026-07-03T23:10:47+00:00
Camden,240,Finery,MADRI,£7.05,7.05,"https://www.pint-prices.com/pub/23%20Great%20Castle%20Street,%20W1G%200JA/Finery",https://www.pint-prices.com/borough-results/Camden,£6.50,2026-07-03T23:10:47+00:00
Camden,241,Finery,ESTRELLA,£7.05,7.05,"https://www.pint-prices.com/pub/23%20Great%20Castle%20Street,%20W1G%200JA/Finery",https://www.pint-prices.com/borough-results/Camden,£6.50,2026-07-03T23:10:47+00:00
Camden,242,Two Brewers,BIRRA MORETTI,£7.05,7.05,"https://www.pint-prices.com/pub/40%20Monmouth%20Street,%20WC2H%209EP/Two%20Brewers",https://www.pint-prices.com/borough-results/Camden,£6.50,2026-07-03T23:10:47+00:00
Camden,243,Royal George (Euston),ESTRELLA,£7.05,7.05,"https://www.pint-prices.com/pub/8-14%20Eversholt%20Street,%20NW1%201DG/Royal%20George%20(Euston)",https://www.pint-prices.com/borough-results/Camden,£6.50,2026-07-03T23:10:47+00:00
Camden,244,Ye Olde London City,BIRRA MORETTI,£7.05,7.05,"https://www.pint-prices.com/pub/42%20Ludgate%20Hill,%20EC4M%207DE/Ye%20Olde%20London%20City",https://www.pint-prices.com/borough-results/Camden,£6.50,2026-07-03T23:10:47+00:00
Camden,245,White Swan,LUCKY SAINT,£7.05,7.05,"https://www.pint-prices.com/pub/14%20NEW%20ROW,%20COVENT%20GARDEN,%20LONDON,%20GREATER%20LONDON,%20WC2N%204LF/White%20Swan",https://www.pint-prices.com/borough-results/Camden,£6.50,2026-07-03T23:10:47+00:00
Camden,246,The Edinboro Castle,ASPALL,£7.05,7.05,https://www.pint-prices.com/pub/NW1%207RU/The%20Edinboro%20Castle,https://www.pint-prices.com/borough-results/Camden,£6.50,2026-07-03T23:10:47+00:00
Camden,247,Round Table,ESTRELLA,£7.10,7.1,"https://www.pint-prices.com/pub/26-27%20St%20Martins%20Court,%20WC2N%204AL/Round%20Table",https://www.pint-prices.com/borough-results/Camden,£6.50,2026-07-03T23:10:47+00:00
Camden,248,Brewmaster,MADRI,£7.10,7.1,"https://www.pint-prices.com/pub/37%20Cranbourn%20Street,%20WC2H%207AD/Brewmaster",https://www.pint-prices.com/borough-results/Camden,£6.50,2026-07-03T23:10:47+00:00
Camden,249,Brewmaster,ESTRELLA,£7.10,7.1,"https://www.pint-prices.com/pub/37%20Cranbourn%20Street,%20WC2H%207AD/Brewmaster",https://www.pint-prices.com/borough-results/Camden,£6.50,2026-07-03T23:10:47+00:00
Camden,250,Golden Lion (Soho),ESTRELLA,£7.10,7.1,"https://www.pint-prices.com/pub/51%20Dean%20Street,%20W1D%205BH/Golden%20Lion%20(Soho)",https://www.pint-prices.com/borough-results/Camden,£6.50,2026-07-03T23:10:47+00:00
Camden,251,Golden Lion (Soho),BIRRA MORETTI,£7.10,7.1,"https://www.pint-prices.com/pub/51%20Dean%20Street,%20W1D%205BH/Golden%20Lion%20(Soho)",https://www.pint-prices.com/borough-results/Camden,£6.50,2026-07-03T23:10:47+00:00
Camden,252,Prince of Wales (Covent Garden),ESTRELLA,£7.10,7.1,"https://www.pint-prices.com/pub/150%20Drury%20Lane,%20WC2B%205TD/Prince%20of%20Wales%20(Covent%20Garden)",https://www.pint-prices.com/borough-results/Camden,£6.50,2026-07-03T23:10:47+00:00
Camden,253,Green Man,ESTRELLA,£7.10,7.1,"https://www.pint-prices.com/pub/383%20Euston%20Road,%20NW1%203AU/Green%20Man",https://www.pint-prices.com/borough-results/Camden,£6.50,2026-07-03T23:10:47+00:00
Camden,254,Green Man,BIRRA MORETTI,£7.10,7.1,"https://www.pint-prices.com/pub/383%20Euston%20Road,%20NW1%203AU/Green%20Man",https://www.pint-prices.com/borough-results/Camden,£6.50,2026-07-03T23:10:47+00:00
Camden,255,Plough,BIRRA MORETTI,£7.10,7.1,"https://www.pint-prices.com/pub/27%20Museum%20Street,%20WC1A%201LH/Plough",https://www.pint-prices.com/borough-results/Camden,£6.50,2026-07-03T23:10:47+00:00
Camden,256,Hope & Anchor,PERONI,£7.10,7.1,"https://www.pint-prices.com/pub/207%20Upper%20Street,%20N1%201RL/Hope%20%26%20Anchor",https://www.pint-prices.com/borough-results/Camden,£6.50,2026-07-03T23:10:47+00:00
Camden,257,Lord Raglan (Holborn),DARK TIDE,£7.10,7.1,"https://www.pint-prices.com/pub/61%20St%20Martins%20Le%20Grand,%20,%20Holborn,%20England/Lord%20Raglan%20(Holborn)",https://www.pint-prices.com/borough-results/Camden,£6.50,2026-07-03T23:10:47+00:00
Camden,258,Brewmaster,BIRRA MORETTI,£7.15,7.15,"https://www.pint-prices.com/pub/37%20Cranbourn%20Street,%20WC2H%207AD/Brewmaster",https://www.pint-prices.com/borough-results/Camden,£6.50,2026-07-03T23:10:47+00:00
Camden,259,Prince of Wales (Covent Garden),BIRRA MORETTI,£7.15,7.15,"https://www.pint-prices.com/pub/150%20Drury%20Lane,%20WC2B%205TD/Prince%20of%20Wales%20(Covent%20Garden)",https://www.pint-prices.com/borough-results/Camden,£6.50,2026-07-03T23:10:47+00:00
Camden,260,Royal George (Euston),BIRRA MORETTI,£7.15,7.15,"https://www.pint-prices.com/pub/8-14%20Eversholt%20Street,%20NW1%201DG/Royal%20George%20(Euston)",https://www.pint-prices.com/borough-results/Camden,£6.50,2026-07-03T23:10:47+00:00
Camden,261,The Albany,ASAHI,£7.15,7.15,"https://www.pint-prices.com/pub/240%20Great%20Portland%20St,%20Greater,%20London%20W1W%205QU/The%20Albany",https://www.pint-prices.com/borough-results/Camden,£6.50,2026-07-03T23:10:47+00:00
Camden,262,The Sutton Arms,GUINNESS,£7.20,7.2,"https://www.pint-prices.com/pub/16%20Great%20Sutton%20St,%20London%20EC1V%200DH/The%20Sutton%20Arms",https://www.pint-prices.com/borough-results/Camden,£6.50,2026-07-03T23:10:47+00:00
Camden,263,Round Table,BIRRA MORETTI,£7.25,7.25,"https://www.pint-prices.com/pub/26-27%20St%20Martins%20Court,%20WC2N%204AL/Round%20Table",https://www.pint-prices.com/borough-results/Camden,£6.50,2026-07-03T23:10:47+00:00
Camden,264,Coach & Horses,NECK OIL,£7.25,7.25,"https://www.pint-prices.com/pub/1%20Great%20Malborough%20Street,%20W1F%207HG/Coach%20%26%20Horses",https://www.pint-prices.com/borough-results/Camden,£6.50,2026-07-03T23:10:47+00:00
Camden,265,Coach & Horses,PERONI,£7.25,7.25,"https://www.pint-prices.com/pub/1%20Great%20Malborough%20Street,%20W1F%207HG/Coach%20%26%20Horses",https://www.pint-prices.com/borough-results/Camden,£6.50,2026-07-03T23:10:47+00:00
Camden,266,Duke of York,PERONI,£7.25,7.25,"https://www.pint-prices.com/pub/8%20Dering%20Street,%20W1S%201AF/Duke%20of%20York",https://www.pint-prices.com/borough-results/Camden,£6.50,2026-07-03T23:10:47+00:00
Camden,267,Ye Olde Cock Tavern,PERONI,£7.25,7.25,"https://www.pint-prices.com/pub/22%20Fleet%20Street,%20EC4Y%201AA/Ye%20Olde%20Cock%20Tavern",https://www.pint-prices.com/borough-results/Camden,£6.50,2026-07-03T23:10:47+00:00
Camden,268,Fitzrovia,NECK OIL,£7.25,7.25,"https://www.pint-prices.com/pub/18%20Goodge%20Street,%20W1T%202QT/Fitzrovia",https://www.pint-prices.com/borough-results/Camden,£6.50,2026-07-03T23:10:47+00:00
Camden,269,Fitzrovia,PERONI,£7.25,7.25,"https://www.pint-prices.com/pub/18%20Goodge%20Street,%20W1T%202QT/Fitzrovia",https://www.pint-prices.com/borough-results/Camden,£6.50,2026-07-03T23:10:47+00:00
Camden,270,Rising Sun,PERONI,£7.25,7.25,"https://www.pint-prices.com/pub/46%20Tottenham%20Court%20Road,%20W1T%202ED/Rising%20Sun",https://www.pint-prices.com/borough-results/Camden,£6.50,2026-07-03T23:10:47+00:00
Camden,271,Swan,PERONI,£7.25,7.25,"https://www.pint-prices.com/pub/7%20Cosmo%20Place,%20WC1N%203AP/Swan",https://www.pint-prices.com/borough-results/Camden,£6.50,2026-07-03T23:10:47+00:00
Camden,272,The Nags Head,MORETTI,£7.25,7.25,"https://www.pint-prices.com/pub/10%20James%20St,%20London%20WC2E88T/The%20Nags%20Head",https://www.pint-prices.com/borough-results/Camden,£6.50,2026-07-03T23:10:47+00:00
Camden,273,Lord Raglan (Holborn),ESTRELLA,£7.25,7.25,"https://www.pint-prices.com/pub/61%20St%20Martins%20Le%20Grand,%20,%20Holborn,%20England/Lord%20Raglan%20(Holborn)",https://www.pint-prices.com/borough-results/Camden,£6.50,2026-07-03T23:10:47+00:00
Camden,274,Lord Raglan (Holborn),ESTRELLA GALICICA,£7.25,7.25,"https://www.pint-prices.com/pub/61%20St%20Martins%20Le%20Grand,%20,%20Holborn,%20England/Lord%20Raglan%20(Holborn)",https://www.pint-prices.com/borough-results/Camden,£6.50,2026-07-03T23:10:47+00:00
Camden,275,The Regent,MAHOU,£7.30,7.3,"https://www.pint-prices.com/pub/201-203%20Liverpool%20Rd,%20London%20N1%201LX,%20UK/The%20Regent",https://www.pint-prices.com/borough-results/Camden,£6.50,2026-07-03T23:10:47+00:00
Camden,276,Lord Raglan,PERONI,£7.30,7.3,"https://www.pint-prices.com/pub/61%20St%20Matrins%20Le%20Grand,%20EC1A%204ER/Lord%20Raglan",https://www.pint-prices.com/borough-results/Camden,£6.50,2026-07-03T23:10:47+00:00
Camden,277,The Crown Tavern,GUINESS,£7.30,7.3,https://www.pint-prices.com/pub/EC1R%200EG/The%20Crown%20Tavern,https://www.pint-prices.com/borough-results/Camden,£6.50,2026-07-03T23:10:47+00:00
Camden,278,The Constitution,GUINNESS,£7.30,7.3,https://www.pint-prices.com/pub/NW1%200QT/The%20Constitution,https://www.pint-prices.com/borough-results/Camden,£6.50,2026-07-03T23:10:47+00:00
Camden,279,Masons Arms (Mayfair),PERONI,£7.35,7.35,"https://www.pint-prices.com/pub/Maddox%20Street,%20W1S%201PY/Masons%20Arms%20(Mayfair)",https://www.pint-prices.com/borough-results/Camden,£6.50,2026-07-03T23:10:47+00:00
Camden,280,Museum Tavern,PERONI,£7.35,7.35,"https://www.pint-prices.com/pub/49%20Great%20Russell%20Street,%20WC1B%203BA/Museum%20Tavern",https://www.pint-prices.com/borough-results/Camden,£6.50,2026-07-03T23:10:47+00:00
Camden,281,Friend At Hand,NECK OIL,£7.35,7.35,"https://www.pint-prices.com/pub/2-4%20Herbrand%20Street,%20WC1N%201HX/Friend%20At%20Hand",https://www.pint-prices.com/borough-results/Camden,£6.50,2026-07-03T23:10:47+00:00
Camden,282,Friend At Hand,PERONI,£7.35,7.35,"https://www.pint-prices.com/pub/2-4%20Herbrand%20Street,%20WC1N%201HX/Friend%20At%20Hand",https://www.pint-prices.com/borough-results/Camden,£6.50,2026-07-03T23:10:47+00:00
Camden,283,Camden Head,PERONI,£7.35,7.35,"https://www.pint-prices.com/pub/2%20Camden%20Walk,%20N1%208DY/Camden%20Head",https://www.pint-prices.com/borough-results/Camden,£6.50,2026-07-03T23:10:47+00:00
Camden,284,The Butchers Hook & Cleaver,ASAHI,£7.35,7.35,"https://www.pint-prices.com/pub/60-63%20West%20Smithfield,%20London%20EC1A%209DY/The%20Butchers%20Hook%20%26%20Cleaver",https://www.pint-prices.com/borough-results/Camden,£6.50,2026-07-03T23:10:47+00:00
Camden,285,Brewmaster,PERONI,£7.40,7.4,"https://www.pint-prices.com/pub/37%20Cranbourn%20Street,%20WC2H%207AD/Brewmaster",https://www.pint-prices.com/borough-results/Camden,£6.50,2026-07-03T23:10:47+00:00
Camden,286,Golden Lion (Soho),PERONI,£7.40,7.4,"https://www.pint-prices.com/pub/51%20Dean%20Street,%20W1D%205BH/Golden%20Lion%20(Soho)",https://www.pint-prices.com/borough-results/Camden,£6.50,2026-07-03T23:10:47+00:00
Camden,287,Finery,NECK OIL,£7.40,7.4,"https://www.pint-prices.com/pub/23%20Great%20Castle%20Street,%20W1G%200JA/Finery",https://www.pint-prices.com/borough-results/Camden,£6.50,2026-07-03T23:10:47+00:00
Camden,288,Finery,PERONI,£7.40,7.4,"https://www.pint-prices.com/pub/23%20Great%20Castle%20Street,%20W1G%200JA/Finery",https://www.pint-prices.com/borough-results/Camden,£6.50,2026-07-03T23:10:47+00:00
Camden,289,Duke of York,NECK OIL,£7.40,7.4,"https://www.pint-prices.com/pub/8%20Dering%20Street,%20W1S%201AF/Duke%20of%20York",https://www.pint-prices.com/borough-results/Camden,£6.50,2026-07-03T23:10:47+00:00
Camden,290,Two Brewers,PERONI,£7.40,7.4,"https://www.pint-prices.com/pub/40%20Monmouth%20Street,%20WC2H%209EP/Two%20Brewers",https://www.pint-prices.com/borough-results/Camden,£6.50,2026-07-03T23:10:47+00:00
Camden,291,Prince of Wales (Covent Garden),PERONI,£7.40,7.4,"https://www.pint-prices.com/pub/150%20Drury%20Lane,%20WC2B%205TD/Prince%20of%20Wales%20(Covent%20Garden)",https://www.pint-prices.com/borough-results/Camden,£6.50,2026-07-03T23:10:47+00:00
Camden,292,Prince of Wales (Covent Garden),ASAHI,£7.40,7.4,"https://www.pint-prices.com/pub/150%20Drury%20Lane,%20WC2B%205TD/Prince%20of%20Wales%20(Covent%20Garden)",https://www.pint-prices.com/borough-results/Camden,£6.50,2026-07-03T23:10:47+00:00
Camden,293,Green Man,NECK OIL,£7.40,7.4,"https://www.pint-prices.com/pub/383%20Euston%20Road,%20NW1%203AU/Green%20Man",https://www.pint-prices.com/borough-results/Camden,£6.50,2026-07-03T23:10:47+00:00
Camden,294,Green Man,PERONI,£7.40,7.4,"https://www.pint-prices.com/pub/383%20Euston%20Road,%20NW1%203AU/Green%20Man",https://www.pint-prices.com/borough-results/Camden,£6.50,2026-07-03T23:10:47+00:00
Camden,295,Royal George (Euston),PERONI,£7.40,7.4,"https://www.pint-prices.com/pub/8-14%20Eversholt%20Street,%20NW1%201DG/Royal%20George%20(Euston)",https://www.pint-prices.com/borough-results/Camden,£6.50,2026-07-03T23:10:47+00:00
Camden,296,Plough,PERONI,£7.40,7.4,"https://www.pint-prices.com/pub/27%20Museum%20Street,%20WC1A%201LH/Plough",https://www.pint-prices.com/borough-results/Camden,£6.50,2026-07-03T23:10:47+00:00
Camden,297,Swan,NECK OIL,£7.40,7.4,"https://www.pint-prices.com/pub/7%20Cosmo%20Place,%20WC1N%203AP/Swan",https://www.pint-prices.com/borough-results/Camden,£6.50,2026-07-03T23:10:47+00:00
Camden,298,Ye Olde London City,PERONI,£7.40,7.4,"https://www.pint-prices.com/pub/42%20Ludgate%20Hill,%20EC4M%207DE/Ye%20Olde%20London%20City",https://www.pint-prices.com/borough-results/Camden,£6.50,2026-07-03T23:10:47+00:00
Camden,299,Camden Head,NECK OIL,£7.40,7.4,"https://www.pint-prices.com/pub/2%20Camden%20Walk,%20N1%208DY/Camden%20Head",https://www.pint-prices.com/borough-results/Camden,£6.50,2026-07-03T23:10:47+00:00
Camden,300,The Edinboro Castle,SXOLLIE CIDER,£7.40,7.4,https://www.pint-prices.com/pub/NW1%207RU/The%20Edinboro%20Castle,https://www.pint-prices.com/borough-results/Camden,£6.50,2026-07-03T23:10:47+00:00
Camden,301,The Stags Head,MADRI,£7.40,7.4,"https://www.pint-prices.com/pub/102%20New%20Cavendish%20St,%20London%20W1W%206XW/The%20Stags%20Head",https://www.pint-prices.com/borough-results/Camden,£6.50,2026-07-03T23:10:47+00:00
Camden,302,The College Arms,GUINNESS,£7.40,7.4,https://www.pint-prices.com/pub/18%20Store%20Street/The%20College%20Arms,https://www.pint-prices.com/borough-results/Camden,£6.50,2026-07-03T23:10:47+00:00
Camden,303,Round Table,PERONI,£7.45,7.45,"https://www.pint-prices.com/pub/26-27%20St%20Martins%20Court,%20WC2N%204AL/Round%20Table",https://www.pint-prices.com/borough-results/Camden,£6.50,2026-07-03T23:10:47+00:00
Camden,304,Ye Olde London,CAMDEN HELLS,£7.45,7.45,"https://www.pint-prices.com/pub/42%20Ludgate%20Hill,%20London%20EC4M%207DE/Ye%20Olde%20London",https://www.pint-prices.com/borough-results/Camden,£6.50,2026-07-03T23:10:47+00:00
Camden,305,Ye Olde London,CAMDEN HELLS,£7.45,7.45,"https://www.pint-prices.com/pub/42%20Ludgate%20Hill,%20London%20EC4M%207DE/Ye%20Olde%20London",https://www.pint-prices.com/borough-results/Camden,£6.50,2026-07-03T23:10:47+00:00
Camden,306,Fox on the green,CAMDEN HELLS,£7.45,7.45,"https://www.pint-prices.com/pub/1%20Islington%20Grn,%20London%20N1%202XH/Fox%20on%20the%20green",https://www.pint-prices.com/borough-results/Camden,£6.50,2026-07-03T23:10:47+00:00
Camden,307,The york,PERONI,£7.45,7.45,https://www.pint-prices.com/pub/N18eq/The%20york,https://www.pint-prices.com/borough-results/Camden,£6.50,2026-07-03T23:10:47+00:00
Camden,308,Little Bat,BOTTLED BEER,£7.50,7.5,"https://www.pint-prices.com/pub/54%20Islington%20Park%20St,%20London%20N1%201QL,%20UK/Little%20Bat",https://www.pint-prices.com/borough-results/Camden,£6.50,2026-07-03T23:10:47+00:00
Camden,309,Shakespeares Head (Soho),NECK OIL,£7.50,7.5,"https://www.pint-prices.com/pub/29%20Great%20Malborough%20Street,%20W1F%207HZ/Shakespeares%20Head%20(Soho)",https://www.pint-prices.com/borough-results/Camden,£6.50,2026-07-03T23:10:47+00:00
Camden,310,Shakespeares Head (Soho),PERONI,£7.50,7.5,"https://www.pint-prices.com/pub/29%20Great%20Malborough%20Street,%20W1F%207HZ/Shakespeares%20Head%20(Soho)",https://www.pint-prices.com/borough-results/Camden,£6.50,2026-07-03T23:10:47+00:00
Camden,311,Round Table,NECK OIL,£7.50,7.5,"https://www.pint-prices.com/pub/26-27%20St%20Martins%20Court,%20WC2N%204AL/Round%20Table",https://www.pint-prices.com/borough-results/Camden,£6.50,2026-07-03T23:10:47+00:00
Camden,312,Golden Lion (Soho),NECK OIL,£7.50,7.5,"https://www.pint-prices.com/pub/51%20Dean%20Street,%20W1D%205BH/Golden%20Lion%20(Soho)",https://www.pint-prices.com/borough-results/Camden,£6.50,2026-07-03T23:10:47+00:00
Camden,313,Two Brewers,NECK OIL,£7.50,7.5,"https://www.pint-prices.com/pub/40%20Monmouth%20Street,%20WC2H%209EP/Two%20Brewers",https://www.pint-prices.com/borough-results/Camden,£6.50,2026-07-03T23:10:47+00:00
Camden,314,Punch & Judy,ESTRELLA,£7.50,7.5,"https://www.pint-prices.com/pub/40%20The%20Market,%20WC2E%208RF/Punch%20%26%20Judy",https://www.pint-prices.com/borough-results/Camden,£6.50,2026-07-03T23:10:47+00:00
Camden,315,Rising Sun,NECK OIL,£7.50,7.5,"https://www.pint-prices.com/pub/46%20Tottenham%20Court%20Road,%20W1T%202ED/Rising%20Sun",https://www.pint-prices.com/borough-results/Camden,£6.50,2026-07-03T23:10:47+00:00
Camden,316,Ye Olde London City,NECK OIL,£7.50,7.5,"https://www.pint-prices.com/pub/42%20Ludgate%20Hill,%20EC4M%207DE/Ye%20Olde%20London%20City",https://www.pint-prices.com/borough-results/Camden,£6.50,2026-07-03T23:10:47+00:00
Camden,317,Ye Olde London,NECK OIL,£7.50,7.5,"https://www.pint-prices.com/pub/42%20Ludgate%20Hill,%20London%20EC4M%207DE/Ye%20Olde%20London",https://www.pint-prices.com/borough-results/Camden,£6.50,2026-07-03T23:10:47+00:00
Camden,318,The Edinboro Castle,GUINNESS,£7.50,7.5,https://www.pint-prices.com/pub/NW1%207RU/The%20Edinboro%20Castle,https://www.pint-prices.com/borough-results/Camden,£6.50,2026-07-03T23:10:47+00:00
Camden,319,Shakespeares Head (Soho),ASAHI,£7.55,7.55,"https://www.pint-prices.com/pub/29%20Great%20Malborough%20Street,%20W1F%207HZ/Shakespeares%20Head%20(Soho)",https://www.pint-prices.com/borough-results/Camden,£6.50,2026-07-03T23:10:47+00:00
Camden,320,Crown (Covent Garden),NECK OIL,£7.55,7.55,"https://www.pint-prices.com/pub/43%20Monmouth%20Street,%20WC2H%209DD/Crown%20(Covent%20Garden)",https://www.pint-prices.com/borough-results/Camden,£6.50,2026-07-03T23:10:47+00:00
Camden,321,Crown (Covent Garden),PERONI,£7.55,7.55,"https://www.pint-prices.com/pub/43%20Monmouth%20Street,%20WC2H%209DD/Crown%20(Covent%20Garden)",https://www.pint-prices.com/borough-results/Camden,£6.50,2026-07-03T23:10:47+00:00
Camden,322,Prince of Wales (Covent Garden),NECK OIL,£7.55,7.55,"https://www.pint-prices.com/pub/150%20Drury%20Lane,%20WC2B%205TD/Prince%20of%20Wales%20(Covent%20Garden)",https://www.pint-prices.com/borough-results/Camden,£6.50,2026-07-03T23:10:47+00:00
Camden,323,Royal George (Euston),NECK OIL,£7.55,7.55,"https://www.pint-prices.com/pub/8-14%20Eversholt%20Street,%20NW1%201DG/Royal%20George%20(Euston)",https://www.pint-prices.com/borough-results/Camden,£6.50,2026-07-03T23:10:47+00:00
Camden,324,Plough,NECK OIL,£7.55,7.55,"https://www.pint-prices.com/pub/27%20Museum%20Street,%20WC1A%201LH/Plough",https://www.pint-prices.com/borough-results/Camden,£6.50,2026-07-03T23:10:47+00:00
Camden,325,Museum Tavern,NECK OIL,£7.55,7.55,"https://www.pint-prices.com/pub/49%20Great%20Russell%20Street,%20WC1B%203BA/Museum%20Tavern",https://www.pint-prices.com/borough-results/Camden,£6.50,2026-07-03T23:10:47+00:00
Camden,326,Lord Raglan,NECK OIL,£7.55,7.55,"https://www.pint-prices.com/pub/61%20St%20Matrins%20Le%20Grand,%20EC1A%204ER/Lord%20Raglan",https://www.pint-prices.com/borough-results/Camden,£6.50,2026-07-03T23:10:47+00:00
Camden,327,The Earl of Essex,KERNAL KOHATU PILS,£7.60,7.6,"https://www.pint-prices.com/pub/25%20Danbury%20St,%20London%20N1%208LE/The%20Earl%20of%20Essex",https://www.pint-prices.com/borough-results/Camden,£6.50,2026-07-03T23:10:47+00:00
Camden,328,The Edinboro Castle,MADRI,£7.60,7.6,https://www.pint-prices.com/pub/NW1%207RU/The%20Edinboro%20Castle,https://www.pint-prices.com/borough-results/Camden,£6.50,2026-07-03T23:10:47+00:00
Camden,329,White Bear,ASAHI,£7.70,7.7,https://www.pint-prices.com/pub/SE11%204DJ/White%20Bear,https://www.pint-prices.com/borough-results/Camden,£6.50,2026-07-03T23:10:47+00:00
Camden,330,The Edinboro Castle,CAMDEN PALE ALE,£7.70,7.7,https://www.pint-prices.com/pub/NW1%207RU/The%20Edinboro%20Castle,https://www.pint-prices.com/borough-results/Camden,£6.50,2026-07-03T23:10:47+00:00
Camden,331,Canonbury Tavern,ASAHI,£7.70,7.7,"https://www.pint-prices.com/pub/21%20Canonbury%20Pl,%20London%20N1%202NS/Canonbury%20Tavern%20",https://www.pint-prices.com/borough-results/Camden,£6.50,2026-07-03T23:10:47+00:00
Camden,332,The Edinboro Castle,PERONI,£7.75,7.75,https://www.pint-prices.com/pub/NW1%207RU/The%20Edinboro%20Castle,https://www.pint-prices.com/borough-results/Camden,£6.50,2026-07-03T23:10:47+00:00
Camden,333,Lord Raglan (Holborn),BEVERTOWN NECK OIL,£7.80,7.8,"https://www.pint-prices.com/pub/61%20St%20Martins%20Le%20Grand,%20,%20Holborn,%20England/Lord%20Raglan%20(Holborn)",https://www.pint-prices.com/borough-results/Camden,£6.50,2026-07-03T23:10:47+00:00
Camden,334,The Edinboro Castle,STONEWALL INN IPA,£7.80,7.8,https://www.pint-prices.com/pub/NW1%207RU/The%20Edinboro%20Castle,https://www.pint-prices.com/borough-results/Camden,£6.50,2026-07-03T23:10:47+00:00
Camden,335,Punch & Judy,PERONI,£7.85,7.85,"https://www.pint-prices.com/pub/40%20The%20Market,%20WC2E%208RF/Punch%20%26%20Judy",https://www.pint-prices.com/borough-results/Camden,£6.50,2026-07-03T23:10:47+00:00
Camden,336,The Edinboro Castle,CAMDEN HELLS,£7.85,7.85,https://www.pint-prices.com/pub/NW1%207RU/The%20Edinboro%20Castle,https://www.pint-prices.com/borough-results/Camden,£6.50,2026-07-03T23:10:47+00:00
Camden,337,Canonbury Tavern,STONE WOOD,£7.85,7.85,"https://www.pint-prices.com/pub/21%20Canonbury%20Pl,%20London%20N1%202NS/Canonbury%20Tavern",https://www.pint-prices.com/borough-results/Camden,£6.50,2026-07-03T23:10:47+00:00
Camden,338,The Edinboro Castle,ASAHI,£7.90,7.9,https://www.pint-prices.com/pub/NW1%207RU/The%20Edinboro%20Castle,https://www.pint-prices.com/borough-results/Camden,£6.50,2026-07-03T23:10:47+00:00
Camden,339,The Edinboro Castle,NECK OIL,£7.95,7.95,https://www.pint-prices.com/pub/NW1%207RU/The%20Edinboro%20Castle,https://www.pint-prices.com/borough-results/Camden,£6.50,2026-07-03T23:10:47+00:00
Camden,340,Punch & Judy,NECK OIL,£8.05,8.05,"https://www.pint-prices.com/pub/40%20The%20Market,%20WC2E%208RF/Punch%20%26%20Judy",https://www.pint-prices.com/borough-results/Camden,£6.50,2026-07-03T23:10:47+00:00
Camden,341,The Albany,CAMDEN HELLS,£8.05,8.05,https://www.pint-prices.com/pub/W1W%205QU/The%20Albany,https://www.pint-prices.com/borough-results/Camden,£6.50,2026-07-03T23:10:47+00:00
Camden,342,Wheatsheaf,PERONI,£8.10,8.1,https://www.pint-prices.com/pub/Fitzrovia%20W1T%201JB/Wheatsheaf,https://www.pint-prices.com/borough-results/Camden,£6.50,2026-07-03T23:10:47+00:00
Camden,343,The Cavendish,KIRIN LAGER,£8.44,8.44,"https://www.pint-prices.com/pub/35%20New%20Cavendish%20St,%20London%20W1G%209TR/The%20Cavendish",https://www.pint-prices.com/borough-results/Camden,£6.50,2026-07-03T23:10:47+00:00
City of London,1,The Globe,JOHN SMITH'S,£2.45,2.45,https://www.pint-prices.com/pub/E9%206NA/The%20Globe,https://www.pint-prices.com/borough-results/City%20of%20London,£6.56,2026-07-03T23:10:47+00:00
City of London,2,The Masque Haunt,BUD LIGHT,£2.49,2.49,"https://www.pint-prices.com/pub/168-172%20Old%20Street,%20,%20Old%20Street,%20England/The%20Masque%20Haunt",https://www.pint-prices.com/borough-results/City%20of%20London,£6.56,2026-07-03T23:10:47+00:00
City of London,3,The Three Tuns - LSE Student Union,BUD LIGHT,£2.95,2.95,"https://www.pint-prices.com/pub/Saw%20Swee%20Hock%20Student%20Centre%20WC2B,%20London/The%20Three%20Tuns%20-%20LSE%20Student%20Union",https://www.pint-prices.com/borough-results/City%20of%20London,£6.56,2026-07-03T23:10:47+00:00
City of London,4,The Pommelers Rest,BUD LIGHT,£2.99,2.99,"https://www.pint-prices.com/pub/196-198%20Tower%20Bridge%20Road,%20,%20Tower%20Bridge%20(South),%20England/The%20Pommelers%20Rest",https://www.pint-prices.com/borough-results/City%20of%20London,£6.56,2026-07-03T23:10:47+00:00
City of London,5,The Liberty Bounds,BUD LIGHT,£2.99,2.99,"https://www.pint-prices.com/pub/15%20Trinity%20Square,%20Tower%20Hill,%20Tower%20of%20London,%20England/The%20Liberty%20Bounds",https://www.pint-prices.com/borough-results/City%20of%20London,£6.56,2026-07-03T23:10:47+00:00
City of London,6,Goodman's Field,BUD LIGHT,£2.99,2.99,"https://www.pint-prices.com/pub/87-91%20Mansell%20Street,%20,%20Tower%20Hamlets,%20England/Goodman's%20Field",https://www.pint-prices.com/borough-results/City%20of%20London,£6.56,2026-07-03T23:10:47+00:00
City of London,7,The Crosse Keys,BUD LIGHT,£2.99,2.99,"https://www.pint-prices.com/pub/9%20Gracechurch%20Street,%20,%20City%20of%20London,%20England/The%20Crosse%20Keys",https://www.pint-prices.com/borough-results/City%20of%20London,£6.56,2026-07-03T23:10:47+00:00
City of London,8,The Sir John Hawkshaw,BUD LIGHT,£3.49,3.49,"https://www.pint-prices.com/pub/Cannon%20Street%20Station,%20Cannon%20Street,%20,%20London,%20England/The%20Sir%20John%20Hawkshaw",https://www.pint-prices.com/borough-results/City%20of%20London,£6.56,2026-07-03T23:10:47+00:00
City of London,9,The Keys,GUINNESS,£3.50,3.5,https://www.pint-prices.com/pub/The%20Tower%20of%20London%20-%20EC3N%204AB/The%20Keys%20,https://www.pint-prices.com/borough-results/City%20of%20London,£6.56,2026-07-03T23:10:47+00:00
City of London,10,The Masque Haunt,STRONGBOW DARK FRUIT,£3.97,3.97,"https://www.pint-prices.com/pub/168-172%20Old%20Street,%20,%20Old%20Street,%20England/The%20Masque%20Haunt",https://www.pint-prices.com/borough-results/City%20of%20London,£6.56,2026-07-03T23:10:47+00:00
City of London,11,The Masque Haunt,CARLING,£3.99,3.99,"https://www.pint-prices.com/pub/168-172%20Old%20Street,%20,%20Old%20Street,%20England/The%20Masque%20Haunt",https://www.pint-prices.com/borough-results/City%20of%20London,£6.56,2026-07-03T23:10:47+00:00
City of London,12,The Marian Anderson,GUINESS,£4.00,4.0,"https://www.pint-prices.com/pub/28-32%20Bowling%20Green%20Ln,%20London%20EC1R%200BJ/The%20Marian%20Anderson",https://www.pint-prices.com/borough-results/City%20of%20London,£6.56,2026-07-03T23:10:47+00:00
City of London,13,The Marian Anderson,PRAVHA,£4.00,4.0,"https://www.pint-prices.com/pub/28-32%20Bowling%20Green%20Ln,%20London%20EC1R%200BJ/The%20Marian%20Anderson",https://www.pint-prices.com/borough-results/City%20of%20London,£6.56,2026-07-03T23:10:47+00:00
City of London,14,Maruquis of Cornwallis,AMSTEL,£4.10,4.1,https://www.pint-prices.com/pub/Bethnal%20Green%20Road/Maruquis%20of%20Cornwallis,https://www.pint-prices.com/borough-results/City%20of%20London,£6.56,2026-07-03T23:10:47+00:00
City of London,15,Hamilton Hall,BUD LIGHT,£4.14,4.14,"https://www.pint-prices.com/pub/Liverpool%20Street%20station,%20Street-level%20Concourse,%20,%20City%20of%20London,%20England/Hamilton%20Hall",https://www.pint-prices.com/borough-results/City%20of%20London,£6.56,2026-07-03T23:10:47+00:00
City of London,16,The Masque Haunt,CARLSBERG PILSNER,£4.16,4.16,"https://www.pint-prices.com/pub/168-172%20Old%20Street,%20,%20Old%20Street,%20England/The%20Masque%20Haunt",https://www.pint-prices.com/borough-results/City%20of%20London,£6.56,2026-07-03T23:10:47+00:00
City of London,17,The Pommelers Rest,STRONGBOW DARK FRUIT,£4.18,4.18,"https://www.pint-prices.com/pub/196-198%20Tower%20Bridge%20Road,%20,%20Tower%20Bridge%20(South),%20England/The%20Pommelers%20Rest",https://www.pint-prices.com/borough-results/City%20of%20London,£6.56,2026-07-03T23:10:47+00:00
City of London,18,Windsor Fenchurch,DOOMBAR,£4.20,4.2,"https://www.pint-prices.com/pub/2%20New%20London%20St,%20London%20EC3R%207NA,%20UK/Windsor%20Fenchurch",https://www.pint-prices.com/borough-results/City%20of%20London,£6.56,2026-07-03T23:10:47+00:00
City of London,19,Hercules Pillars,CASK ALE,£4.20,4.2,"https://www.pint-prices.com/pub/18%20Great%20Queen%20St,%20London%20WC2B%205DG/Hercules%20Pillars",https://www.pint-prices.com/borough-results/City%20of%20London,£6.56,2026-07-03T23:10:47+00:00
City of London,20,The Pommelers Rest,CARLSBERG PILSNER,£4.42,4.42,"https://www.pint-prices.com/pub/196-198%20Tower%20Bridge%20Road,%20,%20Tower%20Bridge%20(South),%20England/The%20Pommelers%20Rest",https://www.pint-prices.com/borough-results/City%20of%20London,£6.56,2026-07-03T23:10:47+00:00
City of London,21,Hamilton Hall,STRONGBOW DARK FRUIT,£4.42,4.42,"https://www.pint-prices.com/pub/Liverpool%20Street%20station,%20Street-level%20Concourse,%20,%20City%20of%20London,%20England/Hamilton%20Hall",https://www.pint-prices.com/borough-results/City%20of%20London,£6.56,2026-07-03T23:10:47+00:00
City of London,22,The Crosse Keys,FULLER’S LONDON PRIDE,£4.44,4.44,"https://www.pint-prices.com/pub/9%20Gracechurch%20Street,%20,%20City%20of%20London,%20England/The%20Crosse%20Keys",https://www.pint-prices.com/borough-results/City%20of%20London,£6.56,2026-07-03T23:10:47+00:00
City of London,23,Goodman's Field,GREENE KING ABBOT ALE,£4.49,4.49,"https://www.pint-prices.com/pub/87-91%20Mansell%20Street,%20,%20Tower%20Hamlets,%20England/Goodman's%20Field",https://www.pint-prices.com/borough-results/City%20of%20London,£6.56,2026-07-03T23:10:47+00:00
City of London,24,The Ship Aground,FOSTERS,£4.50,4.5,"https://www.pint-prices.com/pub/33%20Wolseley%20St,%20London%20SE1%202BP/The%20Ship%20Aground",https://www.pint-prices.com/borough-results/City%20of%20London,£6.56,2026-07-03T23:10:47+00:00
City of London,25,The Marquis of Cornwallis,STAROPRAMEN,£4.55,4.55,"https://www.pint-prices.com/pub/304%20Bethnal%20Green%20Rd,%20Bethnal%20Green,%20London%20E2%200AG/The%20Marquis%20of%20Cornwallis",https://www.pint-prices.com/borough-results/City%20of%20London,£6.56,2026-07-03T23:10:47+00:00
City of London,26,Traitors Gate,LUCKY SAINT,£4.65,4.65,"https://www.pint-prices.com/pub/%2014,%20Trinity%20Square,%20%20London%20,%20United%20Kingdom/Traitors%20Gate",https://www.pint-prices.com/borough-results/City%20of%20London,£6.56,2026-07-03T23:10:47+00:00
City of London,27,The Liberty Bounds,STRONGBOW DARK FRUIT,£4.66,4.66,"https://www.pint-prices.com/pub/15%20Trinity%20Square,%20Tower%20Hill,%20Tower%20of%20London,%20England/The%20Liberty%20Bounds",https://www.pint-prices.com/borough-results/City%20of%20London,£6.56,2026-07-03T23:10:47+00:00
City of London,28,Goodman's Field,STRONGBOW DARK FRUIT,£4.66,4.66,"https://www.pint-prices.com/pub/87-91%20Mansell%20Street,%20,%20Tower%20Hamlets,%20England/Goodman's%20Field",https://www.pint-prices.com/borough-results/City%20of%20London,£6.56,2026-07-03T23:10:47+00:00
City of London,29,The Crosse Keys,STRONGBOW DARK FRUIT,£4.66,4.66,"https://www.pint-prices.com/pub/9%20Gracechurch%20Street,%20,%20City%20of%20London,%20England/The%20Crosse%20Keys",https://www.pint-prices.com/borough-results/City%20of%20London,£6.56,2026-07-03T23:10:47+00:00
City of London,30,The Pommelers Rest,GREENE KING ABBOT ALE,£4.69,4.69,"https://www.pint-prices.com/pub/196-198%20Tower%20Bridge%20Road,%20,%20Tower%20Bridge%20(South),%20England/The%20Pommelers%20Rest",https://www.pint-prices.com/borough-results/City%20of%20London,£6.56,2026-07-03T23:10:47+00:00
City of London,31,The Liberty Bounds,GREENE KING ABBOT ALE,£4.74,4.74,"https://www.pint-prices.com/pub/15%20Trinity%20Square,%20Tower%20Hill,%20Tower%20of%20London,%20England/The%20Liberty%20Bounds",https://www.pint-prices.com/borough-results/City%20of%20London,£6.56,2026-07-03T23:10:47+00:00
City of London,32,The Pride of Spitalfields,STAROPRAMEN,£4.80,4.8,"https://www.pint-prices.com/pub/3%20Heneage%20St,%20London%20E1%205LJ/The%20Pride%20of%20Spitalfields",https://www.pint-prices.com/borough-results/City%20of%20London,£6.56,2026-07-03T23:10:47+00:00
City of London,33,Flowes of the Forest,FOSTERS,£4.80,4.8,"https://www.pint-prices.com/pub/14%20Westminster%20Bridge%20Rd,%20London%20SE1%207QX/Flowes%20of%20the%20Forest",https://www.pint-prices.com/borough-results/City%20of%20London,£6.56,2026-07-03T23:10:47+00:00
City of London,34,Wenlock Arms,HOPHEAD,£4.80,4.8,"https://www.pint-prices.com/pub/26%20Wenlock%20Rd,%20London%20N1%207TA/Wenlock%20Arms",https://www.pint-prices.com/borough-results/City%20of%20London,£6.56,2026-07-03T23:10:47+00:00
City of London,35,The Crosse Keys,CARLSBERG,£4.89,4.89,"https://www.pint-prices.com/pub/9%20Gracechurch%20St,%20London%20EC3V%200DR/The%20Crosse%20Keys",https://www.pint-prices.com/borough-results/City%20of%20London,£6.56,2026-07-03T23:10:47+00:00
City of London,36,The Liberty Bounds,CARLSBERG PILSNER,£4.89,4.89,"https://www.pint-prices.com/pub/15%20Trinity%20Square,%20Tower%20Hill,%20Tower%20of%20London,%20England/The%20Liberty%20Bounds",https://www.pint-prices.com/borough-results/City%20of%20London,£6.56,2026-07-03T23:10:47+00:00
City of London,37,Goodman's Field,CARLSBERG PILSNER,£4.89,4.89,"https://www.pint-prices.com/pub/87-91%20Mansell%20Street,%20,%20Tower%20Hamlets,%20England/Goodman's%20Field",https://www.pint-prices.com/borough-results/City%20of%20London,£6.56,2026-07-03T23:10:47+00:00
City of London,38,The Crosse Keys,CARLSBERG PILSNER,£4.89,4.89,"https://www.pint-prices.com/pub/9%20Gracechurch%20Street,%20,%20City%20of%20London,%20England/The%20Crosse%20Keys",https://www.pint-prices.com/borough-results/City%20of%20London,£6.56,2026-07-03T23:10:47+00:00
City of London,39,The Sir John Hawkshaw,STRONGBOW DARK FRUIT,£4.93,4.93,"https://www.pint-prices.com/pub/Cannon%20Street%20Station,%20Cannon%20Street,%20,%20London,%20England/The%20Sir%20John%20Hawkshaw",https://www.pint-prices.com/borough-results/City%20of%20London,£6.56,2026-07-03T23:10:47+00:00
City of London,40,The Pommelers Rest,CARLING,£4.99,4.99,"https://www.pint-prices.com/pub/196-198%20Tower%20Bridge%20Road,%20,%20Tower%20Bridge%20(South),%20England/The%20Pommelers%20Rest",https://www.pint-prices.com/borough-results/City%20of%20London,£6.56,2026-07-03T23:10:47+00:00
City of London,41,The Liberty Bounds,CARLING,£4.99,4.99,"https://www.pint-prices.com/pub/15%20Trinity%20Square,%20Tower%20Hill,%20Tower%20of%20London,%20England/The%20Liberty%20Bounds",https://www.pint-prices.com/borough-results/City%20of%20London,£6.56,2026-07-03T23:10:47+00:00
City of London,42,Goodman's Field,CARLING,£4.99,4.99,"https://www.pint-prices.com/pub/87-91%20Mansell%20Street,%20,%20Tower%20Hamlets,%20England/Goodman's%20Field",https://www.pint-prices.com/borough-results/City%20of%20London,£6.56,2026-07-03T23:10:47+00:00
City of London,43,The Crosse Keys,CARLING,£4.99,4.99,"https://www.pint-prices.com/pub/9%20Gracechurch%20Street,%20,%20City%20of%20London,%20England/The%20Crosse%20Keys",https://www.pint-prices.com/borough-results/City%20of%20London,£6.56,2026-07-03T23:10:47+00:00
City of London,44,Windsor Fenchurch,FOSTERS,£5.00,5.0,"https://www.pint-prices.com/pub/2%20New%20London%20St,%20London%20EC3R%207NA,%20UK/Windsor%20Fenchurch",https://www.pint-prices.com/borough-results/City%20of%20London,£6.56,2026-07-03T23:10:47+00:00
City of London,45,The Horse & Wig,PRAVHA,£5.00,5.0,"https://www.pint-prices.com/pub/14%20Fulwood%20Pl,%20London%20WC1V%206HZ/The%20Horse%20%26%20Wig",https://www.pint-prices.com/borough-results/City%20of%20London,£6.56,2026-07-03T23:10:47+00:00
City of London,46,The Old Justice,OLD HOUSE LAGER,£5.00,5.0,"https://www.pint-prices.com/pub/94%20Bermondsey%20Wall%20East,%20London%20SE16%204TY/The%20Old%20Justice",https://www.pint-prices.com/borough-results/City%20of%20London,£6.56,2026-07-03T23:10:47+00:00
City of London,47,The Harrison,AMSTEL,£5.00,5.0,"https://www.pint-prices.com/pub/28%20Harrison%20St,%20London%20WC1H%208JF/The%20Harrison",https://www.pint-prices.com/borough-results/City%20of%20London,£6.56,2026-07-03T23:10:47+00:00
City of London,48,The Old Justice,GUINNESS,£5.00,5.0,"https://www.pint-prices.com/pub/94%20Bermondsey%20Wall%20East,%20London%20SE16%204TY/The%20Old%20Justice",https://www.pint-prices.com/borough-results/City%20of%20London,£6.56,2026-07-03T23:10:47+00:00
City of London,49,The Old Justice,HOUSE LAGER,£5.00,5.0,"https://www.pint-prices.com/pub/94%20Bermondsey%20Wall%20East,%20London%20SE16%204TY/The%20Old%20Justice",https://www.pint-prices.com/borough-results/City%20of%20London,£6.56,2026-07-03T23:10:47+00:00
City of London,50,The Old Justice,HOUSE BITTER,£5.00,5.0,"https://www.pint-prices.com/pub/94%20Bermondsey%20Wall%20East,%20London%20SE16%204TY/The%20Old%20Justice",https://www.pint-prices.com/borough-results/City%20of%20London,£6.56,2026-07-03T23:10:47+00:00
City of London,51,Howl at The Moon,GUINNESS,£5.00,5.0,"https://www.pint-prices.com/pub/178%20Hoxton%20St,%20London%20N1%205LH/Howl%20at%20The%20Moon",https://www.pint-prices.com/borough-results/City%20of%20London,£6.56,2026-07-03T23:10:47+00:00
City of London,52,Howl at The Moon,GUINNESS,£5.00,5.0,"https://www.pint-prices.com/pub/178%20Hoxton%20St,%20London%20N1%205LH/Howl%20at%20The%20Moon",https://www.pint-prices.com/borough-results/City%20of%20London,£6.56,2026-07-03T23:10:47+00:00
City of London,53,The Masque Haunt,THATCHERS GOLD,£5.04,5.04,"https://www.pint-prices.com/pub/168-172%20Old%20Street,%20,%20Old%20Street,%20England/The%20Masque%20Haunt",https://www.pint-prices.com/borough-results/City%20of%20London,£6.56,2026-07-03T23:10:47+00:00
City of London,54,Hamilton Hall,CARLSBERG PILSNER,£5.12,5.12,"https://www.pint-prices.com/pub/Liverpool%20Street%20station,%20Street-level%20Concourse,%20,%20City%20of%20London,%20England/Hamilton%20Hall",https://www.pint-prices.com/borough-results/City%20of%20London,£6.56,2026-07-03T23:10:47+00:00
City of London,55,The Masque Haunt,BUDWEISER,£5.15,5.15,"https://www.pint-prices.com/pub/168-172%20Old%20Street,%20,%20Old%20Street,%20England/The%20Masque%20Haunt",https://www.pint-prices.com/borough-results/City%20of%20London,£6.56,2026-07-03T23:10:47+00:00
City of London,56,The Royal Oak,HARVEY'S OLD ALE,£5.20,5.2,"https://www.pint-prices.com/pub/44%20Tabard%20St,%20London%20SE1%204JU/The%20Royal%20Oak",https://www.pint-prices.com/borough-results/City%20of%20London,£6.56,2026-07-03T23:10:47+00:00
City of London,57,The Gregorian,AMSTEL,£5.25,5.25,"https://www.pint-prices.com/pub/96%20Jamaica%20Rd,%20London%20SE16%204SQ/The%20Gregorian",https://www.pint-prices.com/borough-results/City%20of%20London,£6.56,2026-07-03T23:10:47+00:00
City of London,58,Windsor Fenchurch,THATCHERS GOLD,£5.30,5.3,"https://www.pint-prices.com/pub/2%20New%20London%20Street%20,%20,%20London,%20United%20Kingdom/Windsor%20Fenchurch",https://www.pint-prices.com/borough-results/City%20of%20London,£6.56,2026-07-03T23:10:47+00:00
City of London,59,Windsor Fenchurch,GUINNESS,£5.35,5.35,"https://www.pint-prices.com/pub/2%20New%20London%20Street%20,%20,%20London,%20United%20Kingdom/Windsor%20Fenchurch",https://www.pint-prices.com/borough-results/City%20of%20London,£6.56,2026-07-03T23:10:47+00:00
City of London,60,The Masque Haunt,GUINNESS,£5.35,5.35,"https://www.pint-prices.com/pub/168-172%20Old%20Street,%20,%20Old%20Street,%20England/The%20Masque%20Haunt",https://www.pint-prices.com/borough-results/City%20of%20London,£6.56,2026-07-03T23:10:47+00:00
City of London,61,The Sir John Hawkshaw,CARLSBERG PILSNER,£5.39,5.39,"https://www.pint-prices.com/pub/Cannon%20Street%20Station,%20Cannon%20Street,%20,%20London,%20England/The%20Sir%20John%20Hawkshaw",https://www.pint-prices.com/borough-results/City%20of%20London,£6.56,2026-07-03T23:10:47+00:00
City of London,62,The Crown and Cushion,GUINNESS,£5.40,5.4,"https://www.pint-prices.com/pub/133-135%20Westminster%20Bridge%20Rd,%20London%20SE1%207HR/The%20Crown%20and%20Cushion",https://www.pint-prices.com/borough-results/City%20of%20London,£6.56,2026-07-03T23:10:47+00:00
City of London,63,The Crown and Cushion,GUINNESS,£5.40,5.4,"https://www.pint-prices.com/pub/133-135%20Westminster%20Bridge%20Rd,%20London%20SE1%207HR/The%20Crown%20and%20Cushion",https://www.pint-prices.com/borough-results/City%20of%20London,£6.56,2026-07-03T23:10:47+00:00
City of London,64,The Albion,YOUNG’S ORIGINAL,£5.40,5.4,https://www.pint-prices.com/pub/EC4V%206AA/The%20Albion,https://www.pint-prices.com/borough-results/City%20of%20London,£6.56,2026-07-03T23:10:47+00:00
City of London,65,Windsor Fenchurch,AMSTEL,£5.40,5.4,"https://www.pint-prices.com/pub/2%20New%20London%20Street%20,%20,%20London,%20United%20Kingdom/Windsor%20Fenchurch",https://www.pint-prices.com/borough-results/City%20of%20London,£6.56,2026-07-03T23:10:47+00:00
City of London,66,The Pommelers Rest,GUINNESS,£5.42,5.42,"https://www.pint-prices.com/pub/196-198%20Tower%20Bridge%20Road,%20,%20Tower%20Bridge%20(South),%20England/The%20Pommelers%20Rest",https://www.pint-prices.com/borough-results/City%20of%20London,£6.56,2026-07-03T23:10:47+00:00
City of London,67,Windsor Fenchurch,STRONGBOW DARK FRUIT,£5.45,5.45,"https://www.pint-prices.com/pub/2%20New%20London%20Street%20,%20,%20London,%20United%20Kingdom/Windsor%20Fenchurch",https://www.pint-prices.com/borough-results/City%20of%20London,£6.56,2026-07-03T23:10:47+00:00
City of London,68,The Sir John Hawkshaw,CARLING,£5.49,5.49,"https://www.pint-prices.com/pub/Cannon%20Street%20Station,%20Cannon%20Street,%20,%20London,%20England/The%20Sir%20John%20Hawkshaw",https://www.pint-prices.com/borough-results/City%20of%20London,£6.56,2026-07-03T23:10:47+00:00
City of London,69,Bodean's Tower Hill,BOSS HOG,£5.50,5.5,"https://www.pint-prices.com/pub/16%20Byward%20St,%20London%20EC3R%205BA,%20UK/Bodean's%20Tower%20Hill",https://www.pint-prices.com/borough-results/City%20of%20London,£6.56,2026-07-03T23:10:47+00:00
City of London,70,The Ship,PRAVHA,£5.50,5.5,"https://www.pint-prices.com/pub/68%20Borough%20Rd,%20London%20SE1%201DX/The%20Ship",https://www.pint-prices.com/borough-results/City%20of%20London,£6.56,2026-07-03T23:10:47+00:00
City of London,71,The Walrus,AMSTEL,£5.50,5.5,"https://www.pint-prices.com/pub/172%20Westminster%20Bridge%20Rd,%20London%20SE1%207RW/The%20Walrus",https://www.pint-prices.com/borough-results/City%20of%20London,£6.56,2026-07-03T23:10:47+00:00
City of London,72,The Star by Liverpool Street,BECKS,£5.50,5.5,"https://www.pint-prices.com/pub/94%20Middlesex%20St,%20London%20E1%207EZ/The%20Star%20by%20Liverpool%20Street",https://www.pint-prices.com/borough-results/City%20of%20London,£6.56,2026-07-03T23:10:47+00:00
City of London,73,The Old King's Head,LONDON PRIDE,£5.50,5.5,"https://www.pint-prices.com/pub/King's%20Head%20Yard,%20London%20SE1%201NA/The%20Old%20King's%20Head",https://www.pint-prices.com/borough-results/City%20of%20London,£6.56,2026-07-03T23:10:47+00:00
City of London,74,The Pride of Spitalfields,GUINNESS,£5.50,5.5,"https://www.pint-prices.com/pub/3%20Heneage%20St,%20London%20E1%205LJ/The%20Pride%20of%20Spitalfields",https://www.pint-prices.com/borough-results/City%20of%20London,£6.56,2026-07-03T23:10:47+00:00
City of London,75,The Old Justice,CIDER,£5.50,5.5,"https://www.pint-prices.com/pub/94%20Bermondsey%20Wall%20East,%20London%20SE16%204TY/The%20Old%20Justice",https://www.pint-prices.com/borough-results/City%20of%20London,£6.56,2026-07-03T23:10:47+00:00
City of London,76,The Kings Arms,GUINNESS,£5.50,5.5,https://www.pint-prices.com/pub/Se114xd%20/The%20Kings%20Arms,https://www.pint-prices.com/borough-results/City%20of%20London,£6.56,2026-07-03T23:10:47+00:00
City of London,77,Hamilton Hall,CARLING,£5.54,5.54,"https://www.pint-prices.com/pub/Liverpool%20Street%20station,%20Street-level%20Concourse,%20,%20City%20of%20London,%20England/Hamilton%20Hall",https://www.pint-prices.com/borough-results/City%20of%20London,£6.56,2026-07-03T23:10:47+00:00
City of London,78,The Pommelers Rest,BUDWEISER,£5.59,5.59,"https://www.pint-prices.com/pub/196-198%20Tower%20Bridge%20Road,%20,%20Tower%20Bridge%20(South),%20England/The%20Pommelers%20Rest",https://www.pint-prices.com/borough-results/City%20of%20London,£6.56,2026-07-03T23:10:47+00:00
City of London,79,The Jugged Hare,CASK ALE,£5.60,5.6,"https://www.pint-prices.com/pub/49%20Chiswell%20St,%20London%20EC1Y%204SA,%20UK/The%20Jugged%20Hare",https://www.pint-prices.com/borough-results/City%20of%20London,£6.56,2026-07-03T23:10:47+00:00
City of London,80,The Enterprise,AMSTEL,£5.60,5.6,"https://www.pint-prices.com/pub/38%20Red%20Lion%20St,%20London%20WC1R%204PN/The%20Enterprise",https://www.pint-prices.com/borough-results/City%20of%20London,£6.56,2026-07-03T23:10:47+00:00
City of London,81,The Calthorpe Arms,MADRI,£5.60,5.6,"https://www.pint-prices.com/pub/252%20Grays%20Inn%20Rd,%20London%20WC1X%208JR/The%20Calthorpe%20Arms",https://www.pint-prices.com/borough-results/City%20of%20London,£6.56,2026-07-03T23:10:47+00:00
City of London,82,The Trinity,AMSTEL,£5.60,5.6,"https://www.pint-prices.com/pub/202-206%20Borough%20High%20St,%20London%20SE1%201JX/The%20Trinity",https://www.pint-prices.com/borough-results/City%20of%20London,£6.56,2026-07-03T23:10:47+00:00
City of London,83,The Lyceum Tavern,DOUBLE FOUR LAGER,£5.60,5.6,"https://www.pint-prices.com/pub/354%20Strand,%20London%20WC2R%200HS/The%20Lyceum%20Tavern",https://www.pint-prices.com/borough-results/City%20of%20London,£6.56,2026-07-03T23:10:47+00:00
City of London,84,The Alexander Hay,OLD SPECKLED HEN,£5.60,5.6,"https://www.pint-prices.com/pub/Unit%2022%20Hays%20Galleria,%20,%20London,%20United%20Kingdom/The%20Alexander%20Hay",https://www.pint-prices.com/borough-results/City%20of%20London,£6.56,2026-07-03T23:10:47+00:00
City of London,85,Traitors Gate,MCMULLEN AK,£5.60,5.6,"https://www.pint-prices.com/pub/%2014,%20Trinity%20Square,%20%20London%20,%20United%20Kingdom/Traitors%20Gate",https://www.pint-prices.com/borough-results/City%20of%20London,£6.56,2026-07-03T23:10:47+00:00
City of London,86,The Masque Haunt,CORONA,£5.60,5.6,"https://www.pint-prices.com/pub/168-172%20Old%20Street,%20,%20Old%20Street,%20England/The%20Masque%20Haunt",https://www.pint-prices.com/borough-results/City%20of%20London,£6.56,2026-07-03T23:10:47+00:00
City of London,87,Hamilton Hall,BUDWEISER,£5.61,5.61,"https://www.pint-prices.com/pub/Liverpool%20Street%20station,%20Street-level%20Concourse,%20,%20City%20of%20London,%20England/Hamilton%20Hall",https://www.pint-prices.com/borough-results/City%20of%20London,£6.56,2026-07-03T23:10:47+00:00
City of London,88,The Liberty Bounds,GUINNESS,£5.64,5.64,"https://www.pint-prices.com/pub/15%20Trinity%20Square,%20Tower%20Hill,%20Tower%20of%20London,%20England/The%20Liberty%20Bounds",https://www.pint-prices.com/borough-results/City%20of%20London,£6.56,2026-07-03T23:10:47+00:00
City of London,89,Goodman's Field,GUINNESS,£5.64,5.64,"https://www.pint-prices.com/pub/87-91%20Mansell%20Street,%20,%20Tower%20Hamlets,%20England/Goodman's%20Field",https://www.pint-prices.com/borough-results/City%20of%20London,£6.56,2026-07-03T23:10:47+00:00
City of London,90,The Crosse Keys,GUINNESS,£5.64,5.64,"https://www.pint-prices.com/pub/9%20Gracechurch%20Street,%20,%20City%20of%20London,%20England/The%20Crosse%20Keys",https://www.pint-prices.com/borough-results/City%20of%20London,£6.56,2026-07-03T23:10:47+00:00
City of London,91,The Liberty Bounds,BUDWEISER,£5.71,5.71,"https://www.pint-prices.com/pub/15%20Trinity%20Square,%20Tower%20Hill,%20Tower%20of%20London,%20England/The%20Liberty%20Bounds",https://www.pint-prices.com/borough-results/City%20of%20London,£6.56,2026-07-03T23:10:47+00:00
City of London,92,Goodman's Field,BUDWEISER,£5.71,5.71,"https://www.pint-prices.com/pub/87-91%20Mansell%20Street,%20,%20Tower%20Hamlets,%20England/Goodman's%20Field",https://www.pint-prices.com/borough-results/City%20of%20London,£6.56,2026-07-03T23:10:47+00:00
City of London,93,The Crosse Keys,BUDWEISER,£5.71,5.71,"https://www.pint-prices.com/pub/9%20Gracechurch%20Street,%20,%20City%20of%20London,%20England/The%20Crosse%20Keys",https://www.pint-prices.com/borough-results/City%20of%20London,£6.56,2026-07-03T23:10:47+00:00
City of London,94,Honest Burger Tower Hill,GUINNESS,£5.80,5.8,"https://www.pint-prices.com/pub/1%20Commodity%20Quay,%20London%20E1W%201AZ/Honest%20Burger%20Tower%20Hill",https://www.pint-prices.com/borough-results/City%20of%20London,£6.56,2026-07-03T23:10:47+00:00
City of London,95,The Ship EC3,AMSTEL,£5.80,5.8,"https://www.pint-prices.com/pub/3%20Hart%20St,%20London%20EC3R%207NB/The%20Ship%20EC3",https://www.pint-prices.com/borough-results/City%20of%20London,£6.56,2026-07-03T23:10:47+00:00
City of London,96,The Waterloo Tap,BITBURGER,£5.80,5.8,"https://www.pint-prices.com/pub/Sutton%20Walk,%20London%20SE1%208RL/The%20Waterloo%20Tap",https://www.pint-prices.com/borough-results/City%20of%20London,£6.56,2026-07-03T23:10:47+00:00
City of London,97,The Coach & Horses,AMSTEL,£5.80,5.8,"https://www.pint-prices.com/pub/42%20Wellington%20St,%20London%20WC2E%207BD/The%20Coach%20%26%20Horses",https://www.pint-prices.com/borough-results/City%20of%20London,£6.56,2026-07-03T23:10:47+00:00
City of London,98,Sir Sydney Smith,GUINNESS,£5.80,5.8,"https://www.pint-prices.com/pub/22%20Dock%20St,%20Tower%20Hill,%20London%20E1%208JP/Sir%20Sydney%20Smith",https://www.pint-prices.com/borough-results/City%20of%20London,£6.56,2026-07-03T23:10:47+00:00
City of London,99,The Roebuck,MURPHY'S,£5.80,5.8,"https://www.pint-prices.com/pub/50%20Great%20Dover%20St,%20London%20SE1%204YG/The%20Roebuck",https://www.pint-prices.com/borough-results/City%20of%20London,£6.56,2026-07-03T23:10:47+00:00
City of London,100,Hicce Hart,SUNSHINE LAGER,£5.80,5.8,"https://www.pint-prices.com/pub/58%20Penton%20St,%20London%20N1%209PZ/Hicce%20Hart",https://www.pint-prices.com/borough-results/City%20of%20London,£6.56,2026-07-03T23:10:47+00:00
City of London,101,The Jugged Hare,ESB,£5.80,5.8,"https://www.pint-prices.com/pub/49%20Chiswell%20St,%20London%20EC1Y%204SA,%20UK/The%20Jugged%20Hare",https://www.pint-prices.com/borough-results/City%20of%20London,£6.56,2026-07-03T23:10:47+00:00
City of London,102,Hamilton Hall,GUINNESS,£5.82,5.82,"https://www.pint-prices.com/pub/Liverpool%20Street%20station,%20Street-level%20Concourse,%20,%20City%20of%20London,%20England/Hamilton%20Hall",https://www.pint-prices.com/borough-results/City%20of%20London,£6.56,2026-07-03T23:10:47+00:00
City of London,103,All Bar One Houndsditch,AMSTEL,£5.85,5.85,"https://www.pint-prices.com/pub/106-107%20Houndsditch,%20,%20London,%20UK/All%20Bar%20One%20Houndsditch",https://www.pint-prices.com/borough-results/City%20of%20London,£6.56,2026-07-03T23:10:47+00:00
City of London,104,Honest Burger Tower Hill,BROOKLYN PILSNER,£5.90,5.9,"https://www.pint-prices.com/pub/1%20Commodity%20Quay,%20London%20E1W%201AZ/Honest%20Burger%20Tower%20Hill",https://www.pint-prices.com/borough-results/City%20of%20London,£6.56,2026-07-03T23:10:47+00:00
City of London,105,The Queens Head,BOHEM MAMKA PILSNER,£5.90,5.9,"https://www.pint-prices.com/pub/66%20Acton%20St,%20London%20WC1X%208DU/The%20Queens%20Head",https://www.pint-prices.com/borough-results/City%20of%20London,£6.56,2026-07-03T23:10:47+00:00
City of London,106,The Reliance,SINGHA LAGER,£5.90,5.9,"https://www.pint-prices.com/pub/336%20Old%20St,%20London%20EC1V%209DR/The%20Reliance",https://www.pint-prices.com/borough-results/City%20of%20London,£6.56,2026-07-03T23:10:47+00:00
City of London,107,The Libertine,HEINEKEN,£5.90,5.9,"https://www.pint-prices.com/pub/125%20Great%20Suffolk%20St,%20London%20SE1%201PQ/The%20Libertine",https://www.pint-prices.com/borough-results/City%20of%20London,£6.56,2026-07-03T23:10:47+00:00
City of London,108,The Gladstone Arms,GLADSTONE LAGER,£5.90,5.9,"https://www.pint-prices.com/pub/64%20Lant%20St,%20London%20SE1%201QN/The%20Gladstone%20Arms",https://www.pint-prices.com/borough-results/City%20of%20London,£6.56,2026-07-03T23:10:47+00:00
City of London,109,The Camel & Artichoke,AMSTEL,£5.90,5.9,"https://www.pint-prices.com/pub/121%20Lower%20Marsh,%20London%20SE1%207AE/The%20Camel%20%26%20Artichoke",https://www.pint-prices.com/borough-results/City%20of%20London,£6.56,2026-07-03T23:10:47+00:00
City of London,110,Sir Sydney Smith,CAMDEN HELLS,£5.90,5.9,"https://www.pint-prices.com/pub/22%20Dock%20St,%20Tower%20Hill,%20London%20E1%208JP/Sir%20Sydney%20Smith",https://www.pint-prices.com/borough-results/City%20of%20London,£6.56,2026-07-03T23:10:47+00:00
City of London,111,The Two Brewers,KROENENBURG,£5.90,5.9,"https://www.pint-prices.com/pub/121%20Whitecross%20Street,%20London,%20United%20Kingdom/The%20Two%20Brewers",https://www.pint-prices.com/borough-results/City%20of%20London,£6.56,2026-07-03T23:10:47+00:00
City of London,112,The Two Brewers,KROENENBURG,£5.90,5.9,"https://www.pint-prices.com/pub/121%20Whitecross%20Street,%20London,%20United%20Kingdom/The%20Two%20Brewers",https://www.pint-prices.com/borough-results/City%20of%20London,£6.56,2026-07-03T23:10:47+00:00
City of London,113,The Alexander Hay,LONDON PRIDE,£5.90,5.9,"https://www.pint-prices.com/pub/Unit%2022%20Hays%20Galleria,%20,%20London,%20United%20Kingdom/The%20Alexander%20Hay",https://www.pint-prices.com/borough-results/City%20of%20London,£6.56,2026-07-03T23:10:47+00:00
City of London,114,Traitors Gate,COUNTRY BEST BITTER,£5.90,5.9,"https://www.pint-prices.com/pub/%2014,%20Trinity%20Square,%20%20London%20,%20United%20Kingdom/Traitors%20Gate",https://www.pint-prices.com/borough-results/City%20of%20London,£6.56,2026-07-03T23:10:47+00:00
City of London,115,Cheshire Cheese,LONDON PRIDE,£5.90,5.9,"https://www.pint-prices.com/pub/48%20Crutched%20Friars%20,%20,%20London,%20United%20Kingdom/Cheshire%20Cheese",https://www.pint-prices.com/borough-results/City%20of%20London,£6.56,2026-07-03T23:10:47+00:00
City of London,116,All Bar One Houndsditch,GUINNESS,£5.90,5.9,"https://www.pint-prices.com/pub/106-107%20Houndsditch,%20,%20London,%20UK/All%20Bar%20One%20Houndsditch",https://www.pint-prices.com/borough-results/City%20of%20London,£6.56,2026-07-03T23:10:47+00:00
City of London,117,The Founder's Arms,YOUNG'S ORIGINAL,£5.95,5.95,"https://www.pint-prices.com/pub/52%20Hopton%20St,%20London%20SE1%209JH,%20UK/The%20Founder's%20Arms",https://www.pint-prices.com/borough-results/City%20of%20London,£6.56,2026-07-03T23:10:47+00:00
City of London,118,"The Barrowboy & Banker, SE1",LONDON PRIDE,£5.95,5.95,"https://www.pint-prices.com/pub/6-8%20Borough%20High%20St,%20London%20SE1%209QQ,%20UK/The%20Barrowboy%20%26%20Banker,%20SE1",https://www.pint-prices.com/borough-results/City%20of%20London,£6.56,2026-07-03T23:10:47+00:00
City of London,119,All Bar One Butlers Wharf,PRAVHA,£5.95,5.95,"https://www.pint-prices.com/pub/34%20Shad%20Thames,%20Butlers%20Wharf,%20London,%20UK/All%20Bar%20One%20Butlers%20Wharf",https://www.pint-prices.com/borough-results/City%20of%20London,£6.56,2026-07-03T23:10:47+00:00
City of London,120,Tower Bridge Arms: A BrewDog Pub,PUNK IPA ALCOHOL FREE 0.5%,£5.95,5.95,"https://www.pint-prices.com/pub/Tower%20Bridge%20Tavern,%20206-208%20Tower%20Bridge%20Rd,%20London,%20/Tower%20Bridge%20Arms:%20A%20BrewDog%20Pub",https://www.pint-prices.com/borough-results/City%20of%20London,£6.56,2026-07-03T23:10:47+00:00
City of London,121,BrewDog Outpost Tower Hill,LOST ALCOHOL FREE 0.5%,£5.95,5.95,"https://www.pint-prices.com/pub/21%20Great%20Tower%20St,%20,%20London,%20/BrewDog%20Outpost%20Tower%20Hill",https://www.pint-prices.com/borough-results/City%20of%20London,£6.56,2026-07-03T23:10:47+00:00
City of London,122,Seething Lane Tap: A BrewDog Pub,PUNK IPA ALCOHOL FREE 0.5%,£5.95,5.95,"https://www.pint-prices.com/pub/Seething%20Lane%20Tap,%2014-15%20Seething%20Ln,%20London,%20/Seething%20Lane%20Tap:%20A%20BrewDog%20Pub",https://www.pint-prices.com/borough-results/City%20of%20London,£6.56,2026-07-03T23:10:47+00:00
City of London,123,All Bar One Tower of London,AMSTEL,£5.95,5.95,"https://www.pint-prices.com/pub/14%20Byward%20Street,%20,%20London,%20UK/All%20Bar%20One%20Tower%20of%20London",https://www.pint-prices.com/borough-results/City%20of%20London,£6.56,2026-07-03T23:10:47+00:00
City of London,124,The Pommelers Rest,CORONA,£5.96,5.96,"https://www.pint-prices.com/pub/196-198%20Tower%20Bridge%20Road,%20,%20Tower%20Bridge%20(South),%20England/The%20Pommelers%20Rest",https://www.pint-prices.com/borough-results/City%20of%20London,£6.56,2026-07-03T23:10:47+00:00
City of London,125,The Jugged Hare,AMSTEL,£6.00,6.0,"https://www.pint-prices.com/pub/49%20Chiswell%20St,%20London%20EC1Y%204SA,%20UK/The%20Jugged%20Hare",https://www.pint-prices.com/borough-results/City%20of%20London,£6.56,2026-07-03T23:10:47+00:00
City of London,126,George,ESTRELLA,£6.00,6.0,"https://www.pint-prices.com/pub/75%20Borough%20High%20St,%20London%20SE1%201NH,%20UK/George",https://www.pint-prices.com/borough-results/City%20of%20London,£6.56,2026-07-03T23:10:47+00:00
City of London,127,The Narrowboat,PRAVHA,£6.00,6.0,"https://www.pint-prices.com/pub/119%20St%20Peter's%20St,%20London%20N1%208PZ/The%20Narrowboat",https://www.pint-prices.com/borough-results/City%20of%20London,£6.56,2026-07-03T23:10:47+00:00
City of London,128,Feeney's,GUINNESS,£6.00,6.0,"https://www.pint-prices.com/pub/48%20Mark%20Ln,%20London%20EC3R%207QH/Feeney's",https://www.pint-prices.com/borough-results/City%20of%20London,£6.56,2026-07-03T23:10:47+00:00
City of London,129,Sir Sydney Smith,ESTRELLA GALICIA,£6.00,6.0,"https://www.pint-prices.com/pub/22%20Dock%20St,%20Tower%20Hill,%20London%20E1%208JP/Sir%20Sydney%20Smith",https://www.pint-prices.com/borough-results/City%20of%20London,£6.56,2026-07-03T23:10:47+00:00
City of London,130,The Bell,GUINNESS,£6.00,6.0,"https://www.pint-prices.com/pub/50%20Middlesex%20St,%20London%20E1%207EX/The%20Bell",https://www.pint-prices.com/borough-results/City%20of%20London,£6.56,2026-07-03T23:10:47+00:00
City of London,131,The Dickens Inn,GUINNESS,£6.00,6.0,"https://www.pint-prices.com/pub/Marble%20Quay,%20St%20Katharine's%20Way,%20London%20E1W%201UH/The%20Dickens%20Inn",https://www.pint-prices.com/borough-results/City%20of%20London,£6.56,2026-07-03T23:10:47+00:00
City of London,132,The Kings Arms,MADRI,£6.00,6.0,https://www.pint-prices.com/pub/Se114xd%20/The%20Kings%20Arms,https://www.pint-prices.com/borough-results/City%20of%20London,£6.56,2026-07-03T23:10:47+00:00
City of London,133,All Bar One Butlers Wharf,GUINNESS,£6.00,6.0,"https://www.pint-prices.com/pub/34%20Shad%20Thames,%20Butlers%20Wharf,%20London,%20UK/All%20Bar%20One%20Butlers%20Wharf",https://www.pint-prices.com/borough-results/City%20of%20London,£6.56,2026-07-03T23:10:47+00:00
City of London,134,All Bar One Tower of London,GUINNESS,£6.00,6.0,"https://www.pint-prices.com/pub/14%20Byward%20Street,%20,%20London,%20UK/All%20Bar%20One%20Tower%20of%20London",https://www.pint-prices.com/borough-results/City%20of%20London,£6.56,2026-07-03T23:10:47+00:00
City of London,135,All Bar One Cannon Street,GUINNESS,£6.00,6.0,"https://www.pint-prices.com/pub/103%20Cannon%20Street,%20,%20London,%20UK/All%20Bar%20One%20Cannon%20Street",https://www.pint-prices.com/borough-results/City%20of%20London,£6.56,2026-07-03T23:10:47+00:00
City of London,136,Lucas Arms,AMSTEL,£6.05,6.05,"https://www.pint-prices.com/pub/245A%20Grays%20Inn%20Road,%20WC1X%208QY/Lucas%20Arms",https://www.pint-prices.com/borough-results/City%20of%20London,£6.56,2026-07-03T23:10:47+00:00
City of London,137,Lucas Arms,GUINNESS,£6.05,6.05,"https://www.pint-prices.com/pub/245A%20Grays%20Inn%20Road,%20WC1X%208QY/Lucas%20Arms",https://www.pint-prices.com/borough-results/City%20of%20London,£6.56,2026-07-03T23:10:47+00:00
City of London,138,The Old Nick,AMSTEL,£6.05,6.05,"https://www.pint-prices.com/pub/20-22%20Sandland%20St,%20London%20WC1R%204PZ/The%20Old%20Nick",https://www.pint-prices.com/borough-results/City%20of%20London,£6.56,2026-07-03T23:10:47+00:00
City of London,139,Whitecross Tap,AMSTEL,£6.05,6.05,"https://www.pint-prices.com/pub/142-146%20Whitecross%20St,%20London%20EC1Y%208QJ/Whitecross%20Tap",https://www.pint-prices.com/borough-results/City%20of%20London,£6.56,2026-07-03T23:10:47+00:00
City of London,140,Whitecross Tap,AMSTEL,£6.05,6.05,"https://www.pint-prices.com/pub/142-146%20Whitecross%20St,%20London%20EC1Y%208QJ/Whitecross%20Tap",https://www.pint-prices.com/borough-results/City%20of%20London,£6.56,2026-07-03T23:10:47+00:00
City of London,141,The Ship,CARLSBERG PILSNER,£6.05,6.05,"https://www.pint-prices.com/pub/11%20Talbot%20Court,%20,%20London,%20UK/The%20Ship",https://www.pint-prices.com/borough-results/City%20of%20London,£6.56,2026-07-03T23:10:47+00:00
City of London,142,The Woodins Shades,TENNENTS LAGER,£6.05,6.05,"https://www.pint-prices.com/pub/212%20Bishopsgate,%20,%20London,%20UK/The%20Woodins%20Shades",https://www.pint-prices.com/borough-results/City%20of%20London,£6.56,2026-07-03T23:10:47+00:00
City of London,143,The Sir John Hawkshaw,BUDWEISER,£6.07,6.07,"https://www.pint-prices.com/pub/Cannon%20Street%20Station,%20Cannon%20Street,%20,%20London,%20England/The%20Sir%20John%20Hawkshaw",https://www.pint-prices.com/borough-results/City%20of%20London,£6.56,2026-07-03T23:10:47+00:00
City of London,144,The Queens Head,ESTRELLA,£6.10,6.1,"https://www.pint-prices.com/pub/64%20Theobalds%20Rd,%20London%20WC1X%208SF/The%20Queens%20Head",https://www.pint-prices.com/borough-results/City%20of%20London,£6.56,2026-07-03T23:10:47+00:00
City of London,145,The Two Bridges,HEINEKEN,£6.10,6.1,"https://www.pint-prices.com/pub/186%20Tooley%20St,%20London%20SE1%202TZ/The%20Two%20Bridges",https://www.pint-prices.com/borough-results/City%20of%20London,£6.56,2026-07-03T23:10:47+00:00
City of London,146,The Lord Clyde,AMSTEL,£6.10,6.1,"https://www.pint-prices.com/pub/27%20Clennam%20St,%20London%20SE1%201ER/The%20Lord%20Clyde",https://www.pint-prices.com/borough-results/City%20of%20London,£6.56,2026-07-03T23:10:47+00:00
City of London,147,Monument (Whitechapel),GREENE KING IPA,£6.10,6.1,"https://www.pint-prices.com/pub/18%20Fish%20Street%20Hill,%20,%20Whitechapel,%20England/Monument%20(Whitechapel)",https://www.pint-prices.com/borough-results/City%20of%20London,£6.56,2026-07-03T23:10:47+00:00
City of London,148,Railway (London Ec2),GREENE KING IPA,£6.10,6.1,"https://www.pint-prices.com/pub/15%20Liverpool%20Street,%20,%20,%20England/Railway%20(London%20Ec2)",https://www.pint-prices.com/borough-results/City%20of%20London,£6.56,2026-07-03T23:10:47+00:00
City of London,149,Kings Arms (Bishopsgate),GREENE KING IPA,£6.10,6.1,"https://www.pint-prices.com/pub/27-28%20Wormwood%20Street,%20,%20Bishopsgate,%20England/Kings%20Arms%20(Bishopsgate)",https://www.pint-prices.com/borough-results/City%20of%20London,£6.56,2026-07-03T23:10:47+00:00
City of London,150,Red Lion (Moorgate),GREENE KING IPA,£6.10,6.1,"https://www.pint-prices.com/pub/1%20Eldon%20Street,%20,%20Moorgate,%20England/Red%20Lion%20(Moorgate)",https://www.pint-prices.com/borough-results/City%20of%20London,£6.56,2026-07-03T23:10:47+00:00
City of London,151,Hamilton Hall,CORONA,£6.13,6.13,"https://www.pint-prices.com/pub/Liverpool%20Street%20station,%20Street-level%20Concourse,%20,%20City%20of%20London,%20England/Hamilton%20Hall",https://www.pint-prices.com/borough-results/City%20of%20London,£6.56,2026-07-03T23:10:47+00:00
City of London,152,The Sir John Hawkshaw,GUINNESS,£6.14,6.14,"https://www.pint-prices.com/pub/Cannon%20Street%20Station,%20Cannon%20Street,%20,%20London,%20England/The%20Sir%20John%20Hawkshaw",https://www.pint-prices.com/borough-results/City%20of%20London,£6.56,2026-07-03T23:10:47+00:00
City of London,153,Red Lion,AMSTEL,£6.15,6.15,"https://www.pint-prices.com/pub/1%20Eldon%20Street,%20EC2M%207LS/Red%20Lion",https://www.pint-prices.com/borough-results/City%20of%20London,£6.56,2026-07-03T23:10:47+00:00
City of London,154,Railway,AMSTEL,£6.15,6.15,"https://www.pint-prices.com/pub/15%20Liverpool%20Street,%20EC2M%207NX/Railway",https://www.pint-prices.com/borough-results/City%20of%20London,£6.56,2026-07-03T23:10:47+00:00
City of London,155,Kings Arms,AMSTEL,£6.15,6.15,"https://www.pint-prices.com/pub/27-28%20Wormwood%20Street,%20EC2M%201RP/Kings%20Arms",https://www.pint-prices.com/borough-results/City%20of%20London,£6.56,2026-07-03T23:10:47+00:00
City of London,156,Lord Clyde,BASS CASK ALE,£6.15,6.15,"https://www.pint-prices.com/pub/27%20Clennam%20Street,%20Southwark,%20Southwark,%20United%20Kingdom/Lord%20Clyde",https://www.pint-prices.com/borough-results/City%20of%20London,£6.56,2026-07-03T23:10:47+00:00
City of London,157,Traitors Gate,BULMERS ORIGINAL,£6.15,6.15,"https://www.pint-prices.com/pub/%2014,%20Trinity%20Square,%20%20London%20,%20United%20Kingdom/Traitors%20Gate",https://www.pint-prices.com/borough-results/City%20of%20London,£6.56,2026-07-03T23:10:47+00:00
City of London,158,Crutched Friar,HOBGOBLIN GOLD,£6.15,6.15,"https://www.pint-prices.com/pub/39-41%20Crutched%20Friars%20,%20,%20London,%20United%20Kingdom/Crutched%20Friar",https://www.pint-prices.com/borough-results/City%20of%20London,£6.56,2026-07-03T23:10:47+00:00
City of London,159,The Globe,CARLSBERG PILSNER,£6.15,6.15,"https://www.pint-prices.com/pub/83%20Moorgate,%20,%20London,%20UK/The%20Globe",https://www.pint-prices.com/borough-results/City%20of%20London,£6.56,2026-07-03T23:10:47+00:00
City of London,160,Kings Arms (Bishopsgate),ABBOT ALE,£6.15,6.15,"https://www.pint-prices.com/pub/27-28%20Wormwood%20Street,%20,%20Bishopsgate,%20England/Kings%20Arms%20(Bishopsgate)",https://www.pint-prices.com/borough-results/City%20of%20London,£6.56,2026-07-03T23:10:47+00:00
City of London,161,Kings Arms (Bishopsgate),HEINEKEN,£6.15,6.15,"https://www.pint-prices.com/pub/27-28%20Wormwood%20Street,%20,%20Bishopsgate,%20England/Kings%20Arms%20(Bishopsgate)",https://www.pint-prices.com/borough-results/City%20of%20London,£6.56,2026-07-03T23:10:47+00:00
City of London,162,The Oyster Shed,PRAVHA,£6.20,6.2,"https://www.pint-prices.com/pub/1%20Angel%20Ln,%20London%20EC4R%203AB,%20UK/The%20Oyster%20Shed",https://www.pint-prices.com/borough-results/City%20of%20London,£6.56,2026-07-03T23:10:47+00:00
City of London,163,"The Barrowboy & Banker, SE1",AMSTEL,£6.20,6.2,"https://www.pint-prices.com/pub/6-8%20Borough%20High%20St,%20London%20SE1%209QQ,%20UK/The%20Barrowboy%20%26%20Banker,%20SE1",https://www.pint-prices.com/borough-results/City%20of%20London,£6.56,2026-07-03T23:10:47+00:00
City of London,164,Lord Raglan,AMSTEL,£6.20,6.2,"https://www.pint-prices.com/pub/61%20St%20Matrins%20Le%20Grand,%20EC1A%204ER/Lord%20Raglan",https://www.pint-prices.com/borough-results/City%20of%20London,£6.56,2026-07-03T23:10:47+00:00
City of London,165,The George & Monkey,PAULANER,£6.20,6.2,"https://www.pint-prices.com/pub/68%20Amwell%20St,%20London%20EC1R%201UU/The%20George%20%26%20Monkey",https://www.pint-prices.com/borough-results/City%20of%20London,£6.56,2026-07-03T23:10:47+00:00
City of London,166,The Queens Head,BIRRA MORETTI,£6.20,6.2,"https://www.pint-prices.com/pub/222%20Shoreditch%20High%20St,%20London%20E1%206PJ/The%20Queens%20Head",https://www.pint-prices.com/borough-results/City%20of%20London,£6.56,2026-07-03T23:10:47+00:00
City of London,167,The Bricklayers Arms,ESTRELLA,£6.20,6.2,"https://www.pint-prices.com/pub/63%20Charlotte%20Rd,%20London%20EC2A%203PE/The%20Bricklayers%20Arms",https://www.pint-prices.com/borough-results/City%20of%20London,£6.56,2026-07-03T23:10:47+00:00
City of London,168,The Marquis of Wellington,AMSTEL,£6.20,6.2,"https://www.pint-prices.com/pub/21%20Druid%20St,%20London%20SE1%202HH/The%20Marquis%20of%20Wellington",https://www.pint-prices.com/borough-results/City%20of%20London,£6.56,2026-07-03T23:10:47+00:00
City of London,169,The Sutton Arms,PAULANER,£6.20,6.2,"https://www.pint-prices.com/pub/16%20Great%20Sutton%20St,%20London%20EC1V%200DH/The%20Sutton%20Arms",https://www.pint-prices.com/borough-results/City%20of%20London,£6.56,2026-07-03T23:10:47+00:00
City of London,170,The Wellington,HEINEKEN,£6.20,6.2,"https://www.pint-prices.com/pub/81-83%20Waterloo%20Rd,%20London%20SE1%208UD/The%20Wellington",https://www.pint-prices.com/borough-results/City%20of%20London,£6.56,2026-07-03T23:10:47+00:00
City of London,171,The Dean Swift,PALE ALE,£6.20,6.2,"https://www.pint-prices.com/pub/10%20Gainsford%20Street%20London,%20SE1%202NE/The%20Dean%20Swift",https://www.pint-prices.com/borough-results/City%20of%20London,£6.56,2026-07-03T23:10:47+00:00
City of London,172,The Lexington,CRUZCAMPO,£6.20,6.2,"https://www.pint-prices.com/pub/96-98%20Pentonville%20Rd,%20London%20N1%209JB/The%20Lexington",https://www.pint-prices.com/borough-results/City%20of%20London,£6.56,2026-07-03T23:10:47+00:00
City of London,173,Nancy Spain's,MURPHY'S,£6.20,6.2,"https://www.pint-prices.com/pub/128-130%20Curtain%20Rd,%20London%20EC2A%203AQ/Nancy%20Spain's",https://www.pint-prices.com/borough-results/City%20of%20London,£6.56,2026-07-03T23:10:47+00:00
City of London,174,The Old Justice,HARVEY'S BEST BITTER,£6.20,6.2,"https://www.pint-prices.com/pub/94%20Bermondsey%20Wall%20East,%20London%20SE16%204TY/The%20Old%20Justice",https://www.pint-prices.com/borough-results/City%20of%20London,£6.56,2026-07-03T23:10:47+00:00
City of London,175,The Corn Exchange,AMSTEL,£6.20,6.2,"https://www.pint-prices.com/pub/Mark%20Lane,%20,%20London,%20United%20Kingdom/The%20Corn%20Exchange",https://www.pint-prices.com/borough-results/City%20of%20London,£6.56,2026-07-03T23:10:47+00:00
City of London,176,Traitors Gate,REKORDERLIG PASSIONFRUIT,£6.20,6.2,"https://www.pint-prices.com/pub/%2014,%20Trinity%20Square,%20%20London%20,%20United%20Kingdom/Traitors%20Gate",https://www.pint-prices.com/borough-results/City%20of%20London,£6.56,2026-07-03T23:10:47+00:00
City of London,177,Traitors Gate,REKORDERLIG STRAWBERRY AND LIME,£6.20,6.2,"https://www.pint-prices.com/pub/%2014,%20Trinity%20Square,%20%20London%20,%20United%20Kingdom/Traitors%20Gate",https://www.pint-prices.com/borough-results/City%20of%20London,£6.56,2026-07-03T23:10:47+00:00
City of London,178,Windsor Fenchurch,BREWDOG PLANET PALE,£6.20,6.2,"https://www.pint-prices.com/pub/2%20New%20London%20Street%20,%20,%20London,%20United%20Kingdom/Windsor%20Fenchurch",https://www.pint-prices.com/borough-results/City%20of%20London,£6.56,2026-07-03T23:10:47+00:00
City of London,179,All Bar One Moorgate,PRAVHA,£6.20,6.2,"https://www.pint-prices.com/pub/127%20Finsbury%20Pavement,%20,%20London,%20UK/All%20Bar%20One%20Moorgate",https://www.pint-prices.com/borough-results/City%20of%20London,£6.56,2026-07-03T23:10:47+00:00
City of London,180,The Britannia SMOK’D,PRAVHA,£6.20,6.2,https://www.pint-prices.com/pub/SE1%203RU/The%20Britannia%20SMOK%E2%80%99D,https://www.pint-prices.com/borough-results/City%20of%20London,£6.56,2026-07-03T23:10:47+00:00
City of London,181,The Liberty Bounds,CORONA,£6.23,6.23,"https://www.pint-prices.com/pub/15%20Trinity%20Square,%20Tower%20Hill,%20Tower%20of%20London,%20England/The%20Liberty%20Bounds",https://www.pint-prices.com/borough-results/City%20of%20London,£6.56,2026-07-03T23:10:47+00:00
City of London,182,Goodman's Field,CORONA,£6.23,6.23,"https://www.pint-prices.com/pub/87-91%20Mansell%20Street,%20,%20Tower%20Hamlets,%20England/Goodman's%20Field",https://www.pint-prices.com/borough-results/City%20of%20London,£6.56,2026-07-03T23:10:47+00:00
City of London,183,The Crosse Keys,CORONA,£6.23,6.23,"https://www.pint-prices.com/pub/9%20Gracechurch%20Street,%20,%20City%20of%20London,%20England/The%20Crosse%20Keys",https://www.pint-prices.com/borough-results/City%20of%20London,£6.56,2026-07-03T23:10:47+00:00
City of London,184,Bodean's Tower Hill,HEINEKEN,£6.25,6.25,"https://www.pint-prices.com/pub/16%20Byward%20St,%20London%20EC3R%205BA,%20UK/Bodean's%20Tower%20Hill",https://www.pint-prices.com/borough-results/City%20of%20London,£6.56,2026-07-03T23:10:47+00:00
City of London,185,The Eagle,PRAVHA,£6.25,6.25,"https://www.pint-prices.com/pub/2%20Shepherdess%20Walk,%20Greater,%20London%20N1%207LB,%20UK/The%20Eagle",https://www.pint-prices.com/borough-results/City%20of%20London,£6.56,2026-07-03T23:10:47+00:00
City of London,186,The Duke of York,WHITSTABLE BAY LAGER,£6.25,6.25,"https://www.pint-prices.com/pub/47%20Borough%20Rd,%20London%20SE1%201DR/The%20Duke%20of%20York",https://www.pint-prices.com/borough-results/City%20of%20London,£6.56,2026-07-03T23:10:47+00:00
City of London,187,The Slug and Lettuce,AMSTEL,£6.25,6.25,"https://www.pint-prices.com/pub/1%20St%20Katharine's%20Way,%20London%20E1W%201DD/The%20Slug%20and%20Lettuce",https://www.pint-prices.com/borough-results/City%20of%20London,£6.56,2026-07-03T23:10:47+00:00
City of London,188,The Bell,BECKS,£6.25,6.25,"https://www.pint-prices.com/pub/50%20Middlesex%20St,%20London%20E1%207EX/The%20Bell",https://www.pint-prices.com/borough-results/City%20of%20London,£6.56,2026-07-03T23:10:47+00:00
City of London,189,The Sutton Arms,LONDON PRIDE,£6.25,6.25,"https://www.pint-prices.com/pub/16%20Great%20Sutton%20St,%20London%20EC1V%200DH/The%20Sutton%20Arms",https://www.pint-prices.com/borough-results/City%20of%20London,£6.56,2026-07-03T23:10:47+00:00
City of London,190,Three Tuns Aldgate,AMSTEL,£6.25,6.25,"https://www.pint-prices.com/pub/36%20Jewry%20Street,%20Aldgate,%20London,%20United%20Kingdom/Three%20Tuns%20Aldgate",https://www.pint-prices.com/borough-results/City%20of%20London,£6.56,2026-07-03T23:10:47+00:00
City of London,191,All Bar One Houndsditch,ASPALL CYDER,£6.25,6.25,"https://www.pint-prices.com/pub/106-107%20Houndsditch,%20,%20London,%20UK/All%20Bar%20One%20Houndsditch",https://www.pint-prices.com/borough-results/City%20of%20London,£6.56,2026-07-03T23:10:47+00:00
City of London,192,All Bar One Moorgate,GUINNESS,£6.25,6.25,"https://www.pint-prices.com/pub/127%20Finsbury%20Pavement,%20,%20London,%20UK/All%20Bar%20One%20Moorgate",https://www.pint-prices.com/borough-results/City%20of%20London,£6.56,2026-07-03T23:10:47+00:00
City of London,193,The Rake,HOUSE LAGER,£6.30,6.3,"https://www.pint-prices.com/pub/Borough%20Market,%2014A%20Winchester%20Walk,%20London%20SE1%209AG,%20UK/The%20Rake",https://www.pint-prices.com/borough-results/City%20of%20London,£6.56,2026-07-03T23:10:47+00:00
City of London,194,The Rake,BUDWEISER,£6.30,6.3,"https://www.pint-prices.com/pub/Borough%20Market,%2014A%20Winchester%20Walk,%20London%20SE1%209AG,%20UK/The%20Rake",https://www.pint-prices.com/borough-results/City%20of%20London,£6.56,2026-07-03T23:10:47+00:00
City of London,195,Red Lion,GUINNESS,£6.30,6.3,"https://www.pint-prices.com/pub/1%20Eldon%20Street,%20EC2M%207LS/Red%20Lion",https://www.pint-prices.com/borough-results/City%20of%20London,£6.56,2026-07-03T23:10:47+00:00
City of London,196,The George IV,CAMDEN HELLS,£6.30,6.3,"https://www.pint-prices.com/pub/28%20Portugal%20St,%20London%20WC2A%202HE/The%20George%20IV",https://www.pint-prices.com/borough-results/City%20of%20London,£6.56,2026-07-03T23:10:47+00:00
City of London,197,The Dean Swift,PAULANER,£6.30,6.3,"https://www.pint-prices.com/pub/10%20Gainsford%20St,%20London%20SE1%202NE/The%20Dean%20Swift",https://www.pint-prices.com/borough-results/City%20of%20London,£6.56,2026-07-03T23:10:47+00:00
City of London,198,The Horse & Stables,BREW BY NUMBERS 32,£6.30,6.3,"https://www.pint-prices.com/pub/122-124%20Westminster%20Bridge%20Rd,%20London%20SE1%207RW/The%20Horse%20%26%20Stables",https://www.pint-prices.com/borough-results/City%20of%20London,£6.56,2026-07-03T23:10:47+00:00
City of London,199,The Woodins Shades,AMSTEL,£6.30,6.3,"https://www.pint-prices.com/pub/212%20Bishopsgate,%20London%20EC2M%204PT/The%20Woodins%20Shades",https://www.pint-prices.com/borough-results/City%20of%20London,£6.56,2026-07-03T23:10:47+00:00
City of London,200,Anchor - Bankside (Southwark),GREENE KING IPA,£6.30,6.3,"https://www.pint-prices.com/pub/34%20Park%20Street,%20,%20Southwark,%20England/Anchor%20-%20Bankside%20(Southwark)",https://www.pint-prices.com/borough-results/City%20of%20London,£6.56,2026-07-03T23:10:47+00:00
City of London,201,Lord Clyde,AMSTEL,£6.30,6.3,"https://www.pint-prices.com/pub/27%20Clennam%20Street,%20Southwark,%20Southwark,%20United%20Kingdom/Lord%20Clyde",https://www.pint-prices.com/borough-results/City%20of%20London,£6.56,2026-07-03T23:10:47+00:00
City of London,202,Three Tuns Aldgate,THATCHERS GOLD,£6.30,6.3,"https://www.pint-prices.com/pub/36%20Jewry%20Street,%20Aldgate,%20London,%20United%20Kingdom/Three%20Tuns%20Aldgate",https://www.pint-prices.com/borough-results/City%20of%20London,£6.56,2026-07-03T23:10:47+00:00
City of London,203,Three Tuns Aldgate,THATCHERS GOLD,£6.30,6.3,"https://www.pint-prices.com/pub/36%20Jewry%20Street,%20Aldgate,%20London,%20United%20Kingdom/Three%20Tuns%20Aldgate",https://www.pint-prices.com/borough-results/City%20of%20London,£6.56,2026-07-03T23:10:47+00:00
City of London,204,The Sir John Hawkshaw,THATCHERS GOLD,£6.32,6.32,"https://www.pint-prices.com/pub/Cannon%20Street%20Station,%20Cannon%20Street,%20,%20London,%20England/The%20Sir%20John%20Hawkshaw",https://www.pint-prices.com/borough-results/City%20of%20London,£6.56,2026-07-03T23:10:47+00:00
City of London,205,Ye Olde Cock Tavern,GUINNESS,£6.35,6.35,"https://www.pint-prices.com/pub/22%20Fleet%20Street,%20EC4Y%201AA/Ye%20Olde%20Cock%20Tavern",https://www.pint-prices.com/borough-results/City%20of%20London,£6.56,2026-07-03T23:10:47+00:00
City of London,206,Ye Olde London City,GUINNESS,£6.35,6.35,"https://www.pint-prices.com/pub/42%20Ludgate%20Hill,%20EC4M%207DE/Ye%20Olde%20London%20City",https://www.pint-prices.com/borough-results/City%20of%20London,£6.56,2026-07-03T23:10:47+00:00
City of London,207,Lord Raglan,GUINNESS,£6.35,6.35,"https://www.pint-prices.com/pub/61%20St%20Matrins%20Le%20Grand,%20EC1A%204ER/Lord%20Raglan",https://www.pint-prices.com/borough-results/City%20of%20London,£6.56,2026-07-03T23:10:47+00:00
City of London,208,Railway,GUINNESS,£6.35,6.35,"https://www.pint-prices.com/pub/15%20Liverpool%20Street,%20EC2M%207NX/Railway",https://www.pint-prices.com/borough-results/City%20of%20London,£6.56,2026-07-03T23:10:47+00:00
City of London,209,Kings Arms,GUINNESS,£6.35,6.35,"https://www.pint-prices.com/pub/27-28%20Wormwood%20Street,%20EC2M%201RP/Kings%20Arms",https://www.pint-prices.com/borough-results/City%20of%20London,£6.56,2026-07-03T23:10:47+00:00
City of London,210,Sea Horse Fleet Street,CARLING,£6.35,6.35,"https://www.pint-prices.com/pub/64%20Queen%20Victoria%20Street,%20Fleet%20Street,%20London,%20United%20Kingdom/Sea%20Horse%20Fleet%20Street",https://www.pint-prices.com/borough-results/City%20of%20London,£6.56,2026-07-03T23:10:47+00:00
City of London,211,Cheshire Cheese,AMSTEL,£6.35,6.35,"https://www.pint-prices.com/pub/48%20Crutched%20Friars%20,%20,%20London,%20United%20Kingdom/Cheshire%20Cheese",https://www.pint-prices.com/borough-results/City%20of%20London,£6.56,2026-07-03T23:10:47+00:00
City of London,212,Cheshire Cheese,THATCHERS GOLD,£6.35,6.35,"https://www.pint-prices.com/pub/48%20Crutched%20Friars%20,%20,%20London,%20United%20Kingdom/Cheshire%20Cheese",https://www.pint-prices.com/borough-results/City%20of%20London,£6.56,2026-07-03T23:10:47+00:00
City of London,213,Sports Bar & Grill Old Street,AMSTEL,£6.35,6.35,"https://www.pint-prices.com/pub/174-180%20Old%20Street%20,%20,%20London,%20United%20Kingdom/Sports%20Bar%20%26%20Grill%20Old%20Street",https://www.pint-prices.com/borough-results/City%20of%20London,£6.56,2026-07-03T23:10:47+00:00
City of London,214,Red Lion (Moorgate),ABBOT ALE,£6.35,6.35,"https://www.pint-prices.com/pub/1%20Eldon%20Street,%20,%20Moorgate,%20England/Red%20Lion%20(Moorgate)",https://www.pint-prices.com/borough-results/City%20of%20London,£6.56,2026-07-03T23:10:47+00:00
City of London,215,Ye Olde Cock Tavern,NECK OIL,£6.40,6.4,"https://www.pint-prices.com/pub/22%20Fleet%20Street,%20EC4Y%201AA/Ye%20Olde%20Cock%20Tavern",https://www.pint-prices.com/borough-results/City%20of%20London,£6.56,2026-07-03T23:10:47+00:00
City of London,216,The Blue Lion,BLUE MOON,£6.40,6.4,"https://www.pint-prices.com/pub/133%20Grays%20Inn%20Rd,%20London%20WC1X%208TU/The%20Blue%20Lion",https://www.pint-prices.com/borough-results/City%20of%20London,£6.56,2026-07-03T23:10:47+00:00
City of London,217,The Plaquemine Lock,ESTRELLA,£6.40,6.4,"https://www.pint-prices.com/pub/139%20Graham%20St,%20London%20N1%208LB/The%20Plaquemine%20Lock",https://www.pint-prices.com/borough-results/City%20of%20London,£6.56,2026-07-03T23:10:47+00:00
City of London,218,Yeh Olde Watling,GUINNESS,£6.40,6.4,"https://www.pint-prices.com/pub/29%20Watling%20St,%20Greater,%20London%20EC4M%209BR/Yeh%20Olde%20Watling",https://www.pint-prices.com/borough-results/City%20of%20London,£6.56,2026-07-03T23:10:47+00:00
City of London,219,Sir Sydney Smith,NECK OIL,£6.40,6.4,"https://www.pint-prices.com/pub/22%20Dock%20St,%20Tower%20Hill,%20London%20E1%208JP/Sir%20Sydney%20Smith",https://www.pint-prices.com/borough-results/City%20of%20London,£6.56,2026-07-03T23:10:47+00:00
City of London,220,The Junction,CRUZCAMPO,£6.40,6.4,"https://www.pint-prices.com/pub/Noble%20House,%203-5%20Islington%20High%20St,%20London%20N1%209LQ/The%20Junction",https://www.pint-prices.com/borough-results/City%20of%20London,£6.56,2026-07-03T23:10:47+00:00
City of London,221,Beechwood Sport Pub & Kitchen,AMSTEL,£6.40,6.4,"https://www.pint-prices.com/pub/Worship%20St,%20London%20EC2A%202FA/Beechwood%20Sport%20Pub%20%26%20Kitchen",https://www.pint-prices.com/borough-results/City%20of%20London,£6.56,2026-07-03T23:10:47+00:00
City of London,222,Beechwood Sport Pub & Kitchen,AMSTEL,£6.40,6.4,"https://www.pint-prices.com/pub/Worship%20St,%20London%20EC2A%202FA/Beechwood%20Sport%20Pub%20%26%20Kitchen",https://www.pint-prices.com/borough-results/City%20of%20London,£6.56,2026-07-03T23:10:47+00:00
City of London,223,The Moretown Belle London,FOSTERS,£6.40,6.4,"https://www.pint-prices.com/pub/5%20Thomas%20More%20St,%20London%20E1W%201YY,%20Reino%20Unido/The%20Moretown%20Belle%20London",https://www.pint-prices.com/borough-results/City%20of%20London,£6.56,2026-07-03T23:10:47+00:00
City of London,224,The Moretown Belle London,FOSTERS,£6.40,6.4,"https://www.pint-prices.com/pub/5%20Thomas%20More%20St,%20London%20E1W%201YY,%20Reino%20Unido/The%20Moretown%20Belle%20London",https://www.pint-prices.com/borough-results/City%20of%20London,£6.56,2026-07-03T23:10:47+00:00
City of London,225,All Bar One Butlers Wharf,ASPALL CYDER,£6.40,6.4,"https://www.pint-prices.com/pub/34%20Shad%20Thames,%20Butlers%20Wharf,%20London,%20UK/All%20Bar%20One%20Butlers%20Wharf",https://www.pint-prices.com/borough-results/City%20of%20London,£6.56,2026-07-03T23:10:47+00:00
City of London,226,Bell Bush Lane EC4,THATCHERS GOLD,£6.40,6.4,"https://www.pint-prices.com/pub/29%20Bush%20Lane,%20Fleet%20Street,%20London,%20United%20Kingdom/Bell%20Bush%20Lane%20EC4",https://www.pint-prices.com/borough-results/City%20of%20London,£6.56,2026-07-03T23:10:47+00:00
City of London,227,Bell Bush Lane EC4,THATCHERS GOLD,£6.40,6.4,"https://www.pint-prices.com/pub/29%20Bush%20Lane,%20Fleet%20Street,%20London,%20United%20Kingdom/Bell%20Bush%20Lane%20EC4",https://www.pint-prices.com/borough-results/City%20of%20London,£6.56,2026-07-03T23:10:47+00:00
City of London,228,Monument (Whitechapel),AMSTEL,£6.40,6.4,"https://www.pint-prices.com/pub/18%20Fish%20Street%20Hill,%20,%20Whitechapel,%20England/Monument%20(Whitechapel)",https://www.pint-prices.com/borough-results/City%20of%20London,£6.56,2026-07-03T23:10:47+00:00
City of London,229,All Bar One Tower of London,ASPALL CYDER,£6.40,6.4,"https://www.pint-prices.com/pub/14%20Byward%20Street,%20,%20London,%20UK/All%20Bar%20One%20Tower%20of%20London",https://www.pint-prices.com/borough-results/City%20of%20London,£6.56,2026-07-03T23:10:47+00:00
City of London,230,Crutched Friar,BOLTMAKER CASK,£6.40,6.4,"https://www.pint-prices.com/pub/39-41%20Crutched%20Friars%20,%20,%20London,%20United%20Kingdom/Crutched%20Friar",https://www.pint-prices.com/borough-results/City%20of%20London,£6.56,2026-07-03T23:10:47+00:00
City of London,231,Railway (London Ec2),AMSTEL,£6.40,6.4,"https://www.pint-prices.com/pub/15%20Liverpool%20Street,%20,%20,%20England/Railway%20(London%20Ec2)",https://www.pint-prices.com/borough-results/City%20of%20London,£6.56,2026-07-03T23:10:47+00:00
City of London,232,Kings Arms (Bishopsgate),AMSTEL,£6.40,6.4,"https://www.pint-prices.com/pub/27-28%20Wormwood%20Street,%20,%20Bishopsgate,%20England/Kings%20Arms%20(Bishopsgate)",https://www.pint-prices.com/borough-results/City%20of%20London,£6.56,2026-07-03T23:10:47+00:00
City of London,233,Red Lion (Moorgate),AMSTEL,£6.40,6.4,"https://www.pint-prices.com/pub/1%20Eldon%20Street,%20,%20Moorgate,%20England/Red%20Lion%20(Moorgate)",https://www.pint-prices.com/borough-results/City%20of%20London,£6.56,2026-07-03T23:10:47+00:00
City of London,234,"The Counting House, EC3",AMSTEL,£6.45,6.45,"https://www.pint-prices.com/pub/50%20Cornhill,%20London%20EC3V%203PD,%20UK/The%20Counting%20House,%20EC3",https://www.pint-prices.com/borough-results/City%20of%20London,£6.56,2026-07-03T23:10:47+00:00
City of London,235,The Perseverance,ESTRELLA,£6.45,6.45,"https://www.pint-prices.com/pub/63%20Lamb's%20Conduit%20St,%20London%20WC1N%203NB/The%20Perseverance",https://www.pint-prices.com/borough-results/City%20of%20London,£6.56,2026-07-03T23:10:47+00:00
City of London,236,George (Southwark),BONKERS CONKERS,£6.45,6.45,"https://www.pint-prices.com/pub/75-77%20Borough%20High%20Street,%20,%20Southwark,%20England/George%20(Southwark)",https://www.pint-prices.com/borough-results/City%20of%20London,£6.56,2026-07-03T23:10:47+00:00
City of London,237,The Sugar Loaf,LUCKY SAINT,£6.45,6.45,"https://www.pint-prices.com/pub/65%20Cannon%20Street,%20,%20London,%20UK/The%20Sugar%20Loaf",https://www.pint-prices.com/borough-results/City%20of%20London,£6.56,2026-07-03T23:10:47+00:00
City of London,238,Sea Horse Fleet Street,THATCHERS GOLD,£6.45,6.45,"https://www.pint-prices.com/pub/64%20Queen%20Victoria%20Street,%20Fleet%20Street,%20London,%20United%20Kingdom/Sea%20Horse%20Fleet%20Street",https://www.pint-prices.com/borough-results/City%20of%20London,£6.56,2026-07-03T23:10:47+00:00
City of London,239,Sea Horse Fleet Street,THATCHERS GOLD,£6.45,6.45,"https://www.pint-prices.com/pub/64%20Queen%20Victoria%20Street,%20Fleet%20Street,%20London,%20United%20Kingdom/Sea%20Horse%20Fleet%20Street",https://www.pint-prices.com/borough-results/City%20of%20London,£6.56,2026-07-03T23:10:47+00:00
City of London,240,Three Tuns Aldgate,STRONGBOW DARK FRUIT,£6.45,6.45,"https://www.pint-prices.com/pub/36%20Jewry%20Street,%20Aldgate,%20London,%20United%20Kingdom/Three%20Tuns%20Aldgate",https://www.pint-prices.com/borough-results/City%20of%20London,£6.56,2026-07-03T23:10:47+00:00
City of London,241,Crutched Friar,AMSTEL,£6.45,6.45,"https://www.pint-prices.com/pub/39-41%20Crutched%20Friars%20,%20,%20London,%20United%20Kingdom/Crutched%20Friar",https://www.pint-prices.com/borough-results/City%20of%20London,£6.56,2026-07-03T23:10:47+00:00
City of London,242,Lord Raglan (Holborn),AMSTEL,£6.45,6.45,"https://www.pint-prices.com/pub/61%20St%20Martins%20Le%20Grand,%20,%20Holborn,%20England/Lord%20Raglan%20(Holborn)",https://www.pint-prices.com/borough-results/City%20of%20London,£6.56,2026-07-03T23:10:47+00:00
City of London,243,Lord Raglan (Holborn),ABBOT ALE,£6.45,6.45,"https://www.pint-prices.com/pub/61%20St%20Martins%20Le%20Grand,%20,%20Holborn,%20England/Lord%20Raglan%20(Holborn)",https://www.pint-prices.com/borough-results/City%20of%20London,£6.56,2026-07-03T23:10:47+00:00
City of London,244,Queen of Hoxton,AMSTEL,£6.50,6.5,"https://www.pint-prices.com/pub/1%20Curtain%20Rd,%20London%20EC2A%203JX,%20UK/Queen%20of%20Hoxton",https://www.pint-prices.com/borough-results/City%20of%20London,£6.56,2026-07-03T23:10:47+00:00
City of London,245,Hawksmoor Guildhall,PALE ALE,£6.50,6.5,"https://www.pint-prices.com/pub/10%20Basinghall%20St,%20London%20EC2V%205BQ,%20UK/Hawksmoor%20Guildhall",https://www.pint-prices.com/borough-results/City%20of%20London,£6.56,2026-07-03T23:10:47+00:00
City of London,246,The Blackfriar,PRAVHA,£6.50,6.5,"https://www.pint-prices.com/pub/174%20Queen%20Victoria%20St,%20Greater,%20London%20EC4V%204EG,%20UK/The%20Blackfriar",https://www.pint-prices.com/borough-results/City%20of%20London,£6.56,2026-07-03T23:10:47+00:00
City of London,247,Swan London,SAXON LAGER,£6.50,6.5,"https://www.pint-prices.com/pub/21%20New%20Globe%20Walk,%20Bankside,%20London%20SE1%209DT,%20UK/Swan%20London",https://www.pint-prices.com/borough-results/City%20of%20London,£6.56,2026-07-03T23:10:47+00:00
City of London,248,Swan London,CRAZY HORSE APA,£6.50,6.5,"https://www.pint-prices.com/pub/21%20New%20Globe%20Walk,%20Bankside,%20London%20SE1%209DT,%20UK/Swan%20London",https://www.pint-prices.com/borough-results/City%20of%20London,£6.56,2026-07-03T23:10:47+00:00
City of London,249,The Scottish Stores,CAMDEN PALE ALE,£6.50,6.5,"https://www.pint-prices.com/pub/6%20Caledonian%20Rd,%20London%20N1%209DT/The%20Scottish%20Stores",https://www.pint-prices.com/borough-results/City%20of%20London,£6.56,2026-07-03T23:10:47+00:00
City of London,250,Natural Kitchen,PRAVHA,£6.50,6.5,"https://www.pint-prices.com/pub/Trinity%20Square,%207%20Pepys%20Street,%20London%20EC3N%204AF/Natural%20Kitchen",https://www.pint-prices.com/borough-results/City%20of%20London,£6.56,2026-07-03T23:10:47+00:00
City of London,251,The Dolphin Tavern,CRUZCAMPO,£6.50,6.5,"https://www.pint-prices.com/pub/44%20Red%20Lion%20St,%20London%20WC1R%204PF/The%20Dolphin%20Tavern",https://www.pint-prices.com/borough-results/City%20of%20London,£6.56,2026-07-03T23:10:47+00:00
City of London,252,The Seven Stars,BITBURGER,£6.50,6.5,"https://www.pint-prices.com/pub/53%20Carey%20St,%20London%20WC2A%203QS/The%20Seven%20Stars",https://www.pint-prices.com/borough-results/City%20of%20London,£6.56,2026-07-03T23:10:47+00:00
City of London,253,The Northumberland Arms,CRUZAMPO,£6.50,6.5,"https://www.pint-prices.com/pub/141%20King%E2%80%99s%20Cross%20Rd,%20London%20WC1X%209BJ/The%20Northumberland%20Arms",https://www.pint-prices.com/borough-results/City%20of%20London,£6.56,2026-07-03T23:10:47+00:00
City of London,254,The Duke,ESTRELLA,£6.50,6.5,"https://www.pint-prices.com/pub/7%20Roger%20St,%20London%20WC1N%202PB/The%20Duke",https://www.pint-prices.com/borough-results/City%20of%20London,£6.56,2026-07-03T23:10:47+00:00
City of London,255,The Rugby Tavern,CRUZCAMPO,£6.50,6.5,"https://www.pint-prices.com/pub/19%20Great%20James%20St,%20London%20WC1N%203ES/The%20Rugby%20Tavern",https://www.pint-prices.com/borough-results/City%20of%20London,£6.56,2026-07-03T23:10:47+00:00
City of London,256,The Bell,CORONA,£6.50,6.5,"https://www.pint-prices.com/pub/50%20Middlesex%20St,%20London%20E1%207EX/The%20Bell",https://www.pint-prices.com/borough-results/City%20of%20London,£6.56,2026-07-03T23:10:47+00:00
City of London,257,The Tipperary,GUINNESS,£6.50,6.5,"https://www.pint-prices.com/pub/66%20Fleet%20St,%20Temple,%20London%20EC4Y%201HT/The%20Tipperary",https://www.pint-prices.com/borough-results/City%20of%20London,£6.56,2026-07-03T23:10:47+00:00
City of London,258,Kings Arms,GUINNESS,£6.50,6.5,"https://www.pint-prices.com/pub/27%20Wormwood%20St,%20London%20EC2M%201RP/Kings%20Arms",https://www.pint-prices.com/borough-results/City%20of%20London,£6.56,2026-07-03T23:10:47+00:00
City of London,259,Anchor - Bankside (Southwark),HEINEKEN,£6.50,6.5,"https://www.pint-prices.com/pub/34%20Park%20Street,%20,%20Southwark,%20England/Anchor%20-%20Bankside%20(Southwark)",https://www.pint-prices.com/borough-results/City%20of%20London,£6.56,2026-07-03T23:10:47+00:00
City of London,260,The Alexander Hay,AMSTEL,£6.50,6.5,"https://www.pint-prices.com/pub/Unit%2022%20Hays%20Galleria,%20,%20London,%20United%20Kingdom/The%20Alexander%20Hay",https://www.pint-prices.com/borough-results/City%20of%20London,£6.56,2026-07-03T23:10:47+00:00
City of London,261,The Sugar Loaf,AMSTEL,£6.50,6.5,"https://www.pint-prices.com/pub/65%20Cannon%20Street,%20,%20London,%20UK/The%20Sugar%20Loaf",https://www.pint-prices.com/borough-results/City%20of%20London,£6.56,2026-07-03T23:10:47+00:00
City of London,262,Williamson's Tavern,AMSTEL,£6.50,6.5,"https://www.pint-prices.com/pub/1%20Groveland%20Court,%20,%20London,%20UK/Williamson's%20Tavern",https://www.pint-prices.com/borough-results/City%20of%20London,£6.56,2026-07-03T23:10:47+00:00
City of London,263,Sea Horse Fleet Street,OLD MOUT STRAWBERRY & APPLE,£6.50,6.5,"https://www.pint-prices.com/pub/64%20Queen%20Victoria%20Street,%20Fleet%20Street,%20London,%20United%20Kingdom/Sea%20Horse%20Fleet%20Street",https://www.pint-prices.com/borough-results/City%20of%20London,£6.56,2026-07-03T23:10:47+00:00
City of London,264,Three Tuns Aldgate,GUINNESS,£6.50,6.5,"https://www.pint-prices.com/pub/36%20Jewry%20Street,%20Aldgate,%20London,%20United%20Kingdom/Three%20Tuns%20Aldgate",https://www.pint-prices.com/borough-results/City%20of%20London,£6.56,2026-07-03T23:10:47+00:00
City of London,265,Ye Olde Watling,AMSTEL,£6.50,6.5,"https://www.pint-prices.com/pub/29%20Watling%20Street,%20,%20London,%20UK/Ye%20Olde%20Watling",https://www.pint-prices.com/borough-results/City%20of%20London,£6.56,2026-07-03T23:10:47+00:00
City of London,266,Kings Arms (Bishopsgate),ASPALL CYDER,£6.50,6.5,"https://www.pint-prices.com/pub/27-28%20Wormwood%20Street,%20,%20Bishopsgate,%20England/Kings%20Arms%20(Bishopsgate)",https://www.pint-prices.com/borough-results/City%20of%20London,£6.56,2026-07-03T23:10:47+00:00
City of London,267,Red Lion (Moorgate),ASPALL CYDER,£6.50,6.5,"https://www.pint-prices.com/pub/1%20Eldon%20Street,%20,%20Moorgate,%20England/Red%20Lion%20(Moorgate)",https://www.pint-prices.com/borough-results/City%20of%20London,£6.56,2026-07-03T23:10:47+00:00
City of London,268,White Bear,PRAVHA,£6.50,6.5,https://www.pint-prices.com/pub/SE11%204DJ/White%20Bear,https://www.pint-prices.com/borough-results/City%20of%20London,£6.56,2026-07-03T23:10:47+00:00
City of London,269,Lucas Arms,NECK OIL,£6.55,6.55,"https://www.pint-prices.com/pub/245A%20Grays%20Inn%20Road,%20WC1X%208QY/Lucas%20Arms",https://www.pint-prices.com/borough-results/City%20of%20London,£6.56,2026-07-03T23:10:47+00:00
City of London,270,Ye Olde London,ESTRELLA,£6.55,6.55,"https://www.pint-prices.com/pub/42%20Ludgate%20Hill,%20London%20EC4M%207DE/Ye%20Olde%20London",https://www.pint-prices.com/borough-results/City%20of%20London,£6.56,2026-07-03T23:10:47+00:00
City of London,271,The Sutton Arms,AMSTEL,£6.55,6.55,"https://www.pint-prices.com/pub/16%20Great%20Sutton%20St,%20London%20EC1V%200DH/The%20Sutton%20Arms",https://www.pint-prices.com/borough-results/City%20of%20London,£6.56,2026-07-03T23:10:47+00:00
City of London,272,Bell Bush Lane EC4,STRONGBOW DARK FRUIT,£6.55,6.55,"https://www.pint-prices.com/pub/29%20Bush%20Lane,%20Fleet%20Street,%20London,%20United%20Kingdom/Bell%20Bush%20Lane%20EC4",https://www.pint-prices.com/borough-results/City%20of%20London,£6.56,2026-07-03T23:10:47+00:00
City of London,273,Sea Horse Fleet Street,AMSTEL,£6.55,6.55,"https://www.pint-prices.com/pub/64%20Queen%20Victoria%20Street,%20Fleet%20Street,%20London,%20United%20Kingdom/Sea%20Horse%20Fleet%20Street",https://www.pint-prices.com/borough-results/City%20of%20London,£6.56,2026-07-03T23:10:47+00:00
City of London,274,Katzenjammers,KINGSTON ALE,£6.60,6.6,"https://www.pint-prices.com/pub/The%20Hop%20Exchange,%2024%20Southwark%20St,%20London%20SE1%201TY,%20UK/Katzenjammers",https://www.pint-prices.com/borough-results/City%20of%20London,£6.56,2026-07-03T23:10:47+00:00
City of London,275,Ye Olde Cock Tavern,MADRI,£6.60,6.6,"https://www.pint-prices.com/pub/22%20Fleet%20Street,%20EC4Y%201AA/Ye%20Olde%20Cock%20Tavern",https://www.pint-prices.com/borough-results/City%20of%20London,£6.56,2026-07-03T23:10:47+00:00
City of London,276,Lucas Arms,BIRRA MORETTI,£6.60,6.6,"https://www.pint-prices.com/pub/245A%20Grays%20Inn%20Road,%20WC1X%208QY/Lucas%20Arms",https://www.pint-prices.com/borough-results/City%20of%20London,£6.56,2026-07-03T23:10:47+00:00
City of London,277,The Three Kings,GUINNESS,£6.60,6.6,"https://www.pint-prices.com/pub/7%20Clerkenwell%20Close,%20London%20EC1R%200DY/The%20Three%20Kings",https://www.pint-prices.com/borough-results/City%20of%20London,£6.56,2026-07-03T23:10:47+00:00
City of London,278,The George and Vulture,GUINNESS,£6.60,6.6,"https://www.pint-prices.com/pub/63%20Pitfield%20St,%20London%20N1%206BU/The%20George%20and%20Vulture",https://www.pint-prices.com/borough-results/City%20of%20London,£6.56,2026-07-03T23:10:47+00:00
City of London,279,Bell Bush Lane EC4,AMSTEL,£6.60,6.6,"https://www.pint-prices.com/pub/29%20Bush%20Lane,%20Fleet%20Street,%20London,%20United%20Kingdom/Bell%20Bush%20Lane%20EC4",https://www.pint-prices.com/borough-results/City%20of%20London,£6.56,2026-07-03T23:10:47+00:00
City of London,280,Cheshire Cheese,GUINNESS,£6.60,6.6,"https://www.pint-prices.com/pub/48%20Crutched%20Friars%20,%20,%20London,%20United%20Kingdom/Cheshire%20Cheese",https://www.pint-prices.com/borough-results/City%20of%20London,£6.56,2026-07-03T23:10:47+00:00
City of London,281,Railway (London Ec2),ASPALL CYDER,£6.60,6.6,"https://www.pint-prices.com/pub/15%20Liverpool%20Street,%20,%20,%20England/Railway%20(London%20Ec2)",https://www.pint-prices.com/borough-results/City%20of%20London,£6.56,2026-07-03T23:10:47+00:00
City of London,282,Railway (London Ec2),OLD MOUT BERRIES & CHERRIES,£6.60,6.6,"https://www.pint-prices.com/pub/15%20Liverpool%20Street,%20,%20,%20England/Railway%20(London%20Ec2)",https://www.pint-prices.com/borough-results/City%20of%20London,£6.56,2026-07-03T23:10:47+00:00
City of London,283,Sports Bar & Grill Old Street,HEINEKEN,£6.60,6.6,"https://www.pint-prices.com/pub/174-180%20Old%20Street%20,%20,%20London,%20United%20Kingdom/Sports%20Bar%20%26%20Grill%20Old%20Street",https://www.pint-prices.com/borough-results/City%20of%20London,£6.56,2026-07-03T23:10:47+00:00
City of London,284,The Sir John Hawkshaw,CORONA,£6.63,6.63,"https://www.pint-prices.com/pub/Cannon%20Street%20Station,%20Cannon%20Street,%20,%20London,%20England/The%20Sir%20John%20Hawkshaw",https://www.pint-prices.com/borough-results/City%20of%20London,£6.56,2026-07-03T23:10:47+00:00
City of London,285,"The Counting House, EC3",HEINEKEN,£6.65,6.65,"https://www.pint-prices.com/pub/50%20Cornhill,%20London%20EC3V%203PD,%20UK/The%20Counting%20House,%20EC3",https://www.pint-prices.com/borough-results/City%20of%20London,£6.56,2026-07-03T23:10:47+00:00
City of London,286,Ye Olde London City,ESTRELLA,£6.65,6.65,"https://www.pint-prices.com/pub/42%20Ludgate%20Hill,%20EC4M%207DE/Ye%20Olde%20London%20City",https://www.pint-prices.com/borough-results/City%20of%20London,£6.56,2026-07-03T23:10:47+00:00
City of London,287,The Lamb,ESTRELLA,£6.65,6.65,"https://www.pint-prices.com/pub/94%20Lamb's%20Conduit%20St,%20London%20WC1N%201EA/The%20Lamb",https://www.pint-prices.com/borough-results/City%20of%20London,£6.56,2026-07-03T23:10:47+00:00
City of London,288,The Cheshire Cheese,HEINEKEN,£6.65,6.65,"https://www.pint-prices.com/pub/48%20Crutched%20Friars,%20London%20EC3N%202AP/The%20Cheshire%20Cheese",https://www.pint-prices.com/borough-results/City%20of%20London,£6.56,2026-07-03T23:10:47+00:00
City of London,289,Lord Clyde,GUINNESS,£6.65,6.65,"https://www.pint-prices.com/pub/27%20Clennam%20Street,%20Southwark,%20Southwark,%20United%20Kingdom/Lord%20Clyde",https://www.pint-prices.com/borough-results/City%20of%20London,£6.56,2026-07-03T23:10:47+00:00
City of London,290,Lord Clyde,THATCHERS GOLD,£6.65,6.65,"https://www.pint-prices.com/pub/27%20Clennam%20Street,%20Southwark,%20Southwark,%20United%20Kingdom/Lord%20Clyde",https://www.pint-prices.com/borough-results/City%20of%20London,£6.56,2026-07-03T23:10:47+00:00
City of London,291,Lord Clyde,THATCHERS GOLD,£6.65,6.65,"https://www.pint-prices.com/pub/27%20Clennam%20Street,%20Southwark,%20Southwark,%20United%20Kingdom/Lord%20Clyde",https://www.pint-prices.com/borough-results/City%20of%20London,£6.56,2026-07-03T23:10:47+00:00
City of London,292,Monument (Whitechapel),ASPALL CYDER,£6.65,6.65,"https://www.pint-prices.com/pub/18%20Fish%20Street%20Hill,%20,%20Whitechapel,%20England/Monument%20(Whitechapel)",https://www.pint-prices.com/borough-results/City%20of%20London,£6.56,2026-07-03T23:10:47+00:00
City of London,293,The Ship,PRAVHA,£6.65,6.65,"https://www.pint-prices.com/pub/11%20Talbot%20Court,%20,%20London,%20UK/The%20Ship",https://www.pint-prices.com/borough-results/City%20of%20London,£6.56,2026-07-03T23:10:47+00:00
City of London,294,Railway (London Ec2),LEVEL HEAD IPA,£6.65,6.65,"https://www.pint-prices.com/pub/15%20Liverpool%20Street,%20,%20,%20England/Railway%20(London%20Ec2)",https://www.pint-prices.com/borough-results/City%20of%20London,£6.56,2026-07-03T23:10:47+00:00
City of London,295,Red Lion (Moorgate),GUINNESS,£6.65,6.65,"https://www.pint-prices.com/pub/1%20Eldon%20Street,%20,%20Moorgate,%20England/Red%20Lion%20(Moorgate)",https://www.pint-prices.com/borough-results/City%20of%20London,£6.56,2026-07-03T23:10:47+00:00
City of London,296,The Lord Aberconway,AMSTEL,£6.65,6.65,"https://www.pint-prices.com/pub/72%20Old%20Broad%20Street,%20,%20London,%20UK/The%20Lord%20Aberconway",https://www.pint-prices.com/borough-results/City%20of%20London,£6.56,2026-07-03T23:10:47+00:00
City of London,297,The Hoop and Grapes,GUINNESS,£6.65,6.65,"https://www.pint-prices.com/pub/47%20Aldgate%20High%20Street,%20,%20London,%20UK/The%20Hoop%20and%20Grapes",https://www.pint-prices.com/borough-results/City%20of%20London,£6.56,2026-07-03T23:10:47+00:00
City of London,298,Anchor,GUINNESS,£6.70,6.7,"https://www.pint-prices.com/pub/34%20Park%20Street,%20SE1%209EF/Anchor",https://www.pint-prices.com/borough-results/City%20of%20London,£6.56,2026-07-03T23:10:47+00:00
City of London,299,The Pregnant Man,CAMDEN HELLS,£6.70,6.7,"https://www.pint-prices.com/pub/40%20Chancery%20Lane,%20London%20WC2A%201JA/The%20Pregnant%20Man",https://www.pint-prices.com/borough-results/City%20of%20London,£6.56,2026-07-03T23:10:47+00:00
City of London,300,The Shakespeare,BIRRA MORETTI,£6.70,6.7,"https://www.pint-prices.com/pub/2%20Goswell%20Rd.,%20Golden%20Lane%20Estate,%20London%20EC1M%207AA/The%20Shakespeare",https://www.pint-prices.com/borough-results/City%20of%20London,£6.56,2026-07-03T23:10:47+00:00
City of London,301,The White Hart,ESTRELLA,£6.70,6.7,"https://www.pint-prices.com/pub/29%20Cornwall%20Rd,%20London%20SE1%208TJ/The%20White%20Hart",https://www.pint-prices.com/borough-results/City%20of%20London,£6.56,2026-07-03T23:10:47+00:00
City of London,302,The Duke of Wellington,GUINNESS,£6.70,6.7,"https://www.pint-prices.com/pub/12%20Toynbee%20St,%20London%20E1%207NE/The%20Duke%20of%20Wellington",https://www.pint-prices.com/borough-results/City%20of%20London,£6.56,2026-07-03T23:10:47+00:00
City of London,303,The Bountiful Cow,CRUZCAMPO,£6.70,6.7,"https://www.pint-prices.com/pub/51%20Eagle%20St,%20London%20WC1R%204AP/The%20Bountiful%20Cow",https://www.pint-prices.com/borough-results/City%20of%20London,£6.56,2026-07-03T23:10:47+00:00
City of London,304,The Bountiful Cow,CRUZCAMPO,£6.70,6.7,"https://www.pint-prices.com/pub/51%20Eagle%20St,%20London%20WC1R%204AP/The%20Bountiful%20Cow",https://www.pint-prices.com/borough-results/City%20of%20London,£6.56,2026-07-03T23:10:47+00:00
City of London,305,All Bar One Butlers Wharf,MARDI,£6.70,6.7,"https://www.pint-prices.com/pub/34%20Shad%20Thames,%20Butlers%20Wharf,%20London,%20UK/All%20Bar%20One%20Butlers%20Wharf",https://www.pint-prices.com/borough-results/City%20of%20London,£6.56,2026-07-03T23:10:47+00:00
City of London,306,Monument (Whitechapel),GUINNESS,£6.70,6.7,"https://www.pint-prices.com/pub/18%20Fish%20Street%20Hill,%20,%20Whitechapel,%20England/Monument%20(Whitechapel)",https://www.pint-prices.com/borough-results/City%20of%20London,£6.56,2026-07-03T23:10:47+00:00
City of London,307,The Walrus and The Carpenter,HENRY WESTONS VINTAGE STILL CIDER,£6.70,6.7,"https://www.pint-prices.com/pub/45%20Monument%20Street,%20,%20London,%20UK/The%20Walrus%20and%20The%20Carpenter",https://www.pint-prices.com/borough-results/City%20of%20London,£6.56,2026-07-03T23:10:47+00:00
City of London,308,The Walrus and The Carpenter,LUCKY SAINT,£6.70,6.7,"https://www.pint-prices.com/pub/45%20Monument%20Street,%20,%20London,%20UK/The%20Walrus%20and%20The%20Carpenter",https://www.pint-prices.com/borough-results/City%20of%20London,£6.56,2026-07-03T23:10:47+00:00
City of London,309,The Ship,HENRY WESTONS VINTAGE STILL CIDER,£6.70,6.7,"https://www.pint-prices.com/pub/11%20Talbot%20Court,%20,%20London,%20UK/The%20Ship",https://www.pint-prices.com/borough-results/City%20of%20London,£6.56,2026-07-03T23:10:47+00:00
City of London,310,Railway (London Ec2),GUINNESS,£6.70,6.7,"https://www.pint-prices.com/pub/15%20Liverpool%20Street,%20,%20,%20England/Railway%20(London%20Ec2)",https://www.pint-prices.com/borough-results/City%20of%20London,£6.56,2026-07-03T23:10:47+00:00
City of London,311,The Globe,LUCKY SAINT,£6.70,6.7,"https://www.pint-prices.com/pub/83%20Moorgate,%20,%20London,%20UK/The%20Globe",https://www.pint-prices.com/borough-results/City%20of%20London,£6.56,2026-07-03T23:10:47+00:00
City of London,312,The Magpie,LUCKY SAINT,£6.70,6.7,"https://www.pint-prices.com/pub/12%20New%20Street,%20,%20London,%20UK/The%20Magpie",https://www.pint-prices.com/borough-results/City%20of%20London,£6.56,2026-07-03T23:10:47+00:00
City of London,313,Kings Arms (Bishopsgate),GUINNESS,£6.70,6.7,"https://www.pint-prices.com/pub/27-28%20Wormwood%20Street,%20,%20Bishopsgate,%20England/Kings%20Arms%20(Bishopsgate)",https://www.pint-prices.com/borough-results/City%20of%20London,£6.56,2026-07-03T23:10:47+00:00
City of London,314,Lord Raglan (Holborn),GUINNESS,£6.70,6.7,"https://www.pint-prices.com/pub/61%20St%20Martins%20Le%20Grand,%20,%20Holborn,%20England/Lord%20Raglan%20(Holborn)",https://www.pint-prices.com/borough-results/City%20of%20London,£6.56,2026-07-03T23:10:47+00:00
City of London,315,Lord Raglan (Holborn),ASPALL CYDER,£6.70,6.7,"https://www.pint-prices.com/pub/61%20St%20Martins%20Le%20Grand,%20,%20Holborn,%20England/Lord%20Raglan%20(Holborn)",https://www.pint-prices.com/borough-results/City%20of%20London,£6.56,2026-07-03T23:10:47+00:00
City of London,316,The Woodins Shades,LUCKY SAINT,£6.70,6.7,"https://www.pint-prices.com/pub/212%20Bishopsgate,%20,%20London,%20UK/The%20Woodins%20Shades",https://www.pint-prices.com/borough-results/City%20of%20London,£6.56,2026-07-03T23:10:47+00:00
City of London,317,The Hoop and Grapes,HENRY WESTON'S VINTAGE CIDER,£6.70,6.7,"https://www.pint-prices.com/pub/47%20Aldgate%20High%20Street,%20,%20London,%20UK/The%20Hoop%20and%20Grapes",https://www.pint-prices.com/borough-results/City%20of%20London,£6.56,2026-07-03T23:10:47+00:00
City of London,318,The Hoop and Grapes,HENRY WESTONS VINTAGE STILL CIDER,£6.70,6.7,"https://www.pint-prices.com/pub/47%20Aldgate%20High%20Street,%20,%20London,%20UK/The%20Hoop%20and%20Grapes",https://www.pint-prices.com/borough-results/City%20of%20London,£6.56,2026-07-03T23:10:47+00:00
City of London,319,Hawksmoor Guildhall,HOUSE LAGER,£6.75,6.75,"https://www.pint-prices.com/pub/10%20Basinghall%20St,%20London%20EC2V%205BQ,%20UK/Hawksmoor%20Guildhall",https://www.pint-prices.com/borough-results/City%20of%20London,£6.56,2026-07-03T23:10:47+00:00
City of London,320,Red Lion,ESTRELLA,£6.75,6.75,"https://www.pint-prices.com/pub/1%20Eldon%20Street,%20EC2M%207LS/Red%20Lion",https://www.pint-prices.com/borough-results/City%20of%20London,£6.56,2026-07-03T23:10:47+00:00
City of London,321,Lucas Arms,ESTRELLA,£6.75,6.75,"https://www.pint-prices.com/pub/245A%20Grays%20Inn%20Road,%20WC1X%208QY/Lucas%20Arms",https://www.pint-prices.com/borough-results/City%20of%20London,£6.56,2026-07-03T23:10:47+00:00
City of London,322,The Castle,ESTRELLA,£6.75,6.75,"https://www.pint-prices.com/pub/54%20Pentonville%20Rd,%20London%20N1%209HF/The%20Castle",https://www.pint-prices.com/borough-results/City%20of%20London,£6.56,2026-07-03T23:10:47+00:00
City of London,323,The George and Vulture,CRUZCAMPO,£6.75,6.75,"https://www.pint-prices.com/pub/63%20Pitfield%20St,%20London%20N1%206BU/The%20George%20and%20Vulture",https://www.pint-prices.com/borough-results/City%20of%20London,£6.56,2026-07-03T23:10:47+00:00
City of London,324,The Alexander Hay,GUINNESS,£6.75,6.75,"https://www.pint-prices.com/pub/Unit%2022%20Hays%20Galleria,%20,%20London,%20United%20Kingdom/The%20Alexander%20Hay",https://www.pint-prices.com/borough-results/City%20of%20London,£6.56,2026-07-03T23:10:47+00:00
City of London,325,The Alexander Hay,MAGNERS ORIGINAL,£6.75,6.75,"https://www.pint-prices.com/pub/Unit%2022%20Hays%20Galleria,%20,%20London,%20United%20Kingdom/The%20Alexander%20Hay",https://www.pint-prices.com/borough-results/City%20of%20London,£6.56,2026-07-03T23:10:47+00:00
City of London,326,Seething Lane Tap: A BrewDog Pub,LUMINA,£6.75,6.75,"https://www.pint-prices.com/pub/Seething%20Lane%20Tap,%2014-15%20Seething%20Ln,%20London,%20/Seething%20Lane%20Tap:%20A%20BrewDog%20Pub",https://www.pint-prices.com/borough-results/City%20of%20London,£6.56,2026-07-03T23:10:47+00:00
City of London,327,Traitors Gate,AMSTEL,£6.75,6.75,"https://www.pint-prices.com/pub/%2014,%20Trinity%20Square,%20%20London%20,%20United%20Kingdom/Traitors%20Gate",https://www.pint-prices.com/borough-results/City%20of%20London,£6.56,2026-07-03T23:10:47+00:00
City of London,328,The Sugar Loaf,GUINNESS,£6.75,6.75,"https://www.pint-prices.com/pub/65%20Cannon%20Street,%20,%20London,%20UK/The%20Sugar%20Loaf",https://www.pint-prices.com/borough-results/City%20of%20London,£6.56,2026-07-03T23:10:47+00:00
City of London,329,The Sugar Loaf,HENRY WESTON'S VINTAGE CIDER,£6.75,6.75,"https://www.pint-prices.com/pub/65%20Cannon%20Street,%20,%20London,%20UK/The%20Sugar%20Loaf",https://www.pint-prices.com/borough-results/City%20of%20London,£6.56,2026-07-03T23:10:47+00:00
City of London,330,Williamson's Tavern,GUINNESS,£6.75,6.75,"https://www.pint-prices.com/pub/1%20Groveland%20Court,%20,%20London,%20UK/Williamson's%20Tavern",https://www.pint-prices.com/borough-results/City%20of%20London,£6.56,2026-07-03T23:10:47+00:00
City of London,331,Williamson's Tavern,HENRY WESTON'S VINTAGE CIDER,£6.75,6.75,"https://www.pint-prices.com/pub/1%20Groveland%20Court,%20,%20London,%20UK/Williamson's%20Tavern",https://www.pint-prices.com/borough-results/City%20of%20London,£6.56,2026-07-03T23:10:47+00:00
City of London,332,Ye Olde Watling,GUINNESS,£6.75,6.75,"https://www.pint-prices.com/pub/29%20Watling%20Street,%20,%20London,%20UK/Ye%20Olde%20Watling",https://www.pint-prices.com/borough-results/City%20of%20London,£6.56,2026-07-03T23:10:47+00:00
City of London,333,Ye Olde Watling,HENRY WESTON'S VINTAGE CIDER,£6.75,6.75,"https://www.pint-prices.com/pub/29%20Watling%20Street,%20,%20London,%20UK/Ye%20Olde%20Watling",https://www.pint-prices.com/borough-results/City%20of%20London,£6.56,2026-07-03T23:10:47+00:00
City of London,334,Crutched Friar,GUINNESS,£6.75,6.75,"https://www.pint-prices.com/pub/39-41%20Crutched%20Friars%20,%20,%20London,%20United%20Kingdom/Crutched%20Friar",https://www.pint-prices.com/borough-results/City%20of%20London,£6.56,2026-07-03T23:10:47+00:00
City of London,335,All Bar One Houndsditch,GOOSE ISLAND TODAYS HAZE,£6.75,6.75,"https://www.pint-prices.com/pub/106-107%20Houndsditch,%20,%20London,%20UK/All%20Bar%20One%20Houndsditch",https://www.pint-prices.com/borough-results/City%20of%20London,£6.56,2026-07-03T23:10:47+00:00
City of London,336,Sports Bar & Grill Old Street,GUINNESS,£6.75,6.75,"https://www.pint-prices.com/pub/174-180%20Old%20Street%20,%20,%20London,%20United%20Kingdom/Sports%20Bar%20%26%20Grill%20Old%20Street",https://www.pint-prices.com/borough-results/City%20of%20London,£6.56,2026-07-03T23:10:47+00:00
City of London,337,BrewDog Shoreditch,COLD BEER,£6.75,6.75,"https://www.pint-prices.com/pub/51%20Bethnal%20Green%20Road,%20,%20London,%20/BrewDog%20Shoreditch",https://www.pint-prices.com/borough-results/City%20of%20London,£6.56,2026-07-03T23:10:47+00:00
City of London,338,BrewDog Shoreditch,PINEAPPLE PUNCH,£6.75,6.75,"https://www.pint-prices.com/pub/51%20Bethnal%20Green%20Road,%20,%20London,%20/BrewDog%20Shoreditch",https://www.pint-prices.com/borough-results/City%20of%20London,£6.56,2026-07-03T23:10:47+00:00
City of London,339,BrewDog Shoreditch,PINEAPPLE PUNCH,£6.75,6.75,"https://www.pint-prices.com/pub/51%20Bethnal%20Green%20Road,%20,%20London,%20/BrewDog%20Shoreditch",https://www.pint-prices.com/borough-results/City%20of%20London,£6.56,2026-07-03T23:10:47+00:00
City of London,340,BrewDog Shoreditch,PINEAPPLE PUNCH,£6.75,6.75,"https://www.pint-prices.com/pub/51%20Bethnal%20Green%20Road,%20,%20London,%20/BrewDog%20Shoreditch",https://www.pint-prices.com/borough-results/City%20of%20London,£6.56,2026-07-03T23:10:47+00:00
City of London,341,The Old Bank of England,GUINNESS,£6.80,6.8,"https://www.pint-prices.com/pub/194%20Fleet%20St,%20London%20EC4A%202LT/The%20Old%20Bank%20of%20England",https://www.pint-prices.com/borough-results/City%20of%20London,£6.56,2026-07-03T23:10:47+00:00
City of London,342,The Oyster Shed,CORONA,£6.80,6.8,"https://www.pint-prices.com/pub/1%20Angel%20Ln,%20London%20EC4R%203AB,%20UK/The%20Oyster%20Shed",https://www.pint-prices.com/borough-results/City%20of%20London,£6.56,2026-07-03T23:10:47+00:00
City of London,343,The Water Rats,ESTRELLA,£6.80,6.8,"https://www.pint-prices.com/pub/328%20Grays%20Inn%20Rd,%20London%20WC1X%208BZ/The%20Water%20Rats",https://www.pint-prices.com/borough-results/City%20of%20London,£6.56,2026-07-03T23:10:47+00:00
City of London,344,The White Bear,MAHOU,£6.80,6.8,"https://www.pint-prices.com/pub/57%20St%20John%20St,%20London%20EC1M%204AN/The%20White%20Bear",https://www.pint-prices.com/borough-results/City%20of%20London,£6.56,2026-07-03T23:10:47+00:00
City of London,345,Yeh Olde Watling,MADRI,£6.80,6.8,"https://www.pint-prices.com/pub/29%20Watling%20St,%20Greater,%20London%20EC4M%209BR/Yeh%20Olde%20Watling",https://www.pint-prices.com/borough-results/City%20of%20London,£6.56,2026-07-03T23:10:47+00:00
City of London,346,Whitecross Tap,GUINNESS,£6.80,6.8,"https://www.pint-prices.com/pub/142-146%20Whitecross%20St,%20London%20EC1Y%208QJ/Whitecross%20Tap",https://www.pint-prices.com/borough-results/City%20of%20London,£6.56,2026-07-03T23:10:47+00:00
City of London,347,Whitecross Tap,GUINNESS,£6.80,6.8,"https://www.pint-prices.com/pub/142-146%20Whitecross%20St,%20London%20EC1Y%208QJ/Whitecross%20Tap",https://www.pint-prices.com/borough-results/City%20of%20London,£6.56,2026-07-03T23:10:47+00:00
City of London,348,The Moretown Belle London,AMSTEL,£6.80,6.8,"https://www.pint-prices.com/pub/5%20Thomas%20More%20St,%20London%20E1W%201YY,%20Reino%20Unido/The%20Moretown%20Belle%20London",https://www.pint-prices.com/borough-results/City%20of%20London,£6.56,2026-07-03T23:10:47+00:00
City of London,349,The Horniman at Hays,LUCKY SAINT,£6.80,6.8,"https://www.pint-prices.com/pub/Unit%2026%20Hays%20Galleria,%20,%20London,%20UK/The%20Horniman%20at%20Hays",https://www.pint-prices.com/borough-results/City%20of%20London,£6.56,2026-07-03T23:10:47+00:00
City of London,350,Lord Clyde,STRONGBOW DARK FRUIT,£6.80,6.8,"https://www.pint-prices.com/pub/27%20Clennam%20Street,%20Southwark,%20Southwark,%20United%20Kingdom/Lord%20Clyde",https://www.pint-prices.com/borough-results/City%20of%20London,£6.56,2026-07-03T23:10:47+00:00
City of London,351,The Walrus and The Carpenter,AMSTEL,£6.80,6.8,"https://www.pint-prices.com/pub/45%20Monument%20Street,%20,%20London,%20UK/The%20Walrus%20and%20The%20Carpenter",https://www.pint-prices.com/borough-results/City%20of%20London,£6.56,2026-07-03T23:10:47+00:00
City of London,352,Sea Horse Fleet Street,GUINNESS,£6.80,6.8,"https://www.pint-prices.com/pub/64%20Queen%20Victoria%20Street,%20Fleet%20Street,%20London,%20United%20Kingdom/Sea%20Horse%20Fleet%20Street",https://www.pint-prices.com/borough-results/City%20of%20London,£6.56,2026-07-03T23:10:47+00:00
City of London,353,All Bar One Tower of London,CORONA,£6.85,6.85,"https://www.pint-prices.com/pub/14%20Byward%20Street,%20,%20London,%20UK/All%20Bar%20One%20Tower%20of%20London",https://www.pint-prices.com/borough-results/City%20of%20London,£6.56,2026-07-03T23:10:47+00:00
City of London,354,Windsor Fenchurch,BEVERTOWN NECK OIL,£6.85,6.85,"https://www.pint-prices.com/pub/2%20New%20London%20Street%20,%20,%20London,%20United%20Kingdom/Windsor%20Fenchurch",https://www.pint-prices.com/borough-results/City%20of%20London,£6.56,2026-07-03T23:10:47+00:00
City of London,355,The Ship,GUINNESS,£6.85,6.85,"https://www.pint-prices.com/pub/11%20Talbot%20Court,%20,%20London,%20UK/The%20Ship",https://www.pint-prices.com/borough-results/City%20of%20London,£6.56,2026-07-03T23:10:47+00:00
City of London,356,The Ship,HENRY WESTON'S VINTAGE CIDER,£6.85,6.85,"https://www.pint-prices.com/pub/11%20Talbot%20Court,%20,%20London,%20UK/The%20Ship",https://www.pint-prices.com/borough-results/City%20of%20London,£6.56,2026-07-03T23:10:47+00:00
City of London,357,All Bar One Cannon Street,CORONA,£6.85,6.85,"https://www.pint-prices.com/pub/103%20Cannon%20Street,%20,%20London,%20UK/All%20Bar%20One%20Cannon%20Street",https://www.pint-prices.com/borough-results/City%20of%20London,£6.56,2026-07-03T23:10:47+00:00
City of London,358,The Lord Aberconway,GUINNESS,£6.85,6.85,"https://www.pint-prices.com/pub/72%20Old%20Broad%20Street,%20,%20London,%20UK/The%20Lord%20Aberconway",https://www.pint-prices.com/borough-results/City%20of%20London,£6.56,2026-07-03T23:10:47+00:00
City of London,359,The Lord Aberconway,HENRY WESTON'S VINTAGE CIDER,£6.85,6.85,"https://www.pint-prices.com/pub/72%20Old%20Broad%20Street,%20,%20London,%20UK/The%20Lord%20Aberconway",https://www.pint-prices.com/borough-results/City%20of%20London,£6.56,2026-07-03T23:10:47+00:00
City of London,360,BrewDog Shoreditch,MADE IN BERLIN,£6.85,6.85,"https://www.pint-prices.com/pub/51%20Bethnal%20Green%20Road,%20,%20London,%20/BrewDog%20Shoreditch",https://www.pint-prices.com/borough-results/City%20of%20London,£6.56,2026-07-03T23:10:47+00:00
City of London,361,Ye Olde Cock Tavern,ESTRELLA,£6.90,6.9,"https://www.pint-prices.com/pub/22%20Fleet%20Street,%20EC4Y%201AA/Ye%20Olde%20Cock%20Tavern",https://www.pint-prices.com/borough-results/City%20of%20London,£6.56,2026-07-03T23:10:47+00:00
City of London,362,Lucas Arms,PERONI,£6.90,6.9,"https://www.pint-prices.com/pub/245A%20Grays%20Inn%20Road,%20WC1X%208QY/Lucas%20Arms",https://www.pint-prices.com/borough-results/City%20of%20London,£6.56,2026-07-03T23:10:47+00:00
City of London,363,The Savoy Tap,BIRRA MORETTI,£6.90,6.9,"https://www.pint-prices.com/pub/2%20Savoy%20St,%20London%20WC2R%200BA/The%20Savoy%20Tap",https://www.pint-prices.com/borough-results/City%20of%20London,£6.56,2026-07-03T23:10:47+00:00
City of London,364,Ye Olde London,OLD MOUT CIDER,£6.90,6.9,"https://www.pint-prices.com/pub/42%20Ludgate%20Hill,%20London%20EC4M%207DE/Ye%20Olde%20London",https://www.pint-prices.com/borough-results/City%20of%20London,£6.56,2026-07-03T23:10:47+00:00
City of London,365,Anchor - Bankside (Southwark),GUINNESS,£6.90,6.9,"https://www.pint-prices.com/pub/34%20Park%20Street,%20,%20Southwark,%20England/Anchor%20-%20Bankside%20(Southwark)",https://www.pint-prices.com/borough-results/City%20of%20London,£6.56,2026-07-03T23:10:47+00:00
City of London,366,All Bar One Butlers Wharf,GOOSE ISLAND TODAYS HAZE,£6.90,6.9,"https://www.pint-prices.com/pub/34%20Shad%20Thames,%20Butlers%20Wharf,%20London,%20UK/All%20Bar%20One%20Butlers%20Wharf",https://www.pint-prices.com/borough-results/City%20of%20London,£6.56,2026-07-03T23:10:47+00:00
City of London,367,George (Southwark),GUINNESS,£6.90,6.9,"https://www.pint-prices.com/pub/75-77%20Borough%20High%20Street,%20,%20Southwark,%20England/George%20(Southwark)",https://www.pint-prices.com/borough-results/City%20of%20London,£6.56,2026-07-03T23:10:47+00:00
City of London,368,George (Southwark),ASPALL CYDER,£6.90,6.9,"https://www.pint-prices.com/pub/75-77%20Borough%20High%20Street,%20,%20Southwark,%20England/George%20(Southwark)",https://www.pint-prices.com/borough-results/City%20of%20London,£6.56,2026-07-03T23:10:47+00:00
City of London,369,All Bar One Tower of London,GOOSE ISLAND TODAYS HAZE,£6.90,6.9,"https://www.pint-prices.com/pub/14%20Byward%20Street,%20,%20London,%20UK/All%20Bar%20One%20Tower%20of%20London",https://www.pint-prices.com/borough-results/City%20of%20London,£6.56,2026-07-03T23:10:47+00:00
City of London,370,The Walrus and The Carpenter,HENRY WESTON'S VINTAGE CIDER,£6.90,6.9,"https://www.pint-prices.com/pub/45%20Monument%20Street,%20,%20London,%20UK/The%20Walrus%20and%20The%20Carpenter",https://www.pint-prices.com/borough-results/City%20of%20London,£6.56,2026-07-03T23:10:47+00:00
City of London,371,All Bar One Cannon Street,GOOSE ISLAND TODAYS HAZE,£6.90,6.9,"https://www.pint-prices.com/pub/103%20Cannon%20Street,%20,%20London,%20UK/All%20Bar%20One%20Cannon%20Street",https://www.pint-prices.com/borough-results/City%20of%20London,£6.56,2026-07-03T23:10:47+00:00
City of London,372,All Bar One Houndsditch,BEVERTOWN NECK OIL,£6.90,6.9,"https://www.pint-prices.com/pub/106-107%20Houndsditch,%20,%20London,%20UK/All%20Bar%20One%20Houndsditch",https://www.pint-prices.com/borough-results/City%20of%20London,£6.56,2026-07-03T23:10:47+00:00
City of London,373,The Globe,AMSTEL,£6.90,6.9,"https://www.pint-prices.com/pub/83%20Moorgate,%20,%20London,%20UK/The%20Globe",https://www.pint-prices.com/borough-results/City%20of%20London,£6.56,2026-07-03T23:10:47+00:00
City of London,374,The Loft,DAY DREAMER,£6.90,6.9,"https://www.pint-prices.com/pub/,%20,%20Spitalfields%20,%20/The%20Loft%20",https://www.pint-prices.com/borough-results/City%20of%20London,£6.56,2026-07-03T23:10:47+00:00
City of London,375,The Magpie,AMSTEL,£6.90,6.9,"https://www.pint-prices.com/pub/12%20New%20Street,%20,%20London,%20UK/The%20Magpie",https://www.pint-prices.com/borough-results/City%20of%20London,£6.56,2026-07-03T23:10:47+00:00
City of London,376,The Woodins Shades,AMSTEL,£6.90,6.9,"https://www.pint-prices.com/pub/212%20Bishopsgate,%20,%20London,%20UK/The%20Woodins%20Shades",https://www.pint-prices.com/borough-results/City%20of%20London,£6.56,2026-07-03T23:10:47+00:00
City of London,377,The Bishops Finger,GUINNESS,£6.90,6.9,https://www.pint-prices.com/pub/%20CT2%208AF/The%20Bishops%20Finger,https://www.pint-prices.com/borough-results/City%20of%20London,£6.56,2026-07-03T23:10:47+00:00
City of London,378,"The Counting House, EC3",FRONTIER LAGER,£6.95,6.95,"https://www.pint-prices.com/pub/50%20Cornhill,%20London%20EC3V%203PD,%20UK/The%20Counting%20House,%20EC3",https://www.pint-prices.com/borough-results/City%20of%20London,£6.56,2026-07-03T23:10:47+00:00
City of London,379,Seething Lane Tap,STIEGEL,£6.95,6.95,"https://www.pint-prices.com/pub/14-15%20Seething%20Ln,%20London%20EC3N%204AX/Seething%20Lane%20Tap",https://www.pint-prices.com/borough-results/City%20of%20London,£6.56,2026-07-03T23:10:47+00:00
City of London,380,Railway,ESTRELLA,£6.95,6.95,"https://www.pint-prices.com/pub/15%20Liverpool%20Street,%20EC2M%207NX/Railway",https://www.pint-prices.com/borough-results/City%20of%20London,£6.56,2026-07-03T23:10:47+00:00
City of London,381,Kings Arms,MADRI,£6.95,6.95,"https://www.pint-prices.com/pub/27-28%20Wormwood%20Street,%20EC2M%201RP/Kings%20Arms",https://www.pint-prices.com/borough-results/City%20of%20London,£6.56,2026-07-03T23:10:47+00:00
City of London,382,The Saint,GUINNESS,£6.95,6.95,"https://www.pint-prices.com/pub/1%20Bow%20Churchyard,%20London%20EC4M%209DQ/The%20Saint",https://www.pint-prices.com/borough-results/City%20of%20London,£6.56,2026-07-03T23:10:47+00:00
City of London,383,The Bell,CAMDEN HELLS,£6.95,6.95,"https://www.pint-prices.com/pub/50%20Middlesex%20St,%20London%20E1%207EX/The%20Bell",https://www.pint-prices.com/borough-results/City%20of%20London,£6.56,2026-07-03T23:10:47+00:00
City of London,384,Anchor - Bankside (Southwark),ASPALL CYDER,£6.95,6.95,"https://www.pint-prices.com/pub/34%20Park%20Street,%20,%20Southwark,%20England/Anchor%20-%20Bankside%20(Southwark)",https://www.pint-prices.com/borough-results/City%20of%20London,£6.56,2026-07-03T23:10:47+00:00
City of London,385,Bermondsey Bar & Kitchen,PRAVHA,£6.95,6.95,"https://www.pint-prices.com/pub/,%20,%20Southwark,%20/Bermondsey%20Bar%20%26%20Kitchen",https://www.pint-prices.com/borough-results/City%20of%20London,£6.56,2026-07-03T23:10:47+00:00
City of London,386,The Walrus and The Carpenter,GUINNESS,£6.95,6.95,"https://www.pint-prices.com/pub/45%20Monument%20Street,%20,%20London,%20UK/The%20Walrus%20and%20The%20Carpenter",https://www.pint-prices.com/borough-results/City%20of%20London,£6.56,2026-07-03T23:10:47+00:00
City of London,387,Sea Horse Fleet Street,BREWDOG PLANET PALE,£6.95,6.95,"https://www.pint-prices.com/pub/64%20Queen%20Victoria%20Street,%20Fleet%20Street,%20London,%20United%20Kingdom/Sea%20Horse%20Fleet%20Street",https://www.pint-prices.com/borough-results/City%20of%20London,£6.56,2026-07-03T23:10:47+00:00
City of London,388,Ye Olde Watling,MORTIMERS ORCHARD ENGLISH BERRY,£6.95,6.95,"https://www.pint-prices.com/pub/29%20Watling%20Street,%20,%20London,%20UK/Ye%20Olde%20Watling",https://www.pint-prices.com/borough-results/City%20of%20London,£6.56,2026-07-03T23:10:47+00:00
City of London,389,The Loft,PRAVHA,£6.95,6.95,"https://www.pint-prices.com/pub/,%20,%20Spitalfields%20,%20/The%20Loft%20",https://www.pint-prices.com/borough-results/City%20of%20London,£6.56,2026-07-03T23:10:47+00:00
City of London,390,All Bar One Moorgate,MARDI,£6.95,6.95,"https://www.pint-prices.com/pub/127%20Finsbury%20Pavement,%20,%20London,%20UK/All%20Bar%20One%20Moorgate",https://www.pint-prices.com/borough-results/City%20of%20London,£6.56,2026-07-03T23:10:47+00:00
City of London,391,BrewDog Shoreditch,LOST LAGER,£6.95,6.95,"https://www.pint-prices.com/pub/51%20Bethnal%20Green%20Road,%20,%20London,%20/BrewDog%20Shoreditch",https://www.pint-prices.com/borough-results/City%20of%20London,£6.56,2026-07-03T23:10:47+00:00
City of London,392,Goodman City,LUKAS LAGER,£7.00,7.0,"https://www.pint-prices.com/pub/11%20Old%20Jewry,%20London%20EC2R%208DU,%20UK/Goodman%20City",https://www.pint-prices.com/borough-results/City%20of%20London,£6.56,2026-07-03T23:10:47+00:00
City of London,393,Goodman City,GUINNESS,£7.00,7.0,"https://www.pint-prices.com/pub/11%20Old%20Jewry,%20London%20EC2R%208DU,%20UK/Goodman%20City",https://www.pint-prices.com/borough-results/City%20of%20London,£6.56,2026-07-03T23:10:47+00:00
City of London,394,Harry's Bar & Dining Room,PERONI,£7.00,7.0,"https://www.pint-prices.com/pub/5%20Abchurch%20Yard,%20London%20EC4N%207BA,%20UK/Harry's%20Bar%20%26%20Dining%20Room",https://www.pint-prices.com/borough-results/City%20of%20London,£6.56,2026-07-03T23:10:47+00:00
City of London,395,Harry's Bar & Dining Room,ASAHI,£7.00,7.0,"https://www.pint-prices.com/pub/5%20Abchurch%20Yard,%20London%20EC4N%207BA,%20UK/Harry's%20Bar%20%26%20Dining%20Room",https://www.pint-prices.com/borough-results/City%20of%20London,£6.56,2026-07-03T23:10:47+00:00
City of London,396,Harry's Bar & Dining Room,MEANTIME LONDON PALE ALE,£7.00,7.0,"https://www.pint-prices.com/pub/5%20Abchurch%20Yard,%20London%20EC4N%207BA,%20UK/Harry's%20Bar%20%26%20Dining%20Room",https://www.pint-prices.com/borough-results/City%20of%20London,£6.56,2026-07-03T23:10:47+00:00
City of London,397,Ye Olde Cock Tavern,BIRRA MORETTI,£7.00,7.0,"https://www.pint-prices.com/pub/22%20Fleet%20Street,%20EC4Y%201AA/Ye%20Olde%20Cock%20Tavern",https://www.pint-prices.com/borough-results/City%20of%20London,£6.56,2026-07-03T23:10:47+00:00
City of London,398,Lord Raglan,ESTRELLA,£7.00,7.0,"https://www.pint-prices.com/pub/61%20St%20Matrins%20Le%20Grand,%20EC1A%204ER/Lord%20Raglan",https://www.pint-prices.com/borough-results/City%20of%20London,£6.56,2026-07-03T23:10:47+00:00
City of London,399,Lord Raglan,BIRRA MORETTI,£7.00,7.0,"https://www.pint-prices.com/pub/61%20St%20Matrins%20Le%20Grand,%20EC1A%204ER/Lord%20Raglan",https://www.pint-prices.com/borough-results/City%20of%20London,£6.56,2026-07-03T23:10:47+00:00
City of London,400,Kings Arms,ESTRELLA,£7.00,7.0,"https://www.pint-prices.com/pub/27-28%20Wormwood%20Street,%20EC2M%201RP/Kings%20Arms",https://www.pint-prices.com/borough-results/City%20of%20London,£6.56,2026-07-03T23:10:47+00:00
City of London,401,Kings Arms,BIRRA MORETTI,£7.00,7.0,"https://www.pint-prices.com/pub/27-28%20Wormwood%20Street,%20EC2M%201RP/Kings%20Arms",https://www.pint-prices.com/borough-results/City%20of%20London,£6.56,2026-07-03T23:10:47+00:00
City of London,402,The Yorkshire Grey,ASAHI,£7.00,7.0,"https://www.pint-prices.com/pub/2%20Theobalds%20Rd,%20London%20WC1X%208PN/The%20Yorkshire%20Grey",https://www.pint-prices.com/borough-results/City%20of%20London,£6.56,2026-07-03T23:10:47+00:00
City of London,403,The Island Queen,CAMDEN HELLS,£7.00,7.0,"https://www.pint-prices.com/pub/87%20Noel%20Rd,%20London%20N1%208HD/The%20Island%20Queen",https://www.pint-prices.com/borough-results/City%20of%20London,£6.56,2026-07-03T23:10:47+00:00
City of London,404,The Horniman at Hays,PRAVHA,£7.00,7.0,"https://www.pint-prices.com/pub/Unit%2026%20Hays%20Galleria,%20,%20London,%20UK/The%20Horniman%20at%20Hays",https://www.pint-prices.com/borough-results/City%20of%20London,£6.56,2026-07-03T23:10:47+00:00
City of London,405,The Mudlark,PRAVHA,£7.00,7.0,"https://www.pint-prices.com/pub/Montague%20Close,%20,%20London,%20UK/The%20Mudlark",https://www.pint-prices.com/borough-results/City%20of%20London,£6.56,2026-07-03T23:10:47+00:00
City of London,406,The Old Thameside Inn,PRAVHA,£7.00,7.0,"https://www.pint-prices.com/pub/Pickfords%20Wharf,%20Clink%20St,%20London,%20UK/The%20Old%20Thameside%20Inn",https://www.pint-prices.com/borough-results/City%20of%20London,£6.56,2026-07-03T23:10:47+00:00
City of London,407,Bell Bush Lane EC4,GUINNESS,£7.00,7.0,"https://www.pint-prices.com/pub/29%20Bush%20Lane,%20Fleet%20Street,%20London,%20United%20Kingdom/Bell%20Bush%20Lane%20EC4",https://www.pint-prices.com/borough-results/City%20of%20London,£6.56,2026-07-03T23:10:47+00:00
City of London,408,All Bar One Tower of London,BEVERTOWN NECK OIL,£7.00,7.0,"https://www.pint-prices.com/pub/14%20Byward%20Street,%20,%20London,%20UK/All%20Bar%20One%20Tower%20of%20London",https://www.pint-prices.com/borough-results/City%20of%20London,£6.56,2026-07-03T23:10:47+00:00
City of London,409,All Bar One Cannon Street,BEVERTOWN NECK OIL,£7.00,7.0,"https://www.pint-prices.com/pub/103%20Cannon%20Street,%20,%20London,%20UK/All%20Bar%20One%20Cannon%20Street",https://www.pint-prices.com/borough-results/City%20of%20London,£6.56,2026-07-03T23:10:47+00:00
City of London,410,Red Lion (Moorgate),ESTRELLA GALICICA,£7.00,7.0,"https://www.pint-prices.com/pub/1%20Eldon%20Street,%20,%20Moorgate,%20England/Red%20Lion%20(Moorgate)",https://www.pint-prices.com/borough-results/City%20of%20London,£6.56,2026-07-03T23:10:47+00:00
City of London,411,The Hoop and Grapes,MADRI,£7.00,7.0,"https://www.pint-prices.com/pub/47%20Aldgate%20High%20Street,%20,%20London,%20UK/The%20Hoop%20and%20Grapes",https://www.pint-prices.com/borough-results/City%20of%20London,£6.56,2026-07-03T23:10:47+00:00
City of London,412,"The Counting House, EC3",GUINNESS,£7.05,7.05,"https://www.pint-prices.com/pub/50%20Cornhill,%20London%20EC3V%203PD,%20UK/The%20Counting%20House,%20EC3",https://www.pint-prices.com/borough-results/City%20of%20London,£6.56,2026-07-03T23:10:47+00:00
City of London,413,"The Barrowboy & Banker, SE1",GUINNESS,£7.05,7.05,"https://www.pint-prices.com/pub/6-8%20Borough%20High%20St,%20London%20SE1%209QQ,%20UK/The%20Barrowboy%20%26%20Banker,%20SE1",https://www.pint-prices.com/borough-results/City%20of%20London,£6.56,2026-07-03T23:10:47+00:00
City of London,414,Ye Olde London City,BIRRA MORETTI,£7.05,7.05,"https://www.pint-prices.com/pub/42%20Ludgate%20Hill,%20EC4M%207DE/Ye%20Olde%20London%20City",https://www.pint-prices.com/borough-results/City%20of%20London,£6.56,2026-07-03T23:10:47+00:00
City of London,415,Red Lion,BIRRA MORETTI,£7.05,7.05,"https://www.pint-prices.com/pub/1%20Eldon%20Street,%20EC2M%207LS/Red%20Lion",https://www.pint-prices.com/borough-results/City%20of%20London,£6.56,2026-07-03T23:10:47+00:00
City of London,416,The Bell,ASAHI,£7.05,7.05,"https://www.pint-prices.com/pub/50%20Middlesex%20St,%20London%20E1%207EX/The%20Bell",https://www.pint-prices.com/borough-results/City%20of%20London,£6.56,2026-07-03T23:10:47+00:00
City of London,417,Cheshire Cheese,BREWDOG PLANET PALE,£7.05,7.05,"https://www.pint-prices.com/pub/48%20Crutched%20Friars%20,%20,%20London,%20United%20Kingdom/Cheshire%20Cheese",https://www.pint-prices.com/borough-results/City%20of%20London,£6.56,2026-07-03T23:10:47+00:00
City of London,418,The Globe,GUINNESS,£7.05,7.05,"https://www.pint-prices.com/pub/83%20Moorgate,%20,%20London,%20UK/The%20Globe",https://www.pint-prices.com/borough-results/City%20of%20London,£6.56,2026-07-03T23:10:47+00:00
City of London,419,The Globe,HENRY WESTON'S VINTAGE CIDER,£7.05,7.05,"https://www.pint-prices.com/pub/83%20Moorgate,%20,%20London,%20UK/The%20Globe",https://www.pint-prices.com/borough-results/City%20of%20London,£6.56,2026-07-03T23:10:47+00:00
City of London,420,The Magpie,GUINNESS,£7.05,7.05,"https://www.pint-prices.com/pub/12%20New%20Street,%20,%20London,%20UK/The%20Magpie",https://www.pint-prices.com/borough-results/City%20of%20London,£6.56,2026-07-03T23:10:47+00:00
City of London,421,The Magpie,HENRY WESTON'S VINTAGE CIDER,£7.05,7.05,"https://www.pint-prices.com/pub/12%20New%20Street,%20,%20London,%20UK/The%20Magpie",https://www.pint-prices.com/borough-results/City%20of%20London,£6.56,2026-07-03T23:10:47+00:00
City of London,422,The Woodins Shades,GUINNESS,£7.05,7.05,"https://www.pint-prices.com/pub/212%20Bishopsgate,%20,%20London,%20UK/The%20Woodins%20Shades",https://www.pint-prices.com/borough-results/City%20of%20London,£6.56,2026-07-03T23:10:47+00:00
City of London,423,The Woodins Shades,HENRY WESTON'S VINTAGE CIDER,£7.05,7.05,"https://www.pint-prices.com/pub/212%20Bishopsgate,%20,%20London,%20UK/The%20Woodins%20Shades",https://www.pint-prices.com/borough-results/City%20of%20London,£6.56,2026-07-03T23:10:47+00:00
City of London,424,Brewdog Waterloo,LOST LAGER,£7.10,7.1,"https://www.pint-prices.com/pub/01%20The%20Sidings,%20London%20SE1%207BH/Brewdog%20Waterloo",https://www.pint-prices.com/borough-results/City%20of%20London,£6.56,2026-07-03T23:10:47+00:00
City of London,425,The Duke of Wellington,HEPCAT,£7.10,7.1,"https://www.pint-prices.com/pub/12%20Toynbee%20St,%20London%20E1%207NE/The%20Duke%20of%20Wellington",https://www.pint-prices.com/borough-results/City%20of%20London,£6.56,2026-07-03T23:10:47+00:00
City of London,426,The Slug and Lettuce,BIRRA MORETTI,£7.10,7.1,"https://www.pint-prices.com/pub/1%20St%20Katharine's%20Way,%20London%20E1W%201DD/The%20Slug%20and%20Lettuce",https://www.pint-prices.com/borough-results/City%20of%20London,£6.56,2026-07-03T23:10:47+00:00
City of London,427,Lord Clyde,ASAHI SUPER DRY DRAUGHT,£7.10,7.1,"https://www.pint-prices.com/pub/27%20Clennam%20Street,%20Southwark,%20Southwark,%20United%20Kingdom/Lord%20Clyde",https://www.pint-prices.com/borough-results/City%20of%20London,£6.56,2026-07-03T23:10:47+00:00
City of London,428,All Bar One Moorgate,CORONA,£7.10,7.1,"https://www.pint-prices.com/pub/127%20Finsbury%20Pavement,%20,%20London,%20UK/All%20Bar%20One%20Moorgate",https://www.pint-prices.com/borough-results/City%20of%20London,£6.56,2026-07-03T23:10:47+00:00
City of London,429,Lord Raglan (Holborn),DARK TIDE,£7.10,7.1,"https://www.pint-prices.com/pub/61%20St%20Martins%20Le%20Grand,%20,%20Holborn,%20England/Lord%20Raglan%20(Holborn)",https://www.pint-prices.com/borough-results/City%20of%20London,£6.56,2026-07-03T23:10:47+00:00
City of London,430,The Bell,PERONI,£7.15,7.15,"https://www.pint-prices.com/pub/50%20Middlesex%20St,%20London%20E1%207EX/The%20Bell",https://www.pint-prices.com/borough-results/City%20of%20London,£6.56,2026-07-03T23:10:47+00:00
City of London,431,The Horniman at Hays,GUINNESS,£7.15,7.15,"https://www.pint-prices.com/pub/Unit%2026%20Hays%20Galleria,%20,%20London,%20UK/The%20Horniman%20at%20Hays",https://www.pint-prices.com/borough-results/City%20of%20London,£6.56,2026-07-03T23:10:47+00:00
City of London,432,The Horniman at Hays,HENRY WESTON'S VINTAGE CIDER,£7.15,7.15,"https://www.pint-prices.com/pub/Unit%2026%20Hays%20Galleria,%20,%20London,%20UK/The%20Horniman%20at%20Hays",https://www.pint-prices.com/borough-results/City%20of%20London,£6.56,2026-07-03T23:10:47+00:00
City of London,433,The Mudlark,GUINNESS,£7.15,7.15,"https://www.pint-prices.com/pub/Montague%20Close,%20,%20London,%20UK/The%20Mudlark",https://www.pint-prices.com/borough-results/City%20of%20London,£6.56,2026-07-03T23:10:47+00:00
City of London,434,The Mudlark,HENRY WESTON'S VINTAGE CIDER,£7.15,7.15,"https://www.pint-prices.com/pub/Montague%20Close,%20,%20London,%20UK/The%20Mudlark",https://www.pint-prices.com/borough-results/City%20of%20London,£6.56,2026-07-03T23:10:47+00:00
City of London,435,The Old Thameside Inn,GUINNESS,£7.15,7.15,"https://www.pint-prices.com/pub/Pickfords%20Wharf,%20Clink%20St,%20London,%20UK/The%20Old%20Thameside%20Inn",https://www.pint-prices.com/borough-results/City%20of%20London,£6.56,2026-07-03T23:10:47+00:00
City of London,436,The Old Thameside Inn,HENRY WESTON'S VINTAGE CIDER,£7.15,7.15,"https://www.pint-prices.com/pub/Pickfords%20Wharf,%20Clink%20St,%20London,%20UK/The%20Old%20Thameside%20Inn",https://www.pint-prices.com/borough-results/City%20of%20London,£6.56,2026-07-03T23:10:47+00:00
City of London,437,The Corn Exchange,SALE DI MARE,£7.15,7.15,"https://www.pint-prices.com/pub/Mark%20Lane,%20,%20London,%20United%20Kingdom/The%20Corn%20Exchange",https://www.pint-prices.com/borough-results/City%20of%20London,£6.56,2026-07-03T23:10:47+00:00
City of London,438,The Sugar Loaf,MADRI,£7.15,7.15,"https://www.pint-prices.com/pub/65%20Cannon%20Street,%20,%20London,%20UK/The%20Sugar%20Loaf",https://www.pint-prices.com/borough-results/City%20of%20London,£6.56,2026-07-03T23:10:47+00:00
City of London,439,Williamson's Tavern,MADRI,£7.15,7.15,"https://www.pint-prices.com/pub/1%20Groveland%20Court,%20,%20London,%20UK/Williamson's%20Tavern",https://www.pint-prices.com/borough-results/City%20of%20London,£6.56,2026-07-03T23:10:47+00:00
City of London,440,Ye Olde Watling,MADRI,£7.15,7.15,"https://www.pint-prices.com/pub/29%20Watling%20Street,%20,%20London,%20UK/Ye%20Olde%20Watling",https://www.pint-prices.com/borough-results/City%20of%20London,£6.56,2026-07-03T23:10:47+00:00
City of London,441,All Bar One Moorgate,GOOSE ISLAND TODAYS HAZE,£7.15,7.15,"https://www.pint-prices.com/pub/127%20Finsbury%20Pavement,%20,%20London,%20UK/All%20Bar%20One%20Moorgate",https://www.pint-prices.com/borough-results/City%20of%20London,£6.56,2026-07-03T23:10:47+00:00
City of London,442,Anchor,MADRI,£7.20,7.2,"https://www.pint-prices.com/pub/34%20Park%20Street,%20SE1%209EF/Anchor",https://www.pint-prices.com/borough-results/City%20of%20London,£6.56,2026-07-03T23:10:47+00:00
City of London,443,The Jugged Hare,GUINNESS,£7.20,7.2,"https://www.pint-prices.com/pub/49%20Chiswell%20St,%20London%20EC1Y%204SA,%20UK/The%20Jugged%20Hare",https://www.pint-prices.com/borough-results/City%20of%20London,£6.56,2026-07-03T23:10:47+00:00
City of London,444,The Sutton Arms,GUINNESS,£7.20,7.2,"https://www.pint-prices.com/pub/16%20Great%20Sutton%20St,%20London%20EC1V%200DH/The%20Sutton%20Arms",https://www.pint-prices.com/borough-results/City%20of%20London,£6.56,2026-07-03T23:10:47+00:00
City of London,445,Vinegar Yard,MADRI,£7.20,7.2,"https://www.pint-prices.com/pub/72-82%20St%20Thomas%20St,%20London%20SE1%203QX/Vinegar%20Yard",https://www.pint-prices.com/borough-results/City%20of%20London,£6.56,2026-07-03T23:10:47+00:00
City of London,446,Vinegar Yard,MADRI,£7.20,7.2,"https://www.pint-prices.com/pub/72-82%20St%20Thomas%20St,%20London%20SE1%203QX/Vinegar%20Yard",https://www.pint-prices.com/borough-results/City%20of%20London,£6.56,2026-07-03T23:10:47+00:00
City of London,447,The Moretown Belle London,CRUZCAMPO,£7.20,7.2,"https://www.pint-prices.com/pub/5%20Thomas%20More%20St,%20London%20E1W%201YY,%20Reino%20Unido/The%20Moretown%20Belle%20London",https://www.pint-prices.com/borough-results/City%20of%20London,£6.56,2026-07-03T23:10:47+00:00
City of London,448,The Horniman at Hays,MORTIMERS ORCHARD ENGLISH BERRY,£7.20,7.2,"https://www.pint-prices.com/pub/Unit%2026%20Hays%20Galleria,%20,%20London,%20UK/The%20Horniman%20at%20Hays",https://www.pint-prices.com/borough-results/City%20of%20London,£6.56,2026-07-03T23:10:47+00:00
City of London,449,The Mudlark,MORTIMERS ORCHARD ENGLISH BERRY,£7.20,7.2,"https://www.pint-prices.com/pub/Montague%20Close,%20,%20London,%20UK/The%20Mudlark",https://www.pint-prices.com/borough-results/City%20of%20London,£6.56,2026-07-03T23:10:47+00:00
City of London,450,The Old Thameside Inn,MORTIMERS ORCHARD ENGLISH BERRY,£7.20,7.2,"https://www.pint-prices.com/pub/Pickfords%20Wharf,%20Clink%20St,%20London,%20UK/The%20Old%20Thameside%20Inn",https://www.pint-prices.com/borough-results/City%20of%20London,£6.56,2026-07-03T23:10:47+00:00
City of London,451,The Alexander Hay,ASAHI SUPER DRY DRAUGHT,£7.20,7.2,"https://www.pint-prices.com/pub/Unit%2022%20Hays%20Galleria,%20,%20London,%20United%20Kingdom/The%20Alexander%20Hay",https://www.pint-prices.com/borough-results/City%20of%20London,£6.56,2026-07-03T23:10:47+00:00
City of London,452,Bermondsey Bar & Kitchen,ALPACALYPSE SESSION IPA,£7.20,7.2,"https://www.pint-prices.com/pub/,%20,%20Southwark,%20/Bermondsey%20Bar%20%26%20Kitchen",https://www.pint-prices.com/borough-results/City%20of%20London,£6.56,2026-07-03T23:10:47+00:00
City of London,453,Bermondsey Bar & Kitchen,ASPALL CYDER,£7.20,7.2,"https://www.pint-prices.com/pub/,%20,%20Southwark,%20/Bermondsey%20Bar%20%26%20Kitchen",https://www.pint-prices.com/borough-results/City%20of%20London,£6.56,2026-07-03T23:10:47+00:00
City of London,454,Bermondsey Bar & Kitchen,BLUE MOON,£7.20,7.2,"https://www.pint-prices.com/pub/,%20,%20Southwark,%20/Bermondsey%20Bar%20%26%20Kitchen",https://www.pint-prices.com/borough-results/City%20of%20London,£6.56,2026-07-03T23:10:47+00:00
City of London,455,Bermondsey Bar & Kitchen,JUTE SESSION IPA,£7.20,7.2,"https://www.pint-prices.com/pub/,%20,%20Southwark,%20/Bermondsey%20Bar%20%26%20Kitchen",https://www.pint-prices.com/borough-results/City%20of%20London,£6.56,2026-07-03T23:10:47+00:00
City of London,456,Bermondsey Bar & Kitchen,MADRI LAGER,£7.20,7.2,"https://www.pint-prices.com/pub/,%20,%20Southwark,%20/Bermondsey%20Bar%20%26%20Kitchen",https://www.pint-prices.com/borough-results/City%20of%20London,£6.56,2026-07-03T23:10:47+00:00
City of London,457,Bermondsey Bar & Kitchen,STAROPRAMEN,£7.20,7.2,"https://www.pint-prices.com/pub/,%20,%20Southwark,%20/Bermondsey%20Bar%20%26%20Kitchen",https://www.pint-prices.com/borough-results/City%20of%20London,£6.56,2026-07-03T23:10:47+00:00
City of London,458,The Corn Exchange,ASAHI SUPER DRY DRAUGHT,£7.20,7.2,"https://www.pint-prices.com/pub/Mark%20Lane,%20,%20London,%20United%20Kingdom/The%20Corn%20Exchange",https://www.pint-prices.com/borough-results/City%20of%20London,£6.56,2026-07-03T23:10:47+00:00
City of London,459,The Ship,MADRI,£7.20,7.2,"https://www.pint-prices.com/pub/11%20Talbot%20Court,%20,%20London,%20UK/The%20Ship",https://www.pint-prices.com/borough-results/City%20of%20London,£6.56,2026-07-03T23:10:47+00:00
City of London,460,Cheshire Cheese,ASAHI SUPER DRY DRAUGHT,£7.20,7.2,"https://www.pint-prices.com/pub/48%20Crutched%20Friars%20,%20,%20London,%20United%20Kingdom/Cheshire%20Cheese",https://www.pint-prices.com/borough-results/City%20of%20London,£6.56,2026-07-03T23:10:47+00:00
City of London,461,The Loft,ASPALL CYDER,£7.20,7.2,"https://www.pint-prices.com/pub/,%20,%20Spitalfields%20,%20/The%20Loft%20",https://www.pint-prices.com/borough-results/City%20of%20London,£6.56,2026-07-03T23:10:47+00:00
City of London,462,The Loft,ATLANTIC PALE ALE,£7.20,7.2,"https://www.pint-prices.com/pub/,%20,%20Spitalfields%20,%20/The%20Loft%20",https://www.pint-prices.com/borough-results/City%20of%20London,£6.56,2026-07-03T23:10:47+00:00
City of London,463,The Loft,BLUE MOON,£7.20,7.2,"https://www.pint-prices.com/pub/,%20,%20Spitalfields%20,%20/The%20Loft%20",https://www.pint-prices.com/borough-results/City%20of%20London,£6.56,2026-07-03T23:10:47+00:00
City of London,464,The Loft,CHIEFTAIN IPA,£7.20,7.2,"https://www.pint-prices.com/pub/,%20,%20Spitalfields%20,%20/The%20Loft%20",https://www.pint-prices.com/borough-results/City%20of%20London,£6.56,2026-07-03T23:10:47+00:00
City of London,465,The Loft,MADRI LAGER,£7.20,7.2,"https://www.pint-prices.com/pub/,%20,%20Spitalfields%20,%20/The%20Loft%20",https://www.pint-prices.com/borough-results/City%20of%20London,£6.56,2026-07-03T23:10:47+00:00
City of London,466,The Loft,REKORDERLIG,£7.20,7.2,"https://www.pint-prices.com/pub/,%20,%20Spitalfields%20,%20/The%20Loft%20",https://www.pint-prices.com/borough-results/City%20of%20London,£6.56,2026-07-03T23:10:47+00:00
City of London,467,The Loft,SALT JUTE IPA,£7.20,7.2,"https://www.pint-prices.com/pub/,%20,%20Spitalfields%20,%20/The%20Loft%20",https://www.pint-prices.com/borough-results/City%20of%20London,£6.56,2026-07-03T23:10:47+00:00
City of London,468,Sports Bar & Grill Old Street,BREWDOG PLANET PALE,£7.20,7.2,"https://www.pint-prices.com/pub/174-180%20Old%20Street%20,%20,%20London,%20United%20Kingdom/Sports%20Bar%20%26%20Grill%20Old%20Street",https://www.pint-prices.com/borough-results/City%20of%20London,£6.56,2026-07-03T23:10:47+00:00
City of London,469,The Lord Aberconway,MADRI,£7.20,7.2,"https://www.pint-prices.com/pub/72%20Old%20Broad%20Street,%20,%20London,%20UK/The%20Lord%20Aberconway",https://www.pint-prices.com/borough-results/City%20of%20London,£6.56,2026-07-03T23:10:47+00:00
City of London,470,Ye Olde Cock Tavern,PERONI,£7.25,7.25,"https://www.pint-prices.com/pub/22%20Fleet%20Street,%20EC4Y%201AA/Ye%20Olde%20Cock%20Tavern",https://www.pint-prices.com/borough-results/City%20of%20London,£6.56,2026-07-03T23:10:47+00:00
City of London,471,Railway,NECK OIL,£7.25,7.25,"https://www.pint-prices.com/pub/15%20Liverpool%20Street,%20EC2M%207NX/Railway",https://www.pint-prices.com/borough-results/City%20of%20London,£6.56,2026-07-03T23:10:47+00:00
City of London,472,Railway,PERONI,£7.25,7.25,"https://www.pint-prices.com/pub/15%20Liverpool%20Street,%20EC2M%207NX/Railway",https://www.pint-prices.com/borough-results/City%20of%20London,£6.56,2026-07-03T23:10:47+00:00
City of London,473,Anchor,ESTRELLA,£7.25,7.25,"https://www.pint-prices.com/pub/34%20Park%20Street,%20SE1%209EF/Anchor",https://www.pint-prices.com/borough-results/City%20of%20London,£6.56,2026-07-03T23:10:47+00:00
City of London,474,Anchor,BIRRA MORETTI,£7.25,7.25,"https://www.pint-prices.com/pub/34%20Park%20Street,%20SE1%209EF/Anchor",https://www.pint-prices.com/borough-results/City%20of%20London,£6.56,2026-07-03T23:10:47+00:00
City of London,475,Tower Bridge Arms: A BrewDog Pub,PINEAPPLE PUNCH,£7.25,7.25,"https://www.pint-prices.com/pub/Tower%20Bridge%20Tavern,%20206-208%20Tower%20Bridge%20Rd,%20London,%20/Tower%20Bridge%20Arms:%20A%20BrewDog%20Pub",https://www.pint-prices.com/borough-results/City%20of%20London,£6.56,2026-07-03T23:10:47+00:00
City of London,476,Tower Bridge Arms: A BrewDog Pub,PINEAPPLE PUNCH,£7.25,7.25,"https://www.pint-prices.com/pub/Tower%20Bridge%20Tavern,%20206-208%20Tower%20Bridge%20Rd,%20London,%20/Tower%20Bridge%20Arms:%20A%20BrewDog%20Pub",https://www.pint-prices.com/borough-results/City%20of%20London,£6.56,2026-07-03T23:10:47+00:00
City of London,477,Tower Bridge Arms: A BrewDog Pub,PINEAPPLE PUNCH,£7.25,7.25,"https://www.pint-prices.com/pub/Tower%20Bridge%20Tavern,%20206-208%20Tower%20Bridge%20Rd,%20London,%20/Tower%20Bridge%20Arms:%20A%20BrewDog%20Pub",https://www.pint-prices.com/borough-results/City%20of%20London,£6.56,2026-07-03T23:10:47+00:00
City of London,478,BrewDog Outpost Tower Hill,DEAD & BERRIED MIXED BERRY,£7.25,7.25,"https://www.pint-prices.com/pub/21%20Great%20Tower%20St,%20,%20London,%20/BrewDog%20Outpost%20Tower%20Hill",https://www.pint-prices.com/borough-results/City%20of%20London,£6.56,2026-07-03T23:10:47+00:00
City of London,479,BrewDog Outpost Tower Hill,PINEAPPLE PUNCH,£7.25,7.25,"https://www.pint-prices.com/pub/21%20Great%20Tower%20St,%20,%20London,%20/BrewDog%20Outpost%20Tower%20Hill",https://www.pint-prices.com/borough-results/City%20of%20London,£6.56,2026-07-03T23:10:47+00:00
City of London,480,Monument (Whitechapel),ESTRELLA,£7.25,7.25,"https://www.pint-prices.com/pub/18%20Fish%20Street%20Hill,%20,%20Whitechapel,%20England/Monument%20(Whitechapel)",https://www.pint-prices.com/borough-results/City%20of%20London,£6.56,2026-07-03T23:10:47+00:00
City of London,481,Three Tuns Aldgate,ASAHI SUPER DRY DRAUGHT,£7.25,7.25,"https://www.pint-prices.com/pub/36%20Jewry%20Street,%20Aldgate,%20London,%20United%20Kingdom/Three%20Tuns%20Aldgate",https://www.pint-prices.com/borough-results/City%20of%20London,£6.56,2026-07-03T23:10:47+00:00
City of London,482,Sports Bar & Grill Old Street,ASAHI SUPER DRY DRAUGHT,£7.25,7.25,"https://www.pint-prices.com/pub/174-180%20Old%20Street%20,%20,%20London,%20United%20Kingdom/Sports%20Bar%20%26%20Grill%20Old%20Street",https://www.pint-prices.com/borough-results/City%20of%20London,£6.56,2026-07-03T23:10:47+00:00
City of London,483,Kings Arms (Bishopsgate),ESTRELLA,£7.25,7.25,"https://www.pint-prices.com/pub/27-28%20Wormwood%20Street,%20,%20Bishopsgate,%20England/Kings%20Arms%20(Bishopsgate)",https://www.pint-prices.com/borough-results/City%20of%20London,£6.56,2026-07-03T23:10:47+00:00
City of London,484,All Bar One Moorgate,BEVERTOWN NECK OIL,£7.25,7.25,"https://www.pint-prices.com/pub/127%20Finsbury%20Pavement,%20,%20London,%20UK/All%20Bar%20One%20Moorgate",https://www.pint-prices.com/borough-results/City%20of%20London,£6.56,2026-07-03T23:10:47+00:00
City of London,485,Lord Raglan (Holborn),ESTRELLA,£7.25,7.25,"https://www.pint-prices.com/pub/61%20St%20Martins%20Le%20Grand,%20,%20Holborn,%20England/Lord%20Raglan%20(Holborn)",https://www.pint-prices.com/borough-results/City%20of%20London,£6.56,2026-07-03T23:10:47+00:00
City of London,486,Lord Raglan (Holborn),ESTRELLA GALICICA,£7.25,7.25,"https://www.pint-prices.com/pub/61%20St%20Martins%20Le%20Grand,%20,%20Holborn,%20England/Lord%20Raglan%20(Holborn)",https://www.pint-prices.com/borough-results/City%20of%20London,£6.56,2026-07-03T23:10:47+00:00
City of London,487,BrewDog Shoreditch,BLACK HEART,£7.25,7.25,"https://www.pint-prices.com/pub/51%20Bethnal%20Green%20Road,%20,%20London,%20/BrewDog%20Shoreditch",https://www.pint-prices.com/borough-results/City%20of%20London,£6.56,2026-07-03T23:10:47+00:00
City of London,488,The Artillery Arms,ASAHI,£7.30,7.3,"https://www.pint-prices.com/pub/102%20Bunhill%20Row,%20London,%20EC1Y%208ND/The%20Artillery%20Arms",https://www.pint-prices.com/borough-results/City%20of%20London,£6.56,2026-07-03T23:10:47+00:00
City of London,489,Lord Raglan,PERONI,£7.30,7.3,"https://www.pint-prices.com/pub/61%20St%20Matrins%20Le%20Grand,%20EC1A%204ER/Lord%20Raglan",https://www.pint-prices.com/borough-results/City%20of%20London,£6.56,2026-07-03T23:10:47+00:00
City of London,490,The Artillery Arms,ASAHI,£7.30,7.3,"https://www.pint-prices.com/pub/102%20Bunhill%20Row,%20London%20EC1Y%208ND/The%20Artillery%20Arms",https://www.pint-prices.com/borough-results/City%20of%20London,£6.56,2026-07-03T23:10:47+00:00
City of London,491,The George,ESTRELLA,£7.30,7.3,https://www.pint-prices.com/pub/75-77%20Borough%20High%20Street%20Southwark%20Greater%20London%20United%20Kingdom%20SE1%201NH/The%20George,https://www.pint-prices.com/borough-results/City%20of%20London,£6.56,2026-07-03T23:10:47+00:00
City of London,492,The Crown Tavern,GUINESS,£7.30,7.3,https://www.pint-prices.com/pub/EC1R%200EG/The%20Crown%20Tavern,https://www.pint-prices.com/borough-results/City%20of%20London,£6.56,2026-07-03T23:10:47+00:00
City of London,493,George (Southwark),COLD HARBOUR LAGER,£7.30,7.3,"https://www.pint-prices.com/pub/75-77%20Borough%20High%20Street,%20,%20Southwark,%20England/George%20(Southwark)",https://www.pint-prices.com/borough-results/City%20of%20London,£6.56,2026-07-03T23:10:47+00:00
City of London,494,The Corn Exchange,GUINNESS,£7.30,7.3,"https://www.pint-prices.com/pub/Mark%20Lane,%20,%20London,%20United%20Kingdom/The%20Corn%20Exchange",https://www.pint-prices.com/borough-results/City%20of%20London,£6.56,2026-07-03T23:10:47+00:00
City of London,495,Traitors Gate,ASPALL CYDER,£7.30,7.3,"https://www.pint-prices.com/pub/%2014,%20Trinity%20Square,%20%20London%20,%20United%20Kingdom/Traitors%20Gate",https://www.pint-prices.com/borough-results/City%20of%20London,£6.56,2026-07-03T23:10:47+00:00
City of London,496,The Walrus and The Carpenter,MADRI,£7.30,7.3,"https://www.pint-prices.com/pub/45%20Monument%20Street,%20,%20London,%20UK/The%20Walrus%20and%20The%20Carpenter",https://www.pint-prices.com/borough-results/City%20of%20London,£6.56,2026-07-03T23:10:47+00:00
City of London,497,Sea Horse Fleet Street,ASAHI SUPER DRY DRAUGHT,£7.30,7.3,"https://www.pint-prices.com/pub/64%20Queen%20Victoria%20Street,%20Fleet%20Street,%20London,%20United%20Kingdom/Sea%20Horse%20Fleet%20Street",https://www.pint-prices.com/borough-results/City%20of%20London,£6.56,2026-07-03T23:10:47+00:00
City of London,498,The Hoop and Grapes,ROSIE'S PIG RHUBARB CIDER,£7.30,7.3,"https://www.pint-prices.com/pub/47%20Aldgate%20High%20Street,%20,%20London,%20UK/The%20Hoop%20and%20Grapes",https://www.pint-prices.com/borough-results/City%20of%20London,£6.56,2026-07-03T23:10:47+00:00
City of London,499,"The Barrowboy & Banker, SE1",ASAHI,£7.35,7.35,"https://www.pint-prices.com/pub/6-8%20Borough%20High%20St,%20London%20SE1%209QQ,%20UK/The%20Barrowboy%20%26%20Banker,%20SE1",https://www.pint-prices.com/borough-results/City%20of%20London,£6.56,2026-07-03T23:10:47+00:00
City of London,500,Kings Arms,PERONI,£7.35,7.35,"https://www.pint-prices.com/pub/27-28%20Wormwood%20Street,%20EC2M%201RP/Kings%20Arms",https://www.pint-prices.com/borough-results/City%20of%20London,£6.56,2026-07-03T23:10:47+00:00
City of London,501,The Butchers Hook & Cleaver,ASAHI,£7.35,7.35,"https://www.pint-prices.com/pub/60-63%20West%20Smithfield,%20London%20EC1A%209DY/The%20Butchers%20Hook%20%26%20Cleaver",https://www.pint-prices.com/borough-results/City%20of%20London,£6.56,2026-07-03T23:10:47+00:00
City of London,502,All Bar One Butlers Wharf,BEVERTOWN NECK OIL,£7.35,7.35,"https://www.pint-prices.com/pub/34%20Shad%20Thames,%20Butlers%20Wharf,%20London,%20UK/All%20Bar%20One%20Butlers%20Wharf",https://www.pint-prices.com/borough-results/City%20of%20London,£6.56,2026-07-03T23:10:47+00:00
City of London,503,"The Counting House, EC3",PERONI,£7.40,7.4,"https://www.pint-prices.com/pub/50%20Cornhill,%20London%20EC3V%203PD,%20UK/The%20Counting%20House,%20EC3",https://www.pint-prices.com/borough-results/City%20of%20London,£6.56,2026-07-03T23:10:47+00:00
City of London,504,Ye Olde London City,PERONI,£7.40,7.4,"https://www.pint-prices.com/pub/42%20Ludgate%20Hill,%20EC4M%207DE/Ye%20Olde%20London%20City",https://www.pint-prices.com/borough-results/City%20of%20London,£6.56,2026-07-03T23:10:47+00:00
City of London,505,Red Lion,NECK OIL,£7.40,7.4,"https://www.pint-prices.com/pub/1%20Eldon%20Street,%20EC2M%207LS/Red%20Lion",https://www.pint-prices.com/borough-results/City%20of%20London,£6.56,2026-07-03T23:10:47+00:00
City of London,506,Red Lion,PERONI,£7.40,7.4,"https://www.pint-prices.com/pub/1%20Eldon%20Street,%20EC2M%207LS/Red%20Lion",https://www.pint-prices.com/borough-results/City%20of%20London,£6.56,2026-07-03T23:10:47+00:00
City of London,507,The Saint,ASAHI,£7.40,7.4,"https://www.pint-prices.com/pub/1%20Bow%20Churchyard,%20London%20EC4M%209DQ/The%20Saint",https://www.pint-prices.com/borough-results/City%20of%20London,£6.56,2026-07-03T23:10:47+00:00
City of London,508,The Saint,PERONI,£7.40,7.4,"https://www.pint-prices.com/pub/1%20Bow%20Churchyard,%20London%20EC4M%209DQ/The%20Saint",https://www.pint-prices.com/borough-results/City%20of%20London,£6.56,2026-07-03T23:10:47+00:00
City of London,509,George (Southwark),ESTRELLA,£7.40,7.4,"https://www.pint-prices.com/pub/75-77%20Borough%20High%20Street,%20,%20Southwark,%20England/George%20(Southwark)",https://www.pint-prices.com/borough-results/City%20of%20London,£6.56,2026-07-03T23:10:47+00:00
City of London,510,The Alexander Hay,BEVERTOWN NECK OIL,£7.40,7.4,"https://www.pint-prices.com/pub/Unit%2022%20Hays%20Galleria,%20,%20London,%20United%20Kingdom/The%20Alexander%20Hay",https://www.pint-prices.com/borough-results/City%20of%20London,£6.56,2026-07-03T23:10:47+00:00
City of London,511,The Alexander Hay,BRIXTON RELIANCE PALE ALE,£7.40,7.4,"https://www.pint-prices.com/pub/Unit%2022%20Hays%20Galleria,%20,%20London,%20United%20Kingdom/The%20Alexander%20Hay",https://www.pint-prices.com/borough-results/City%20of%20London,£6.56,2026-07-03T23:10:47+00:00
City of London,512,Traitors Gate,GUINNESS,£7.40,7.4,"https://www.pint-prices.com/pub/%2014,%20Trinity%20Square,%20%20London%20,%20United%20Kingdom/Traitors%20Gate",https://www.pint-prices.com/borough-results/City%20of%20London,£6.56,2026-07-03T23:10:47+00:00
City of London,513,The Globe,MADRI,£7.40,7.4,"https://www.pint-prices.com/pub/83%20Moorgate,%20,%20London,%20UK/The%20Globe",https://www.pint-prices.com/borough-results/City%20of%20London,£6.56,2026-07-03T23:10:47+00:00
City of London,514,The Magpie,MADRI,£7.40,7.4,"https://www.pint-prices.com/pub/12%20New%20Street,%20,%20London,%20UK/The%20Magpie",https://www.pint-prices.com/borough-results/City%20of%20London,£6.56,2026-07-03T23:10:47+00:00
City of London,515,The Woodins Shades,MADRI,£7.40,7.4,"https://www.pint-prices.com/pub/212%20Bishopsgate,%20,%20London,%20UK/The%20Woodins%20Shades",https://www.pint-prices.com/borough-results/City%20of%20London,£6.56,2026-07-03T23:10:47+00:00
City of London,516,The Hoop and Grapes,BEVERTOWN NECK OIL,£7.40,7.4,"https://www.pint-prices.com/pub/47%20Aldgate%20High%20Street,%20,%20London,%20UK/The%20Hoop%20and%20Grapes",https://www.pint-prices.com/borough-results/City%20of%20London,£6.56,2026-07-03T23:10:47+00:00
City of London,517,Anchor,PERONI,£7.45,7.45,"https://www.pint-prices.com/pub/34%20Park%20Street,%20SE1%209EF/Anchor",https://www.pint-prices.com/borough-results/City%20of%20London,£6.56,2026-07-03T23:10:47+00:00
City of London,518,Ye Olde London,CAMDEN HELLS,£7.45,7.45,"https://www.pint-prices.com/pub/42%20Ludgate%20Hill,%20London%20EC4M%207DE/Ye%20Olde%20London",https://www.pint-prices.com/borough-results/City%20of%20London,£6.56,2026-07-03T23:10:47+00:00
City of London,519,Ye Olde London,CAMDEN HELLS,£7.45,7.45,"https://www.pint-prices.com/pub/42%20Ludgate%20Hill,%20London%20EC4M%207DE/Ye%20Olde%20London",https://www.pint-prices.com/borough-results/City%20of%20London,£6.56,2026-07-03T23:10:47+00:00
City of London,520,BrewDog Outpost Tower Hill,COLD BEER,£7.45,7.45,"https://www.pint-prices.com/pub/21%20Great%20Tower%20St,%20,%20London,%20/BrewDog%20Outpost%20Tower%20Hill",https://www.pint-prices.com/borough-results/City%20of%20London,£6.56,2026-07-03T23:10:47+00:00
City of London,521,Sea Horse Fleet Street,BEVERTOWN NECK OIL,£7.45,7.45,"https://www.pint-prices.com/pub/64%20Queen%20Victoria%20Street,%20Fleet%20Street,%20London,%20United%20Kingdom/Sea%20Horse%20Fleet%20Street",https://www.pint-prices.com/borough-results/City%20of%20London,£6.56,2026-07-03T23:10:47+00:00
City of London,522,Crutched Friar,ASAHI SUPER DRY DRAUGHT,£7.45,7.45,"https://www.pint-prices.com/pub/39-41%20Crutched%20Friars%20,%20,%20London,%20United%20Kingdom/Crutched%20Friar",https://www.pint-prices.com/borough-results/City%20of%20London,£6.56,2026-07-03T23:10:47+00:00
City of London,523,BrewDog Shoreditch,HAZY JANE,£7.45,7.45,"https://www.pint-prices.com/pub/51%20Bethnal%20Green%20Road,%20,%20London,%20/BrewDog%20Shoreditch",https://www.pint-prices.com/borough-results/City%20of%20London,£6.56,2026-07-03T23:10:47+00:00
City of London,524,The Hoop and Grapes,PAULANER MUNCHNER HELL,£7.45,7.45,"https://www.pint-prices.com/pub/47%20Aldgate%20High%20Street,%20,%20London,%20UK/The%20Hoop%20and%20Grapes",https://www.pint-prices.com/borough-results/City%20of%20London,£6.56,2026-07-03T23:10:47+00:00
City of London,525,Goodman City,EMPRESS ALE,£7.50,7.5,"https://www.pint-prices.com/pub/11%20Old%20Jewry,%20London%20EC2R%208DU,%20UK/Goodman%20City",https://www.pint-prices.com/borough-results/City%20of%20London,£6.56,2026-07-03T23:10:47+00:00
City of London,526,Tapas Brindisa London Bridge,ESTRELLA,£7.50,7.5,"https://www.pint-prices.com/pub/18-20%20Southwark%20St,%20London%20SE1%201TJ,%20UK/Tapas%20Brindisa%20London%20Bridge",https://www.pint-prices.com/borough-results/City%20of%20London,£6.56,2026-07-03T23:10:47+00:00
City of London,527,Tapas Brindisa London Bridge,BRINDISA PALE ALE,£7.50,7.5,"https://www.pint-prices.com/pub/18-20%20Southwark%20St,%20London%20SE1%201TJ,%20UK/Tapas%20Brindisa%20London%20Bridge",https://www.pint-prices.com/borough-results/City%20of%20London,£6.56,2026-07-03T23:10:47+00:00
City of London,528,Ye Olde London City,NECK OIL,£7.50,7.5,"https://www.pint-prices.com/pub/42%20Ludgate%20Hill,%20EC4M%207DE/Ye%20Olde%20London%20City",https://www.pint-prices.com/borough-results/City%20of%20London,£6.56,2026-07-03T23:10:47+00:00
City of London,529,Ye Olde London,NECK OIL,£7.50,7.5,"https://www.pint-prices.com/pub/42%20Ludgate%20Hill,%20London%20EC4M%207DE/Ye%20Olde%20London",https://www.pint-prices.com/borough-results/City%20of%20London,£6.56,2026-07-03T23:10:47+00:00
City of London,530,Anchor - Bankside (Southwark),ESTRELLA,£7.50,7.5,"https://www.pint-prices.com/pub/34%20Park%20Street,%20,%20Southwark,%20England/Anchor%20-%20Bankside%20(Southwark)",https://www.pint-prices.com/borough-results/City%20of%20London,£6.56,2026-07-03T23:10:47+00:00
City of London,531,The Horniman at Hays,MADRI,£7.50,7.5,"https://www.pint-prices.com/pub/Unit%2026%20Hays%20Galleria,%20,%20London,%20UK/The%20Horniman%20at%20Hays",https://www.pint-prices.com/borough-results/City%20of%20London,£6.56,2026-07-03T23:10:47+00:00
City of London,532,The Mudlark,MADRI,£7.50,7.5,"https://www.pint-prices.com/pub/Montague%20Close,%20,%20London,%20UK/The%20Mudlark",https://www.pint-prices.com/borough-results/City%20of%20London,£6.56,2026-07-03T23:10:47+00:00
City of London,533,The Old Thameside Inn,MADRI,£7.50,7.5,"https://www.pint-prices.com/pub/Pickfords%20Wharf,%20Clink%20St,%20London,%20UK/The%20Old%20Thameside%20Inn",https://www.pint-prices.com/borough-results/City%20of%20London,£6.56,2026-07-03T23:10:47+00:00
City of London,534,Bermondsey Bar & Kitchen,GUINNESS,£7.50,7.5,"https://www.pint-prices.com/pub/,%20,%20Southwark,%20/Bermondsey%20Bar%20%26%20Kitchen",https://www.pint-prices.com/borough-results/City%20of%20London,£6.56,2026-07-03T23:10:47+00:00
City of London,535,Monument (Whitechapel),FLINT EYE LAGER,£7.50,7.5,"https://www.pint-prices.com/pub/18%20Fish%20Street%20Hill,%20,%20Whitechapel,%20England/Monument%20(Whitechapel)",https://www.pint-prices.com/borough-results/City%20of%20London,£6.56,2026-07-03T23:10:47+00:00
City of London,536,Williamson's Tavern,PAULANER MUNCHNER HELL,£7.50,7.5,"https://www.pint-prices.com/pub/1%20Groveland%20Court,%20,%20London,%20UK/Williamson's%20Tavern",https://www.pint-prices.com/borough-results/City%20of%20London,£6.56,2026-07-03T23:10:47+00:00
City of London,537,Railway (London Ec2),BEVERTOWN NECK OIL,£7.50,7.5,"https://www.pint-prices.com/pub/15%20Liverpool%20Street,%20,%20,%20England/Railway%20(London%20Ec2)",https://www.pint-prices.com/borough-results/City%20of%20London,£6.56,2026-07-03T23:10:47+00:00
City of London,538,The Globe,CORONA,£7.50,7.5,"https://www.pint-prices.com/pub/83%20Moorgate,%20,%20London,%20UK/The%20Globe",https://www.pint-prices.com/borough-results/City%20of%20London,£6.56,2026-07-03T23:10:47+00:00
City of London,539,The Loft,GUINNESS,£7.50,7.5,"https://www.pint-prices.com/pub/,%20,%20Spitalfields%20,%20/The%20Loft%20",https://www.pint-prices.com/borough-results/City%20of%20London,£6.56,2026-07-03T23:10:47+00:00
City of London,540,BrewDog Shoreditch,MADE IN BERLIN,£7.50,7.5,"https://www.pint-prices.com/pub/51%20Bethnal%20Green%20Road,%20,%20London,%20/BrewDog%20Shoreditch",https://www.pint-prices.com/borough-results/City%20of%20London,£6.56,2026-07-03T23:10:47+00:00
City of London,541,"The Barrowboy & Banker, SE1",NECK OIL,£7.55,7.55,"https://www.pint-prices.com/pub/6-8%20Borough%20High%20St,%20London%20SE1%209QQ,%20UK/The%20Barrowboy%20%26%20Banker,%20SE1",https://www.pint-prices.com/borough-results/City%20of%20London,£6.56,2026-07-03T23:10:47+00:00
City of London,542,Lord Raglan,NECK OIL,£7.55,7.55,"https://www.pint-prices.com/pub/61%20St%20Matrins%20Le%20Grand,%20EC1A%204ER/Lord%20Raglan",https://www.pint-prices.com/borough-results/City%20of%20London,£6.56,2026-07-03T23:10:47+00:00
City of London,543,Kings Arms,NECK OIL,£7.55,7.55,"https://www.pint-prices.com/pub/27-28%20Wormwood%20Street,%20EC2M%201RP/Kings%20Arms",https://www.pint-prices.com/borough-results/City%20of%20London,£6.56,2026-07-03T23:10:47+00:00
City of London,544,Monument (Whitechapel),BEVERTOWN NECK OIL,£7.55,7.55,"https://www.pint-prices.com/pub/18%20Fish%20Street%20Hill,%20,%20Whitechapel,%20England/Monument%20(Whitechapel)",https://www.pint-prices.com/borough-results/City%20of%20London,£6.56,2026-07-03T23:10:47+00:00
City of London,545,Monument (Whitechapel),HAZY DAY IPA,£7.55,7.55,"https://www.pint-prices.com/pub/18%20Fish%20Street%20Hill,%20,%20Whitechapel,%20England/Monument%20(Whitechapel)",https://www.pint-prices.com/borough-results/City%20of%20London,£6.56,2026-07-03T23:10:47+00:00
City of London,546,The Sugar Loaf,BEVERTOWN NECK OIL,£7.55,7.55,"https://www.pint-prices.com/pub/65%20Cannon%20Street,%20,%20London,%20UK/The%20Sugar%20Loaf",https://www.pint-prices.com/borough-results/City%20of%20London,£6.56,2026-07-03T23:10:47+00:00
City of London,547,Williamson's Tavern,BEVERTOWN NECK OIL,£7.55,7.55,"https://www.pint-prices.com/pub/1%20Groveland%20Court,%20,%20London,%20UK/Williamson's%20Tavern",https://www.pint-prices.com/borough-results/City%20of%20London,£6.56,2026-07-03T23:10:47+00:00
City of London,548,The Ship,PAULANER MUNCHNER HELL,£7.55,7.55,"https://www.pint-prices.com/pub/11%20Talbot%20Court,%20,%20London,%20UK/The%20Ship",https://www.pint-prices.com/borough-results/City%20of%20London,£6.56,2026-07-03T23:10:47+00:00
City of London,549,Cheshire Cheese,BEVERTOWN NECK OIL,£7.55,7.55,"https://www.pint-prices.com/pub/48%20Crutched%20Friars%20,%20,%20London,%20United%20Kingdom/Cheshire%20Cheese",https://www.pint-prices.com/borough-results/City%20of%20London,£6.56,2026-07-03T23:10:47+00:00
City of London,550,Ye Olde Watling,BEVERTOWN NECK OIL,£7.55,7.55,"https://www.pint-prices.com/pub/29%20Watling%20Street,%20,%20London,%20UK/Ye%20Olde%20Watling",https://www.pint-prices.com/borough-results/City%20of%20London,£6.56,2026-07-03T23:10:47+00:00
City of London,551,Crutched Friar,BEVERTOWN NECK OIL,£7.55,7.55,"https://www.pint-prices.com/pub/39-41%20Crutched%20Friars%20,%20,%20London,%20United%20Kingdom/Crutched%20Friar",https://www.pint-prices.com/borough-results/City%20of%20London,£6.56,2026-07-03T23:10:47+00:00
City of London,552,Crutched Friar,BRIXTON RELIANCE PALE ALE,£7.55,7.55,"https://www.pint-prices.com/pub/39-41%20Crutched%20Friars%20,%20,%20London,%20United%20Kingdom/Crutched%20Friar",https://www.pint-prices.com/borough-results/City%20of%20London,£6.56,2026-07-03T23:10:47+00:00
City of London,553,Railway (London Ec2),HAZY DAY IPA,£7.55,7.55,"https://www.pint-prices.com/pub/15%20Liverpool%20Street,%20,%20,%20England/Railway%20(London%20Ec2)",https://www.pint-prices.com/borough-results/City%20of%20London,£6.56,2026-07-03T23:10:47+00:00
City of London,554,Railway (London Ec2),LEVEL HEAD IPA,£7.55,7.55,"https://www.pint-prices.com/pub/15%20Liverpool%20Street,%20,%20,%20England/Railway%20(London%20Ec2)",https://www.pint-prices.com/borough-results/City%20of%20London,£6.56,2026-07-03T23:10:47+00:00
City of London,555,Red Lion (Moorgate),LEVEL HEAD IPA,£7.55,7.55,"https://www.pint-prices.com/pub/1%20Eldon%20Street,%20,%20Moorgate,%20England/Red%20Lion%20(Moorgate)",https://www.pint-prices.com/borough-results/City%20of%20London,£6.56,2026-07-03T23:10:47+00:00
City of London,556,The Lord Aberconway,PAULANER MUNCHNER HELL,£7.55,7.55,"https://www.pint-prices.com/pub/72%20Old%20Broad%20Street,%20,%20London,%20UK/The%20Lord%20Aberconway",https://www.pint-prices.com/borough-results/City%20of%20London,£6.56,2026-07-03T23:10:47+00:00
City of London,557,Anchor,NECK OIL,£7.60,7.6,"https://www.pint-prices.com/pub/34%20Park%20Street,%20SE1%209EF/Anchor",https://www.pint-prices.com/borough-results/City%20of%20London,£6.56,2026-07-03T23:10:47+00:00
City of London,558,The Bell,NECK OIL,£7.65,7.65,"https://www.pint-prices.com/pub/50%20Middlesex%20St,%20London%20E1%207EX/The%20Bell",https://www.pint-prices.com/borough-results/City%20of%20London,£6.56,2026-07-03T23:10:47+00:00
City of London,559,The Walrus and The Carpenter,PAULANER MUNCHNER HELL,£7.65,7.65,"https://www.pint-prices.com/pub/45%20Monument%20Street,%20,%20London,%20UK/The%20Walrus%20and%20The%20Carpenter",https://www.pint-prices.com/borough-results/City%20of%20London,£6.56,2026-07-03T23:10:47+00:00
City of London,560,The Ship,BEVERTOWN NECK OIL,£7.65,7.65,"https://www.pint-prices.com/pub/11%20Talbot%20Court,%20,%20London,%20UK/The%20Ship",https://www.pint-prices.com/borough-results/City%20of%20London,£6.56,2026-07-03T23:10:47+00:00
City of London,561,Red Lion (Moorgate),BEVERTOWN NECK OIL,£7.65,7.65,"https://www.pint-prices.com/pub/1%20Eldon%20Street,%20,%20Moorgate,%20England/Red%20Lion%20(Moorgate)",https://www.pint-prices.com/borough-results/City%20of%20London,£6.56,2026-07-03T23:10:47+00:00
City of London,562,Red Lion (Moorgate),HAZY DAY IPA,£7.65,7.65,"https://www.pint-prices.com/pub/1%20Eldon%20Street,%20,%20Moorgate,%20England/Red%20Lion%20(Moorgate)",https://www.pint-prices.com/borough-results/City%20of%20London,£6.56,2026-07-03T23:10:47+00:00
City of London,563,The Lord Aberconway,BEVERTOWN NECK OIL,£7.65,7.65,"https://www.pint-prices.com/pub/72%20Old%20Broad%20Street,%20,%20London,%20UK/The%20Lord%20Aberconway",https://www.pint-prices.com/borough-results/City%20of%20London,£6.56,2026-07-03T23:10:47+00:00
City of London,564,Anchor - Bankside (Southwark),BEVERTOWN NECK OIL,£7.70,7.7,"https://www.pint-prices.com/pub/34%20Park%20Street,%20,%20Southwark,%20England/Anchor%20-%20Bankside%20(Southwark)",https://www.pint-prices.com/borough-results/City%20of%20London,£6.56,2026-07-03T23:10:47+00:00
City of London,565,Anchor - Bankside (Southwark),FLINT EYE LAGER,£7.70,7.7,"https://www.pint-prices.com/pub/34%20Park%20Street,%20,%20Southwark,%20England/Anchor%20-%20Bankside%20(Southwark)",https://www.pint-prices.com/borough-results/City%20of%20London,£6.56,2026-07-03T23:10:47+00:00
City of London,566,Anchor - Bankside (Southwark),HAZY DAY IPA,£7.70,7.7,"https://www.pint-prices.com/pub/34%20Park%20Street,%20,%20Southwark,%20England/Anchor%20-%20Bankside%20(Southwark)",https://www.pint-prices.com/borough-results/City%20of%20London,£6.56,2026-07-03T23:10:47+00:00
City of London,567,George (Southwark),FLINT EYE LAGER,£7.70,7.7,"https://www.pint-prices.com/pub/75-77%20Borough%20High%20Street,%20,%20Southwark,%20England/George%20(Southwark)",https://www.pint-prices.com/borough-results/City%20of%20London,£6.56,2026-07-03T23:10:47+00:00
City of London,568,Bell Bush Lane EC4,ASAHI SUPER DRY DRAUGHT,£7.70,7.7,"https://www.pint-prices.com/pub/29%20Bush%20Lane,%20Fleet%20Street,%20London,%20United%20Kingdom/Bell%20Bush%20Lane%20EC4",https://www.pint-prices.com/borough-results/City%20of%20London,£6.56,2026-07-03T23:10:47+00:00
City of London,569,The Walrus and The Carpenter,BEVERTOWN NECK OIL,£7.70,7.7,"https://www.pint-prices.com/pub/45%20Monument%20Street,%20,%20London,%20UK/The%20Walrus%20and%20The%20Carpenter",https://www.pint-prices.com/borough-results/City%20of%20London,£6.56,2026-07-03T23:10:47+00:00
City of London,570,Sports Bar & Grill Old Street,BEVERTOWN NECK OIL,£7.70,7.7,"https://www.pint-prices.com/pub/174-180%20Old%20Street%20,%20,%20London,%20United%20Kingdom/Sports%20Bar%20%26%20Grill%20Old%20Street",https://www.pint-prices.com/borough-results/City%20of%20London,£6.56,2026-07-03T23:10:47+00:00
City of London,571,Sports Bar & Grill Old Street,BRIXTON RELIANCE PALE ALE,£7.70,7.7,"https://www.pint-prices.com/pub/174-180%20Old%20Street%20,%20,%20London,%20United%20Kingdom/Sports%20Bar%20%26%20Grill%20Old%20Street",https://www.pint-prices.com/borough-results/City%20of%20London,£6.56,2026-07-03T23:10:47+00:00
City of London,572,White Bear,ASAHI,£7.70,7.7,https://www.pint-prices.com/pub/SE11%204DJ/White%20Bear,https://www.pint-prices.com/borough-results/City%20of%20London,£6.56,2026-07-03T23:10:47+00:00
City of London,573,Bodean's Tower Hill,NECK OIL,£7.75,7.75,"https://www.pint-prices.com/pub/16%20Byward%20St,%20London%20EC3R%205BA,%20UK/Bodean's%20Tower%20Hill",https://www.pint-prices.com/borough-results/City%20of%20London,£6.56,2026-07-03T23:10:47+00:00
City of London,574,Tower Bridge Arms: A BrewDog Pub,HEART & SOUL,£7.75,7.75,"https://www.pint-prices.com/pub/Tower%20Bridge%20Tavern,%20206-208%20Tower%20Bridge%20Rd,%20London,%20/Tower%20Bridge%20Arms:%20A%20BrewDog%20Pub",https://www.pint-prices.com/borough-results/City%20of%20London,£6.56,2026-07-03T23:10:47+00:00
City of London,575,Tower Bridge Arms: A BrewDog Pub,LOST LAGER,£7.75,7.75,"https://www.pint-prices.com/pub/Tower%20Bridge%20Tavern,%20206-208%20Tower%20Bridge%20Rd,%20London,%20/Tower%20Bridge%20Arms:%20A%20BrewDog%20Pub",https://www.pint-prices.com/borough-results/City%20of%20London,£6.56,2026-07-03T23:10:47+00:00
City of London,576,BrewDog Outpost Tower Hill,LOST LAGER,£7.75,7.75,"https://www.pint-prices.com/pub/21%20Great%20Tower%20St,%20,%20London,%20/BrewDog%20Outpost%20Tower%20Hill",https://www.pint-prices.com/borough-results/City%20of%20London,£6.56,2026-07-03T23:10:47+00:00
City of London,577,Seething Lane Tap: A BrewDog Pub,BUDWEISER BUDVAR B:DARK / CZECHVAR B:DARK,£7.75,7.75,"https://www.pint-prices.com/pub/Seething%20Lane%20Tap,%2014-15%20Seething%20Ln,%20London,%20/Seething%20Lane%20Tap:%20A%20BrewDog%20Pub",https://www.pint-prices.com/borough-results/City%20of%20London,£6.56,2026-07-03T23:10:47+00:00
City of London,578,Seething Lane Tap: A BrewDog Pub,LOST LAGER,£7.75,7.75,"https://www.pint-prices.com/pub/Seething%20Lane%20Tap,%2014-15%20Seething%20Ln,%20London,%20/Seething%20Lane%20Tap:%20A%20BrewDog%20Pub",https://www.pint-prices.com/borough-results/City%20of%20London,£6.56,2026-07-03T23:10:47+00:00
City of London,579,The Globe,PAULANER MUNCHNER HELL,£7.75,7.75,"https://www.pint-prices.com/pub/83%20Moorgate,%20,%20London,%20UK/The%20Globe",https://www.pint-prices.com/borough-results/City%20of%20London,£6.56,2026-07-03T23:10:47+00:00
City of London,580,The Magpie,PAULANER MUNCHNER HELL,£7.75,7.75,"https://www.pint-prices.com/pub/12%20New%20Street,%20,%20London,%20UK/The%20Magpie",https://www.pint-prices.com/borough-results/City%20of%20London,£6.56,2026-07-03T23:10:47+00:00
City of London,581,The Woodins Shades,PAULANER MUNCHNER HELL,£7.75,7.75,"https://www.pint-prices.com/pub/212%20Bishopsgate,%20,%20London,%20UK/The%20Woodins%20Shades",https://www.pint-prices.com/borough-results/City%20of%20London,£6.56,2026-07-03T23:10:47+00:00
City of London,582,George (Southwark),BEVERTOWN NECK OIL,£7.80,7.8,"https://www.pint-prices.com/pub/75-77%20Borough%20High%20Street,%20,%20Southwark,%20England/George%20(Southwark)",https://www.pint-prices.com/borough-results/City%20of%20London,£6.56,2026-07-03T23:10:47+00:00
City of London,583,The Corn Exchange,BEVERTOWN NECK OIL,£7.80,7.8,"https://www.pint-prices.com/pub/Mark%20Lane,%20,%20London,%20United%20Kingdom/The%20Corn%20Exchange",https://www.pint-prices.com/borough-results/City%20of%20London,£6.56,2026-07-03T23:10:47+00:00
City of London,584,The Corn Exchange,BRIXTON RELIANCE PALE ALE,£7.80,7.8,"https://www.pint-prices.com/pub/Mark%20Lane,%20,%20London,%20United%20Kingdom/The%20Corn%20Exchange",https://www.pint-prices.com/borough-results/City%20of%20London,£6.56,2026-07-03T23:10:47+00:00
City of London,585,The Globe,BEVERTOWN NECK OIL,£7.80,7.8,"https://www.pint-prices.com/pub/83%20Moorgate,%20,%20London,%20UK/The%20Globe",https://www.pint-prices.com/borough-results/City%20of%20London,£6.56,2026-07-03T23:10:47+00:00
City of London,586,The Magpie,BEVERTOWN NECK OIL,£7.80,7.8,"https://www.pint-prices.com/pub/12%20New%20Street,%20,%20London,%20UK/The%20Magpie",https://www.pint-prices.com/borough-results/City%20of%20London,£6.56,2026-07-03T23:10:47+00:00
City of London,587,Kings Arms (Bishopsgate),BEVERTOWN NECK OIL,£7.80,7.8,"https://www.pint-prices.com/pub/27-28%20Wormwood%20Street,%20,%20Bishopsgate,%20England/Kings%20Arms%20(Bishopsgate)",https://www.pint-prices.com/borough-results/City%20of%20London,£6.56,2026-07-03T23:10:47+00:00
City of London,588,Kings Arms (Bishopsgate),HAZY DAY IPA,£7.80,7.8,"https://www.pint-prices.com/pub/27-28%20Wormwood%20Street,%20,%20Bishopsgate,%20England/Kings%20Arms%20(Bishopsgate)",https://www.pint-prices.com/borough-results/City%20of%20London,£6.56,2026-07-03T23:10:47+00:00
City of London,589,Lord Raglan (Holborn),BEVERTOWN NECK OIL,£7.80,7.8,"https://www.pint-prices.com/pub/61%20St%20Martins%20Le%20Grand,%20,%20Holborn,%20England/Lord%20Raglan%20(Holborn)",https://www.pint-prices.com/borough-results/City%20of%20London,£6.56,2026-07-03T23:10:47+00:00
City of London,590,The Woodins Shades,BEVERTOWN NECK OIL,£7.80,7.8,"https://www.pint-prices.com/pub/212%20Bishopsgate,%20,%20London,%20UK/The%20Woodins%20Shades",https://www.pint-prices.com/borough-results/City%20of%20London,£6.56,2026-07-03T23:10:47+00:00
City of London,591,The Horniman at Hays,PAULANER MUNCHNER HELL,£7.85,7.85,"https://www.pint-prices.com/pub/Unit%2026%20Hays%20Galleria,%20,%20London,%20UK/The%20Horniman%20at%20Hays",https://www.pint-prices.com/borough-results/City%20of%20London,£6.56,2026-07-03T23:10:47+00:00
City of London,592,The Mudlark,PAULANER MUNCHNER HELL,£7.85,7.85,"https://www.pint-prices.com/pub/Montague%20Close,%20,%20London,%20UK/The%20Mudlark",https://www.pint-prices.com/borough-results/City%20of%20London,£6.56,2026-07-03T23:10:47+00:00
City of London,593,Tower Bridge Arms: A BrewDog Pub,BLACK HEART,£7.85,7.85,"https://www.pint-prices.com/pub/Tower%20Bridge%20Tavern,%20206-208%20Tower%20Bridge%20Rd,%20London,%20/Tower%20Bridge%20Arms:%20A%20BrewDog%20Pub",https://www.pint-prices.com/borough-results/City%20of%20London,£6.56,2026-07-03T23:10:47+00:00
City of London,594,The Old Thameside Inn,PAULANER MUNCHNER HELL,£7.85,7.85,"https://www.pint-prices.com/pub/Pickfords%20Wharf,%20Clink%20St,%20London,%20UK/The%20Old%20Thameside%20Inn",https://www.pint-prices.com/borough-results/City%20of%20London,£6.56,2026-07-03T23:10:47+00:00
City of London,595,BrewDog Outpost Tower Hill,BLACK HEART,£7.85,7.85,"https://www.pint-prices.com/pub/21%20Great%20Tower%20St,%20,%20London,%20/BrewDog%20Outpost%20Tower%20Hill",https://www.pint-prices.com/borough-results/City%20of%20London,£6.56,2026-07-03T23:10:47+00:00
City of London,596,Seething Lane Tap: A BrewDog Pub,BLACK HEART,£7.85,7.85,"https://www.pint-prices.com/pub/Seething%20Lane%20Tap,%2014-15%20Seething%20Ln,%20London,%20/Seething%20Lane%20Tap:%20A%20BrewDog%20Pub",https://www.pint-prices.com/borough-results/City%20of%20London,£6.56,2026-07-03T23:10:47+00:00
City of London,597,Bell Bush Lane EC4,BEVERTOWN NECK OIL,£7.85,7.85,"https://www.pint-prices.com/pub/29%20Bush%20Lane,%20Fleet%20Street,%20London,%20United%20Kingdom/Bell%20Bush%20Lane%20EC4",https://www.pint-prices.com/borough-results/City%20of%20London,£6.56,2026-07-03T23:10:47+00:00
City of London,598,The Vintry,ASAHI,£7.90,7.9,https://www.pint-prices.com/pub/EC4N%205AX/The%20Vintry,https://www.pint-prices.com/borough-results/City%20of%20London,£6.56,2026-07-03T23:10:47+00:00
City of London,599,The Horniman at Hays,BEVERTOWN NECK OIL,£7.90,7.9,"https://www.pint-prices.com/pub/Unit%2026%20Hays%20Galleria,%20,%20London,%20UK/The%20Horniman%20at%20Hays",https://www.pint-prices.com/borough-results/City%20of%20London,£6.56,2026-07-03T23:10:47+00:00
City of London,600,The Mudlark,BEVERTOWN NECK OIL,£7.90,7.9,"https://www.pint-prices.com/pub/Montague%20Close,%20,%20London,%20UK/The%20Mudlark",https://www.pint-prices.com/borough-results/City%20of%20London,£6.56,2026-07-03T23:10:47+00:00
City of London,601,The Old Thameside Inn,BEVERTOWN NECK OIL,£7.90,7.9,"https://www.pint-prices.com/pub/Pickfords%20Wharf,%20Clink%20St,%20London,%20UK/The%20Old%20Thameside%20Inn",https://www.pint-prices.com/borough-results/City%20of%20London,£6.56,2026-07-03T23:10:47+00:00
City of London,602,BrewDog Waterloo,FOOL'S GOLD,£7.95,7.95,"https://www.pint-prices.com/pub/Unit%20G,%20Waterloo%20Station,%2001%20The%20Sidings,%20London%20SE1%207BH/BrewDog%20Waterloo",https://www.pint-prices.com/borough-results/City%20of%20London,£6.56,2026-07-03T23:10:47+00:00
City of London,603,Tower Bridge Arms: A BrewDog Pub,HAZY JANE,£7.95,7.95,"https://www.pint-prices.com/pub/Tower%20Bridge%20Tavern,%20206-208%20Tower%20Bridge%20Rd,%20London,%20/Tower%20Bridge%20Arms:%20A%20BrewDog%20Pub",https://www.pint-prices.com/borough-results/City%20of%20London,£6.56,2026-07-03T23:10:47+00:00
City of London,604,BrewDog Outpost Tower Hill,BERLINER WEIZEN,£7.95,7.95,"https://www.pint-prices.com/pub/21%20Great%20Tower%20St,%20,%20London,%20/BrewDog%20Outpost%20Tower%20Hill",https://www.pint-prices.com/borough-results/City%20of%20London,£6.56,2026-07-03T23:10:47+00:00
City of London,605,BrewDog Outpost Tower Hill,BERLINER WEIZEN,£7.95,7.95,"https://www.pint-prices.com/pub/21%20Great%20Tower%20St,%20,%20London,%20/BrewDog%20Outpost%20Tower%20Hill",https://www.pint-prices.com/borough-results/City%20of%20London,£6.56,2026-07-03T23:10:47+00:00
City of London,606,BrewDog Outpost Tower Hill,HAZY JANE,£7.95,7.95,"https://www.pint-prices.com/pub/21%20Great%20Tower%20St,%20,%20London,%20/BrewDog%20Outpost%20Tower%20Hill",https://www.pint-prices.com/borough-results/City%20of%20London,£6.56,2026-07-03T23:10:47+00:00
City of London,607,Seething Lane Tap: A BrewDog Pub,HAZY JANE,£7.95,7.95,"https://www.pint-prices.com/pub/Seething%20Lane%20Tap,%2014-15%20Seething%20Ln,%20London,%20/Seething%20Lane%20Tap:%20A%20BrewDog%20Pub",https://www.pint-prices.com/borough-results/City%20of%20London,£6.56,2026-07-03T23:10:47+00:00
City of London,608,1 Lombard Street Bar & Restaurant Bank,GUINNESS,£8.00,8.0,"https://www.pint-prices.com/pub/1%20Lombard%20St,%20London%20EC3V%209AA,%20UK/1%20Lombard%20Street%20Bar%20%26%20Restaurant%20Bank",https://www.pint-prices.com/borough-results/City%20of%20London,£6.56,2026-07-03T23:10:47+00:00
City of London,609,The minories,OLD MOUT,£8.15,8.15,https://www.pint-prices.com/pub/Tower%20gateway%20/The%20minories%20,https://www.pint-prices.com/borough-results/City%20of%20London,£6.56,2026-07-03T23:10:47+00:00
City of London,610,Tower Bridge Arms: A BrewDog Pub,BUDWEISER BUDVAR / CZECHVAR ORIGINAL,£8.15,8.15,"https://www.pint-prices.com/pub/Tower%20Bridge%20Tavern,%20206-208%20Tower%20Bridge%20Rd,%20London,%20/Tower%20Bridge%20Arms:%20A%20BrewDog%20Pub",https://www.pint-prices.com/borough-results/City%20of%20London,£6.56,2026-07-03T23:10:47+00:00
City of London,611,Seething Lane Tap: A BrewDog Pub,BUDWEISER BUDVAR / CZECHVAR ORIGINAL,£8.15,8.15,"https://www.pint-prices.com/pub/Seething%20Lane%20Tap,%2014-15%20Seething%20Ln,%20London,%20/Seething%20Lane%20Tap:%20A%20BrewDog%20Pub",https://www.pint-prices.com/borough-results/City%20of%20London,£6.56,2026-07-03T23:10:47+00:00
City of London,612,Seething Lane Tap: A BrewDog Pub,LUMINA,£8.35,8.35,"https://www.pint-prices.com/pub/Seething%20Lane%20Tap,%2014-15%20Seething%20Ln,%20London,%20/Seething%20Lane%20Tap:%20A%20BrewDog%20Pub",https://www.pint-prices.com/borough-results/City%20of%20London,£6.56,2026-07-03T23:10:47+00:00
City of London,613,Seething Lane Tap: A BrewDog Pub,LUMINA,£8.45,8.45,"https://www.pint-prices.com/pub/Seething%20Lane%20Tap,%2014-15%20Seething%20Ln,%20London,%20/Seething%20Lane%20Tap:%20A%20BrewDog%20Pub",https://www.pint-prices.com/borough-results/City%20of%20London,£6.56,2026-07-03T23:10:47+00:00
City of London,614,The horniman at hays,PERONI,£8.50,8.5,https://www.pint-prices.com/pub/Se1%20/The%20horniman%20at%20hays%20,https://www.pint-prices.com/borough-results/City%20of%20London,£6.56,2026-07-03T23:10:47+00:00
City of London,615,The Corn Exchange,SUGARPLUM SPRITZ,£13.00,13.0,"https://www.pint-prices.com/pub/Mark%20Lane,%20,%20London,%20United%20Kingdom/The%20Corn%20Exchange",https://www.pint-prices.com/borough-results/City%20of%20London,£6.56,2026-07-03T23:10:47+00:00
Croydon,1,The George,BUD LIGHT,£1.99,1.99,"https://www.pint-prices.com/pub/17-21%20George%20Street,%20,%20Croydon,%20England/The%20George",https://www.pint-prices.com/borough-results/Croydon,£4.54,2026-07-03T23:10:47+00:00
Croydon,2,The George - JD Wetherspoon,BUD LIGHT,£2.59,2.59,"https://www.pint-prices.com/pub/17-21%20George%20St,%20Croydon%20CR0%201LA,%20UK/The%20George%20-%20JD%20Wetherspoon",https://www.pint-prices.com/borough-results/Croydon,£4.54,2026-07-03T23:10:47+00:00
Croydon,3,The George - JD Wetherspoon,CARLSBERG PILSNER,£2.83,2.83,"https://www.pint-prices.com/pub/17-21%20George%20St,%20Croydon%20CR0%201LA,%20UK/The%20George%20-%20JD%20Wetherspoon",https://www.pint-prices.com/borough-results/Croydon,£4.54,2026-07-03T23:10:47+00:00
Croydon,4,The George,CARLSBERG PILSNER,£2.94,2.94,"https://www.pint-prices.com/pub/17-21%20George%20Street,%20,%20Croydon,%20England/The%20George",https://www.pint-prices.com/borough-results/Croydon,£4.54,2026-07-03T23:10:47+00:00
Croydon,5,The George,STRONGBOW DARK FRUIT,£3.09,3.09,"https://www.pint-prices.com/pub/17-21%20George%20Street,%20,%20Croydon,%20England/The%20George",https://www.pint-prices.com/borough-results/Croydon,£4.54,2026-07-03T23:10:47+00:00
Croydon,6,Market Tavern,HOBGOBLIN GOLD,£3.40,3.4,"https://www.pint-prices.com/pub/Surrey%20House%20,%20,%20Croydon,%20United%20Kingdom/Market%20Tavern",https://www.pint-prices.com/borough-results/Croydon,£4.54,2026-07-03T23:10:47+00:00
Croydon,7,The George,CARLING,£3.49,3.49,"https://www.pint-prices.com/pub/17-21%20George%20Street,%20,%20Croydon,%20England/The%20George",https://www.pint-prices.com/borough-results/Croydon,£4.54,2026-07-03T23:10:47+00:00
Croydon,8,The George - JD Wetherspoon,GUINNESS,£3.53,3.53,"https://www.pint-prices.com/pub/17-21%20George%20St,%20Croydon%20CR0%201LA,%20UK/The%20George%20-%20JD%20Wetherspoon",https://www.pint-prices.com/borough-results/Croydon,£4.54,2026-07-03T23:10:47+00:00
Croydon,9,Market Tavern,CARLSBERG PILSNER,£3.80,3.8,"https://www.pint-prices.com/pub/Surrey%20House%20,%20,%20Croydon,%20United%20Kingdom/Market%20Tavern",https://www.pint-prices.com/borough-results/Croydon,£4.54,2026-07-03T23:10:47+00:00
Croydon,10,The George,GUINNESS,£3.82,3.82,"https://www.pint-prices.com/pub/17-21%20George%20Street,%20,%20Croydon,%20England/The%20George",https://www.pint-prices.com/borough-results/Croydon,£4.54,2026-07-03T23:10:47+00:00
Croydon,11,The George - JD Wetherspoon,CARLING,£3.89,3.89,"https://www.pint-prices.com/pub/17-21%20George%20St,%20Croydon%20CR0%201LA,%20UK/The%20George%20-%20JD%20Wetherspoon",https://www.pint-prices.com/borough-results/Croydon,£4.54,2026-07-03T23:10:47+00:00
Croydon,12,The George - JD Wetherspoon,COORS,£3.89,3.89,"https://www.pint-prices.com/pub/17-21%20George%20St,%20Croydon%20CR0%201LA,%20UK/The%20George%20-%20JD%20Wetherspoon",https://www.pint-prices.com/borough-results/Croydon,£4.54,2026-07-03T23:10:47+00:00
Croydon,13,The Lounge,PRETTY VACANT,£3.90,3.9,https://www.pint-prices.com/pub/NE24%201AX/The%20Lounge,https://www.pint-prices.com/borough-results/Croydon,£4.54,2026-07-03T23:10:47+00:00
Croydon,14,The George - JD Wetherspoon,BUDWEISER,£3.96,3.96,"https://www.pint-prices.com/pub/17-21%20George%20St,%20Croydon%20CR0%201LA,%20UK/The%20George%20-%20JD%20Wetherspoon",https://www.pint-prices.com/borough-results/Croydon,£4.54,2026-07-03T23:10:47+00:00
Croydon,15,The George,THATCHERS GOLD,£4.03,4.03,"https://www.pint-prices.com/pub/17-21%20George%20Street,%20,%20Croydon,%20England/The%20George",https://www.pint-prices.com/borough-results/Croydon,£4.54,2026-07-03T23:10:47+00:00
Croydon,16,The George - JD Wetherspoon,STELLA ARTOIS,£4.08,4.08,"https://www.pint-prices.com/pub/17-21%20George%20St,%20Croydon%20CR0%201LA,%20UK/The%20George%20-%20JD%20Wetherspoon",https://www.pint-prices.com/borough-results/Croydon,£4.54,2026-07-03T23:10:47+00:00
Croydon,17,The George,BUDWEISER,£4.12,4.12,"https://www.pint-prices.com/pub/17-21%20George%20Street,%20,%20Croydon,%20England/The%20George",https://www.pint-prices.com/borough-results/Croydon,£4.54,2026-07-03T23:10:47+00:00
Croydon,18,The George - JD Wetherspoon,CORONA,£4.20,4.2,"https://www.pint-prices.com/pub/17-21%20George%20St,%20Croydon%20CR0%201LA,%20UK/The%20George%20-%20JD%20Wetherspoon",https://www.pint-prices.com/borough-results/Croydon,£4.54,2026-07-03T23:10:47+00:00
Croydon,19,The George - JD Wetherspoon,SAN MIGUEL,£4.20,4.2,"https://www.pint-prices.com/pub/17-21%20George%20St,%20Croydon%20CR0%201LA,%20UK/The%20George%20-%20JD%20Wetherspoon",https://www.pint-prices.com/borough-results/Croydon,£4.54,2026-07-03T23:10:47+00:00
Croydon,20,Market Tavern,FOSTERS,£4.20,4.2,"https://www.pint-prices.com/pub/Surrey%20House%20,%20,%20Croydon,%20United%20Kingdom/Market%20Tavern",https://www.pint-prices.com/borough-results/Croydon,£4.54,2026-07-03T23:10:47+00:00
Croydon,21,Market Tavern,TENNENTS LAGER,£4.30,4.3,"https://www.pint-prices.com/pub/Surrey%20House%20,%20,%20Croydon,%20United%20Kingdom/Market%20Tavern",https://www.pint-prices.com/borough-results/Croydon,£4.54,2026-07-03T23:10:47+00:00
Croydon,22,The George,CORONA,£4.37,4.37,"https://www.pint-prices.com/pub/17-21%20George%20Street,%20,%20Croydon,%20England/The%20George",https://www.pint-prices.com/borough-results/Croydon,£4.54,2026-07-03T23:10:47+00:00
Croydon,23,Porter and Sorter,FOSTERS,£4.45,4.45,"https://www.pint-prices.com/pub/Station%20Rd,%20East,%20Croydon%20CR0%206BT,%20UK/Porter%20and%20Sorter",https://www.pint-prices.com/borough-results/Croydon,£4.54,2026-07-03T23:10:47+00:00
Croydon,24,The George - JD Wetherspoon,LEFFE BLONDE,£4.55,4.55,"https://www.pint-prices.com/pub/17-21%20George%20St,%20Croydon%20CR0%201LA,%20UK/The%20George%20-%20JD%20Wetherspoon",https://www.pint-prices.com/borough-results/Croydon,£4.54,2026-07-03T23:10:47+00:00
Croydon,25,Market Tavern,GUINNESS,£4.55,4.55,"https://www.pint-prices.com/pub/Surrey%20House%20,%20,%20Croydon,%20United%20Kingdom/Market%20Tavern",https://www.pint-prices.com/borough-results/Croydon,£4.54,2026-07-03T23:10:47+00:00
Croydon,26,The Oval Tavern,FOSTERS,£4.60,4.6,"https://www.pint-prices.com/pub/131%20Oval%20Rd,%20Croydon%20CR0%206BG,%20UK/The%20Oval%20Tavern",https://www.pint-prices.com/borough-results/Croydon,£4.54,2026-07-03T23:10:47+00:00
Croydon,27,Market Tavern,THATCHERS GOLD,£4.75,4.75,"https://www.pint-prices.com/pub/Surrey%20House%20,%20,%20Croydon,%20United%20Kingdom/Market%20Tavern",https://www.pint-prices.com/borough-results/Croydon,£4.54,2026-07-03T23:10:47+00:00
Croydon,28,Royal Standard,FOSTERS,£4.80,4.8,"https://www.pint-prices.com/pub/1%20Sheldon%20St,%20Croydon%20CR0%201SS,%20UK/Royal%20Standard",https://www.pint-prices.com/borough-results/Croydon,£4.54,2026-07-03T23:10:47+00:00
Croydon,29,Royal Standard,LONDON PRIDE,£4.80,4.8,"https://www.pint-prices.com/pub/1%20Sheldon%20St,%20Croydon%20CR0%201SS,%20UK/Royal%20Standard",https://www.pint-prices.com/borough-results/Croydon,£4.54,2026-07-03T23:10:47+00:00
Croydon,30,Surrey Cricketers - Croydon,HOUSE BITTER,£4.80,4.8,"https://www.pint-prices.com/pub/23%20West%20St,%20Croydon%20CR0%201DJ,%20UK/Surrey%20Cricketers%20-%20Croydon",https://www.pint-prices.com/borough-results/Croydon,£4.54,2026-07-03T23:10:47+00:00
Croydon,31,The Orchard,CARLING,£4.85,4.85,"https://www.pint-prices.com/pub/112%20Cherry%20Orchard%20Rd,%20Croydon%20CR0%206BA,%20UK/The%20Orchard",https://www.pint-prices.com/borough-results/Croydon,£4.54,2026-07-03T23:10:47+00:00
Croydon,32,Crown & Pepper Croydon,COORS,£4.95,4.95,"https://www.pint-prices.com/pub/242%20High%20St,%20Croydon%20CR0%201NF,%20UK/Crown%20%26%20Pepper%20Croydon",https://www.pint-prices.com/borough-results/Croydon,£4.54,2026-07-03T23:10:47+00:00
Croydon,33,Surrey Cricketers - Croydon,HOUSE LAGER,£5.00,5.0,"https://www.pint-prices.com/pub/23%20West%20St,%20Croydon%20CR0%201DJ,%20UK/Surrey%20Cricketers%20-%20Croydon",https://www.pint-prices.com/borough-results/Croydon,£4.54,2026-07-03T23:10:47+00:00
Croydon,34,Green Dragon Croydon,PALE ALE,£5.15,5.15,"https://www.pint-prices.com/pub/60%20High%20St,%20Croydon%20CR0%201NA,%20UK/Green%20Dragon%20Croydon",https://www.pint-prices.com/borough-results/Croydon,£4.54,2026-07-03T23:10:47+00:00
Croydon,35,Dog & Bull,FOSTERS,£5.45,5.45,"https://www.pint-prices.com/pub/24%20Surrey%20St,%20Croydon%20CR0%201RG,%20UK/Dog%20%26%20Bull",https://www.pint-prices.com/borough-results/Croydon,£4.54,2026-07-03T23:10:47+00:00
Croydon,36,Slug & Lettuce - Croydon,AMSTEL,£5.60,5.6,"https://www.pint-prices.com/pub/10%20Park%20Ln,%20Croydon%20CR0%201JA,%20UK/Slug%20%26%20Lettuce%20-%20Croydon",https://www.pint-prices.com/borough-results/Croydon,£4.54,2026-07-03T23:10:47+00:00
Croydon,37,Market Tavern,BREWDOG PLANET PALE,£5.75,5.75,"https://www.pint-prices.com/pub/Surrey%20House%20,%20,%20Croydon,%20United%20Kingdom/Market%20Tavern",https://www.pint-prices.com/borough-results/Croydon,£4.54,2026-07-03T23:10:47+00:00
Croydon,38,Green Dragon Croydon,AMSTEL,£5.90,5.9,"https://www.pint-prices.com/pub/60%20High%20St,%20Croydon%20CR0%201NA,%20UK/Green%20Dragon%20Croydon",https://www.pint-prices.com/borough-results/Croydon,£4.54,2026-07-03T23:10:47+00:00
Croydon,39,Basil & Grape,PERONI,£5.95,5.95,"https://www.pint-prices.com/pub/46%20George%20St,%20Croydon%20CR0%201PB,%20UK/Basil%20%26%20Grape",https://www.pint-prices.com/borough-results/Croydon,£4.54,2026-07-03T23:10:47+00:00
Croydon,40,Turtle Bay Croydon,AMSTEL,£5.95,5.95,"https://www.pint-prices.com/pub/16%20High%20St,%20Croydon%20CR0%201GT,%20UK/Turtle%20Bay%20Croydon",https://www.pint-prices.com/borough-results/Croydon,£4.54,2026-07-03T23:10:47+00:00
Croydon,41,Market Tavern,BRIXTON RELIANCE PALE ALE,£6.25,6.25,"https://www.pint-prices.com/pub/Surrey%20House%20,%20,%20Croydon,%20United%20Kingdom/Market%20Tavern",https://www.pint-prices.com/borough-results/Croydon,£4.54,2026-07-03T23:10:47+00:00
Croydon,42,The Dog,INCHES CIDER,£6.60,6.6,"https://www.pint-prices.com/pub/Croydon,%20Surrey%20street/The%20Dog",https://www.pint-prices.com/borough-results/Croydon,£4.54,2026-07-03T23:10:47+00:00
Croydon,43,"The Spread Eagle, Croydon",GUINNESS,£6.70,6.7,"https://www.pint-prices.com/pub/39-41%20Katharine%20St,%20Croydon%20CR0%201NX/The%20Spread%20Eagle,%20Croydon",https://www.pint-prices.com/borough-results/Croydon,£4.54,2026-07-03T23:10:47+00:00
Croydon,44,The Dog,BRIXTON ATLANTIC PALE ALE,£7.80,7.8,https://www.pint-prices.com/pub/Croydon/The%20Dog,https://www.pint-prices.com/borough-results/Croydon,£4.54,2026-07-03T23:10:47+00:00
Ealing,1,Greystoke,OLD SPECKLED HEN,£3.40,3.4,"https://www.pint-prices.com/pub/17%20Hanger%20Ln,%20London%20W5%203HH,%20UK/Greystoke",https://www.pint-prices.com/borough-results/Ealing,£5.61,2026-07-03T23:10:47+00:00
Ealing,2,The Old Hat Ealing,FOSTERS,£3.50,3.5,"https://www.pint-prices.com/pub/128%20Broadway,%20London%20W13%200SY,%20UK/The%20Old%20Hat%20Ealing",https://www.pint-prices.com/borough-results/Ealing,£5.61,2026-07-03T23:10:47+00:00
Ealing,3,The Old Hat,FOSTERS,£3.50,3.5,"https://www.pint-prices.com/pub/128%20Broadway,%20London%20W13%200SY/The%20Old%20Hat",https://www.pint-prices.com/borough-results/Ealing,£5.61,2026-07-03T23:10:47+00:00
Ealing,4,The Shanakee,GUINNESS,£4.50,4.5,"https://www.pint-prices.com/pub/9-10,%20Central%20Buildings,%20The%20Broadway,%20London%20W5%202NT/The%20Shanakee",https://www.pint-prices.com/borough-results/Ealing,£5.61,2026-07-03T23:10:47+00:00
Ealing,5,Prince Arthur,FOSTERS,£4.60,4.6,"https://www.pint-prices.com/pub/123%20Uxbridge%20Rd,%20London%20W13%209AU/Prince%20Arthur",https://www.pint-prices.com/borough-results/Ealing,£5.61,2026-07-03T23:10:47+00:00
Ealing,6,O'Briens,GUINNESS,£4.70,4.7,https://www.pint-prices.com/pub/W13%209AU/O'Briens%20,https://www.pint-prices.com/borough-results/Ealing,£5.61,2026-07-03T23:10:47+00:00
Ealing,7,Ryan's,FOSTERS,£4.80,4.8,"https://www.pint-prices.com/pub/282%20Northfield%20Ave,%20London%20W5%204UB/Ryan's",https://www.pint-prices.com/borough-results/Ealing,£5.61,2026-07-03T23:10:47+00:00
Ealing,8,Rayan's,GUINESS,£4.90,4.9,"https://www.pint-prices.com/pub/282%20Northfield%20Ave,%20London%20W5%204UB/Rayan's",https://www.pint-prices.com/borough-results/Ealing,£5.61,2026-07-03T23:10:47+00:00
Ealing,9,The Castlebar,FOSTERS,£5.00,5.0,"https://www.pint-prices.com/pub/84%20Uxbridge%20Rd,%20London%20W13%208RA,%20UK/The%20Castlebar",https://www.pint-prices.com/borough-results/Ealing,£5.61,2026-07-03T23:10:47+00:00
Ealing,10,TânVân,BOTTLED BEER,£5.00,5.0,"https://www.pint-prices.com/pub/17%20The%20Grn,%20London%20W5%205DA,%20UK/T%C3%A2nV%C3%A2n",https://www.pint-prices.com/borough-results/Ealing,£5.61,2026-07-03T23:10:47+00:00
Ealing,11,O'Briens,FOSTERS,£5.00,5.0,"https://www.pint-prices.com/pub/137%20Uxbridge%20Rd,%20London%20W13%209AU/O'Briens",https://www.pint-prices.com/borough-results/Ealing,£5.61,2026-07-03T23:10:47+00:00
Ealing,12,The Kings Arms,FOSTERS,£5.15,5.15,"https://www.pint-prices.com/pub/55%20The%20Grove,%20London%20W5%205DX,%20UK/The%20Kings%20Arms",https://www.pint-prices.com/borough-results/Ealing,£5.61,2026-07-03T23:10:47+00:00
Ealing,13,The Kings Arms,LONDON PRIDE,£5.35,5.35,"https://www.pint-prices.com/pub/55%20The%20Grove,%20London%20W5%205DX,%20UK/The%20Kings%20Arms",https://www.pint-prices.com/borough-results/Ealing,£5.61,2026-07-03T23:10:47+00:00
Ealing,14,Tapelia,ESTRELLA,£5.45,5.45,"https://www.pint-prices.com/pub/92%20Northfield%20Ave,%20London%20W13%209RT,%20UK/Tapelia",https://www.pint-prices.com/borough-results/Ealing,£5.61,2026-07-03T23:10:47+00:00
Ealing,15,"The Castle Inn, Ealing",FOSTERS,£5.55,5.55,"https://www.pint-prices.com/pub/36%20St%20Mary's%20Rd,%20London%20W5%205EU,%20UK/The%20Castle%20Inn,%20Ealing",https://www.pint-prices.com/borough-results/Ealing,£5.61,2026-07-03T23:10:47+00:00
Ealing,16,The Haven Arms,AMSTEL,£5.60,5.6,"https://www.pint-prices.com/pub/33%20Haven%20Ln,%20London%20W5%202HZ,%20UK/The%20Haven%20Arms",https://www.pint-prices.com/borough-results/Ealing,£5.61,2026-07-03T23:10:47+00:00
Ealing,17,The Castlebar,AMSTEL,£5.90,5.9,"https://www.pint-prices.com/pub/84%20Uxbridge%20Rd,%20London%20W13%208RA,%20UK/The%20Castlebar",https://www.pint-prices.com/borough-results/Ealing,£5.61,2026-07-03T23:10:47+00:00
Ealing,18,The Castlebar,RED STRIPE,£5.90,5.9,"https://www.pint-prices.com/pub/84%20Uxbridge%20Rd,%20London%20W13%208RA,%20UK/The%20Castlebar",https://www.pint-prices.com/borough-results/Ealing,£5.61,2026-07-03T23:10:47+00:00
Ealing,19,Teatro Hall,TEATRO LAGER,£6.00,6.0,"https://www.pint-prices.com/pub/61%20New%20Broadway,%20London%20W5%205AH,%20UK/Teatro%20Hall",https://www.pint-prices.com/borough-results/Ealing,£5.61,2026-07-03T23:10:47+00:00
Ealing,20,The New Inn,PRAVHA,£6.05,6.05,"https://www.pint-prices.com/pub/62%20St%20Mary's%20Rd,%20London%20W5%205EX,%20UK/The%20New%20Inn",https://www.pint-prices.com/borough-results/Ealing,£5.61,2026-07-03T23:10:47+00:00
Ealing,21,The Castlebar,SAN MIGUEL,£6.10,6.1,"https://www.pint-prices.com/pub/84%20Uxbridge%20Rd,%20London%20W13%208RA,%20UK/The%20Castlebar",https://www.pint-prices.com/borough-results/Ealing,£5.61,2026-07-03T23:10:47+00:00
Ealing,22,Boom Battle Bar Ealing,AMSTEL,£6.10,6.1,"https://www.pint-prices.com/pub/Filmworks%20Walk,%20New%20Broadway,%20London%20W5%205FA,%20UK/Boom%20Battle%20Bar%20Ealing",https://www.pint-prices.com/borough-results/Ealing,£5.61,2026-07-03T23:10:47+00:00
Ealing,23,The Castlebar,GUINNESS,£6.30,6.3,"https://www.pint-prices.com/pub/84%20Uxbridge%20Rd,%20London%20W13%208RA,%20UK/The%20Castlebar",https://www.pint-prices.com/borough-results/Ealing,£5.61,2026-07-03T23:10:47+00:00
Ealing,24,The Castlebar,STAROPRAMEN,£6.30,6.3,"https://www.pint-prices.com/pub/84%20Uxbridge%20Rd,%20London%20W13%208RA,%20UK/The%20Castlebar",https://www.pint-prices.com/borough-results/Ealing,£5.61,2026-07-03T23:10:47+00:00
Ealing,25,The Kings Arms,STELLA ARTOIS,£6.50,6.5,"https://www.pint-prices.com/pub/55%20The%20Grove,%20London%20W5%205DX,%20UK/The%20Kings%20Arms",https://www.pint-prices.com/borough-results/Ealing,£5.61,2026-07-03T23:10:47+00:00
Ealing,26,Teatro Hall,BRIXTON RELIANCE,£6.50,6.5,"https://www.pint-prices.com/pub/61%20New%20Broadway,%20London%20W5%205AH,%20UK/Teatro%20Hall",https://www.pint-prices.com/borough-results/Ealing,£5.61,2026-07-03T23:10:47+00:00
Ealing,27,The Kings Arms,MADRI,£6.55,6.55,"https://www.pint-prices.com/pub/55%20The%20Grove,%20London%20W5%205DX,%20UK/The%20Kings%20Arms",https://www.pint-prices.com/borough-results/Ealing,£5.61,2026-07-03T23:10:47+00:00
Ealing,28,The Kings Arms,BIRRA MORETTI,£6.80,6.8,"https://www.pint-prices.com/pub/55%20The%20Grove,%20London%20W5%205DX,%20UK/The%20Kings%20Arms",https://www.pint-prices.com/borough-results/Ealing,£5.61,2026-07-03T23:10:47+00:00
Ealing,29,The Castlebar,NECK OIL,£6.80,6.8,"https://www.pint-prices.com/pub/84%20Uxbridge%20Rd,%20London%20W13%208RA,%20UK/The%20Castlebar",https://www.pint-prices.com/borough-results/Ealing,£5.61,2026-07-03T23:10:47+00:00
Ealing,30,The Castlebar,PERONI,£6.90,6.9,"https://www.pint-prices.com/pub/84%20Uxbridge%20Rd,%20London%20W13%208RA,%20UK/The%20Castlebar",https://www.pint-prices.com/borough-results/Ealing,£5.61,2026-07-03T23:10:47+00:00
Ealing,31,The Kings Arms,NECK OIL,£7.20,7.2,"https://www.pint-prices.com/pub/55%20The%20Grove,%20London%20W5%205DX,%20UK/The%20Kings%20Arms",https://www.pint-prices.com/borough-results/Ealing,£5.61,2026-07-03T23:10:47+00:00
Ealing,32,The Duke of Kent,ERDINGER,£7.75,7.75,"https://www.pint-prices.com/pub/Scotch%20Common,%20London%20W13%208DL/The%20Duke%20of%20Kent",https://www.pint-prices.com/borough-results/Ealing,£5.61,2026-07-03T23:10:47+00:00
Enfield,1,The Moon Under Water,BUD LIGHT,£1.99,1.99,"https://www.pint-prices.com/pub/115-117%20Chase%20Side,%20,%20Enfield,%20England/The%20Moon%20Under%20Water",https://www.pint-prices.com/borough-results/Enfield,£4.70,2026-07-03T23:10:47+00:00
Enfield,2,The Moon Under Water,CARLSBERG PILSNER,£2.77,2.77,"https://www.pint-prices.com/pub/115-117%20Chase%20Side,%20,%20Enfield,%20England/The%20Moon%20Under%20Water",https://www.pint-prices.com/borough-results/Enfield,£4.70,2026-07-03T23:10:47+00:00
Enfield,3,The Moon Under Water,STRONGBOW DARK FRUIT,£2.93,2.93,"https://www.pint-prices.com/pub/115-117%20Chase%20Side,%20,%20Enfield,%20England/The%20Moon%20Under%20Water",https://www.pint-prices.com/borough-results/Enfield,£4.70,2026-07-03T23:10:47+00:00
Enfield,4,The Moon Under Water,CARLING,£2.99,2.99,"https://www.pint-prices.com/pub/115-117%20Chase%20Side,%20,%20Enfield,%20England/The%20Moon%20Under%20Water",https://www.pint-prices.com/borough-results/Enfield,£4.70,2026-07-03T23:10:47+00:00
Enfield,5,The Moon Under Water,GREENE KING ABBOT ALE,£3.14,3.14,"https://www.pint-prices.com/pub/115-117%20Chase%20Side,%20,%20Enfield,%20England/The%20Moon%20Under%20Water",https://www.pint-prices.com/borough-results/Enfield,£4.70,2026-07-03T23:10:47+00:00
Enfield,6,The Moon Under Water,GUINNESS,£3.60,3.6,"https://www.pint-prices.com/pub/115-117%20Chase%20Side,%20,%20Enfield,%20England/The%20Moon%20Under%20Water",https://www.pint-prices.com/borough-results/Enfield,£4.70,2026-07-03T23:10:47+00:00
Enfield,7,Jolly Butchers,HEINEKEN,£3.80,3.8,"https://www.pint-prices.com/pub/168%20Baker%20Street,%20,%20Enfield%20,%20United%20Kingdom/Jolly%20Butchers",https://www.pint-prices.com/borough-results/Enfield,£4.70,2026-07-03T23:10:47+00:00
Enfield,8,O’Neill’s Enfield,CARLING,£3.85,3.85,"https://www.pint-prices.com/pub/5%20The%20Town,%20,%20Enfield,%20UK/O%E2%80%99Neill%E2%80%99s%20Enfield",https://www.pint-prices.com/borough-results/Enfield,£4.70,2026-07-03T23:10:47+00:00
Enfield,9,The Moon Under Water,BUDWEISER,£3.88,3.88,"https://www.pint-prices.com/pub/115-117%20Chase%20Side,%20,%20Enfield,%20England/The%20Moon%20Under%20Water",https://www.pint-prices.com/borough-results/Enfield,£4.70,2026-07-03T23:10:47+00:00
Enfield,10,Wonder,BUDWEISER,£3.90,3.9,"https://www.pint-prices.com/pub/Batley%20Road,%20,%20Enfield%20,%20United%20Kingdom/Wonder",https://www.pint-prices.com/borough-results/Enfield,£4.70,2026-07-03T23:10:47+00:00
Enfield,11,Jolly Butchers,BUDWEISER,£3.90,3.9,"https://www.pint-prices.com/pub/168%20Baker%20Street,%20,%20Enfield%20,%20United%20Kingdom/Jolly%20Butchers",https://www.pint-prices.com/borough-results/Enfield,£4.70,2026-07-03T23:10:47+00:00
Enfield,12,The Moon Under Water,CORONA,£4.11,4.11,"https://www.pint-prices.com/pub/115-117%20Chase%20Side,%20,%20Enfield,%20England/The%20Moon%20Under%20Water",https://www.pint-prices.com/borough-results/Enfield,£4.70,2026-07-03T23:10:47+00:00
Enfield,13,Cricketers Enfield,BUDWEISER,£4.15,4.15,"https://www.pint-prices.com/pub/Chase%20Side%20Place,%20,%20Enfield%20,%20United%20Kingdom/Cricketers%20Enfield",https://www.pint-prices.com/borough-results/Enfield,£4.70,2026-07-03T23:10:47+00:00
Enfield,14,Wonder,MCMULLEN AK,£4.30,4.3,"https://www.pint-prices.com/pub/Batley%20Road,%20,%20Enfield%20,%20United%20Kingdom/Wonder",https://www.pint-prices.com/borough-results/Enfield,£4.70,2026-07-03T23:10:47+00:00
Enfield,15,O’Neill’s Enfield,GUINNESS,£4.35,4.35,"https://www.pint-prices.com/pub/5%20The%20Town,%20,%20Enfield,%20UK/O%E2%80%99Neill%E2%80%99s%20Enfield",https://www.pint-prices.com/borough-results/Enfield,£4.70,2026-07-03T23:10:47+00:00
Enfield,16,O’Neill’s Enfield,COORS LAGER,£4.35,4.35,"https://www.pint-prices.com/pub/5%20The%20Town,%20,%20Enfield,%20UK/O%E2%80%99Neill%E2%80%99s%20Enfield",https://www.pint-prices.com/borough-results/Enfield,£4.70,2026-07-03T23:10:47+00:00
Enfield,17,Jolly Butchers,FOSTERS,£4.35,4.35,"https://www.pint-prices.com/pub/168%20Baker%20Street,%20,%20Enfield%20,%20United%20Kingdom/Jolly%20Butchers",https://www.pint-prices.com/borough-results/Enfield,£4.70,2026-07-03T23:10:47+00:00
Enfield,18,Cricketers Enfield,MCMULLEN AK,£4.45,4.45,"https://www.pint-prices.com/pub/Chase%20Side%20Place,%20,%20Enfield%20,%20United%20Kingdom/Cricketers%20Enfield",https://www.pint-prices.com/borough-results/Enfield,£4.70,2026-07-03T23:10:47+00:00
Enfield,19,Jolly Butchers,COUNTRY BEST BITTER,£4.45,4.45,"https://www.pint-prices.com/pub/168%20Baker%20Street,%20,%20Enfield%20,%20United%20Kingdom/Jolly%20Butchers",https://www.pint-prices.com/borough-results/Enfield,£4.70,2026-07-03T23:10:47+00:00
Enfield,20,The Ridgeway Tavern,CARLING,£4.50,4.5,"https://www.pint-prices.com/pub/76%20The%20Ridgeway,%20Enfield%20EN2%208JF,%20UK/The%20Ridgeway%20Tavern",https://www.pint-prices.com/borough-results/Enfield,£4.70,2026-07-03T23:10:47+00:00
Enfield,21,Wonder,FOSTERS,£4.50,4.5,"https://www.pint-prices.com/pub/Batley%20Road,%20,%20Enfield%20,%20United%20Kingdom/Wonder",https://www.pint-prices.com/borough-results/Enfield,£4.70,2026-07-03T23:10:47+00:00
Enfield,22,Wonder,COUNTRY BEST BITTER,£4.55,4.55,"https://www.pint-prices.com/pub/Batley%20Road,%20,%20Enfield%20,%20United%20Kingdom/Wonder",https://www.pint-prices.com/borough-results/Enfield,£4.70,2026-07-03T23:10:47+00:00
Enfield,23,Jolly Farmers,FOSTERS,£4.65,4.65,"https://www.pint-prices.com/pub/2%20Enfield%20Rd,%20Enfield%20EN2%207QS,%20UK/Jolly%20Farmers",https://www.pint-prices.com/borough-results/Enfield,£4.70,2026-07-03T23:10:47+00:00
Enfield,24,Crown & Horseshoes (Enfield),GREENE KING IPA,£4.65,4.65,"https://www.pint-prices.com/pub/12-15%20Horseshoe%20Lane,%20,%20Enfield,%20England/Crown%20%26%20Horseshoes%20(Enfield)",https://www.pint-prices.com/borough-results/Enfield,£4.70,2026-07-03T23:10:47+00:00
Enfield,25,Cricketers Enfield,FOSTERS,£4.70,4.7,"https://www.pint-prices.com/pub/Chase%20Side%20Place,%20,%20Enfield%20,%20United%20Kingdom/Cricketers%20Enfield",https://www.pint-prices.com/borough-results/Enfield,£4.70,2026-07-03T23:10:47+00:00
Enfield,26,Cricketers Enfield,COUNTRY BEST BITTER,£4.75,4.75,"https://www.pint-prices.com/pub/Chase%20Side%20Place,%20,%20Enfield%20,%20United%20Kingdom/Cricketers%20Enfield",https://www.pint-prices.com/borough-results/Enfield,£4.70,2026-07-03T23:10:47+00:00
Enfield,27,O’Neill’s Enfield,HEINEKEN,£4.80,4.8,"https://www.pint-prices.com/pub/5%20The%20Town,%20,%20Enfield,%20UK/O%E2%80%99Neill%E2%80%99s%20Enfield",https://www.pint-prices.com/borough-results/Enfield,£4.70,2026-07-03T23:10:47+00:00
Enfield,28,Crown & Horseshoes (Enfield),ABBOT ALE,£4.80,4.8,"https://www.pint-prices.com/pub/12-15%20Horseshoe%20Lane,%20,%20Enfield,%20England/Crown%20%26%20Horseshoes%20(Enfield)",https://www.pint-prices.com/borough-results/Enfield,£4.70,2026-07-03T23:10:47+00:00
Enfield,29,Jolly Butchers,AMSTEL,£4.80,4.8,"https://www.pint-prices.com/pub/168%20Baker%20Street,%20,%20Enfield%20,%20United%20Kingdom/Jolly%20Butchers",https://www.pint-prices.com/borough-results/Enfield,£4.70,2026-07-03T23:10:47+00:00
Enfield,30,O’Neill’s Enfield,MADRI,£4.85,4.85,"https://www.pint-prices.com/pub/5%20The%20Town,%20,%20Enfield,%20UK/O%E2%80%99Neill%E2%80%99s%20Enfield",https://www.pint-prices.com/borough-results/Enfield,£4.70,2026-07-03T23:10:47+00:00
Enfield,31,Crown & Horseshoes (Enfield),STRONGBOW DARK FRUIT,£4.95,4.95,"https://www.pint-prices.com/pub/12-15%20Horseshoe%20Lane,%20,%20Enfield,%20England/Crown%20%26%20Horseshoes%20(Enfield)",https://www.pint-prices.com/borough-results/Enfield,£4.70,2026-07-03T23:10:47+00:00
Enfield,32,O’Neill’s Enfield,LOST LAGER,£5.10,5.1,"https://www.pint-prices.com/pub/5%20The%20Town,%20,%20Enfield,%20UK/O%E2%80%99Neill%E2%80%99s%20Enfield",https://www.pint-prices.com/borough-results/Enfield,£4.70,2026-07-03T23:10:47+00:00
Enfield,33,Cricketers Enfield,CRABBIES GINGER BEER,£5.15,5.15,"https://www.pint-prices.com/pub/Chase%20Side%20Place,%20,%20Enfield%20,%20United%20Kingdom/Cricketers%20Enfield",https://www.pint-prices.com/borough-results/Enfield,£4.70,2026-07-03T23:10:47+00:00
Enfield,34,Wonder,BULMERS ORIGINAL,£5.20,5.2,"https://www.pint-prices.com/pub/Batley%20Road,%20,%20Enfield%20,%20United%20Kingdom/Wonder",https://www.pint-prices.com/borough-results/Enfield,£4.70,2026-07-03T23:10:47+00:00
Enfield,35,Jolly Butchers,BULMERS ORIGINAL,£5.20,5.2,"https://www.pint-prices.com/pub/168%20Baker%20Street,%20,%20Enfield%20,%20United%20Kingdom/Jolly%20Butchers",https://www.pint-prices.com/borough-results/Enfield,£4.70,2026-07-03T23:10:47+00:00
Enfield,36,O’Neill’s Enfield,BLUE POINT TOASTED LAGER,£5.30,5.3,"https://www.pint-prices.com/pub/5%20The%20Town,%20,%20Enfield,%20UK/O%E2%80%99Neill%E2%80%99s%20Enfield",https://www.pint-prices.com/borough-results/Enfield,£4.70,2026-07-03T23:10:47+00:00
Enfield,37,Cricketers Enfield,KRONENBOURG 1664,£5.30,5.3,"https://www.pint-prices.com/pub/Chase%20Side%20Place,%20,%20Enfield%20,%20United%20Kingdom/Cricketers%20Enfield",https://www.pint-prices.com/borough-results/Enfield,£4.70,2026-07-03T23:10:47+00:00
Enfield,38,Crown & Horseshoes (Enfield),GUINNESS,£5.35,5.35,"https://www.pint-prices.com/pub/12-15%20Horseshoe%20Lane,%20,%20Enfield,%20England/Crown%20%26%20Horseshoes%20(Enfield)",https://www.pint-prices.com/borough-results/Enfield,£4.70,2026-07-03T23:10:47+00:00
Enfield,39,Jolly Butchers,ASPALL CYDER,£5.35,5.35,"https://www.pint-prices.com/pub/168%20Baker%20Street,%20,%20Enfield%20,%20United%20Kingdom/Jolly%20Butchers",https://www.pint-prices.com/borough-results/Enfield,£4.70,2026-07-03T23:10:47+00:00
Enfield,40,Crown & Horseshoes (Enfield),ASPALL CYDER,£5.40,5.4,"https://www.pint-prices.com/pub/12-15%20Horseshoe%20Lane,%20,%20Enfield,%20England/Crown%20%26%20Horseshoes%20(Enfield)",https://www.pint-prices.com/borough-results/Enfield,£4.70,2026-07-03T23:10:47+00:00
Enfield,41,Cricketers Enfield,BULMERS ORIGINAL,£5.45,5.45,"https://www.pint-prices.com/pub/Chase%20Side%20Place,%20,%20Enfield%20,%20United%20Kingdom/Cricketers%20Enfield",https://www.pint-prices.com/borough-results/Enfield,£4.70,2026-07-03T23:10:47+00:00
Enfield,42,Wonder,MADRI,£5.45,5.45,"https://www.pint-prices.com/pub/Batley%20Road,%20,%20Enfield%20,%20United%20Kingdom/Wonder",https://www.pint-prices.com/borough-results/Enfield,£4.70,2026-07-03T23:10:47+00:00
Enfield,43,Jolly Butchers,GUINNESS,£5.45,5.45,"https://www.pint-prices.com/pub/168%20Baker%20Street,%20,%20Enfield%20,%20United%20Kingdom/Jolly%20Butchers",https://www.pint-prices.com/borough-results/Enfield,£4.70,2026-07-03T23:10:47+00:00
Enfield,44,Crown & Horseshoes (Enfield),AMSTEL,£5.50,5.5,"https://www.pint-prices.com/pub/12-15%20Horseshoe%20Lane,%20,%20Enfield,%20England/Crown%20%26%20Horseshoes%20(Enfield)",https://www.pint-prices.com/borough-results/Enfield,£4.70,2026-07-03T23:10:47+00:00
Enfield,45,Wonder,ASPALL CYDER,£5.50,5.5,"https://www.pint-prices.com/pub/Batley%20Road,%20,%20Enfield%20,%20United%20Kingdom/Wonder",https://www.pint-prices.com/borough-results/Enfield,£4.70,2026-07-03T23:10:47+00:00
Enfield,46,Wonder,GUINNESS,£5.60,5.6,"https://www.pint-prices.com/pub/Batley%20Road,%20,%20Enfield%20,%20United%20Kingdom/Wonder",https://www.pint-prices.com/borough-results/Enfield,£4.70,2026-07-03T23:10:47+00:00
Enfield,47,Cricketers Enfield,ASPALL CYDER,£5.70,5.7,"https://www.pint-prices.com/pub/Chase%20Side%20Place,%20,%20Enfield%20,%20United%20Kingdom/Cricketers%20Enfield",https://www.pint-prices.com/borough-results/Enfield,£4.70,2026-07-03T23:10:47+00:00
Enfield,48,Cricketers Enfield,GUINNESS,£5.80,5.8,"https://www.pint-prices.com/pub/Chase%20Side%20Place,%20,%20Enfield%20,%20United%20Kingdom/Cricketers%20Enfield",https://www.pint-prices.com/borough-results/Enfield,£4.70,2026-07-03T23:10:47+00:00
Enfield,49,Crown & Horseshoes (Enfield),ESTRELLA,£6.10,6.1,"https://www.pint-prices.com/pub/12-15%20Horseshoe%20Lane,%20,%20Enfield,%20England/Crown%20%26%20Horseshoes%20(Enfield)",https://www.pint-prices.com/borough-results/Enfield,£4.70,2026-07-03T23:10:47+00:00
Enfield,50,Wonder,BEVERTOWN NECK OIL,£6.10,6.1,"https://www.pint-prices.com/pub/Batley%20Road,%20,%20Enfield%20,%20United%20Kingdom/Wonder",https://www.pint-prices.com/borough-results/Enfield,£4.70,2026-07-03T23:10:47+00:00
Enfield,51,Crown & Horseshoes (Enfield),BEVERTOWN NECK OIL,£6.25,6.25,"https://www.pint-prices.com/pub/12-15%20Horseshoe%20Lane,%20,%20Enfield,%20England/Crown%20%26%20Horseshoes%20(Enfield)",https://www.pint-prices.com/borough-results/Enfield,£4.70,2026-07-03T23:10:47+00:00
Enfield,52,Crown & Horseshoes (Enfield),LEVEL HEAD IPA,£6.25,6.25,"https://www.pint-prices.com/pub/12-15%20Horseshoe%20Lane,%20,%20Enfield,%20England/Crown%20%26%20Horseshoes%20(Enfield)",https://www.pint-prices.com/borough-results/Enfield,£4.70,2026-07-03T23:10:47+00:00
Greenwich,1,The Valley,GROLSCH,£6.20,6.2,https://www.pint-prices.com/pub/SE7%208AN/The%20Valley,https://www.pint-prices.com/borough-results/Greenwich,£6.73,2026-07-03T23:10:47+00:00
Greenwich,2,Galyons Royal Docks,BLUE MOON,£7.00,7.0,https://www.pint-prices.com/pub/E16%202QS/Galyons%20Royal%20Docks,https://www.pint-prices.com/borough-results/Greenwich,£6.73,2026-07-03T23:10:47+00:00
Greenwich,3,Galyons Royal Docks,MADRI,£7.00,7.0,https://www.pint-prices.com/pub/E16%202QS/Galyons%20Royal%20Docks,https://www.pint-prices.com/borough-results/Greenwich,£6.73,2026-07-03T23:10:47+00:00
Hackney,1,The Rochester Castle,BUD LIGHT,£1.99,1.99,"https://www.pint-prices.com/pub/143-145%20Stoke%20Newington%20High%20Street,%20,%20Stoke%20Newington,%20England/The%20Rochester%20Castle",https://www.pint-prices.com/borough-results/Hackney,£4.89,2026-07-03T23:10:47+00:00
Hackney,2,The Rochester Castle - JD Wetherspoon,BUD LIGHT,£2.43,2.43,"https://www.pint-prices.com/pub/143-145%20Stoke%20Newington%20High%20St,%20London%20N16%200NY,%20UK/The%20Rochester%20Castle%20-%20JD%20Wetherspoon",https://www.pint-prices.com/borough-results/Hackney,£4.89,2026-07-03T23:10:47+00:00
Hackney,3,The Rochester Castle,CARLSBERG PILSNER,£2.49,2.49,"https://www.pint-prices.com/pub/143-145%20Stoke%20Newington%20High%20Street,%20,%20Stoke%20Newington,%20England/The%20Rochester%20Castle",https://www.pint-prices.com/borough-results/Hackney,£4.89,2026-07-03T23:10:47+00:00
Hackney,4,The Rochester Castle - JD Wetherspoon,CARLING,£2.58,2.58,"https://www.pint-prices.com/pub/143-145%20Stoke%20Newington%20High%20St,%20London%20N16%200NY,%20UK/The%20Rochester%20Castle%20-%20JD%20Wetherspoon",https://www.pint-prices.com/borough-results/Hackney,£4.89,2026-07-03T23:10:47+00:00
Hackney,5,The Rochester Castle - JD Wetherspoon,COORS,£2.58,2.58,"https://www.pint-prices.com/pub/143-145%20Stoke%20Newington%20High%20St,%20London%20N16%200NY,%20UK/The%20Rochester%20Castle%20-%20JD%20Wetherspoon",https://www.pint-prices.com/borough-results/Hackney,£4.89,2026-07-03T23:10:47+00:00
Hackney,6,The Rochester Castle,GREENE KING ABBOT ALE,£2.58,2.58,"https://www.pint-prices.com/pub/143-145%20Stoke%20Newington%20High%20Street,%20,%20Stoke%20Newington,%20England/The%20Rochester%20Castle",https://www.pint-prices.com/borough-results/Hackney,£4.89,2026-07-03T23:10:47+00:00
Hackney,7,The Rochester Castle,CARLING,£2.63,2.63,"https://www.pint-prices.com/pub/143-145%20Stoke%20Newington%20High%20Street,%20,%20Stoke%20Newington,%20England/The%20Rochester%20Castle",https://www.pint-prices.com/borough-results/Hackney,£4.89,2026-07-03T23:10:47+00:00
Hackney,8,The Rochester Castle - JD Wetherspoon,CARLSBERG PILSNER,£2.66,2.66,"https://www.pint-prices.com/pub/143-145%20Stoke%20Newington%20High%20St,%20London%20N16%200NY,%20UK/The%20Rochester%20Castle%20-%20JD%20Wetherspoon",https://www.pint-prices.com/borough-results/Hackney,£4.89,2026-07-03T23:10:47+00:00
Hackney,9,The Rochester Castle,STRONGBOW DARK FRUIT,£2.70,2.7,"https://www.pint-prices.com/pub/143-145%20Stoke%20Newington%20High%20Street,%20,%20Stoke%20Newington,%20England/The%20Rochester%20Castle",https://www.pint-prices.com/borough-results/Hackney,£4.89,2026-07-03T23:10:47+00:00
Hackney,10,The Rochester Castle - JD Wetherspoon,BUDWEISER,£2.78,2.78,"https://www.pint-prices.com/pub/143-145%20Stoke%20Newington%20High%20St,%20London%20N16%200NY,%20UK/The%20Rochester%20Castle%20-%20JD%20Wetherspoon",https://www.pint-prices.com/borough-results/Hackney,£4.89,2026-07-03T23:10:47+00:00
Hackney,11,The Rochester Castle,BUDWEISER,£2.84,2.84,"https://www.pint-prices.com/pub/143-145%20Stoke%20Newington%20High%20Street,%20,%20Stoke%20Newington,%20England/The%20Rochester%20Castle",https://www.pint-prices.com/borough-results/Hackney,£4.89,2026-07-03T23:10:47+00:00
Hackney,12,The Rochester Castle - JD Wetherspoon,GUINNESS,£3.09,3.09,"https://www.pint-prices.com/pub/143-145%20Stoke%20Newington%20High%20St,%20London%20N16%200NY,%20UK/The%20Rochester%20Castle%20-%20JD%20Wetherspoon",https://www.pint-prices.com/borough-results/Hackney,£4.89,2026-07-03T23:10:47+00:00
Hackney,13,The Rochester Castle,GUINNESS,£3.30,3.3,"https://www.pint-prices.com/pub/143-145%20Stoke%20Newington%20High%20Street,%20,%20Stoke%20Newington,%20England/The%20Rochester%20Castle",https://www.pint-prices.com/borough-results/Hackney,£4.89,2026-07-03T23:10:47+00:00
Hackney,14,The Rochester Castle - JD Wetherspoon,STELLA ARTOIS,£3.84,3.84,"https://www.pint-prices.com/pub/143-145%20Stoke%20Newington%20High%20St,%20London%20N16%200NY,%20UK/The%20Rochester%20Castle%20-%20JD%20Wetherspoon",https://www.pint-prices.com/borough-results/Hackney,£4.89,2026-07-03T23:10:47+00:00
Hackney,15,The Rochester Castle - JD Wetherspoon,CORONA,£3.95,3.95,"https://www.pint-prices.com/pub/143-145%20Stoke%20Newington%20High%20St,%20London%20N16%200NY,%20UK/The%20Rochester%20Castle%20-%20JD%20Wetherspoon",https://www.pint-prices.com/borough-results/Hackney,£4.89,2026-07-03T23:10:47+00:00
Hackney,16,The Rochester Castle - JD Wetherspoon,SAN MIGUEL,£3.95,3.95,"https://www.pint-prices.com/pub/143-145%20Stoke%20Newington%20High%20St,%20London%20N16%200NY,%20UK/The%20Rochester%20Castle%20-%20JD%20Wetherspoon",https://www.pint-prices.com/borough-results/Hackney,£4.89,2026-07-03T23:10:47+00:00
Hackney,17,The Rochester Castle,CORONA,£4.11,4.11,"https://www.pint-prices.com/pub/143-145%20Stoke%20Newington%20High%20Street,%20,%20Stoke%20Newington,%20England/The%20Rochester%20Castle",https://www.pint-prices.com/borough-results/Hackney,£4.89,2026-07-03T23:10:47+00:00
Hackney,18,The Rochester Castle - JD Wetherspoon,LEFFE BLONDE,£4.28,4.28,"https://www.pint-prices.com/pub/143-145%20Stoke%20Newington%20High%20St,%20London%20N16%200NY,%20UK/The%20Rochester%20Castle%20-%20JD%20Wetherspoon",https://www.pint-prices.com/borough-results/Hackney,£4.89,2026-07-03T23:10:47+00:00
Hackney,19,The Eagle,FOSTERS,£4.30,4.3,"https://www.pint-prices.com/pub/103%20Wick%20Rd,%20London%20E9%205AE/The%20Eagle",https://www.pint-prices.com/borough-results/Hackney,£4.89,2026-07-03T23:10:47+00:00
Hackney,20,The Young Prince,FOSTERS,£5.00,5.0,"https://www.pint-prices.com/pub/448%20Roman%20Rd,%20London%20E3%205LU/The%20Young%20Prince",https://www.pint-prices.com/borough-results/Hackney,£4.89,2026-07-03T23:10:47+00:00
Hackney,21,The Three Crowns,AMSTEL,£5.00,5.0,"https://www.pint-prices.com/pub/175%20Stoke%20Newington%20High%20St,%20London%20N16%200PE/The%20Three%20Crowns",https://www.pint-prices.com/borough-results/Hackney,£4.89,2026-07-03T23:10:47+00:00
Hackney,22,The Railway Tavern,ASAHI,£5.00,5.0,"https://www.pint-prices.com/pub/2%20St%20Jude%20St,%20London%20N16%208JT/The%20Railway%20Tavern",https://www.pint-prices.com/borough-results/Hackney,£4.89,2026-07-03T23:10:47+00:00
Hackney,23,Howl at The Moon,GUINNESS,£5.00,5.0,"https://www.pint-prices.com/pub/178%20Hoxton%20St,%20London%20N1%205LH/Howl%20at%20The%20Moon",https://www.pint-prices.com/borough-results/Hackney,£4.89,2026-07-03T23:10:47+00:00
Hackney,24,Howl at The Moon,GUINNESS,£5.00,5.0,"https://www.pint-prices.com/pub/178%20Hoxton%20St,%20London%20N1%205LH/Howl%20at%20The%20Moon",https://www.pint-prices.com/borough-results/Hackney,£4.89,2026-07-03T23:10:47+00:00
Hackney,25,The sun tavern,UMBRELLA RHUBARB CIDER,£5.00,5.0,https://www.pint-prices.com/pub/E2%200AN/The%20sun%20tavern,https://www.pint-prices.com/borough-results/Hackney,£4.89,2026-07-03T23:10:47+00:00
Hackney,26,The Sun Tavern,HOUSE LAGER,£5.00,5.0,https://www.pint-prices.com/pub/E2%200AN/The%20Sun%20Tavern,https://www.pint-prices.com/borough-results/Hackney,£4.89,2026-07-03T23:10:47+00:00
Hackney,27,The Eleanor Arms,CARLSBERG,£5.00,5.0,https://www.pint-prices.com/pub/E35JP%20/The%20Eleanor%20Arms%20,https://www.pint-prices.com/borough-results/Hackney,£4.89,2026-07-03T23:10:47+00:00
Hackney,28,Farr’s Dalston,STIFF LIP IPA,£5.10,5.1,"https://www.pint-prices.com/pub/17,%2019%20Dalston%20Ln,%20London%20E8%203DF/Farr%E2%80%99s%20Dalston",https://www.pint-prices.com/borough-results/Hackney,£4.89,2026-07-03T23:10:47+00:00
Hackney,29,The White Hart,AMSTEL,£5.25,5.25,"https://www.pint-prices.com/pub/69%20Stoke%20Newington%20High%20St,%20London%20N16%208EL/The%20White%20Hart",https://www.pint-prices.com/borough-results/Hackney,£4.89,2026-07-03T23:10:47+00:00
Hackney,30,Royal Sovereign,AMSTEL,£5.50,5.5,"https://www.pint-prices.com/pub/The%20Royal%20Sovereign,%2064%20Northwold%20Rd,%20London%20E5%208RL,%20UK/Royal%20Sovereign",https://www.pint-prices.com/borough-results/Hackney,£4.89,2026-07-03T23:10:47+00:00
Hackney,31,The Army & Navy,AMSTEL,£5.50,5.5,"https://www.pint-prices.com/pub/1-3%20Matthias%20Rd,%20London%20N16%208NN/The%20Army%20%26%20Navy",https://www.pint-prices.com/borough-results/Hackney,£4.89,2026-07-03T23:10:47+00:00
Hackney,32,The Sun Tavern,LONDON PILSNER,£5.50,5.5,"https://www.pint-prices.com/pub/441%20Bethnal%20Green%20Rd,%20London%20E2%200AN/The%20Sun%20Tavern",https://www.pint-prices.com/borough-results/Hackney,£4.89,2026-07-03T23:10:47+00:00
Hackney,33,The Old George,AMSTEL,£5.60,5.6,"https://www.pint-prices.com/pub/379%20Bethnal%20Green%20Rd,%20London%20E2%200AN/The%20Old%20George",https://www.pint-prices.com/borough-results/Hackney,£4.89,2026-07-03T23:10:47+00:00
Hackney,34,Burkes Warehouse,AMSTEL,£5.60,5.6,"https://www.pint-prices.com/pub/37%20Kingsland%20High%20St,%20London%20E8%202JS/Burkes%20Warehouse",https://www.pint-prices.com/borough-results/Hackney,£4.89,2026-07-03T23:10:47+00:00
Hackney,35,Pub on the Park,INCH’S CIDER,£5.60,5.6,https://www.pint-prices.com/pub/London%20Fields/Pub%20on%20the%20Park,https://www.pint-prices.com/borough-results/Hackney,£4.89,2026-07-03T23:10:47+00:00
Hackney,36,The Yucatan Bar,AMSTEL,£5.70,5.7,"https://www.pint-prices.com/pub/121%20Stoke%20Newington%20Rd,%20London%20N16%208BT/The%20Yucatan%20Bar",https://www.pint-prices.com/borough-results/Hackney,£4.89,2026-07-03T23:10:47+00:00
Hackney,37,Royal Sovereign,HEINEKEN,£5.80,5.8,"https://www.pint-prices.com/pub/The%20Royal%20Sovereign,%2064%20Northwold%20Rd,%20London%20E5%208RL,%20UK/Royal%20Sovereign",https://www.pint-prices.com/borough-results/Hackney,£4.89,2026-07-03T23:10:47+00:00
Hackney,38,The Hunter S,GUINNESS,£5.80,5.8,"https://www.pint-prices.com/pub/194%20Southgate%20Rd,%20London%20N1%203HT,%20UK/The%20Hunter%20S",https://www.pint-prices.com/borough-results/Hackney,£4.89,2026-07-03T23:10:47+00:00
Hackney,39,The Red Lion,GUINNESS,£5.80,5.8,"https://www.pint-prices.com/pub/132%20Stoke%20Newington%20Church%20St,%20London%20N16%200JX/The%20Red%20Lion",https://www.pint-prices.com/borough-results/Hackney,£4.89,2026-07-03T23:10:47+00:00
Hackney,40,The Scolt Head,PERONI,£5.90,5.9,"https://www.pint-prices.com/pub/107A%20Culford%20Rd,%20London%20N1%204HT/The%20Scolt%20Head",https://www.pint-prices.com/borough-results/Hackney,£4.89,2026-07-03T23:10:47+00:00
Hackney,41,The Crown,PRAVHA,£5.90,5.9,"https://www.pint-prices.com/pub/223%20Grove%20Rd.,%20London%20E3%205SN/The%20Crown",https://www.pint-prices.com/borough-results/Hackney,£4.89,2026-07-03T23:10:47+00:00
Hackney,42,The Prince,BUDVAR,£5.90,5.9,"https://www.pint-prices.com/pub/59%20Kynaston%20Rd,%20London%20N16%200EB/The%20Prince",https://www.pint-prices.com/borough-results/Hackney,£4.89,2026-07-03T23:10:47+00:00
Hackney,43,Royal Sovereign,GUINNESS,£6.00,6.0,"https://www.pint-prices.com/pub/The%20Royal%20Sovereign,%2064%20Northwold%20Rd,%20London%20E5%208RL,%20UK/Royal%20Sovereign",https://www.pint-prices.com/borough-results/Hackney,£4.89,2026-07-03T23:10:47+00:00
Hackney,44,"Symposium | Wine Shop and Bar, Italian Restaurant & Deli",EAST END LAGER,£6.00,6.0,"https://www.pint-prices.com/pub/363%20Roman%20Rd,%20Bow,%20London%20E3%205QR,%20UK/Symposium%20%7C%20Wine%20Shop%20and%20Bar,%20Italian%20Restaurant%20%26%20Deli",https://www.pint-prices.com/borough-results/Hackney,£4.89,2026-07-03T23:10:47+00:00
Hackney,45,The Lord Tredegar,PILLARS HELLES,£6.00,6.0,"https://www.pint-prices.com/pub/50%20Lichfield%20Rd,%20London%20E3%205AL/The%20Lord%20Tredegar",https://www.pint-prices.com/borough-results/Hackney,£4.89,2026-07-03T23:10:47+00:00
Hackney,46,The Eleanor Arms,GUINNESS,£6.00,6.0,https://www.pint-prices.com/pub/E35JP%20/The%20Eleanor%20Arms%20,https://www.pint-prices.com/borough-results/Hackney,£4.89,2026-07-03T23:10:47+00:00
Hackney,47,The Eleanor Arms,REEF HOUSE,£6.00,6.0,https://www.pint-prices.com/pub/E35JP%20/The%20Eleanor%20Arms%20,https://www.pint-prices.com/borough-results/Hackney,£4.89,2026-07-03T23:10:47+00:00
Hackney,48,The Victoria,PRAVHA,£6.15,6.15,"https://www.pint-prices.com/pub/110%20Grove%20Rd,%20London%20E3%205TH/The%20Victoria",https://www.pint-prices.com/borough-results/Hackney,£4.89,2026-07-03T23:10:47+00:00
Hackney,49,The Clarence Tavern,PRAVHA,£6.50,6.5,"https://www.pint-prices.com/pub/102%20Stoke%20Newington%20Church%20St,%20London%20N16%200LA/The%20Clarence%20Tavern",https://www.pint-prices.com/borough-results/Hackney,£4.89,2026-07-03T23:10:47+00:00
Hackney,50,The George and Vulture,GUINNESS,£6.60,6.6,"https://www.pint-prices.com/pub/63%20Pitfield%20St,%20London%20N1%206BU/The%20George%20and%20Vulture",https://www.pint-prices.com/borough-results/Hackney,£4.89,2026-07-03T23:10:47+00:00
Hackney,51,The Morgan Arms,ESTRELLA,£6.65,6.65,"https://www.pint-prices.com/pub/43%20Morgan%20St,%20London%20E3%205AA/The%20Morgan%20Arms",https://www.pint-prices.com/borough-results/Hackney,£4.89,2026-07-03T23:10:47+00:00
Hackney,52,The George and Vulture,CRUZCAMPO,£6.75,6.75,"https://www.pint-prices.com/pub/63%20Pitfield%20St,%20London%20N1%206BU/The%20George%20and%20Vulture",https://www.pint-prices.com/borough-results/Hackney,£4.89,2026-07-03T23:10:47+00:00
Hackney,53,Old ship pub & hotel Hackney,CRUZCAMPO,£6.80,6.8,"https://www.pint-prices.com/pub/2%20Sylvester%20Path,%20London%20E8%201EN/Old%20ship%20pub%20%26%20hotel%20Hackney%20",https://www.pint-prices.com/borough-results/Hackney,£4.89,2026-07-03T23:10:47+00:00
Hackney,54,The Shakespeare,GUINNESS,£6.90,6.9,"https://www.pint-prices.com/pub/57%20Allen%20Rd,%20London%20N16%208RY/The%20Shakespeare",https://www.pint-prices.com/borough-results/Hackney,£4.89,2026-07-03T23:10:47+00:00
Hackney,55,The Shakespeare,ASPALLS,£6.90,6.9,"https://www.pint-prices.com/pub/57%20Allen%20Rd,%20London%20N16%208RY/The%20Shakespeare",https://www.pint-prices.com/borough-results/Hackney,£4.89,2026-07-03T23:10:47+00:00
Hackney,56,The Shacklewell Arms,GUINNESS,£7.00,7.0,https://www.pint-prices.com/pub/E8%202EB/The%20Shacklewell%20Arms%20,https://www.pint-prices.com/borough-results/Hackney,£4.89,2026-07-03T23:10:47+00:00
Hammersmith and Fulham,1,The Plough & Harrow - JD Wetherspoon,BUD LIGHT,£2.77,2.77,"https://www.pint-prices.com/pub/120-124%20King%20St,%20London%20W6%200QU,%20UK/The%20Plough%20%26%20Harrow%20-%20JD%20Wetherspoon",https://www.pint-prices.com/borough-results/Hammersmith%20and%20Fulham,£6.06,2026-07-03T23:10:47+00:00
Hammersmith and Fulham,2,The William Morris - JD Wetherspoon,BUD LIGHT,£3.18,3.18,"https://www.pint-prices.com/pub/2-4%20King%20St,%20London%20W6%200DZ,%20UK/The%20William%20Morris%20-%20JD%20Wetherspoon",https://www.pint-prices.com/borough-results/Hammersmith%20and%20Fulham,£6.06,2026-07-03T23:10:47+00:00
Hammersmith and Fulham,3,The Plough & Harrow - JD Wetherspoon,CARLSBERG PILSNER,£3.45,3.45,"https://www.pint-prices.com/pub/120-124%20King%20St,%20London%20W6%200QU,%20UK/The%20Plough%20%26%20Harrow%20-%20JD%20Wetherspoon",https://www.pint-prices.com/borough-results/Hammersmith%20and%20Fulham,£6.06,2026-07-03T23:10:47+00:00
Hammersmith and Fulham,4,The William Morris - JD Wetherspoon,CARLSBERG PILSNER,£3.66,3.66,"https://www.pint-prices.com/pub/2-4%20King%20St,%20London%20W6%200DZ,%20UK/The%20William%20Morris%20-%20JD%20Wetherspoon",https://www.pint-prices.com/borough-results/Hammersmith%20and%20Fulham,£6.06,2026-07-03T23:10:47+00:00
Hammersmith and Fulham,5,The Plough & Harrow - JD Wetherspoon,GUINNESS,£3.89,3.89,"https://www.pint-prices.com/pub/120-124%20King%20St,%20London%20W6%200QU,%20UK/The%20Plough%20%26%20Harrow%20-%20JD%20Wetherspoon",https://www.pint-prices.com/borough-results/Hammersmith%20and%20Fulham,£6.06,2026-07-03T23:10:47+00:00
Hammersmith and Fulham,6,The Plough & Harrow - JD Wetherspoon,CARLING,£4.18,4.18,"https://www.pint-prices.com/pub/120-124%20King%20St,%20London%20W6%200QU,%20UK/The%20Plough%20%26%20Harrow%20-%20JD%20Wetherspoon",https://www.pint-prices.com/borough-results/Hammersmith%20and%20Fulham,£6.06,2026-07-03T23:10:47+00:00
Hammersmith and Fulham,7,The Plough & Harrow - JD Wetherspoon,COORS,£4.18,4.18,"https://www.pint-prices.com/pub/120-124%20King%20St,%20London%20W6%200QU,%20UK/The%20Plough%20%26%20Harrow%20-%20JD%20Wetherspoon",https://www.pint-prices.com/borough-results/Hammersmith%20and%20Fulham,£6.06,2026-07-03T23:10:47+00:00
Hammersmith and Fulham,8,The Askew,FOSTERS,£4.20,4.2,"https://www.pint-prices.com/pub/269%20Uxbridge%20Rd,%20London%20W12%209DS/The%20Askew",https://www.pint-prices.com/borough-results/Hammersmith%20and%20Fulham,£6.06,2026-07-03T23:10:47+00:00
Hammersmith and Fulham,9,The Plough & Harrow - JD Wetherspoon,BUDWEISER,£4.31,4.31,"https://www.pint-prices.com/pub/120-124%20King%20St,%20London%20W6%200QU,%20UK/The%20Plough%20%26%20Harrow%20-%20JD%20Wetherspoon",https://www.pint-prices.com/borough-results/Hammersmith%20and%20Fulham,£6.06,2026-07-03T23:10:47+00:00
Hammersmith and Fulham,10,The William Morris - JD Wetherspoon,GUINNESS,£4.48,4.48,"https://www.pint-prices.com/pub/2-4%20King%20St,%20London%20W6%200DZ,%20UK/The%20William%20Morris%20-%20JD%20Wetherspoon",https://www.pint-prices.com/borough-results/Hammersmith%20and%20Fulham,£6.06,2026-07-03T23:10:47+00:00
Hammersmith and Fulham,11,Coningham Arms,FOSTERS,£4.50,4.5,"https://www.pint-prices.com/pub/191%20Uxbridge%20Road,%20W12%209RA/Coningham%20Arms",https://www.pint-prices.com/borough-results/Hammersmith%20and%20Fulham,£6.06,2026-07-03T23:10:47+00:00
Hammersmith and Fulham,12,The Plough & Harrow - JD Wetherspoon,STELLA ARTOIS,£4.55,4.55,"https://www.pint-prices.com/pub/120-124%20King%20St,%20London%20W6%200QU,%20UK/The%20Plough%20%26%20Harrow%20-%20JD%20Wetherspoon",https://www.pint-prices.com/borough-results/Hammersmith%20and%20Fulham,£6.06,2026-07-03T23:10:47+00:00
Hammersmith and Fulham,13,The Plough & Harrow - JD Wetherspoon,CORONA,£4.68,4.68,"https://www.pint-prices.com/pub/120-124%20King%20St,%20London%20W6%200QU,%20UK/The%20Plough%20%26%20Harrow%20-%20JD%20Wetherspoon",https://www.pint-prices.com/borough-results/Hammersmith%20and%20Fulham,£6.06,2026-07-03T23:10:47+00:00
Hammersmith and Fulham,14,The Plough & Harrow - JD Wetherspoon,SAN MIGUEL,£4.68,4.68,"https://www.pint-prices.com/pub/120-124%20King%20St,%20London%20W6%200QU,%20UK/The%20Plough%20%26%20Harrow%20-%20JD%20Wetherspoon",https://www.pint-prices.com/borough-results/Hammersmith%20and%20Fulham,£6.06,2026-07-03T23:10:47+00:00
Hammersmith and Fulham,15,The Chancellors,FOSTERS,£4.80,4.8,"https://www.pint-prices.com/pub/25%20Crisp%20Rd,%20London%20W6%209RL,%20UK/The%20Chancellors",https://www.pint-prices.com/borough-results/Hammersmith%20and%20Fulham,£6.06,2026-07-03T23:10:47+00:00
Hammersmith and Fulham,16,The William Morris - JD Wetherspoon,CARLING,£4.83,4.83,"https://www.pint-prices.com/pub/2-4%20King%20St,%20London%20W6%200DZ,%20UK/The%20William%20Morris%20-%20JD%20Wetherspoon",https://www.pint-prices.com/borough-results/Hammersmith%20and%20Fulham,£6.06,2026-07-03T23:10:47+00:00
Hammersmith and Fulham,17,The William Morris - JD Wetherspoon,COORS,£4.83,4.83,"https://www.pint-prices.com/pub/2-4%20King%20St,%20London%20W6%200DZ,%20UK/The%20William%20Morris%20-%20JD%20Wetherspoon",https://www.pint-prices.com/borough-results/Hammersmith%20and%20Fulham,£6.06,2026-07-03T23:10:47+00:00
Hammersmith and Fulham,18,The William Morris - JD Wetherspoon,BUDWEISER,£4.91,4.91,"https://www.pint-prices.com/pub/2-4%20King%20St,%20London%20W6%200DZ,%20UK/The%20William%20Morris%20-%20JD%20Wetherspoon",https://www.pint-prices.com/borough-results/Hammersmith%20and%20Fulham,£6.06,2026-07-03T23:10:47+00:00
Hammersmith and Fulham,19,Franco Manca Chiswick,BOTTLED BEER,£5.00,5.0,"https://www.pint-prices.com/pub/144%20Chiswick%20High%20Rd.,%20Chiswick,%20London%20W4%201PU,%20UK/Franco%20Manca%20Chiswick",https://www.pint-prices.com/borough-results/Hammersmith%20and%20Fulham,£6.06,2026-07-03T23:10:47+00:00
Hammersmith and Fulham,20,The Cross Keys,FOSTERS,£5.00,5.0,"https://www.pint-prices.com/pub/57%20Black%20Lion%20Ln,%20London%20W6%209BG,%20UK/The%20Cross%20Keys",https://www.pint-prices.com/borough-results/Hammersmith%20and%20Fulham,£6.06,2026-07-03T23:10:47+00:00
Hammersmith and Fulham,21,The Plough & Harrow - JD Wetherspoon,LEFFE BLONDE,£5.03,5.03,"https://www.pint-prices.com/pub/120-124%20King%20St,%20London%20W6%200QU,%20UK/The%20Plough%20%26%20Harrow%20-%20JD%20Wetherspoon",https://www.pint-prices.com/borough-results/Hammersmith%20and%20Fulham,£6.06,2026-07-03T23:10:47+00:00
Hammersmith and Fulham,22,The William Morris - JD Wetherspoon,STELLA ARTOIS,£5.15,5.15,"https://www.pint-prices.com/pub/2-4%20King%20St,%20London%20W6%200DZ,%20UK/The%20William%20Morris%20-%20JD%20Wetherspoon",https://www.pint-prices.com/borough-results/Hammersmith%20and%20Fulham,£6.06,2026-07-03T23:10:47+00:00
Hammersmith and Fulham,23,The Carpenter's Arms,PALE ALE,£5.20,5.2,"https://www.pint-prices.com/pub/91%20Black%20Lion%20Ln,%20London%20W6%209BG,%20UK/The%20Carpenter's%20Arms",https://www.pint-prices.com/borough-results/Hammersmith%20and%20Fulham,£6.06,2026-07-03T23:10:47+00:00
Hammersmith and Fulham,24,The William Morris - JD Wetherspoon,CORONA,£5.26,5.26,"https://www.pint-prices.com/pub/2-4%20King%20St,%20London%20W6%200DZ,%20UK/The%20William%20Morris%20-%20JD%20Wetherspoon",https://www.pint-prices.com/borough-results/Hammersmith%20and%20Fulham,£6.06,2026-07-03T23:10:47+00:00
Hammersmith and Fulham,25,The William Morris - JD Wetherspoon,SAN MIGUEL,£5.26,5.26,"https://www.pint-prices.com/pub/2-4%20King%20St,%20London%20W6%200DZ,%20UK/The%20William%20Morris%20-%20JD%20Wetherspoon",https://www.pint-prices.com/borough-results/Hammersmith%20and%20Fulham,£6.06,2026-07-03T23:10:47+00:00
Hammersmith and Fulham,26,The Albion,INCH CIDER,£5.40,5.4,"https://www.pint-prices.com/pub/121%20Hammersmith%20Rd,%20London%20W14%200QR,%20UK/The%20Albion",https://www.pint-prices.com/borough-results/Hammersmith%20and%20Fulham,£6.06,2026-07-03T23:10:47+00:00
Hammersmith and Fulham,27,The Albion,AMSTEL,£5.50,5.5,"https://www.pint-prices.com/pub/121%20Hammersmith%20Rd,%20London%20W14%200QR,%20UK/The%20Albion",https://www.pint-prices.com/borough-results/Hammersmith%20and%20Fulham,£6.06,2026-07-03T23:10:47+00:00
Hammersmith and Fulham,28,The Albion,LANDLORD,£5.50,5.5,"https://www.pint-prices.com/pub/121%20Hammersmith%20Rd,%20London%20W14%200QR,%20UK/The%20Albion",https://www.pint-prices.com/borough-results/Hammersmith%20and%20Fulham,£6.06,2026-07-03T23:10:47+00:00
Hammersmith and Fulham,29,The Albion,TRIBUTE,£5.50,5.5,"https://www.pint-prices.com/pub/121%20Hammersmith%20Rd,%20London%20W14%200QR,%20UK/The%20Albion",https://www.pint-prices.com/borough-results/Hammersmith%20and%20Fulham,£6.06,2026-07-03T23:10:47+00:00
Hammersmith and Fulham,30,The Stewart Arms,KRONENBOURG,£5.50,5.5,"https://www.pint-prices.com/pub/26%20Norland%20Rd,%20London%20W11%204TR/The%20Stewart%20Arms",https://www.pint-prices.com/borough-results/Hammersmith%20and%20Fulham,£6.06,2026-07-03T23:10:47+00:00
Hammersmith and Fulham,31,The Bridge,LONDON PRIDE,£5.55,5.55,"https://www.pint-prices.com/pub/204%20Castelnau,%20London%20SW13%209DW,%20UK/The%20Bridge",https://www.pint-prices.com/borough-results/Hammersmith%20and%20Fulham,£6.06,2026-07-03T23:10:47+00:00
Hammersmith and Fulham,32,The William Morris - JD Wetherspoon,LEFFE BLONDE,£5.62,5.62,"https://www.pint-prices.com/pub/2-4%20King%20St,%20London%20W6%200DZ,%20UK/The%20William%20Morris%20-%20JD%20Wetherspoon",https://www.pint-prices.com/borough-results/Hammersmith%20and%20Fulham,£6.06,2026-07-03T23:10:47+00:00
Hammersmith and Fulham,33,"The Latymers, Hammersmith",AMSTEL,£5.75,5.75,"https://www.pint-prices.com/pub/157%20Hammersmith%20Rd,%20London%20W6%208BS,%20UK/The%20Latymers,%20Hammersmith",https://www.pint-prices.com/borough-results/Hammersmith%20and%20Fulham,£6.06,2026-07-03T23:10:47+00:00
Hammersmith and Fulham,34,Thatched House,CARLING,£5.75,5.75,"https://www.pint-prices.com/pub/115%20Dalling%20Rd,%20London%20W6%200ET,%20UK/Thatched%20House",https://www.pint-prices.com/borough-results/Hammersmith%20and%20Fulham,£6.06,2026-07-03T23:10:47+00:00
Hammersmith and Fulham,35,The Havelock Tavern,ROSA BLANCA,£5.75,5.75,"https://www.pint-prices.com/pub/57%20Masbro%20Rd,%20London%20W14%200LS,%20UK/The%20Havelock%20Tavern",https://www.pint-prices.com/borough-results/Hammersmith%20and%20Fulham,£6.06,2026-07-03T23:10:47+00:00
Hammersmith and Fulham,36,The Roebuck,AMSTEL,£5.80,5.8,"https://www.pint-prices.com/pub/122%20Chiswick%20High%20Rd.,%20Chiswick,%20London%20W4%201PU,%20UK/The%20Roebuck",https://www.pint-prices.com/borough-results/Hammersmith%20and%20Fulham,£6.06,2026-07-03T23:10:47+00:00
Hammersmith and Fulham,37,Thatched House,GUINNESS,£5.85,5.85,"https://www.pint-prices.com/pub/115%20Dalling%20Rd,%20London%20W6%200ET,%20UK/Thatched%20House",https://www.pint-prices.com/borough-results/Hammersmith%20and%20Fulham,£6.06,2026-07-03T23:10:47+00:00
Hammersmith and Fulham,38,The Eagle,PRAVHA,£5.90,5.9,"https://www.pint-prices.com/pub/215%20Askew%20Rd,%20London%20W12%209AZ,%20UK/The%20Eagle",https://www.pint-prices.com/borough-results/Hammersmith%20and%20Fulham,£6.06,2026-07-03T23:10:47+00:00
Hammersmith and Fulham,39,The Bird in Hand,TRIBUTE,£5.90,5.9,"https://www.pint-prices.com/pub/88%20Masbro%20Rd,%20Brook%20Grn,%20London%20W14%200LR,%20UK/The%20Bird%20in%20Hand",https://www.pint-prices.com/borough-results/Hammersmith%20and%20Fulham,£6.06,2026-07-03T23:10:47+00:00
Hammersmith and Fulham,40,The Bridge,AMSTEL,£6.00,6.0,"https://www.pint-prices.com/pub/204%20Castelnau,%20London%20SW13%209DW,%20UK/The%20Bridge",https://www.pint-prices.com/borough-results/Hammersmith%20and%20Fulham,£6.06,2026-07-03T23:10:47+00:00
Hammersmith and Fulham,41,The Roebuck,CASK ALE,£6.00,6.0,"https://www.pint-prices.com/pub/122%20Chiswick%20High%20Rd.,%20Chiswick,%20London%20W4%201PU,%20UK/The%20Roebuck",https://www.pint-prices.com/borough-results/Hammersmith%20and%20Fulham,£6.06,2026-07-03T23:10:47+00:00
Hammersmith and Fulham,42,The Bird in Hand,ORCHARD CIDER,£6.00,6.0,"https://www.pint-prices.com/pub/88%20Masbro%20Rd,%20Brook%20Grn,%20London%20W14%200LR,%20UK/The%20Bird%20in%20Hand",https://www.pint-prices.com/borough-results/Hammersmith%20and%20Fulham,£6.06,2026-07-03T23:10:47+00:00
Hammersmith and Fulham,43,Famous Three Kings,PERONI,£6.00,6.0,"https://www.pint-prices.com/pub/171%20North%20End%20Rd,%20London%20W14%209AE,%20UK/Famous%20Three%20Kings",https://www.pint-prices.com/borough-results/Hammersmith%20and%20Fulham,£6.06,2026-07-03T23:10:47+00:00
Hammersmith and Fulham,44,Hop Poles,AMSTEL,£6.10,6.1,"https://www.pint-prices.com/pub/17-19%20King%20St,%20London%20W6%209HR,%20UK/Hop%20Poles",https://www.pint-prices.com/borough-results/Hammersmith%20and%20Fulham,£6.06,2026-07-03T23:10:47+00:00
Hammersmith and Fulham,45,Sindercombe Social,PRAVHA,£6.10,6.1,"https://www.pint-prices.com/pub/Greater,%202%20Goldhawk%20Rd,%20London%20W12%208QD,%20UK/Sindercombe%20Social",https://www.pint-prices.com/borough-results/Hammersmith%20and%20Fulham,£6.06,2026-07-03T23:10:47+00:00
Hammersmith and Fulham,46,The Chancellors,MADRI,£6.10,6.1,"https://www.pint-prices.com/pub/25%20Crisp%20Rd,%20London%20W6%209RL/The%20Chancellors",https://www.pint-prices.com/borough-results/Hammersmith%20and%20Fulham,£6.06,2026-07-03T23:10:47+00:00
Hammersmith and Fulham,47,Tabard,AMSTEL,£6.15,6.15,"https://www.pint-prices.com/pub/2%20Bath%20Road,%20W4%201LW/Tabard",https://www.pint-prices.com/borough-results/Hammersmith%20and%20Fulham,£6.06,2026-07-03T23:10:47+00:00
Hammersmith and Fulham,48,Packhorse & Talbot,AMSTEL,£6.15,6.15,"https://www.pint-prices.com/pub/145%20Chiswick%20High%20Road,%20W4%202DT/Packhorse%20%26%20Talbot",https://www.pint-prices.com/borough-results/Hammersmith%20and%20Fulham,£6.06,2026-07-03T23:10:47+00:00
Hammersmith and Fulham,49,Packhorse & Talbot,GUINNESS,£6.15,6.15,"https://www.pint-prices.com/pub/145%20Chiswick%20High%20Road,%20W4%202DT/Packhorse%20%26%20Talbot",https://www.pint-prices.com/borough-results/Hammersmith%20and%20Fulham,£6.06,2026-07-03T23:10:47+00:00
Hammersmith and Fulham,50,"The Blue Boat, Fulham Reach",AMSTEL,£6.20,6.2,"https://www.pint-prices.com/pub/Distillery%20Wharf,%20Parr's%20Wy.,%20London%20W6%209GD,%20UK/The%20Blue%20Boat,%20Fulham%20Reach",https://www.pint-prices.com/borough-results/Hammersmith%20and%20Fulham,£6.06,2026-07-03T23:10:47+00:00
Hammersmith and Fulham,51,The Blue Anchor,AMSTEL,£6.25,6.25,"https://www.pint-prices.com/pub/13%20Lower%20Mall,%20London%20W6%209DJ,%20UK/The%20Blue%20Anchor",https://www.pint-prices.com/borough-results/Hammersmith%20and%20Fulham,£6.06,2026-07-03T23:10:47+00:00
Hammersmith and Fulham,52,Thatched House,BIRRA MORETTI,£6.25,6.25,"https://www.pint-prices.com/pub/115%20Dalling%20Rd,%20London%20W6%200ET,%20UK/Thatched%20House",https://www.pint-prices.com/borough-results/Hammersmith%20and%20Fulham,£6.06,2026-07-03T23:10:47+00:00
Hammersmith and Fulham,53,Thatched House,MADRI,£6.25,6.25,"https://www.pint-prices.com/pub/115%20Dalling%20Rd,%20London%20W6%200ET,%20UK/Thatched%20House",https://www.pint-prices.com/borough-results/Hammersmith%20and%20Fulham,£6.06,2026-07-03T23:10:47+00:00
Hammersmith and Fulham,54,The Pear Tree,LONDON PRIDE,£6.25,6.25,"https://www.pint-prices.com/pub/14%20Margravine%20Rd,%20London%20W6%208HJ,%20UK/The%20Pear%20Tree",https://www.pint-prices.com/borough-results/Hammersmith%20and%20Fulham,£6.06,2026-07-03T23:10:47+00:00
Hammersmith and Fulham,55,Tabard,GUINNESS,£6.25,6.25,"https://www.pint-prices.com/pub/2%20Bath%20Road,%20W4%201LW/Tabard",https://www.pint-prices.com/borough-results/Hammersmith%20and%20Fulham,£6.06,2026-07-03T23:10:47+00:00
Hammersmith and Fulham,56,The Carpenter's Arms,HOUSE LAGER,£6.30,6.3,"https://www.pint-prices.com/pub/91%20Black%20Lion%20Ln,%20London%20W6%209BG,%20UK/The%20Carpenter's%20Arms",https://www.pint-prices.com/borough-results/Hammersmith%20and%20Fulham,£6.06,2026-07-03T23:10:47+00:00
Hammersmith and Fulham,57,Belushi’s,HEINEKEN,£6.40,6.4,https://www.pint-prices.com/pub/W6%207AB/Belushi%E2%80%99s,https://www.pint-prices.com/borough-results/Hammersmith%20and%20Fulham,£6.06,2026-07-03T23:10:47+00:00
Hammersmith and Fulham,58,The Crown & Sceptre,HEINEKEN,£6.45,6.45,"https://www.pint-prices.com/pub/57%20Melina%20Road,%20W12%209HY/The%20Crown%20%26%20Sceptre",https://www.pint-prices.com/borough-results/Hammersmith%20and%20Fulham,£6.06,2026-07-03T23:10:47+00:00
Hammersmith and Fulham,59,Piano Restaurant,BOTTLED BEER,£6.50,6.5,"https://www.pint-prices.com/pub/80-82%20Chiswick%20High%20Rd.,%20Chiswick,%20London%20W4%201SY,%20UK/Piano%20Restaurant",https://www.pint-prices.com/borough-results/Hammersmith%20and%20Fulham,£6.06,2026-07-03T23:10:47+00:00
Hammersmith and Fulham,60,The Pear Tree,CHILTERN LAGER,£6.50,6.5,"https://www.pint-prices.com/pub/14%20Margravine%20Rd,%20London%20W6%208HJ,%20UK/The%20Pear%20Tree",https://www.pint-prices.com/borough-results/Hammersmith%20and%20Fulham,£6.06,2026-07-03T23:10:47+00:00
Hammersmith and Fulham,61,The Albion,HEINEKEN,£6.50,6.5,"https://www.pint-prices.com/pub/121%20Hammersmith%20Rd,%20London%20W14%200QR,%20UK/The%20Albion",https://www.pint-prices.com/borough-results/Hammersmith%20and%20Fulham,£6.06,2026-07-03T23:10:47+00:00
Hammersmith and Fulham,62,The Albion,BIRRA MORETTI,£6.50,6.5,"https://www.pint-prices.com/pub/121%20Hammersmith%20Rd,%20London%20W14%200QR,%20UK/The%20Albion",https://www.pint-prices.com/borough-results/Hammersmith%20and%20Fulham,£6.06,2026-07-03T23:10:47+00:00
Hammersmith and Fulham,63,The Raven W6,AMSTEL,£6.50,6.5,"https://www.pint-prices.com/pub/375%20Goldhawk%20Rd,%20London%20W6%200SA,%20UK/The%20Raven%20W6",https://www.pint-prices.com/borough-results/Hammersmith%20and%20Fulham,£6.06,2026-07-03T23:10:47+00:00
Hammersmith and Fulham,64,"The Latymers, Hammersmith",GUINNESS,£6.60,6.6,"https://www.pint-prices.com/pub/157%20Hammersmith%20Rd,%20London%20W6%208BS,%20UK/The%20Latymers,%20Hammersmith",https://www.pint-prices.com/borough-results/Hammersmith%20and%20Fulham,£6.06,2026-07-03T23:10:47+00:00
Hammersmith and Fulham,65,The Bridge,GUINNESS,£6.70,6.7,"https://www.pint-prices.com/pub/204%20Castelnau,%20London%20SW13%209DW,%20UK/The%20Bridge",https://www.pint-prices.com/borough-results/Hammersmith%20and%20Fulham,£6.06,2026-07-03T23:10:47+00:00
Hammersmith and Fulham,66,Tabard,MADRI,£6.70,6.7,"https://www.pint-prices.com/pub/2%20Bath%20Road,%20W4%201LW/Tabard",https://www.pint-prices.com/borough-results/Hammersmith%20and%20Fulham,£6.06,2026-07-03T23:10:47+00:00
Hammersmith and Fulham,67,The Pear Tree,PORTOBELLO LONDON PILSNER,£6.75,6.75,"https://www.pint-prices.com/pub/14%20Margravine%20Rd,%20London%20W6%208HJ,%20UK/The%20Pear%20Tree",https://www.pint-prices.com/borough-results/Hammersmith%20and%20Fulham,£6.06,2026-07-03T23:10:47+00:00
Hammersmith and Fulham,68,The Pear Tree,PORTOBELLO NOTTING HELLS,£6.75,6.75,"https://www.pint-prices.com/pub/14%20Margravine%20Rd,%20London%20W6%208HJ,%20UK/The%20Pear%20Tree",https://www.pint-prices.com/borough-results/Hammersmith%20and%20Fulham,£6.06,2026-07-03T23:10:47+00:00
Hammersmith and Fulham,69,The Pear Tree,WYE VALLEY BUTTY BACHE,£6.75,6.75,"https://www.pint-prices.com/pub/14%20Margravine%20Rd,%20London%20W6%208HJ,%20UK/The%20Pear%20Tree",https://www.pint-prices.com/borough-results/Hammersmith%20and%20Fulham,£6.06,2026-07-03T23:10:47+00:00
Hammersmith and Fulham,70,The Pear Tree,SAMBROOKS SESSION IPA,£6.75,6.75,"https://www.pint-prices.com/pub/14%20Margravine%20Rd,%20London%20W6%208HJ,%20UK/The%20Pear%20Tree",https://www.pint-prices.com/borough-results/Hammersmith%20and%20Fulham,£6.06,2026-07-03T23:10:47+00:00
Hammersmith and Fulham,71,The Pear Tree,PORTOBELLO STIF LIP,£6.75,6.75,"https://www.pint-prices.com/pub/14%20Margravine%20Rd,%20London%20W6%208HJ,%20UK/The%20Pear%20Tree",https://www.pint-prices.com/borough-results/Hammersmith%20and%20Fulham,£6.06,2026-07-03T23:10:47+00:00
Hammersmith and Fulham,72,The Pear Tree,GUINNESS,£6.75,6.75,"https://www.pint-prices.com/pub/14%20Margravine%20Rd,%20London%20W6%208HJ,%20UK/The%20Pear%20Tree",https://www.pint-prices.com/borough-results/Hammersmith%20and%20Fulham,£6.06,2026-07-03T23:10:47+00:00
Hammersmith and Fulham,73,BrewDog Shepherd's Bush,HOUSE LAGER,£6.75,6.75,"https://www.pint-prices.com/pub/15-19%20Goldhawk%20Rd,%20London%20W12%208QQ,%20UK/BrewDog%20Shepherd's%20Bush",https://www.pint-prices.com/borough-results/Hammersmith%20and%20Fulham,£6.06,2026-07-03T23:10:47+00:00
Hammersmith and Fulham,74,Belushi’s,STONE WOOD,£6.80,6.8,https://www.pint-prices.com/pub/W6%207AB/Belushi%E2%80%99s,https://www.pint-prices.com/borough-results/Hammersmith%20and%20Fulham,£6.06,2026-07-03T23:10:47+00:00
Hammersmith and Fulham,75,"The Latymers, Hammersmith",PERONI,£6.95,6.95,"https://www.pint-prices.com/pub/157%20Hammersmith%20Rd,%20London%20W6%208BS,%20UK/The%20Latymers,%20Hammersmith",https://www.pint-prices.com/borough-results/Hammersmith%20and%20Fulham,£6.06,2026-07-03T23:10:47+00:00
Hammersmith and Fulham,76,The Pear Tree,WESTMALE TRAPPIST,£6.95,6.95,"https://www.pint-prices.com/pub/14%20Margravine%20Rd,%20London%20W6%208HJ,%20UK/The%20Pear%20Tree",https://www.pint-prices.com/borough-results/Hammersmith%20and%20Fulham,£6.06,2026-07-03T23:10:47+00:00
Hammersmith and Fulham,77,Packhorse & Talbot,BIRRA MORETTI,£6.95,6.95,"https://www.pint-prices.com/pub/145%20Chiswick%20High%20Road,%20W4%202DT/Packhorse%20%26%20Talbot",https://www.pint-prices.com/borough-results/Hammersmith%20and%20Fulham,£6.06,2026-07-03T23:10:47+00:00
Hammersmith and Fulham,78,The Bridge,BIRRA MORETTI,£7.00,7.0,"https://www.pint-prices.com/pub/204%20Castelnau,%20London%20SW13%209DW,%20UK/The%20Bridge",https://www.pint-prices.com/borough-results/Hammersmith%20and%20Fulham,£6.06,2026-07-03T23:10:47+00:00
Hammersmith and Fulham,79,The Bridge,NECK OIL,£7.00,7.0,"https://www.pint-prices.com/pub/204%20Castelnau,%20London%20SW13%209DW,%20UK/The%20Bridge",https://www.pint-prices.com/borough-results/Hammersmith%20and%20Fulham,£6.06,2026-07-03T23:10:47+00:00
Hammersmith and Fulham,80,The Albion,GUINNESS,£7.00,7.0,"https://www.pint-prices.com/pub/121%20Hammersmith%20Rd,%20London%20W14%200QR,%20UK/The%20Albion",https://www.pint-prices.com/borough-results/Hammersmith%20and%20Fulham,£6.06,2026-07-03T23:10:47+00:00
Hammersmith and Fulham,81,The Albion,LAGUNITAS IPA,£7.00,7.0,"https://www.pint-prices.com/pub/121%20Hammersmith%20Rd,%20London%20W14%200QR,%20UK/The%20Albion",https://www.pint-prices.com/borough-results/Hammersmith%20and%20Fulham,£6.06,2026-07-03T23:10:47+00:00
Hammersmith and Fulham,82,Packhorse & Talbot,MADRI,£7.00,7.0,"https://www.pint-prices.com/pub/145%20Chiswick%20High%20Road,%20W4%202DT/Packhorse%20%26%20Talbot",https://www.pint-prices.com/borough-results/Hammersmith%20and%20Fulham,£6.06,2026-07-03T23:10:47+00:00
Hammersmith and Fulham,83,The Rutland Arms,PAULANER,£7.00,7.0,"https://www.pint-prices.com/pub/15%20Lower%20Mall,%20London%20W6%209DJ/The%20Rutland%20Arms",https://www.pint-prices.com/borough-results/Hammersmith%20and%20Fulham,£6.06,2026-07-03T23:10:47+00:00
Hammersmith and Fulham,84,"The Latymers, Hammersmith",ASAHI,£7.05,7.05,"https://www.pint-prices.com/pub/157%20Hammersmith%20Rd,%20London%20W6%208BS,%20UK/The%20Latymers,%20Hammersmith",https://www.pint-prices.com/borough-results/Hammersmith%20and%20Fulham,£6.06,2026-07-03T23:10:47+00:00
Hammersmith and Fulham,85,The Curtains Up,PERONI,£7.15,7.15,"https://www.pint-prices.com/pub/28A%20Comeragh%20Rd,%20London%20W14%209HR/The%20Curtains%20Up",https://www.pint-prices.com/borough-results/Hammersmith%20and%20Fulham,£6.06,2026-07-03T23:10:47+00:00
Hammersmith and Fulham,86,The Curtains Up,CAMDEN HELLS,£7.15,7.15,"https://www.pint-prices.com/pub/28A%20Comeragh%20Rd,%20London%20W14%209HR/The%20Curtains%20Up",https://www.pint-prices.com/borough-results/Hammersmith%20and%20Fulham,£6.06,2026-07-03T23:10:47+00:00
Hammersmith and Fulham,87,The Curtains Up,PERONI,£7.15,7.15,"https://www.pint-prices.com/pub/28A%20Comeragh%20Rd,%20London%20W14%209HR/The%20Curtains%20Up",https://www.pint-prices.com/borough-results/Hammersmith%20and%20Fulham,£6.06,2026-07-03T23:10:47+00:00
Hammersmith and Fulham,88,The Curtains Up,CAMDEN HELLS,£7.15,7.15,"https://www.pint-prices.com/pub/28A%20Comeragh%20Rd,%20London%20W14%209HR/The%20Curtains%20Up",https://www.pint-prices.com/borough-results/Hammersmith%20and%20Fulham,£6.06,2026-07-03T23:10:47+00:00
Hammersmith and Fulham,89,Packhorse & Talbot,PERONI,£7.20,7.2,"https://www.pint-prices.com/pub/145%20Chiswick%20High%20Road,%20W4%202DT/Packhorse%20%26%20Talbot",https://www.pint-prices.com/borough-results/Hammersmith%20and%20Fulham,£6.06,2026-07-03T23:10:47+00:00
Hammersmith and Fulham,90,The Pear Tree,FLENSBURG PILSNER,£7.25,7.25,"https://www.pint-prices.com/pub/14%20Margravine%20Rd,%20London%20W6%208HJ,%20UK/The%20Pear%20Tree",https://www.pint-prices.com/borough-results/Hammersmith%20and%20Fulham,£6.06,2026-07-03T23:10:47+00:00
Hammersmith and Fulham,91,Tabard,NECK OIL,£7.25,7.25,"https://www.pint-prices.com/pub/2%20Bath%20Road,%20W4%201LW/Tabard",https://www.pint-prices.com/borough-results/Hammersmith%20and%20Fulham,£6.06,2026-07-03T23:10:47+00:00
Hammersmith and Fulham,92,Tabard,PERONI,£7.25,7.25,"https://www.pint-prices.com/pub/2%20Bath%20Road,%20W4%201LW/Tabard",https://www.pint-prices.com/borough-results/Hammersmith%20and%20Fulham,£6.06,2026-07-03T23:10:47+00:00
Hammersmith and Fulham,93,The Dove,ASAHI,£7.25,7.25,"https://www.pint-prices.com/pub/19%20Upper%20Mall,%20London%20W6%209TA/The%20Dove",https://www.pint-prices.com/borough-results/Hammersmith%20and%20Fulham,£6.06,2026-07-03T23:10:47+00:00
Hammersmith and Fulham,94,Packhorse & Talbot,NECK OIL,£7.30,7.3,"https://www.pint-prices.com/pub/145%20Chiswick%20High%20Road,%20W4%202DT/Packhorse%20%26%20Talbot",https://www.pint-prices.com/borough-results/Hammersmith%20and%20Fulham,£6.06,2026-07-03T23:10:47+00:00
Hammersmith and Fulham,95,The Curtains Up,NECK OIL,£7.30,7.3,"https://www.pint-prices.com/pub/28A%20Comeragh%20Rd,%20London%20W14%209HR/The%20Curtains%20Up",https://www.pint-prices.com/borough-results/Hammersmith%20and%20Fulham,£6.06,2026-07-03T23:10:47+00:00
Hammersmith and Fulham,96,The Curtains Up,NECK OIL,£7.30,7.3,"https://www.pint-prices.com/pub/28A%20Comeragh%20Rd,%20London%20W14%209HR/The%20Curtains%20Up",https://www.pint-prices.com/borough-results/Hammersmith%20and%20Fulham,£6.06,2026-07-03T23:10:47+00:00
Hammersmith and Fulham,97,The Blue Boat,ASAHI,£7.35,7.35,"https://www.pint-prices.com/pub/Distillery%20Wharf,%20Parr's%20Way,%20London,%20W6%209GD/The%20Blue%20Boat",https://www.pint-prices.com/borough-results/Hammersmith%20and%20Fulham,£6.06,2026-07-03T23:10:47+00:00
Hammersmith and Fulham,98,Crabtree (Fulham),ASAHI,£7.40,7.4,"https://www.pint-prices.com/pub/Rainville%20Rd,%20London%20SW6%206TY,%20UK/Crabtree%20(Fulham)",https://www.pint-prices.com/borough-results/Hammersmith%20and%20Fulham,£6.06,2026-07-03T23:10:47+00:00
Hammersmith and Fulham,99,Black Lion,BIRRA MORETTI,£7.45,7.45,"https://www.pint-prices.com/pub/2%20S%20Black%20Lion%20Ln,%20London%20W6%209TJ/Black%20Lion",https://www.pint-prices.com/borough-results/Hammersmith%20and%20Fulham,£6.06,2026-07-03T23:10:47+00:00
Hammersmith and Fulham,100,Black Lion,BIRRA MORETTI,£7.45,7.45,"https://www.pint-prices.com/pub/2%20S%20Black%20Lion%20Ln,%20London%20W6%209TJ/Black%20Lion",https://www.pint-prices.com/borough-results/Hammersmith%20and%20Fulham,£6.06,2026-07-03T23:10:47+00:00
Hammersmith and Fulham,101,Packhorse and Talbot,NECK OIL,£7.45,7.45,"https://www.pint-prices.com/pub/145%20Chiswick%20High%20Rd.,%20Chiswick,%20London%20W4%202DT/Packhorse%20and%20Talbot",https://www.pint-prices.com/borough-results/Hammersmith%20and%20Fulham,£6.06,2026-07-03T23:10:47+00:00
Hammersmith and Fulham,102,The Albion,NECK OIL,£7.50,7.5,"https://www.pint-prices.com/pub/121%20Hammersmith%20Rd,%20London%20W14%200QR,%20UK/The%20Albion",https://www.pint-prices.com/borough-results/Hammersmith%20and%20Fulham,£6.06,2026-07-03T23:10:47+00:00
Hammersmith and Fulham,103,The Albion,BRIXTON,£7.50,7.5,"https://www.pint-prices.com/pub/121%20Hammersmith%20Rd,%20London%20W14%200QR,%20UK/The%20Albion",https://www.pint-prices.com/borough-results/Hammersmith%20and%20Fulham,£6.06,2026-07-03T23:10:47+00:00
Haringey,1,Spouter's Corner - JD Wetherspoon,BUD LIGHT,£2.59,2.59,"https://www.pint-prices.com/pub/Unit%205,%20Spouter's%20Corner,%20180%20High%20Rd,%20London%20N22%206EJ,%20UK/Spouter's%20Corner%20-%20JD%20Wetherspoon",https://www.pint-prices.com/borough-results/Haringey,£4.67,2026-07-03T23:10:47+00:00
Haringey,2,Spouter's Corner - JD Wetherspoon,CARLSBERG PILSNER,£2.83,2.83,"https://www.pint-prices.com/pub/Unit%205,%20Spouter's%20Corner,%20180%20High%20Rd,%20London%20N22%206EJ,%20UK/Spouter's%20Corner%20-%20JD%20Wetherspoon",https://www.pint-prices.com/borough-results/Haringey,£4.67,2026-07-03T23:10:47+00:00
Haringey,3,Spouter's Corner - JD Wetherspoon,GUINNESS,£3.53,3.53,"https://www.pint-prices.com/pub/Unit%205,%20Spouter's%20Corner,%20180%20High%20Rd,%20London%20N22%206EJ,%20UK/Spouter's%20Corner%20-%20JD%20Wetherspoon",https://www.pint-prices.com/borough-results/Haringey,£4.67,2026-07-03T23:10:47+00:00
Haringey,4,The Toll Gate,STELLA ARTOIS,£3.80,3.8,"https://www.pint-prices.com/pub/26-30%20Turnpike%20Ln,%20London%20N8%200PS/The%20Toll%20Gate",https://www.pint-prices.com/borough-results/Haringey,£4.67,2026-07-03T23:10:47+00:00
Haringey,5,Spouter's Corner - JD Wetherspoon,CARLING,£3.89,3.89,"https://www.pint-prices.com/pub/Unit%205,%20Spouter's%20Corner,%20180%20High%20Rd,%20London%20N22%206EJ,%20UK/Spouter's%20Corner%20-%20JD%20Wetherspoon",https://www.pint-prices.com/borough-results/Haringey,£4.67,2026-07-03T23:10:47+00:00
Haringey,6,Spouter's Corner - JD Wetherspoon,COORS,£3.89,3.89,"https://www.pint-prices.com/pub/Unit%205,%20Spouter's%20Corner,%20180%20High%20Rd,%20London%20N22%206EJ,%20UK/Spouter's%20Corner%20-%20JD%20Wetherspoon",https://www.pint-prices.com/borough-results/Haringey,£4.67,2026-07-03T23:10:47+00:00
Haringey,7,Spouter's Corner - JD Wetherspoon,BUDWEISER,£3.96,3.96,"https://www.pint-prices.com/pub/Unit%205,%20Spouter's%20Corner,%20180%20High%20Rd,%20London%20N22%206EJ,%20UK/Spouter's%20Corner%20-%20JD%20Wetherspoon",https://www.pint-prices.com/borough-results/Haringey,£4.67,2026-07-03T23:10:47+00:00
Haringey,8,Spouter's Corner - JD Wetherspoon,CORONA,£4.20,4.2,"https://www.pint-prices.com/pub/Unit%205,%20Spouter's%20Corner,%20180%20High%20Rd,%20London%20N22%206EJ,%20UK/Spouter's%20Corner%20-%20JD%20Wetherspoon",https://www.pint-prices.com/borough-results/Haringey,£4.67,2026-07-03T23:10:47+00:00
Haringey,9,Spouter's Corner - JD Wetherspoon,STELLA ARTOIS,£4.20,4.2,"https://www.pint-prices.com/pub/Unit%205,%20Spouter's%20Corner,%20180%20High%20Rd,%20London%20N22%206EJ,%20UK/Spouter's%20Corner%20-%20JD%20Wetherspoon",https://www.pint-prices.com/borough-results/Haringey,£4.67,2026-07-03T23:10:47+00:00
Haringey,10,Spouter's Corner - JD Wetherspoon,SAN MIGUEL,£4.20,4.2,"https://www.pint-prices.com/pub/Unit%205,%20Spouter's%20Corner,%20180%20High%20Rd,%20London%20N22%206EJ,%20UK/Spouter's%20Corner%20-%20JD%20Wetherspoon",https://www.pint-prices.com/borough-results/Haringey,£4.67,2026-07-03T23:10:47+00:00
Haringey,11,McCafferty’s,CARLING,£4.50,4.5,https://www.pint-prices.com/pub/KT19%208BT/McCafferty%E2%80%99s,https://www.pint-prices.com/borough-results/Haringey,£4.67,2026-07-03T23:10:47+00:00
Haringey,12,McCafferty’s,CARLING,£4.50,4.5,https://www.pint-prices.com/pub/KT19%208BT/McCafferty%E2%80%99s,https://www.pint-prices.com/borough-results/Haringey,£4.67,2026-07-03T23:10:47+00:00
Haringey,13,Spouter's Corner - JD Wetherspoon,LEFFE BLONDE,£4.55,4.55,"https://www.pint-prices.com/pub/Unit%205,%20Spouter's%20Corner,%20180%20High%20Rd,%20London%20N22%206EJ,%20UK/Spouter's%20Corner%20-%20JD%20Wetherspoon",https://www.pint-prices.com/borough-results/Haringey,£4.67,2026-07-03T23:10:47+00:00
Haringey,14,The Prince,BOHEM - MARTINA,£5.00,5.0,https://www.pint-prices.com/pub/N22%208PA/The%20Prince,https://www.pint-prices.com/borough-results/Haringey,£4.67,2026-07-03T23:10:47+00:00
Haringey,15,Springfield Tavern,GUINNESS,£5.25,5.25,https://www.pint-prices.com/pub/%20THE%20SPRINGFIELD%20TAVERN%20133%20BOUNDS%20GREEN%20ROAD%20LONDON%20N11%202PP/Springfield%20Tavern,https://www.pint-prices.com/borough-results/Haringey,£4.67,2026-07-03T23:10:47+00:00
Haringey,16,Springfield Tavern,BIRRA MORETTI,£5.25,5.25,https://www.pint-prices.com/pub/%20THE%20SPRINGFIELD%20TAVERN%20133%20BOUNDS%20GREEN%20ROAD%20LONDON%20N11%202PP/Springfield%20Tavern,https://www.pint-prices.com/borough-results/Haringey,£4.67,2026-07-03T23:10:47+00:00
Haringey,17,Arnos Arms,AMSTEL,£5.50,5.5,"https://www.pint-prices.com/pub/338%20Bowes%20Road,%20Arnos%20Grove,%20London,%20N11%201AN/Arnos%20Arms",https://www.pint-prices.com/borough-results/Haringey,£4.67,2026-07-03T23:10:47+00:00
Haringey,18,The Prince,BOHEM - AMOS,£5.50,5.5,https://www.pint-prices.com/pub/N22%208PA/The%20Prince,https://www.pint-prices.com/borough-results/Haringey,£4.67,2026-07-03T23:10:47+00:00
Haringey,19,Arnos Arms,LANDLORD,£5.70,5.7,"https://www.pint-prices.com/pub/338%20Bowes%20Road,%20Arnos%20Grove,%20London,%20N11%201AN/Arnos%20Arms",https://www.pint-prices.com/borough-results/Haringey,£4.67,2026-07-03T23:10:47+00:00
Haringey,20,Arnos Arms,HEINEKEN,£6.50,6.5,"https://www.pint-prices.com/pub/338%20Bowes%20Road,%20Arnos%20Grove,%20London,%20N11%201AN/Arnos%20Arms",https://www.pint-prices.com/borough-results/Haringey,£4.67,2026-07-03T23:10:47+00:00
Haringey,21,Arnos Arms,BIRRA MORETTI,£6.60,6.6,"https://www.pint-prices.com/pub/338%20Bowes%20Road,%20Arnos%20Grove,%20London,%20N11%201AN/Arnos%20Arms",https://www.pint-prices.com/borough-results/Haringey,£4.67,2026-07-03T23:10:47+00:00
Haringey,22,Arnos Arms,NECK OIL,£6.80,6.8,"https://www.pint-prices.com/pub/338%20Bowes%20Road,%20Arnos%20Grove,%20London,%20N11%201AN/Arnos%20Arms",https://www.pint-prices.com/borough-results/Haringey,£4.67,2026-07-03T23:10:47+00:00
Harrow,1,The Moon on the Hill - JD Wetherspoon,BUD LIGHT,£2.43,2.43,"https://www.pint-prices.com/pub/373-375%20Station%20Rd,%20Harrow%20HA1%202AW,%20UK/The%20Moon%20on%20the%20Hill%20-%20JD%20Wetherspoon",https://www.pint-prices.com/borough-results/Harrow,£3.31,2026-07-03T23:10:47+00:00
Harrow,2,The Moon on the Hill - JD Wetherspoon,CARLSBERG PILSNER,£2.66,2.66,"https://www.pint-prices.com/pub/373-375%20Station%20Rd,%20Harrow%20HA1%202AW,%20UK/The%20Moon%20on%20the%20Hill%20-%20JD%20Wetherspoon",https://www.pint-prices.com/borough-results/Harrow,£3.31,2026-07-03T23:10:47+00:00
Harrow,3,The Moon on the Hill - JD Wetherspoon,BUDWEISER,£2.88,2.88,"https://www.pint-prices.com/pub/373-375%20Station%20Rd,%20Harrow%20HA1%202AW,%20UK/The%20Moon%20on%20the%20Hill%20-%20JD%20Wetherspoon",https://www.pint-prices.com/borough-results/Harrow,£3.31,2026-07-03T23:10:47+00:00
Harrow,4,The Moon on the Hill - JD Wetherspoon,CARLING,£2.88,2.88,"https://www.pint-prices.com/pub/373-375%20Station%20Rd,%20Harrow%20HA1%202AW,%20UK/The%20Moon%20on%20the%20Hill%20-%20JD%20Wetherspoon",https://www.pint-prices.com/borough-results/Harrow,£3.31,2026-07-03T23:10:47+00:00
Harrow,5,The Moon on the Hill - JD Wetherspoon,COORS,£2.88,2.88,"https://www.pint-prices.com/pub/373-375%20Station%20Rd,%20Harrow%20HA1%202AW,%20UK/The%20Moon%20on%20the%20Hill%20-%20JD%20Wetherspoon",https://www.pint-prices.com/borough-results/Harrow,£3.31,2026-07-03T23:10:47+00:00
Harrow,6,The Moon on the Hill - JD Wetherspoon,GUINNESS,£3.32,3.32,"https://www.pint-prices.com/pub/373-375%20Station%20Rd,%20Harrow%20HA1%202AW,%20UK/The%20Moon%20on%20the%20Hill%20-%20JD%20Wetherspoon",https://www.pint-prices.com/borough-results/Harrow,£3.31,2026-07-03T23:10:47+00:00
Harrow,7,The Moon on the Hill - JD Wetherspoon,STELLA ARTOIS,£3.84,3.84,"https://www.pint-prices.com/pub/373-375%20Station%20Rd,%20Harrow%20HA1%202AW,%20UK/The%20Moon%20on%20the%20Hill%20-%20JD%20Wetherspoon",https://www.pint-prices.com/borough-results/Harrow,£3.31,2026-07-03T23:10:47+00:00
Harrow,8,The Moon on the Hill - JD Wetherspoon,CORONA,£3.95,3.95,"https://www.pint-prices.com/pub/373-375%20Station%20Rd,%20Harrow%20HA1%202AW,%20UK/The%20Moon%20on%20the%20Hill%20-%20JD%20Wetherspoon",https://www.pint-prices.com/borough-results/Harrow,£3.31,2026-07-03T23:10:47+00:00
Harrow,9,The Moon on the Hill - JD Wetherspoon,SAN MIGUEL,£3.95,3.95,"https://www.pint-prices.com/pub/373-375%20Station%20Rd,%20Harrow%20HA1%202AW,%20UK/The%20Moon%20on%20the%20Hill%20-%20JD%20Wetherspoon",https://www.pint-prices.com/borough-results/Harrow,£3.31,2026-07-03T23:10:47+00:00
Harrow,10,The Moon on the Hill - JD Wetherspoon,LEFFE BLONDE,£4.28,4.28,"https://www.pint-prices.com/pub/373-375%20Station%20Rd,%20Harrow%20HA1%202AW,%20UK/The%20Moon%20on%20the%20Hill%20-%20JD%20Wetherspoon",https://www.pint-prices.com/borough-results/Harrow,£3.31,2026-07-03T23:10:47+00:00
Hounslow,1,The Moon Under Water - JD Wetherspoon,BUD LIGHT,£2.43,2.43,"https://www.pint-prices.com/pub/84-86%20Staines%20Rd,%20Hounslow%20TW3%203LF,%20UK/The%20Moon%20Under%20Water%20-%20JD%20Wetherspoon",https://www.pint-prices.com/borough-results/Hounslow,£3.52,2026-07-03T23:10:47+00:00
Hounslow,2,The Moon Under Water - JD Wetherspoon,CARLSBERG PILSNER,£2.66,2.66,"https://www.pint-prices.com/pub/84-86%20Staines%20Rd,%20Hounslow%20TW3%203LF,%20UK/The%20Moon%20Under%20Water%20-%20JD%20Wetherspoon",https://www.pint-prices.com/borough-results/Hounslow,£3.52,2026-07-03T23:10:47+00:00
Hounslow,3,The Moon Under Water - JD Wetherspoon,GUINNESS,£3.32,3.32,"https://www.pint-prices.com/pub/84-86%20Staines%20Rd,%20Hounslow%20TW3%203LF,%20UK/The%20Moon%20Under%20Water%20-%20JD%20Wetherspoon",https://www.pint-prices.com/borough-results/Hounslow,£3.52,2026-07-03T23:10:47+00:00
Hounslow,4,The Moon Under Water - JD Wetherspoon,CARLING,£3.54,3.54,"https://www.pint-prices.com/pub/84-86%20Staines%20Rd,%20Hounslow%20TW3%203LF,%20UK/The%20Moon%20Under%20Water%20-%20JD%20Wetherspoon",https://www.pint-prices.com/borough-results/Hounslow,£3.52,2026-07-03T23:10:47+00:00
Hounslow,5,The Moon Under Water - JD Wetherspoon,COORS,£3.54,3.54,"https://www.pint-prices.com/pub/84-86%20Staines%20Rd,%20Hounslow%20TW3%203LF,%20UK/The%20Moon%20Under%20Water%20-%20JD%20Wetherspoon",https://www.pint-prices.com/borough-results/Hounslow,£3.52,2026-07-03T23:10:47+00:00
Hounslow,6,The Moon Under Water - JD Wetherspoon,BUDWEISER,£3.73,3.73,"https://www.pint-prices.com/pub/84-86%20Staines%20Rd,%20Hounslow%20TW3%203LF,%20UK/The%20Moon%20Under%20Water%20-%20JD%20Wetherspoon",https://www.pint-prices.com/borough-results/Hounslow,£3.52,2026-07-03T23:10:47+00:00
Hounslow,7,The Moon Under Water - JD Wetherspoon,STELLA ARTOIS,£3.84,3.84,"https://www.pint-prices.com/pub/84-86%20Staines%20Rd,%20Hounslow%20TW3%203LF,%20UK/The%20Moon%20Under%20Water%20-%20JD%20Wetherspoon",https://www.pint-prices.com/borough-results/Hounslow,£3.52,2026-07-03T23:10:47+00:00
Hounslow,8,The Moon Under Water - JD Wetherspoon,CORONA,£3.95,3.95,"https://www.pint-prices.com/pub/84-86%20Staines%20Rd,%20Hounslow%20TW3%203LF,%20UK/The%20Moon%20Under%20Water%20-%20JD%20Wetherspoon",https://www.pint-prices.com/borough-results/Hounslow,£3.52,2026-07-03T23:10:47+00:00
Hounslow,9,The Moon Under Water - JD Wetherspoon,SAN MIGUEL,£3.95,3.95,"https://www.pint-prices.com/pub/84-86%20Staines%20Rd,%20Hounslow%20TW3%203LF,%20UK/The%20Moon%20Under%20Water%20-%20JD%20Wetherspoon",https://www.pint-prices.com/borough-results/Hounslow,£3.52,2026-07-03T23:10:47+00:00
Hounslow,10,The Moon Under Water - JD Wetherspoon,LEFFE BLONDE,£4.28,4.28,"https://www.pint-prices.com/pub/84-86%20Staines%20Rd,%20Hounslow%20TW3%203LF,%20UK/The%20Moon%20Under%20Water%20-%20JD%20Wetherspoon",https://www.pint-prices.com/borough-results/Hounslow,£3.52,2026-07-03T23:10:47+00:00
Islington,1,The Masque Haunt,BUD LIGHT,£2.49,2.49,"https://www.pint-prices.com/pub/168-172%20Old%20Street,%20,%20Old%20Street,%20England/The%20Masque%20Haunt",https://www.pint-prices.com/borough-results/Islington,£5.86,2026-07-03T23:10:47+00:00
Islington,2,The White Swan - JD Wetherspoon,BUD LIGHT,£2.66,2.66,"https://www.pint-prices.com/pub/255-256%20Upper%20St,%20London%20N1%201RY,%20UK/The%20White%20Swan%20-%20JD%20Wetherspoon",https://www.pint-prices.com/borough-results/Islington,£5.86,2026-07-03T23:10:47+00:00
Islington,3,The Coronet,CARLSBERG,£2.66,2.66,"https://www.pint-prices.com/pub/338-346%20Holloway%20Rd,%20London%20N7%206PA/The%20Coronet",https://www.pint-prices.com/borough-results/Islington,£5.86,2026-07-03T23:10:47+00:00
Islington,4,The White Swan,CARLSBERG,£3.33,3.33,"https://www.pint-prices.com/pub/255-256%20Upper%20St,%20London%20N1%201RY/The%20White%20Swan",https://www.pint-prices.com/borough-results/Islington,£5.86,2026-07-03T23:10:47+00:00
Islington,5,The White Swan - JD Wetherspoon,CARLSBERG PILSNER,£3.45,3.45,"https://www.pint-prices.com/pub/255-256%20Upper%20St,%20London%20N1%201RY,%20UK/The%20White%20Swan%20-%20JD%20Wetherspoon",https://www.pint-prices.com/borough-results/Islington,£5.86,2026-07-03T23:10:47+00:00
Islington,6,The White Swan - JD Wetherspoon,CORONA,£3.84,3.84,"https://www.pint-prices.com/pub/255-256%20Upper%20St,%20London%20N1%201RY,%20UK/The%20White%20Swan%20-%20JD%20Wetherspoon",https://www.pint-prices.com/borough-results/Islington,£5.86,2026-07-03T23:10:47+00:00
Islington,7,The Masque Haunt,STRONGBOW DARK FRUIT,£3.97,3.97,"https://www.pint-prices.com/pub/168-172%20Old%20Street,%20,%20Old%20Street,%20England/The%20Masque%20Haunt",https://www.pint-prices.com/borough-results/Islington,£5.86,2026-07-03T23:10:47+00:00
Islington,8,The Masque Haunt,CARLING,£3.99,3.99,"https://www.pint-prices.com/pub/168-172%20Old%20Street,%20,%20Old%20Street,%20England/The%20Masque%20Haunt",https://www.pint-prices.com/borough-results/Islington,£5.86,2026-07-03T23:10:47+00:00
Islington,9,The Marian Anderson,GUINESS,£4.00,4.0,"https://www.pint-prices.com/pub/28-32%20Bowling%20Green%20Ln,%20London%20EC1R%200BJ/The%20Marian%20Anderson",https://www.pint-prices.com/borough-results/Islington,£5.86,2026-07-03T23:10:47+00:00
Islington,10,The Marian Anderson,PRAVHA,£4.00,4.0,"https://www.pint-prices.com/pub/28-32%20Bowling%20Green%20Ln,%20London%20EC1R%200BJ/The%20Marian%20Anderson",https://www.pint-prices.com/borough-results/Islington,£5.86,2026-07-03T23:10:47+00:00
Islington,11,The White Swan - JD Wetherspoon,CARLING,£4.07,4.07,"https://www.pint-prices.com/pub/255-256%20Upper%20St,%20London%20N1%201RY,%20UK/The%20White%20Swan%20-%20JD%20Wetherspoon",https://www.pint-prices.com/borough-results/Islington,£5.86,2026-07-03T23:10:47+00:00
Islington,12,The White Swan - JD Wetherspoon,COORS,£4.07,4.07,"https://www.pint-prices.com/pub/255-256%20Upper%20St,%20London%20N1%201RY,%20UK/The%20White%20Swan%20-%20JD%20Wetherspoon",https://www.pint-prices.com/borough-results/Islington,£5.86,2026-07-03T23:10:47+00:00
Islington,13,The Masque Haunt,CARLSBERG PILSNER,£4.16,4.16,"https://www.pint-prices.com/pub/168-172%20Old%20Street,%20,%20Old%20Street,%20England/The%20Masque%20Haunt",https://www.pint-prices.com/borough-results/Islington,£5.86,2026-07-03T23:10:47+00:00
Islington,14,The White Swan - JD Wetherspoon,GUINNESS,£4.21,4.21,"https://www.pint-prices.com/pub/255-256%20Upper%20St,%20London%20N1%201RY,%20UK/The%20White%20Swan%20-%20JD%20Wetherspoon",https://www.pint-prices.com/borough-results/Islington,£5.86,2026-07-03T23:10:47+00:00
Islington,15,The White Swan - JD Wetherspoon,BUDWEISER,£4.28,4.28,"https://www.pint-prices.com/pub/255-256%20Upper%20St,%20London%20N1%201RY,%20UK/The%20White%20Swan%20-%20JD%20Wetherspoon",https://www.pint-prices.com/borough-results/Islington,£5.86,2026-07-03T23:10:47+00:00
Islington,16,The Jolly Sisters,FOSTERS,£4.30,4.3,"https://www.pint-prices.com/pub/95%20Bride%20St,%20London%20N7%208AX/The%20Jolly%20Sisters",https://www.pint-prices.com/borough-results/Islington,£5.86,2026-07-03T23:10:47+00:00
Islington,17,The Kings,FOSTERS,£4.40,4.4,"https://www.pint-prices.com/pub/59%20Essex%20Rd,%20London%20N1%202SF/The%20Kings",https://www.pint-prices.com/borough-results/Islington,£5.86,2026-07-03T23:10:47+00:00
Islington,18,The Lincoln Arms,GUINNESS,£4.40,4.4,https://www.pint-prices.com/pub/EN1%201QT/The%20Lincoln%20Arms,https://www.pint-prices.com/borough-results/Islington,£5.86,2026-07-03T23:10:47+00:00
Islington,19,BeBopaLula,STELLA,£4.50,4.5,https://www.pint-prices.com/pub/N169EJ/BeBopaLula,https://www.pint-prices.com/borough-results/Islington,£5.86,2026-07-03T23:10:47+00:00
Islington,20,The White Swan - JD Wetherspoon,STELLA ARTOIS,£4.73,4.73,"https://www.pint-prices.com/pub/255-256%20Upper%20St,%20London%20N1%201RY,%20UK/The%20White%20Swan%20-%20JD%20Wetherspoon",https://www.pint-prices.com/borough-results/Islington,£5.86,2026-07-03T23:10:47+00:00
Islington,21,The Hanbury,AMSTEL,£4.80,4.8,"https://www.pint-prices.com/pub/33%20Linton%20St,%20London%20N1%207DU/The%20Hanbury",https://www.pint-prices.com/borough-results/Islington,£5.86,2026-07-03T23:10:47+00:00
Islington,22,The Boot,FOSTERS,£4.80,4.8,"https://www.pint-prices.com/pub/116%20Cromer%20St,%20London%20WC1H%208BS/The%20Boot",https://www.pint-prices.com/borough-results/Islington,£5.86,2026-07-03T23:10:47+00:00
Islington,23,Wenlock Arms,HOPHEAD,£4.80,4.8,"https://www.pint-prices.com/pub/26%20Wenlock%20Rd,%20London%20N1%207TA/Wenlock%20Arms",https://www.pint-prices.com/borough-results/Islington,£5.86,2026-07-03T23:10:47+00:00
Islington,24,The White Swan - JD Wetherspoon,SAN MIGUEL,£4.84,4.84,"https://www.pint-prices.com/pub/255-256%20Upper%20St,%20London%20N1%201RY,%20UK/The%20White%20Swan%20-%20JD%20Wetherspoon",https://www.pint-prices.com/borough-results/Islington,£5.86,2026-07-03T23:10:47+00:00
Islington,25,Arkstar,ESTRELLA,£4.90,4.9,"https://www.pint-prices.com/pub/Arch%201,%20303%20Holloway%20Rd,%20London%20N7%208HS/Arkstar",https://www.pint-prices.com/borough-results/Islington,£5.86,2026-07-03T23:10:47+00:00
Islington,26,The Lord John Russell,KONRAD,£4.95,4.95,"https://www.pint-prices.com/pub/91-93%20Marchmont%20St,%20London%20WC1N%201AL/The%20Lord%20John%20Russell",https://www.pint-prices.com/borough-results/Islington,£5.86,2026-07-03T23:10:47+00:00
Islington,27,The Lord John Russell,KONRAD,£4.95,4.95,"https://www.pint-prices.com/pub/91-93%20Marchmont%20St,%20London%20WC1N%201AL/The%20Lord%20John%20Russell",https://www.pint-prices.com/borough-results/Islington,£5.86,2026-07-03T23:10:47+00:00
Islington,28,The Hercules,PRAVHA,£5.00,5.0,"https://www.pint-prices.com/pub/504%20Holloway%20Rd,%20London%20N7%206JA/The%20Hercules",https://www.pint-prices.com/borough-results/Islington,£5.86,2026-07-03T23:10:47+00:00
Islington,29,The Railway Tavern,ASAHI,£5.00,5.0,"https://www.pint-prices.com/pub/2%20St%20Jude%20St,%20London%20N16%208JT/The%20Railway%20Tavern",https://www.pint-prices.com/borough-results/Islington,£5.86,2026-07-03T23:10:47+00:00
Islington,30,The Harrison,AMSTEL,£5.00,5.0,"https://www.pint-prices.com/pub/28%20Harrison%20St,%20London%20WC1H%208JF/The%20Harrison",https://www.pint-prices.com/borough-results/Islington,£5.86,2026-07-03T23:10:47+00:00
Islington,31,Howl at The Moon,GUINNESS,£5.00,5.0,"https://www.pint-prices.com/pub/178%20Hoxton%20St,%20London%20N1%205LH/Howl%20at%20The%20Moon",https://www.pint-prices.com/borough-results/Islington,£5.86,2026-07-03T23:10:47+00:00
Islington,32,Howl at The Moon,GUINNESS,£5.00,5.0,"https://www.pint-prices.com/pub/178%20Hoxton%20St,%20London%20N1%205LH/Howl%20at%20The%20Moon",https://www.pint-prices.com/borough-results/Islington,£5.86,2026-07-03T23:10:47+00:00
Islington,33,The Hercules,GUINNESS,£5.00,5.0,"https://www.pint-prices.com/pub/504%20Holloway%20Road,%20N7%206JA/The%20Hercules%20",https://www.pint-prices.com/borough-results/Islington,£5.86,2026-07-03T23:10:47+00:00
Islington,34,The Hercules,GUINNESS,£5.00,5.0,"https://www.pint-prices.com/pub/504%20Holloway%20Road,%20N7%206JA/The%20Hercules%20",https://www.pint-prices.com/borough-results/Islington,£5.86,2026-07-03T23:10:47+00:00
Islington,35,The Lamb,CASK ALE,£5.00,5.0,https://www.pint-prices.com/pub/54%20Holloway%20Road%20N7%208JL/The%20Lamb,https://www.pint-prices.com/borough-results/Islington,£5.86,2026-07-03T23:10:47+00:00
Islington,36,The Masque Haunt,THATCHERS GOLD,£5.04,5.04,"https://www.pint-prices.com/pub/168-172%20Old%20Street,%20,%20Old%20Street,%20England/The%20Masque%20Haunt",https://www.pint-prices.com/borough-results/Islington,£5.86,2026-07-03T23:10:47+00:00
Islington,37,Farr’s Dalston,STIFF LIP IPA,£5.10,5.1,"https://www.pint-prices.com/pub/17,%2019%20Dalston%20Ln,%20London%20E8%203DF/Farr%E2%80%99s%20Dalston",https://www.pint-prices.com/borough-results/Islington,£5.86,2026-07-03T23:10:47+00:00
Islington,38,The Hercules,MADRI,£5.10,5.1,"https://www.pint-prices.com/pub/504%20Holloway%20Rd,%20London%20N7%206JA/The%20Hercules",https://www.pint-prices.com/borough-results/Islington,£5.86,2026-07-03T23:10:47+00:00
Islington,39,The Masque Haunt,BUDWEISER,£5.15,5.15,"https://www.pint-prices.com/pub/168-172%20Old%20Street,%20,%20Old%20Street,%20England/The%20Masque%20Haunt",https://www.pint-prices.com/borough-results/Islington,£5.86,2026-07-03T23:10:47+00:00
Islington,40,The White Swan - JD Wetherspoon,LEFFE BLONDE,£5.18,5.18,"https://www.pint-prices.com/pub/255-256%20Upper%20St,%20London%20N1%201RY,%20UK/The%20White%20Swan%20-%20JD%20Wetherspoon",https://www.pint-prices.com/borough-results/Islington,£5.86,2026-07-03T23:10:47+00:00
Islington,41,McGlynn's Free House,KRONENBOURG,£5.20,5.2,"https://www.pint-prices.com/pub/1-5%20Whidborne%20Street,%20Kings%20Cross,%20London%20WC1H%208ET/McGlynn's%20Free%20House",https://www.pint-prices.com/borough-results/Islington,£5.86,2026-07-03T23:10:47+00:00
Islington,42,The Leconfield,AMSTEL,£5.20,5.2,"https://www.pint-prices.com/pub/79%20Green%20Lanes,%20Newington%20Green,%20London%20N16%209BU/The%20Leconfield",https://www.pint-prices.com/borough-results/Islington,£5.86,2026-07-03T23:10:47+00:00
Islington,43,The Cellar Taps,HEINEKEN,£5.20,5.2,"https://www.pint-prices.com/pub/125%20Newington%20Green%20Rd,%20London%20N1%204RA/The%20Cellar%20Taps",https://www.pint-prices.com/borough-results/Islington,£5.86,2026-07-03T23:10:47+00:00
Islington,44,The White Hart,AMSTEL,£5.25,5.25,"https://www.pint-prices.com/pub/69%20Stoke%20Newington%20High%20St,%20London%20N16%208EL/The%20White%20Hart",https://www.pint-prices.com/borough-results/Islington,£5.86,2026-07-03T23:10:47+00:00
Islington,45,The Hen & Chickens,PRAVHA,£5.25,5.25,"https://www.pint-prices.com/pub/109%20St%20Paul's%20Rd,%20London%20N1%202NA/The%20Hen%20%26%20Chickens",https://www.pint-prices.com/borough-results/Islington,£5.86,2026-07-03T23:10:47+00:00
Islington,46,The Masque Haunt,GUINNESS,£5.35,5.35,"https://www.pint-prices.com/pub/168-172%20Old%20Street,%20,%20Old%20Street,%20England/The%20Masque%20Haunt",https://www.pint-prices.com/borough-results/Islington,£5.86,2026-07-03T23:10:47+00:00
Islington,47,The Hercules,CRUZCAMPO,£5.40,5.4,"https://www.pint-prices.com/pub/504%20Holloway%20Rd,%20London%20N7%206JA/The%20Hercules",https://www.pint-prices.com/borough-results/Islington,£5.86,2026-07-03T23:10:47+00:00
Islington,48,The Lady Mildmay,AMSTEL,£5.40,5.4,"https://www.pint-prices.com/pub/92%20Mildmay%20Park,%20London%20N1%204PR/The%20Lady%20Mildmay",https://www.pint-prices.com/borough-results/Islington,£5.86,2026-07-03T23:10:47+00:00
Islington,49,The Alma,BECKS,£5.40,5.4,"https://www.pint-prices.com/pub/59%20Newington%20Green%20Rd,%20London%20N1%204QU/The%20Alma",https://www.pint-prices.com/borough-results/Islington,£5.86,2026-07-03T23:10:47+00:00
Islington,50,Tollington Arms,SAN MIGUEL,£5.40,5.4,"https://www.pint-prices.com/pub/%20115%20Hornsey%20Rd,%20London%20N7%206DN/Tollington%20Arms",https://www.pint-prices.com/borough-results/Islington,£5.86,2026-07-03T23:10:47+00:00
Islington,51,The Steam Passage Tavern,AMSTEL,£5.45,5.45,"https://www.pint-prices.com/pub/45%20Upper%20St,%20London%20N1%200PN/The%20Steam%20Passage%20Tavern",https://www.pint-prices.com/borough-results/Islington,£5.86,2026-07-03T23:10:47+00:00
Islington,52,The Army & Navy,AMSTEL,£5.50,5.5,"https://www.pint-prices.com/pub/1-3%20Matthias%20Rd,%20London%20N16%208NN/The%20Army%20%26%20Navy",https://www.pint-prices.com/borough-results/Islington,£5.86,2026-07-03T23:10:47+00:00
Islington,53,The Alma Newington Green,BECKS,£5.60,5.6,"https://www.pint-prices.com/pub/59%20Newington%20Green%20Rd,%20London%20N1%204QU,%20UK/The%20Alma%20Newington%20Green",https://www.pint-prices.com/borough-results/Islington,£5.86,2026-07-03T23:10:47+00:00
Islington,54,The Alma Newington Green,BUDWEISER,£5.60,5.6,"https://www.pint-prices.com/pub/59%20Newington%20Green%20Rd,%20London%20N1%204QU,%20UK/The%20Alma%20Newington%20Green",https://www.pint-prices.com/borough-results/Islington,£5.86,2026-07-03T23:10:47+00:00
Islington,55,The Swimmer at the Grafton Arms,DOOMBAR,£5.60,5.6,"https://www.pint-prices.com/pub/13%20Eburne%20Rd,%20London%20N7%206AR/The%20Swimmer%20at%20the%20Grafton%20Arms",https://www.pint-prices.com/borough-results/Islington,£5.86,2026-07-03T23:10:47+00:00
Islington,56,The Calthorpe Arms,MADRI,£5.60,5.6,"https://www.pint-prices.com/pub/252%20Grays%20Inn%20Rd,%20London%20WC1X%208JR/The%20Calthorpe%20Arms",https://www.pint-prices.com/borough-results/Islington,£5.86,2026-07-03T23:10:47+00:00
Islington,57,Burkes Warehouse,AMSTEL,£5.60,5.6,"https://www.pint-prices.com/pub/37%20Kingsland%20High%20St,%20London%20E8%202JS/Burkes%20Warehouse",https://www.pint-prices.com/borough-results/Islington,£5.86,2026-07-03T23:10:47+00:00
Islington,58,The Masque Haunt,CORONA,£5.60,5.6,"https://www.pint-prices.com/pub/168-172%20Old%20Street,%20,%20Old%20Street,%20England/The%20Masque%20Haunt",https://www.pint-prices.com/borough-results/Islington,£5.86,2026-07-03T23:10:47+00:00
Islington,59,The Alma Newington Green,GUINNESS,£5.70,5.7,"https://www.pint-prices.com/pub/59%20Newington%20Green%20Rd,%20London%20N1%204QU,%20UK/The%20Alma%20Newington%20Green",https://www.pint-prices.com/borough-results/Islington,£5.86,2026-07-03T23:10:47+00:00
Islington,60,The Yucatan Bar,AMSTEL,£5.70,5.7,"https://www.pint-prices.com/pub/121%20Stoke%20Newington%20Rd,%20London%20N16%208BT/The%20Yucatan%20Bar",https://www.pint-prices.com/borough-results/Islington,£5.86,2026-07-03T23:10:47+00:00
Islington,61,The Hunter S,GUINNESS,£5.80,5.8,"https://www.pint-prices.com/pub/194%20Southgate%20Rd,%20London%20N1%203HT,%20UK/The%20Hunter%20S",https://www.pint-prices.com/borough-results/Islington,£5.86,2026-07-03T23:10:47+00:00
Islington,62,McGlynn’s Free House,GUINNESS,£5.80,5.8,"https://www.pint-prices.com/pub/1-5%20Whidborne%20St,%20London%20WC1H%208ET/McGlynn%E2%80%99s%20Free%20House",https://www.pint-prices.com/borough-results/Islington,£5.86,2026-07-03T23:10:47+00:00
Islington,63,The Weavers Arms,HEINEKEN,£5.80,5.8,"https://www.pint-prices.com/pub/60%20Newington%20Green%20Rd,%20London%20N1%204QU/The%20Weavers%20Arms",https://www.pint-prices.com/borough-results/Islington,£5.86,2026-07-03T23:10:47+00:00
Islington,64,The Victoria Tavern,ESTRELLA,£5.80,5.8,"https://www.pint-prices.com/pub/203%20Holloway%20Rd,%20London%20N7%208DL/The%20Victoria%20Tavern",https://www.pint-prices.com/borough-results/Islington,£5.86,2026-07-03T23:10:47+00:00
Islington,65,The Horatia,ROMOLA BIRRA DI ROMA,£5.80,5.8,"https://www.pint-prices.com/pub/98-102%20Holloway%20Rd,%20London%20N7%208JE/The%20Horatia",https://www.pint-prices.com/borough-results/Islington,£5.86,2026-07-03T23:10:47+00:00
Islington,66,Hicce Hart,SUNSHINE LAGER,£5.80,5.8,"https://www.pint-prices.com/pub/58%20Penton%20St,%20London%20N1%209PZ/Hicce%20Hart",https://www.pint-prices.com/borough-results/Islington,£5.86,2026-07-03T23:10:47+00:00
Islington,67,The Cellar Taps,AMSTEL,£5.85,5.85,"https://www.pint-prices.com/pub/%20125%20Newington%20Green%20Road%20,%20%20Islington,%20London,%20United%20Kingdom/The%20Cellar%20Taps",https://www.pint-prices.com/borough-results/Islington,£5.86,2026-07-03T23:10:47+00:00
Islington,68,The Regent,LANTERNA LAGER,£5.90,5.9,"https://www.pint-prices.com/pub/201-203%20Liverpool%20Rd,%20London%20N1%201LX,%20UK/The%20Regent",https://www.pint-prices.com/borough-results/Islington,£5.86,2026-07-03T23:10:47+00:00
Islington,69,The Alma Newington Green,STELLA ARTOIS,£5.90,5.9,"https://www.pint-prices.com/pub/59%20Newington%20Green%20Rd,%20London%20N1%204QU,%20UK/The%20Alma%20Newington%20Green",https://www.pint-prices.com/borough-results/Islington,£5.86,2026-07-03T23:10:47+00:00
Islington,70,The Scolt Head,PERONI,£5.90,5.9,"https://www.pint-prices.com/pub/107A%20Culford%20Rd,%20London%20N1%204HT/The%20Scolt%20Head",https://www.pint-prices.com/borough-results/Islington,£5.86,2026-07-03T23:10:47+00:00
Islington,71,Hope & Anchor,AMSTEL,£5.90,5.9,"https://www.pint-prices.com/pub/207%20Upper%20Street,%20N1%201RL/Hope%20%26%20Anchor",https://www.pint-prices.com/borough-results/Islington,£5.86,2026-07-03T23:10:47+00:00
Islington,72,The Queens Head,BOHEM MAMKA PILSNER,£5.90,5.9,"https://www.pint-prices.com/pub/66%20Acton%20St,%20London%20WC1X%208DU/The%20Queens%20Head",https://www.pint-prices.com/borough-results/Islington,£5.86,2026-07-03T23:10:47+00:00
Islington,73,The Reliance,SINGHA LAGER,£5.90,5.9,"https://www.pint-prices.com/pub/336%20Old%20St,%20London%20EC1V%209DR/The%20Reliance",https://www.pint-prices.com/borough-results/Islington,£5.86,2026-07-03T23:10:47+00:00
Islington,74,Brewhouse & Kitchen Highbury,LEGEND CRAFT LAGER,£5.90,5.9,"https://www.pint-prices.com/pub/2A%20Corsica%20St,%20London%20N5%201JJ/Brewhouse%20%26%20Kitchen%20Highbury",https://www.pint-prices.com/borough-results/Islington,£5.86,2026-07-03T23:10:47+00:00
Islington,75,The Rosemary Branch,PILLARS PILSNER,£5.90,5.9,"https://www.pint-prices.com/pub/2%20Shepperton%20Rd,%20London%20N1%203DT/The%20Rosemary%20Branch",https://www.pint-prices.com/borough-results/Islington,£5.86,2026-07-03T23:10:47+00:00
Islington,76,The Fox On The Green,AMSTEL,£5.90,5.9,"https://www.pint-prices.com/pub/1%20Islington%20Grn,%20London%20N1%202XA/The%20Fox%20On%20The%20Green",https://www.pint-prices.com/borough-results/Islington,£5.86,2026-07-03T23:10:47+00:00
Islington,77,The Snooty Fox,AMSTEL,£5.95,5.95,"https://www.pint-prices.com/pub/75%20Grosvenor%20Ave,%20London%20N5%202NN,%20UK/The%20Snooty%20Fox",https://www.pint-prices.com/borough-results/Islington,£5.86,2026-07-03T23:10:47+00:00
Islington,78,The Snooty Fox,GUINNESS,£5.95,5.95,"https://www.pint-prices.com/pub/75%20Grosvenor%20Ave,%20London%20N5%202NN,%20UK/The%20Snooty%20Fox",https://www.pint-prices.com/borough-results/Islington,£5.86,2026-07-03T23:10:47+00:00
Islington,79,Tootoomoo Islington,MEANTIME GREENWICH LAGER,£5.95,5.95,"https://www.pint-prices.com/pub/278%20St%20Paul's%20Rd,%20London%20N1%202LH,%20UK/Tootoomoo%20Islington",https://www.pint-prices.com/borough-results/Islington,£5.86,2026-07-03T23:10:47+00:00
Islington,80,The House of Hammerton,DANKE PILSNER,£5.95,5.95,"https://www.pint-prices.com/pub/99%20Holloway%20Rd,%20London%20N7%208LT/The%20House%20of%20Hammerton",https://www.pint-prices.com/borough-results/Islington,£5.86,2026-07-03T23:10:47+00:00
Islington,81,"Myddleton Arms, Islington",GUINNESS,£5.95,5.95,"https://www.pint-prices.com/pub/52%20Canonbury%20Rd,%20London%20N1%202HS/Myddleton%20Arms,%20Islington",https://www.pint-prices.com/borough-results/Islington,£5.86,2026-07-03T23:10:47+00:00
Islington,82,"Myddleton Arms, Islington",GUINNESS,£5.95,5.95,"https://www.pint-prices.com/pub/52%20Canonbury%20Rd,%20London%20N1%202HS/Myddleton%20Arms,%20Islington",https://www.pint-prices.com/borough-results/Islington,£5.86,2026-07-03T23:10:47+00:00
Islington,83,The Cellar Taps,THATCHERS GOLD,£5.95,5.95,"https://www.pint-prices.com/pub/%20125%20Newington%20Green%20Road%20,%20%20Islington,%20London,%20United%20Kingdom/The%20Cellar%20Taps",https://www.pint-prices.com/borough-results/Islington,£5.86,2026-07-03T23:10:47+00:00
Islington,84,The Earl of Essex,MARBLE BEERS,£6.00,6.0,"https://www.pint-prices.com/pub/25%20Danbury%20St,%20London%20N1%208LE,%20UK/The%20Earl%20of%20Essex",https://www.pint-prices.com/borough-results/Islington,£5.86,2026-07-03T23:10:47+00:00
Islington,85,De Beauvoir Arms,GUINNESS,£6.00,6.0,"https://www.pint-prices.com/pub/113%20Southgate%20Rd,%20London%20N1%203JS/De%20Beauvoir%20Arms",https://www.pint-prices.com/borough-results/Islington,£5.86,2026-07-03T23:10:47+00:00
Islington,86,Camden Head,AMSTEL,£6.00,6.0,"https://www.pint-prices.com/pub/2%20Camden%20Walk,%20N1%208DY/Camden%20Head",https://www.pint-prices.com/borough-results/Islington,£5.86,2026-07-03T23:10:47+00:00
Islington,87,The Narrowboat,PRAVHA,£6.00,6.0,"https://www.pint-prices.com/pub/119%20St%20Peter's%20St,%20London%20N1%208PZ/The%20Narrowboat",https://www.pint-prices.com/borough-results/Islington,£5.86,2026-07-03T23:10:47+00:00
Islington,88,The Snooty Fox,PILSNER URQUELL,£6.00,6.0,"https://www.pint-prices.com/pub/75%20Grosvenor%20Ave,%20London%20N5%202NN/The%20Snooty%20Fox",https://www.pint-prices.com/borough-results/Islington,£5.86,2026-07-03T23:10:47+00:00
Islington,89,The Angelic,AMSTEL,£6.00,6.0,"https://www.pint-prices.com/pub/57%20Liverpool%20Rd,%20London%20N1%200RJ/The%20Angelic",https://www.pint-prices.com/borough-results/Islington,£5.86,2026-07-03T23:10:47+00:00
Islington,90,Lucas Arms,AMSTEL,£6.05,6.05,"https://www.pint-prices.com/pub/245A%20Grays%20Inn%20Road,%20WC1X%208QY/Lucas%20Arms",https://www.pint-prices.com/borough-results/Islington,£5.86,2026-07-03T23:10:47+00:00
Islington,91,Lucas Arms,GUINNESS,£6.05,6.05,"https://www.pint-prices.com/pub/245A%20Grays%20Inn%20Road,%20WC1X%208QY/Lucas%20Arms",https://www.pint-prices.com/borough-results/Islington,£5.86,2026-07-03T23:10:47+00:00
Islington,92,Whitecross Tap,AMSTEL,£6.05,6.05,"https://www.pint-prices.com/pub/142-146%20Whitecross%20St,%20London%20EC1Y%208QJ/Whitecross%20Tap",https://www.pint-prices.com/borough-results/Islington,£5.86,2026-07-03T23:10:47+00:00
Islington,93,Whitecross Tap,AMSTEL,£6.05,6.05,"https://www.pint-prices.com/pub/142-146%20Whitecross%20St,%20London%20EC1Y%208QJ/Whitecross%20Tap",https://www.pint-prices.com/borough-results/Islington,£5.86,2026-07-03T23:10:47+00:00
Islington,94,Hope & Anchor,GUINNESS,£6.10,6.1,"https://www.pint-prices.com/pub/207%20Upper%20Street,%20N1%201RL/Hope%20%26%20Anchor",https://www.pint-prices.com/borough-results/Islington,£5.86,2026-07-03T23:10:47+00:00
Islington,95,The Cellar Taps,MAGNERS ORIGINAL,£6.15,6.15,"https://www.pint-prices.com/pub/%20125%20Newington%20Green%20Road%20,%20%20Islington,%20London,%20United%20Kingdom/The%20Cellar%20Taps",https://www.pint-prices.com/borough-results/Islington,£5.86,2026-07-03T23:10:47+00:00
Islington,96,The Alma Newington Green,MAHOU,£6.20,6.2,"https://www.pint-prices.com/pub/59%20Newington%20Green%20Rd,%20London%20N1%204QU,%20UK/The%20Alma%20Newington%20Green",https://www.pint-prices.com/borough-results/Islington,£5.86,2026-07-03T23:10:47+00:00
Islington,97,The George & Monkey,PAULANER,£6.20,6.2,"https://www.pint-prices.com/pub/68%20Amwell%20St,%20London%20EC1R%201UU/The%20George%20%26%20Monkey",https://www.pint-prices.com/borough-results/Islington,£5.86,2026-07-03T23:10:47+00:00
Islington,98,The Bricklayers Arms,ESTRELLA,£6.20,6.2,"https://www.pint-prices.com/pub/63%20Charlotte%20Rd,%20London%20EC2A%203PE/The%20Bricklayers%20Arms",https://www.pint-prices.com/borough-results/Islington,£5.86,2026-07-03T23:10:47+00:00
Islington,99,The Northwood Sports Pub,AMSTEL,£6.20,6.2,"https://www.pint-prices.com/pub/30%20Parkfield%20St,%20London%20N1%200PZ/The%20Northwood%20Sports%20Pub",https://www.pint-prices.com/borough-results/Islington,£5.86,2026-07-03T23:10:47+00:00
Islington,100,The Marquis Cornwallis,PRAVHA,£6.20,6.2,"https://www.pint-prices.com/pub/31%20Marchmont%20St,%20Greater,%20London%20WC1N%201AP/The%20Marquis%20Cornwallis",https://www.pint-prices.com/borough-results/Islington,£5.86,2026-07-03T23:10:47+00:00
Islington,101,The Lexington,CRUZCAMPO,£6.20,6.2,"https://www.pint-prices.com/pub/96-98%20Pentonville%20Rd,%20London%20N1%209JB/The%20Lexington",https://www.pint-prices.com/borough-results/Islington,£5.86,2026-07-03T23:10:47+00:00
Islington,102,Nancy Spain's,MURPHY'S,£6.20,6.2,"https://www.pint-prices.com/pub/128-130%20Curtain%20Rd,%20London%20EC2A%203AQ/Nancy%20Spain's",https://www.pint-prices.com/borough-results/Islington,£5.86,2026-07-03T23:10:47+00:00
Islington,103,The Eagle,PRAVHA,£6.25,6.25,"https://www.pint-prices.com/pub/2%20Shepherdess%20Walk,%20Greater,%20London%20N1%207LB,%20UK/The%20Eagle",https://www.pint-prices.com/borough-results/Islington,£5.86,2026-07-03T23:10:47+00:00
Islington,104,Fox on the green,AMSTEL,£6.25,6.25,"https://www.pint-prices.com/pub/1%20Islington%20Grn,%20London%20N1%202XH,%20Reino%20Unido/Fox%20on%20the%20green",https://www.pint-prices.com/borough-results/Islington,£5.86,2026-07-03T23:10:47+00:00
Islington,105,Camden Head,GUINNESS,£6.30,6.3,"https://www.pint-prices.com/pub/2%20Camden%20Walk,%20N1%208DY/Camden%20Head",https://www.pint-prices.com/borough-results/Islington,£5.86,2026-07-03T23:10:47+00:00
Islington,106,The Duke of Cambridge,CRATE LAGER,£6.30,6.3,"https://www.pint-prices.com/pub/30%20St%20Peter's%20St,%20London%20N1%208JT/The%20Duke%20of%20Cambridge",https://www.pint-prices.com/borough-results/Islington,£5.86,2026-07-03T23:10:47+00:00
Islington,107,The Cellar Taps,GUINNESS,£6.30,6.3,"https://www.pint-prices.com/pub/%20125%20Newington%20Green%20Road%20,%20%20Islington,%20London,%20United%20Kingdom/The%20Cellar%20Taps",https://www.pint-prices.com/borough-results/Islington,£5.86,2026-07-03T23:10:47+00:00
Islington,108,Sports Bar & Grill Old Street,AMSTEL,£6.35,6.35,"https://www.pint-prices.com/pub/174-180%20Old%20Street%20,%20,%20London,%20United%20Kingdom/Sports%20Bar%20%26%20Grill%20Old%20Street",https://www.pint-prices.com/borough-results/Islington,£5.86,2026-07-03T23:10:47+00:00
Islington,109,The Regent,GUINNESS,£6.40,6.4,"https://www.pint-prices.com/pub/201-203%20Liverpool%20Rd,%20London%20N1%201LX,%20UK/The%20Regent",https://www.pint-prices.com/borough-results/Islington,£5.86,2026-07-03T23:10:47+00:00
Islington,110,The Blue Lion,BLUE MOON,£6.40,6.4,"https://www.pint-prices.com/pub/133%20Grays%20Inn%20Rd,%20London%20WC1X%208TU/The%20Blue%20Lion",https://www.pint-prices.com/borough-results/Islington,£5.86,2026-07-03T23:10:47+00:00
Islington,111,The Plaquemine Lock,ESTRELLA,£6.40,6.4,"https://www.pint-prices.com/pub/139%20Graham%20St,%20London%20N1%208LB/The%20Plaquemine%20Lock",https://www.pint-prices.com/borough-results/Islington,£5.86,2026-07-03T23:10:47+00:00
Islington,112,The Junction,CRUZCAMPO,£6.40,6.4,"https://www.pint-prices.com/pub/Noble%20House,%203-5%20Islington%20High%20St,%20London%20N1%209LQ/The%20Junction",https://www.pint-prices.com/borough-results/Islington,£5.86,2026-07-03T23:10:47+00:00
Islington,113,Mem & Laz Brasserie,URQUELL,£6.45,6.45,"https://www.pint-prices.com/pub/8%20Theberton%20St,%20London%20N1%200QX,%20UK/Mem%20%26%20Laz%20Brasserie",https://www.pint-prices.com/borough-results/Islington,£5.86,2026-07-03T23:10:47+00:00
Islington,114,Hope & Anchor,CAMDEN HELLS,£6.45,6.45,"https://www.pint-prices.com/pub/207%20Upper%20St,%20London%20N1%201RL/Hope%20%26%20Anchor",https://www.pint-prices.com/borough-results/Islington,£5.86,2026-07-03T23:10:47+00:00
Islington,115,German Gymnasium,OECHSNER,£6.50,6.5,"https://www.pint-prices.com/pub/King%E2%80%99s%20Blvd,%20Kings%20Cross,%20London%20N1C%204BU/German%20Gymnasium",https://www.pint-prices.com/borough-results/Islington,£5.86,2026-07-03T23:10:47+00:00
Islington,116,The Snooty Fox,BIRRA MORETTI,£6.50,6.5,"https://www.pint-prices.com/pub/75%20Grosvenor%20Ave,%20London%20N5%202NN,%20UK/The%20Snooty%20Fox",https://www.pint-prices.com/borough-results/Islington,£5.86,2026-07-03T23:10:47+00:00
Islington,117,The Regent,CAMDEN HELLS,£6.50,6.5,"https://www.pint-prices.com/pub/201-203%20Liverpool%20Rd,%20London%20N1%201LX,%20UK/The%20Regent",https://www.pint-prices.com/borough-results/Islington,£5.86,2026-07-03T23:10:47+00:00
Islington,118,Tootoomoo Islington,ASAHI,£6.50,6.5,"https://www.pint-prices.com/pub/278%20St%20Paul's%20Rd,%20London%20N1%202LH,%20UK/Tootoomoo%20Islington",https://www.pint-prices.com/borough-results/Islington,£5.86,2026-07-03T23:10:47+00:00
Islington,119,Tootoomoo Islington,MEANTIME IPA,£6.50,6.5,"https://www.pint-prices.com/pub/278%20St%20Paul's%20Rd,%20London%20N1%202LH,%20UK/Tootoomoo%20Islington",https://www.pint-prices.com/borough-results/Islington,£5.86,2026-07-03T23:10:47+00:00
Islington,120,The Scottish Stores,CAMDEN PALE ALE,£6.50,6.5,"https://www.pint-prices.com/pub/6%20Caledonian%20Rd,%20London%20N1%209DT/The%20Scottish%20Stores",https://www.pint-prices.com/borough-results/Islington,£5.86,2026-07-03T23:10:47+00:00
Islington,121,The Northumberland Arms,CRUZAMPO,£6.50,6.5,"https://www.pint-prices.com/pub/141%20King%E2%80%99s%20Cross%20Rd,%20London%20WC1X%209BJ/The%20Northumberland%20Arms",https://www.pint-prices.com/borough-results/Islington,£5.86,2026-07-03T23:10:47+00:00
Islington,122,The Baring,HARBOUR SINGLEFIN,£6.50,6.5,"https://www.pint-prices.com/pub/55%20Baring%20St,%20London%20N1%203DS/The%20Baring",https://www.pint-prices.com/borough-results/Islington,£5.86,2026-07-03T23:10:47+00:00
Islington,123,The Alwyne Castle,PRAVHA,£6.50,6.5,"https://www.pint-prices.com/pub/83%20St%20Paul's%20Rd,%20Greater,%20London%20N1%202LY/The%20Alwyne%20Castle",https://www.pint-prices.com/borough-results/Islington,£5.86,2026-07-03T23:10:47+00:00
Islington,124,The Alwyne Castle,PRAVHA,£6.50,6.5,"https://www.pint-prices.com/pub/83%20St%20Paul's%20Rd,%20Greater,%20London%20N1%202LY/The%20Alwyne%20Castle",https://www.pint-prices.com/borough-results/Islington,£5.86,2026-07-03T23:10:47+00:00
Islington,125,Lucas Arms,NECK OIL,£6.55,6.55,"https://www.pint-prices.com/pub/245A%20Grays%20Inn%20Road,%20WC1X%208QY/Lucas%20Arms",https://www.pint-prices.com/borough-results/Islington,£5.86,2026-07-03T23:10:47+00:00
Islington,126,The Cellar Taps,MADRI,£6.55,6.55,"https://www.pint-prices.com/pub/%20125%20Newington%20Green%20Road%20,%20%20Islington,%20London,%20United%20Kingdom/The%20Cellar%20Taps",https://www.pint-prices.com/borough-results/Islington,£5.86,2026-07-03T23:10:47+00:00
Islington,127,Frederick's,DOOMBAR,£6.60,6.6,"https://www.pint-prices.com/pub/106%20Islington%20High%20St,%20London%20N1%208EG,%20UK/Frederick's",https://www.pint-prices.com/borough-results/Islington,£5.86,2026-07-03T23:10:47+00:00
Islington,128,Lucas Arms,BIRRA MORETTI,£6.60,6.6,"https://www.pint-prices.com/pub/245A%20Grays%20Inn%20Road,%20WC1X%208QY/Lucas%20Arms",https://www.pint-prices.com/borough-results/Islington,£5.86,2026-07-03T23:10:47+00:00
Islington,129,The Library,CAMDEN HELLS,£6.60,6.6,"https://www.pint-prices.com/pub/235%20Upper%20St,%20London%20N1%201RU/The%20Library",https://www.pint-prices.com/borough-results/Islington,£5.86,2026-07-03T23:10:47+00:00
Islington,130,The Alwyne Castle,ASPALL,£6.60,6.6,"https://www.pint-prices.com/pub/83%20St%20Paul's%20Rd,%20Greater,%20London%20N1%202LY/The%20Alwyne%20Castle",https://www.pint-prices.com/borough-results/Islington,£5.86,2026-07-03T23:10:47+00:00
Islington,131,The Alwyne Castle,ASPALL,£6.60,6.6,"https://www.pint-prices.com/pub/83%20St%20Paul's%20Rd,%20Greater,%20London%20N1%202LY/The%20Alwyne%20Castle",https://www.pint-prices.com/borough-results/Islington,£5.86,2026-07-03T23:10:47+00:00
Islington,132,The George and Vulture,GUINNESS,£6.60,6.6,"https://www.pint-prices.com/pub/63%20Pitfield%20St,%20London%20N1%206BU/The%20George%20and%20Vulture",https://www.pint-prices.com/borough-results/Islington,£5.86,2026-07-03T23:10:47+00:00
Islington,133,Sports Bar & Grill Old Street,HEINEKEN,£6.60,6.6,"https://www.pint-prices.com/pub/174-180%20Old%20Street%20,%20,%20London,%20United%20Kingdom/Sports%20Bar%20%26%20Grill%20Old%20Street",https://www.pint-prices.com/borough-results/Islington,£5.86,2026-07-03T23:10:47+00:00
Islington,134,Lucas Arms,ESTRELLA,£6.75,6.75,"https://www.pint-prices.com/pub/245A%20Grays%20Inn%20Road,%20WC1X%208QY/Lucas%20Arms",https://www.pint-prices.com/borough-results/Islington,£5.86,2026-07-03T23:10:47+00:00
Islington,135,The Castle,ESTRELLA,£6.75,6.75,"https://www.pint-prices.com/pub/54%20Pentonville%20Rd,%20London%20N1%209HF/The%20Castle",https://www.pint-prices.com/borough-results/Islington,£5.86,2026-07-03T23:10:47+00:00
Islington,136,The Famous Cock,PILSNER URQUELL,£6.75,6.75,"https://www.pint-prices.com/pub/259%20Upper%20St,%20London%20N1%201RU/The%20Famous%20Cock",https://www.pint-prices.com/borough-results/Islington,£5.86,2026-07-03T23:10:47+00:00
Islington,137,The George and Vulture,CRUZCAMPO,£6.75,6.75,"https://www.pint-prices.com/pub/63%20Pitfield%20St,%20London%20N1%206BU/The%20George%20and%20Vulture",https://www.pint-prices.com/borough-results/Islington,£5.86,2026-07-03T23:10:47+00:00
Islington,138,Sports Bar & Grill Old Street,GUINNESS,£6.75,6.75,"https://www.pint-prices.com/pub/174-180%20Old%20Street%20,%20,%20London,%20United%20Kingdom/Sports%20Bar%20%26%20Grill%20Old%20Street",https://www.pint-prices.com/borough-results/Islington,£5.86,2026-07-03T23:10:47+00:00
Islington,139,The Snooty Fox,NECK OIL,£6.80,6.8,"https://www.pint-prices.com/pub/75%20Grosvenor%20Ave,%20London%20N5%202NN,%20UK/The%20Snooty%20Fox",https://www.pint-prices.com/borough-results/Islington,£5.86,2026-07-03T23:10:47+00:00
Islington,140,The Water Rats,ESTRELLA,£6.80,6.8,"https://www.pint-prices.com/pub/328%20Grays%20Inn%20Rd,%20London%20WC1X%208BZ/The%20Water%20Rats",https://www.pint-prices.com/borough-results/Islington,£5.86,2026-07-03T23:10:47+00:00
Islington,141,The Rocket,HEINEKEN,£6.80,6.8,"https://www.pint-prices.com/pub/120%20Euston%20Rd.,%20London%20NW1%202AL/The%20Rocket",https://www.pint-prices.com/borough-results/Islington,£5.86,2026-07-03T23:10:47+00:00
Islington,142,Whitecross Tap,GUINNESS,£6.80,6.8,"https://www.pint-prices.com/pub/142-146%20Whitecross%20St,%20London%20EC1Y%208QJ/Whitecross%20Tap",https://www.pint-prices.com/borough-results/Islington,£5.86,2026-07-03T23:10:47+00:00
Islington,143,Whitecross Tap,GUINNESS,£6.80,6.8,"https://www.pint-prices.com/pub/142-146%20Whitecross%20St,%20London%20EC1Y%208QJ/Whitecross%20Tap",https://www.pint-prices.com/borough-results/Islington,£5.86,2026-07-03T23:10:47+00:00
Islington,144,Camden Head,ESTRELLA,£6.90,6.9,"https://www.pint-prices.com/pub/2%20Camden%20Walk,%20N1%208DY/Camden%20Head",https://www.pint-prices.com/borough-results/Islington,£5.86,2026-07-03T23:10:47+00:00
Islington,145,Lucas Arms,PERONI,£6.90,6.9,"https://www.pint-prices.com/pub/245A%20Grays%20Inn%20Road,%20WC1X%208QY/Lucas%20Arms",https://www.pint-prices.com/borough-results/Islington,£5.86,2026-07-03T23:10:47+00:00
Islington,146,The Shakespeare,GUINNESS,£6.90,6.9,"https://www.pint-prices.com/pub/57%20Allen%20Rd,%20London%20N16%208RY/The%20Shakespeare",https://www.pint-prices.com/borough-results/Islington,£5.86,2026-07-03T23:10:47+00:00
Islington,147,The Shakespeare,ASPALLS,£6.90,6.9,"https://www.pint-prices.com/pub/57%20Allen%20Rd,%20London%20N16%208RY/The%20Shakespeare",https://www.pint-prices.com/borough-results/Islington,£5.86,2026-07-03T23:10:47+00:00
Islington,148,Mem & Laz Brasserie,PERONI,£6.95,6.95,"https://www.pint-prices.com/pub/8%20Theberton%20St,%20London%20N1%200QX,%20UK/Mem%20%26%20Laz%20Brasserie",https://www.pint-prices.com/borough-results/Islington,£5.86,2026-07-03T23:10:47+00:00
Islington,149,The Island Queen,CAMDEN HELLS,£7.00,7.0,"https://www.pint-prices.com/pub/87%20Noel%20Rd,%20London%20N1%208HD/The%20Island%20Queen",https://www.pint-prices.com/borough-results/Islington,£5.86,2026-07-03T23:10:47+00:00
Islington,150,Mabel's Tavern,SINGHA,£7.00,7.0,"https://www.pint-prices.com/pub/9%20Mabledon%20Pl,%20London%20WC1H%209AZ/Mabel's%20Tavern",https://www.pint-prices.com/borough-results/Islington,£5.86,2026-07-03T23:10:47+00:00
Islington,151,The Cellar Taps,BREWDOG PLANET PALE,£7.05,7.05,"https://www.pint-prices.com/pub/%20125%20Newington%20Green%20Road%20,%20%20Islington,%20London,%20United%20Kingdom/The%20Cellar%20Taps",https://www.pint-prices.com/borough-results/Islington,£5.86,2026-07-03T23:10:47+00:00
Islington,152,Hope & Anchor,PERONI,£7.10,7.1,"https://www.pint-prices.com/pub/207%20Upper%20Street,%20N1%201RL/Hope%20%26%20Anchor",https://www.pint-prices.com/borough-results/Islington,£5.86,2026-07-03T23:10:47+00:00
Islington,153,Sports Bar & Grill Old Street,BREWDOG PLANET PALE,£7.20,7.2,"https://www.pint-prices.com/pub/174-180%20Old%20Street%20,%20,%20London,%20United%20Kingdom/Sports%20Bar%20%26%20Grill%20Old%20Street",https://www.pint-prices.com/borough-results/Islington,£5.86,2026-07-03T23:10:47+00:00
Islington,154,Sports Bar & Grill Old Street,ASAHI SUPER DRY DRAUGHT,£7.25,7.25,"https://www.pint-prices.com/pub/174-180%20Old%20Street%20,%20,%20London,%20United%20Kingdom/Sports%20Bar%20%26%20Grill%20Old%20Street",https://www.pint-prices.com/borough-results/Islington,£5.86,2026-07-03T23:10:47+00:00
Islington,155,The Regent,MAHOU,£7.30,7.3,"https://www.pint-prices.com/pub/201-203%20Liverpool%20Rd,%20London%20N1%201LX,%20UK/The%20Regent",https://www.pint-prices.com/borough-results/Islington,£5.86,2026-07-03T23:10:47+00:00
Islington,156,Camden Head,PERONI,£7.35,7.35,"https://www.pint-prices.com/pub/2%20Camden%20Walk,%20N1%208DY/Camden%20Head",https://www.pint-prices.com/borough-results/Islington,£5.86,2026-07-03T23:10:47+00:00
Islington,157,Camden Head,NECK OIL,£7.40,7.4,"https://www.pint-prices.com/pub/2%20Camden%20Walk,%20N1%208DY/Camden%20Head",https://www.pint-prices.com/borough-results/Islington,£5.86,2026-07-03T23:10:47+00:00
Islington,158,Fox on the green,CAMDEN HELLS,£7.45,7.45,"https://www.pint-prices.com/pub/1%20Islington%20Grn,%20London%20N1%202XH/Fox%20on%20the%20green",https://www.pint-prices.com/borough-results/Islington,£5.86,2026-07-03T23:10:47+00:00
Islington,159,The york,PERONI,£7.45,7.45,https://www.pint-prices.com/pub/N18eq/The%20york,https://www.pint-prices.com/borough-results/Islington,£5.86,2026-07-03T23:10:47+00:00
Islington,160,Little Bat,BOTTLED BEER,£7.50,7.5,"https://www.pint-prices.com/pub/54%20Islington%20Park%20St,%20London%20N1%201QL,%20UK/Little%20Bat",https://www.pint-prices.com/borough-results/Islington,£5.86,2026-07-03T23:10:47+00:00
Islington,161,The Cellar Taps,BEVERTOWN NECK OIL,£7.55,7.55,"https://www.pint-prices.com/pub/%20125%20Newington%20Green%20Road%20,%20%20Islington,%20London,%20United%20Kingdom/The%20Cellar%20Taps",https://www.pint-prices.com/borough-results/Islington,£5.86,2026-07-03T23:10:47+00:00
Islington,162,The Earl of Essex,KERNAL KOHATU PILS,£7.60,7.6,"https://www.pint-prices.com/pub/25%20Danbury%20St,%20London%20N1%208LE/The%20Earl%20of%20Essex",https://www.pint-prices.com/borough-results/Islington,£5.86,2026-07-03T23:10:47+00:00
Islington,163,Sports Bar & Grill Old Street,BEVERTOWN NECK OIL,£7.70,7.7,"https://www.pint-prices.com/pub/174-180%20Old%20Street%20,%20,%20London,%20United%20Kingdom/Sports%20Bar%20%26%20Grill%20Old%20Street",https://www.pint-prices.com/borough-results/Islington,£5.86,2026-07-03T23:10:47+00:00
Islington,164,Sports Bar & Grill Old Street,BRIXTON RELIANCE PALE ALE,£7.70,7.7,"https://www.pint-prices.com/pub/174-180%20Old%20Street%20,%20,%20London,%20United%20Kingdom/Sports%20Bar%20%26%20Grill%20Old%20Street",https://www.pint-prices.com/borough-results/Islington,£5.86,2026-07-03T23:10:47+00:00
Islington,165,Canonbury Tavern,ASAHI,£7.70,7.7,"https://www.pint-prices.com/pub/21%20Canonbury%20Pl,%20London%20N1%202NS/Canonbury%20Tavern%20",https://www.pint-prices.com/borough-results/Islington,£5.86,2026-07-03T23:10:47+00:00
Islington,166,Canonbury Tavern,STONE WOOD,£7.85,7.85,"https://www.pint-prices.com/pub/21%20Canonbury%20Pl,%20London%20N1%202NS/Canonbury%20Tavern",https://www.pint-prices.com/borough-results/Islington,£5.86,2026-07-03T23:10:47+00:00
Kensington and Chelsea,1,The Prince Edward,STELLA ARTOIS,£3.50,3.5,"https://www.pint-prices.com/pub/73%20Prince's%20Square,%20London%20W2%204NY/The%20Prince%20Edward",https://www.pint-prices.com/borough-results/Kensington%20and%20Chelsea,£6.73,2026-07-03T23:10:47+00:00
Kensington and Chelsea,2,Paddington Railway Club,COORS,£3.80,3.8,"https://www.pint-prices.com/pub/68%20Chepstow%20Rd,%20London%20W2%205BE/Paddington%20Railway%20Club",https://www.pint-prices.com/borough-results/Kensington%20and%20Chelsea,£6.73,2026-07-03T23:10:47+00:00
Kensington and Chelsea,3,The Clarence,FOSTERS,£4.30,4.3,"https://www.pint-prices.com/pub/148%20North%20End%20Rd,%20London%20W14%209PP/The%20Clarence",https://www.pint-prices.com/borough-results/Kensington%20and%20Chelsea,£6.73,2026-07-03T23:10:47+00:00
Kensington and Chelsea,4,The Albion,INCH CIDER,£5.40,5.4,"https://www.pint-prices.com/pub/121%20Hammersmith%20Rd,%20London%20W14%200QR,%20UK/The%20Albion",https://www.pint-prices.com/borough-results/Kensington%20and%20Chelsea,£6.73,2026-07-03T23:10:47+00:00
Kensington and Chelsea,5,Pig & Whistle,AMSTEL,£5.40,5.4,https://www.pint-prices.com/pub/W10%206UG/Pig%20%26%20Whistle,https://www.pint-prices.com/borough-results/Kensington%20and%20Chelsea,£6.73,2026-07-03T23:10:47+00:00
Kensington and Chelsea,6,The Albion,AMSTEL,£5.50,5.5,"https://www.pint-prices.com/pub/121%20Hammersmith%20Rd,%20London%20W14%200QR,%20UK/The%20Albion",https://www.pint-prices.com/borough-results/Kensington%20and%20Chelsea,£6.73,2026-07-03T23:10:47+00:00
Kensington and Chelsea,7,The Albion,LANDLORD,£5.50,5.5,"https://www.pint-prices.com/pub/121%20Hammersmith%20Rd,%20London%20W14%200QR,%20UK/The%20Albion",https://www.pint-prices.com/borough-results/Kensington%20and%20Chelsea,£6.73,2026-07-03T23:10:47+00:00
Kensington and Chelsea,8,The Albion,TRIBUTE,£5.50,5.5,"https://www.pint-prices.com/pub/121%20Hammersmith%20Rd,%20London%20W14%200QR,%20UK/The%20Albion",https://www.pint-prices.com/borough-results/Kensington%20and%20Chelsea,£6.73,2026-07-03T23:10:47+00:00
Kensington and Chelsea,9,The Stewart Arms,KRONENBOURG,£5.50,5.5,"https://www.pint-prices.com/pub/26%20Norland%20Rd,%20London%20W11%204TR/The%20Stewart%20Arms",https://www.pint-prices.com/borough-results/Kensington%20and%20Chelsea,£6.73,2026-07-03T23:10:47+00:00
Kensington and Chelsea,10,Pheonix,FOSTERS,£5.50,5.5,"https://www.pint-prices.com/pub/51%20Moscow%20Road,%20W2%204AL/Pheonix",https://www.pint-prices.com/borough-results/Kensington%20and%20Chelsea,£6.73,2026-07-03T23:10:47+00:00
Kensington and Chelsea,11,"The Latymers, Hammersmith",AMSTEL,£5.75,5.75,"https://www.pint-prices.com/pub/157%20Hammersmith%20Rd,%20London%20W6%208BS,%20UK/The%20Latymers,%20Hammersmith",https://www.pint-prices.com/borough-results/Kensington%20and%20Chelsea,£6.73,2026-07-03T23:10:47+00:00
Kensington and Chelsea,12,The Havelock Tavern,ROSA BLANCA,£5.75,5.75,"https://www.pint-prices.com/pub/57%20Masbro%20Rd,%20London%20W14%200LS,%20UK/The%20Havelock%20Tavern",https://www.pint-prices.com/borough-results/Kensington%20and%20Chelsea,£6.73,2026-07-03T23:10:47+00:00
Kensington and Chelsea,13,The Duke of Clarence,PRAVHA,£5.80,5.8,"https://www.pint-prices.com/pub/148%20Old%20Brompton%20Rd,%20London%20SW5%200BE/The%20Duke%20of%20Clarence",https://www.pint-prices.com/borough-results/Kensington%20and%20Chelsea,£6.73,2026-07-03T23:10:47+00:00
Kensington and Chelsea,14,The Greyhound,AMSTEL,£5.85,5.85,"https://www.pint-prices.com/pub/1%20Kensington%20Sqaure,%20London%20W8%205EP/The%20Greyhound",https://www.pint-prices.com/borough-results/Kensington%20and%20Chelsea,£6.73,2026-07-03T23:10:47+00:00
Kensington and Chelsea,15,The Prince Bonaparte,AMSTEL,£5.85,5.85,"https://www.pint-prices.com/pub/80%20Chepstow%20Rd,%20London%20W2%205BE/The%20Prince%20Bonaparte",https://www.pint-prices.com/borough-results/Kensington%20and%20Chelsea,£6.73,2026-07-03T23:10:47+00:00
Kensington and Chelsea,16,The Admiral Codrington,HEINEKEN,£5.85,5.85,"https://www.pint-prices.com/pub/17%20Mossop%20St,%20London%20SW3%202LY/The%20Admiral%20Codrington",https://www.pint-prices.com/borough-results/Kensington%20and%20Chelsea,£6.73,2026-07-03T23:10:47+00:00
Kensington and Chelsea,17,The Blackbird,AMSTEL,£5.85,5.85,"https://www.pint-prices.com/pub/209%20Earls%20Court%20Road,%20London%20SW5%209AN/The%20Blackbird",https://www.pint-prices.com/borough-results/Kensington%20and%20Chelsea,£6.73,2026-07-03T23:10:47+00:00
Kensington and Chelsea,18,The Kings Head,AMSTEL,£5.85,5.85,"https://www.pint-prices.com/pub/17%20Hogarth%20Place,%20London%20SW5%200QT/The%20Kings%20Head",https://www.pint-prices.com/borough-results/Kensington%20and%20Chelsea,£6.73,2026-07-03T23:10:47+00:00
Kensington and Chelsea,19,The Bird in Hand,TRIBUTE,£5.90,5.9,"https://www.pint-prices.com/pub/88%20Masbro%20Rd,%20Brook%20Grn,%20London%20W14%200LR,%20UK/The%20Bird%20in%20Hand",https://www.pint-prices.com/borough-results/Kensington%20and%20Chelsea,£6.73,2026-07-03T23:10:47+00:00
Kensington and Chelsea,20,The Prince of Wales,AMSTEL,£5.95,5.95,"https://www.pint-prices.com/pub/8%20Kensington%20Church%20St,%20London%20W8%204EP/The%20Prince%20of%20Wales",https://www.pint-prices.com/borough-results/Kensington%20and%20Chelsea,£6.73,2026-07-03T23:10:47+00:00
Kensington and Chelsea,21,The Bird in Hand,ORCHARD CIDER,£6.00,6.0,"https://www.pint-prices.com/pub/88%20Masbro%20Rd,%20Brook%20Grn,%20London%20W14%200LR,%20UK/The%20Bird%20in%20Hand",https://www.pint-prices.com/borough-results/Kensington%20and%20Chelsea,£6.73,2026-07-03T23:10:47+00:00
Kensington and Chelsea,22,Famous Three Kings,PERONI,£6.00,6.0,"https://www.pint-prices.com/pub/171%20North%20End%20Rd,%20London%20W14%209AE,%20UK/Famous%20Three%20Kings",https://www.pint-prices.com/borough-results/Kensington%20and%20Chelsea,£6.73,2026-07-03T23:10:47+00:00
Kensington and Chelsea,23,The Hansom Cab,CASK ALE,£6.00,6.0,"https://www.pint-prices.com/pub/84-86%20Earls%20Ct%20Rd,%20London%20W8%206EG/The%20Hansom%20Cab",https://www.pint-prices.com/borough-results/Kensington%20and%20Chelsea,£6.73,2026-07-03T23:10:47+00:00
Kensington and Chelsea,24,The Devonshire Arms,PRAVHA,£6.05,6.05,"https://www.pint-prices.com/pub/37%20Marloes%20Rd,%20London%20W8%206LA/The%20Devonshire%20Arms",https://www.pint-prices.com/borough-results/Kensington%20and%20Chelsea,£6.73,2026-07-03T23:10:47+00:00
Kensington and Chelsea,25,The Britannia,PRAVHA,£6.10,6.1,"https://www.pint-prices.com/pub/1%20Allen%20St,%20London%20W8%206UX/The%20Britannia",https://www.pint-prices.com/borough-results/Kensington%20and%20Chelsea,£6.73,2026-07-03T23:10:47+00:00
Kensington and Chelsea,26,The Elephant & Castle (Kensington),NICHOLSON'S PALE ALE,£6.10,6.1,"https://www.pint-prices.com/pub/40%20Holland%20St,%20London%20W8%204JJ/The%20Elephant%20%26%20Castle%20(Kensington)",https://www.pint-prices.com/borough-results/Kensington%20and%20Chelsea,£6.73,2026-07-03T23:10:47+00:00
Kensington and Chelsea,27,The Hansom Cab,BECK'S,£6.10,6.1,"https://www.pint-prices.com/pub/84-86%20Earls%20Ct%20Rd,%20London%20W8%206EG/The%20Hansom%20Cab",https://www.pint-prices.com/borough-results/Kensington%20and%20Chelsea,£6.73,2026-07-03T23:10:47+00:00
Kensington and Chelsea,28,Stanhope Arms,AMSTEL,£6.15,6.15,"https://www.pint-prices.com/pub/97%20Gloucester%20Road,%20SW7%204SS/Stanhope%20Arms",https://www.pint-prices.com/borough-results/Kensington%20and%20Chelsea,£6.73,2026-07-03T23:10:47+00:00
Kensington and Chelsea,29,Goat Tavern,AMSTEL,£6.15,6.15,"https://www.pint-prices.com/pub/3a%20Kensington%20High%20Street,%20W8%205NP/Goat%20Tavern",https://www.pint-prices.com/borough-results/Kensington%20and%20Chelsea,£6.73,2026-07-03T23:10:47+00:00
Kensington and Chelsea,30,Pheonix,AMSTEL,£6.15,6.15,"https://www.pint-prices.com/pub/51%20Moscow%20Road,%20W2%204AL/Pheonix",https://www.pint-prices.com/borough-results/Kensington%20and%20Chelsea,£6.73,2026-07-03T23:10:47+00:00
Kensington and Chelsea,31,Kings Head (Bayswater),AMSTEL,£6.15,6.15,"https://www.pint-prices.com/pub/33%20Moscow%20Road,%20W2%204AH/Kings%20Head%20(Bayswater)",https://www.pint-prices.com/borough-results/Kensington%20and%20Chelsea,£6.73,2026-07-03T23:10:47+00:00
Kensington and Chelsea,32,Sawyers Arms,AMSTEL,£6.15,6.15,"https://www.pint-prices.com/pub/8-9%20London%20Street,%20W2%201HL/Sawyers%20Arms",https://www.pint-prices.com/borough-results/Kensington%20and%20Chelsea,£6.73,2026-07-03T23:10:47+00:00
Kensington and Chelsea,33,The Crown,HEINEKEN,£6.15,6.15,"https://www.pint-prices.com/pub/153%20Dovehouse%20St,%20London%20SW3%206LB/The%20Crown",https://www.pint-prices.com/borough-results/Kensington%20and%20Chelsea,£6.73,2026-07-03T23:10:47+00:00
Kensington and Chelsea,34,Courtfield,AMSTEL,£6.20,6.2,"https://www.pint-prices.com/pub/187%20Earls%20Court%20Road,%20SW5%209AN/Courtfield",https://www.pint-prices.com/borough-results/Kensington%20and%20Chelsea,£6.73,2026-07-03T23:10:47+00:00
Kensington and Chelsea,35,Greyhound,AMSTEL,£6.20,6.2,"https://www.pint-prices.com/pub/1%20Kensington%20Square,%20W8%205EP/Greyhound",https://www.pint-prices.com/borough-results/Kensington%20and%20Chelsea,£6.73,2026-07-03T23:10:47+00:00
Kensington and Chelsea,36,Pheonix,GUINNESS,£6.20,6.2,"https://www.pint-prices.com/pub/51%20Moscow%20Road,%20W2%204AL/Pheonix",https://www.pint-prices.com/borough-results/Kensington%20and%20Chelsea,£6.73,2026-07-03T23:10:47+00:00
Kensington and Chelsea,37,Dickens Tavern,AMSTEL,£6.20,6.2,"https://www.pint-prices.com/pub/25%20London%20Street,%20W2%201HH/Dickens%20Tavern",https://www.pint-prices.com/borough-results/Kensington%20and%20Chelsea,£6.73,2026-07-03T23:10:47+00:00
Kensington and Chelsea,38,The Pear Tree,LONDON PRIDE,£6.25,6.25,"https://www.pint-prices.com/pub/14%20Margravine%20Rd,%20London%20W6%208HJ,%20UK/The%20Pear%20Tree",https://www.pint-prices.com/borough-results/Kensington%20and%20Chelsea,£6.73,2026-07-03T23:10:47+00:00
Kensington and Chelsea,39,Chelsea Potter,AMSTEL,£6.30,6.3,"https://www.pint-prices.com/pub/119%20Kings%20Road,%20SW3%204PL/Chelsea%20Potter",https://www.pint-prices.com/borough-results/Kensington%20and%20Chelsea,£6.73,2026-07-03T23:10:47+00:00
Kensington and Chelsea,40,Prince of Wales,AMSTEL,£6.30,6.3,"https://www.pint-prices.com/pub/8%20Kensington%20Church%20Street,%20W8%204EP/Prince%20of%20Wales",https://www.pint-prices.com/borough-results/Kensington%20and%20Chelsea,£6.73,2026-07-03T23:10:47+00:00
Kensington and Chelsea,41,Old Swan (Kensington),AMSTEL,£6.30,6.3,"https://www.pint-prices.com/pub/206%20Kensington%20Church%20Street,%20W8%204DP/Old%20Swan%20(Kensington)",https://www.pint-prices.com/borough-results/Kensington%20and%20Chelsea,£6.73,2026-07-03T23:10:47+00:00
Kensington and Chelsea,42,Fountains Abbey,AMSTEL,£6.30,6.3,"https://www.pint-prices.com/pub/109%20Praed%20Street,%20W2%201RL/Fountains%20Abbey",https://www.pint-prices.com/borough-results/Kensington%20and%20Chelsea,£6.73,2026-07-03T23:10:47+00:00
Kensington and Chelsea,43,The Hansom Cab,ORCHARD PIG CIDER,£6.30,6.3,"https://www.pint-prices.com/pub/84-86%20Earls%20Ct%20Rd,%20London%20W8%206EG/The%20Hansom%20Cab",https://www.pint-prices.com/borough-results/Kensington%20and%20Chelsea,£6.73,2026-07-03T23:10:47+00:00
Kensington and Chelsea,44,Courtfield,GUINNESS,£6.35,6.35,"https://www.pint-prices.com/pub/187%20Earls%20Court%20Road,%20SW5%209AN/Courtfield",https://www.pint-prices.com/borough-results/Kensington%20and%20Chelsea,£6.73,2026-07-03T23:10:47+00:00
Kensington and Chelsea,45,Greyhound,GUINNESS,£6.35,6.35,"https://www.pint-prices.com/pub/1%20Kensington%20Square,%20W8%205EP/Greyhound",https://www.pint-prices.com/borough-results/Kensington%20and%20Chelsea,£6.73,2026-07-03T23:10:47+00:00
Kensington and Chelsea,46,Goat Tavern,GUINNESS,£6.35,6.35,"https://www.pint-prices.com/pub/3a%20Kensington%20High%20Street,%20W8%205NP/Goat%20Tavern",https://www.pint-prices.com/borough-results/Kensington%20and%20Chelsea,£6.73,2026-07-03T23:10:47+00:00
Kensington and Chelsea,47,Kings Head (Bayswater),GUINNESS,£6.35,6.35,"https://www.pint-prices.com/pub/33%20Moscow%20Road,%20W2%204AH/Kings%20Head%20(Bayswater)",https://www.pint-prices.com/borough-results/Kensington%20and%20Chelsea,£6.73,2026-07-03T23:10:47+00:00
Kensington and Chelsea,48,Sawyers Arms,GUINNESS,£6.35,6.35,"https://www.pint-prices.com/pub/8-9%20London%20Street,%20W2%201HL/Sawyers%20Arms",https://www.pint-prices.com/borough-results/Kensington%20and%20Chelsea,£6.73,2026-07-03T23:10:47+00:00
Kensington and Chelsea,49,Hoop & Toy,AMSTEL,£6.40,6.4,"https://www.pint-prices.com/pub/34%20Thurloe%20Place,%20SW7%202HQ/Hoop%20%26%20Toy",https://www.pint-prices.com/borough-results/Kensington%20and%20Chelsea,£6.73,2026-07-03T23:10:47+00:00
Kensington and Chelsea,50,Bayswater Arms,AMSTEL,£6.40,6.4,"https://www.pint-prices.com/pub/Queensway,%20W2%204QH/Bayswater%20Arms",https://www.pint-prices.com/borough-results/Kensington%20and%20Chelsea,£6.73,2026-07-03T23:10:47+00:00
Kensington and Chelsea,51,Bayswater Arms,GUINNESS,£6.40,6.4,"https://www.pint-prices.com/pub/Queensway,%20W2%204QH/Bayswater%20Arms",https://www.pint-prices.com/borough-results/Kensington%20and%20Chelsea,£6.73,2026-07-03T23:10:47+00:00
Kensington and Chelsea,52,Dickens Tavern,GUINNESS,£6.40,6.4,"https://www.pint-prices.com/pub/25%20London%20Street,%20W2%201HH/Dickens%20Tavern",https://www.pint-prices.com/borough-results/Kensington%20and%20Chelsea,£6.73,2026-07-03T23:10:47+00:00
Kensington and Chelsea,53,Earls Court Tavern,GUINNESS,£6.45,6.45,"https://www.pint-prices.com/pub/123%20Earls%20Court%20Road,%20SW5%209RL/Earls%20Court%20Tavern",https://www.pint-prices.com/borough-results/Kensington%20and%20Chelsea,£6.73,2026-07-03T23:10:47+00:00
Kensington and Chelsea,54,Old Swan (Kensington),GUINNESS,£6.45,6.45,"https://www.pint-prices.com/pub/206%20Kensington%20Church%20Street,%20W8%204DP/Old%20Swan%20(Kensington)",https://www.pint-prices.com/borough-results/Kensington%20and%20Chelsea,£6.73,2026-07-03T23:10:47+00:00
Kensington and Chelsea,55,Fountains Abbey,GUINNESS,£6.45,6.45,"https://www.pint-prices.com/pub/109%20Praed%20Street,%20W2%201RL/Fountains%20Abbey",https://www.pint-prices.com/borough-results/Kensington%20and%20Chelsea,£6.73,2026-07-03T23:10:47+00:00
Kensington and Chelsea,56,The Stanhope Arms,ESTRELLA,£6.45,6.45,"https://www.pint-prices.com/pub/97%20Gloucester%20Rd,%20London%20SW7%204SS/The%20Stanhope%20Arms",https://www.pint-prices.com/borough-results/Kensington%20and%20Chelsea,£6.73,2026-07-03T23:10:47+00:00
Kensington and Chelsea,57,The Pear Tree,CHILTERN LAGER,£6.50,6.5,"https://www.pint-prices.com/pub/14%20Margravine%20Rd,%20London%20W6%208HJ,%20UK/The%20Pear%20Tree",https://www.pint-prices.com/borough-results/Kensington%20and%20Chelsea,£6.73,2026-07-03T23:10:47+00:00
Kensington and Chelsea,58,The Albion,HEINEKEN,£6.50,6.5,"https://www.pint-prices.com/pub/121%20Hammersmith%20Rd,%20London%20W14%200QR,%20UK/The%20Albion",https://www.pint-prices.com/borough-results/Kensington%20and%20Chelsea,£6.73,2026-07-03T23:10:47+00:00
Kensington and Chelsea,59,The Albion,BIRRA MORETTI,£6.50,6.5,"https://www.pint-prices.com/pub/121%20Hammersmith%20Rd,%20London%20W14%200QR,%20UK/The%20Albion",https://www.pint-prices.com/borough-results/Kensington%20and%20Chelsea,£6.73,2026-07-03T23:10:47+00:00
Kensington and Chelsea,60,Chelsea Potter,GUINNESS,£6.50,6.5,"https://www.pint-prices.com/pub/119%20Kings%20Road,%20SW3%204PL/Chelsea%20Potter",https://www.pint-prices.com/borough-results/Kensington%20and%20Chelsea,£6.73,2026-07-03T23:10:47+00:00
Kensington and Chelsea,61,Zetland Arms,GUINNESS,£6.50,6.5,"https://www.pint-prices.com/pub/2%20Bute%20Street,%20SW7%203EX/Zetland%20Arms",https://www.pint-prices.com/borough-results/Kensington%20and%20Chelsea,£6.73,2026-07-03T23:10:47+00:00
Kensington and Chelsea,62,Hoop & Toy,GUINNESS,£6.50,6.5,"https://www.pint-prices.com/pub/34%20Thurloe%20Place,%20SW7%202HQ/Hoop%20%26%20Toy",https://www.pint-prices.com/borough-results/Kensington%20and%20Chelsea,£6.73,2026-07-03T23:10:47+00:00
Kensington and Chelsea,63,Prince of Wales,GUINNESS,£6.50,6.5,"https://www.pint-prices.com/pub/8%20Kensington%20Church%20Street,%20W8%204EP/Prince%20of%20Wales",https://www.pint-prices.com/borough-results/Kensington%20and%20Chelsea,£6.73,2026-07-03T23:10:47+00:00
Kensington and Chelsea,64,The Courtfield,ESTRELLA,£6.50,6.5,"https://www.pint-prices.com/pub/187%20Earls%20Court%20Rd,%20London%20SW5%209AN/The%20Courtfield",https://www.pint-prices.com/borough-results/Kensington%20and%20Chelsea,£6.73,2026-07-03T23:10:47+00:00
Kensington and Chelsea,65,"The Latymers, Hammersmith",GUINNESS,£6.60,6.6,"https://www.pint-prices.com/pub/157%20Hammersmith%20Rd,%20London%20W6%208BS,%20UK/The%20Latymers,%20Hammersmith",https://www.pint-prices.com/borough-results/Kensington%20and%20Chelsea,£6.73,2026-07-03T23:10:47+00:00
Kensington and Chelsea,66,The Prince of Teck,ASAHI,£6.60,6.6,"https://www.pint-prices.com/pub/161%20Earls%20Court%20Rd,%20London%20SW5%209RQ/The%20Prince%20of%20Teck",https://www.pint-prices.com/borough-results/Kensington%20and%20Chelsea,£6.73,2026-07-03T23:10:47+00:00
Kensington and Chelsea,67,The Hansom Cab,GUINNESS,£6.60,6.6,"https://www.pint-prices.com/pub/84-86%20Earls%20Ct%20Rd,%20London%20W8%206EG/The%20Hansom%20Cab",https://www.pint-prices.com/borough-results/Kensington%20and%20Chelsea,£6.73,2026-07-03T23:10:47+00:00
Kensington and Chelsea,68,The Cow,GUINNESS,£6.70,6.7,"https://www.pint-prices.com/pub/89%20Westbourne%20Park%20Rd,%20London%20W2%205QH/The%20Cow",https://www.pint-prices.com/borough-results/Kensington%20and%20Chelsea,£6.73,2026-07-03T23:10:47+00:00
Kensington and Chelsea,69,The Hoop & Toy,ESTRELLA,£6.70,6.7,"https://www.pint-prices.com/pub/34%20Thurloe%20Place,%20London%20SW7%202HQ/The%20Hoop%20%26%20Toy",https://www.pint-prices.com/borough-results/Kensington%20and%20Chelsea,£6.73,2026-07-03T23:10:47+00:00
Kensington and Chelsea,70,The Earls Court Tavern,ESTRELLA,£6.70,6.7,"https://www.pint-prices.com/pub/123%20Earls%20Court%20Rd,%20London%20SW5%209RL/The%20Earls%20Court%20Tavern",https://www.pint-prices.com/borough-results/Kensington%20and%20Chelsea,£6.73,2026-07-03T23:10:47+00:00
Kensington and Chelsea,71,The Pear Tree,PORTOBELLO LONDON PILSNER,£6.75,6.75,"https://www.pint-prices.com/pub/14%20Margravine%20Rd,%20London%20W6%208HJ,%20UK/The%20Pear%20Tree",https://www.pint-prices.com/borough-results/Kensington%20and%20Chelsea,£6.73,2026-07-03T23:10:47+00:00
Kensington and Chelsea,72,The Pear Tree,PORTOBELLO NOTTING HELLS,£6.75,6.75,"https://www.pint-prices.com/pub/14%20Margravine%20Rd,%20London%20W6%208HJ,%20UK/The%20Pear%20Tree",https://www.pint-prices.com/borough-results/Kensington%20and%20Chelsea,£6.73,2026-07-03T23:10:47+00:00
Kensington and Chelsea,73,The Pear Tree,WYE VALLEY BUTTY BACHE,£6.75,6.75,"https://www.pint-prices.com/pub/14%20Margravine%20Rd,%20London%20W6%208HJ,%20UK/The%20Pear%20Tree",https://www.pint-prices.com/borough-results/Kensington%20and%20Chelsea,£6.73,2026-07-03T23:10:47+00:00
Kensington and Chelsea,74,The Pear Tree,SAMBROOKS SESSION IPA,£6.75,6.75,"https://www.pint-prices.com/pub/14%20Margravine%20Rd,%20London%20W6%208HJ,%20UK/The%20Pear%20Tree",https://www.pint-prices.com/borough-results/Kensington%20and%20Chelsea,£6.73,2026-07-03T23:10:47+00:00
Kensington and Chelsea,75,The Pear Tree,PORTOBELLO STIF LIP,£6.75,6.75,"https://www.pint-prices.com/pub/14%20Margravine%20Rd,%20London%20W6%208HJ,%20UK/The%20Pear%20Tree",https://www.pint-prices.com/borough-results/Kensington%20and%20Chelsea,£6.73,2026-07-03T23:10:47+00:00
Kensington and Chelsea,76,The Pear Tree,GUINNESS,£6.75,6.75,"https://www.pint-prices.com/pub/14%20Margravine%20Rd,%20London%20W6%208HJ,%20UK/The%20Pear%20Tree",https://www.pint-prices.com/borough-results/Kensington%20and%20Chelsea,£6.73,2026-07-03T23:10:47+00:00
Kensington and Chelsea,77,Prince of Wales,MADRI,£6.75,6.75,"https://www.pint-prices.com/pub/8%20Kensington%20Church%20Street,%20W8%204EP/Prince%20of%20Wales",https://www.pint-prices.com/borough-results/Kensington%20and%20Chelsea,£6.73,2026-07-03T23:10:47+00:00
Kensington and Chelsea,78,Prince of Wales,BIRRA MORETTI,£6.75,6.75,"https://www.pint-prices.com/pub/8%20Kensington%20Church%20Street,%20W8%204EP/Prince%20of%20Wales",https://www.pint-prices.com/borough-results/Kensington%20and%20Chelsea,£6.73,2026-07-03T23:10:47+00:00
Kensington and Chelsea,79,Stanhope Arms,HEINEKEN,£6.80,6.8,"https://www.pint-prices.com/pub/97%20Gloucester%20Road,%20SW7%204SS/Stanhope%20Arms",https://www.pint-prices.com/borough-results/Kensington%20and%20Chelsea,£6.73,2026-07-03T23:10:47+00:00
Kensington and Chelsea,80,Pheonix,BIRRA MORETTI,£6.80,6.8,"https://www.pint-prices.com/pub/51%20Moscow%20Road,%20W2%204AL/Pheonix",https://www.pint-prices.com/borough-results/Kensington%20and%20Chelsea,£6.73,2026-07-03T23:10:47+00:00
Kensington and Chelsea,81,The Builders Arms,CAMDEN HELLS,£6.80,6.8,"https://www.pint-prices.com/pub/1%20Kensington%20Court%20Place,%20London%20W8%205BJ/The%20Builders%20Arms",https://www.pint-prices.com/borough-results/Kensington%20and%20Chelsea,£6.73,2026-07-03T23:10:47+00:00
Kensington and Chelsea,82,The Hansom Cab,MAHOU,£6.80,6.8,"https://www.pint-prices.com/pub/84-86%20Earls%20Ct%20Rd,%20London%20W8%206EG/The%20Hansom%20Cab",https://www.pint-prices.com/borough-results/Kensington%20and%20Chelsea,£6.73,2026-07-03T23:10:47+00:00
Kensington and Chelsea,83,The Princess Royal,HAWKSTONE LAGER,£6.85,6.85,"https://www.pint-prices.com/pub/47%20Hereford%20Rd,%20London%20W2%205AH/The%20Princess%20Royal",https://www.pint-prices.com/borough-results/Kensington%20and%20Chelsea,£6.73,2026-07-03T23:10:47+00:00
Kensington and Chelsea,84,Greyhound,ESTRELLA,£6.90,6.9,"https://www.pint-prices.com/pub/1%20Kensington%20Square,%20W8%205EP/Greyhound",https://www.pint-prices.com/borough-results/Kensington%20and%20Chelsea,£6.73,2026-07-03T23:10:47+00:00
Kensington and Chelsea,85,Prince of Wales,ESTRELLA,£6.90,6.9,"https://www.pint-prices.com/pub/8%20Kensington%20Church%20Street,%20W8%204EP/Prince%20of%20Wales",https://www.pint-prices.com/borough-results/Kensington%20and%20Chelsea,£6.73,2026-07-03T23:10:47+00:00
Kensington and Chelsea,86,Pheonix,ESTRELLA,£6.90,6.9,"https://www.pint-prices.com/pub/51%20Moscow%20Road,%20W2%204AL/Pheonix",https://www.pint-prices.com/borough-results/Kensington%20and%20Chelsea,£6.73,2026-07-03T23:10:47+00:00
Kensington and Chelsea,87,Sawyers Arms,ESTRELLA,£6.90,6.9,"https://www.pint-prices.com/pub/8-9%20London%20Street,%20W2%201HL/Sawyers%20Arms",https://www.pint-prices.com/borough-results/Kensington%20and%20Chelsea,£6.73,2026-07-03T23:10:47+00:00
Kensington and Chelsea,88,"The Latymers, Hammersmith",PERONI,£6.95,6.95,"https://www.pint-prices.com/pub/157%20Hammersmith%20Rd,%20London%20W6%208BS,%20UK/The%20Latymers,%20Hammersmith",https://www.pint-prices.com/borough-results/Kensington%20and%20Chelsea,£6.73,2026-07-03T23:10:47+00:00
Kensington and Chelsea,89,The Pear Tree,WESTMALE TRAPPIST,£6.95,6.95,"https://www.pint-prices.com/pub/14%20Margravine%20Rd,%20London%20W6%208HJ,%20UK/The%20Pear%20Tree",https://www.pint-prices.com/borough-results/Kensington%20and%20Chelsea,£6.73,2026-07-03T23:10:47+00:00
Kensington and Chelsea,90,Greyhound,BIRRA MORETTI,£6.95,6.95,"https://www.pint-prices.com/pub/1%20Kensington%20Square,%20W8%205EP/Greyhound",https://www.pint-prices.com/borough-results/Kensington%20and%20Chelsea,£6.73,2026-07-03T23:10:47+00:00
Kensington and Chelsea,91,Goat Tavern,BIRRA MORETTI,£6.95,6.95,"https://www.pint-prices.com/pub/3a%20Kensington%20High%20Street,%20W8%205NP/Goat%20Tavern",https://www.pint-prices.com/borough-results/Kensington%20and%20Chelsea,£6.73,2026-07-03T23:10:47+00:00
Kensington and Chelsea,92,The Albion,GUINNESS,£7.00,7.0,"https://www.pint-prices.com/pub/121%20Hammersmith%20Rd,%20London%20W14%200QR,%20UK/The%20Albion",https://www.pint-prices.com/borough-results/Kensington%20and%20Chelsea,£6.73,2026-07-03T23:10:47+00:00
Kensington and Chelsea,93,The Albion,LAGUNITAS IPA,£7.00,7.0,"https://www.pint-prices.com/pub/121%20Hammersmith%20Rd,%20London%20W14%200QR,%20UK/The%20Albion",https://www.pint-prices.com/borough-results/Kensington%20and%20Chelsea,£6.73,2026-07-03T23:10:47+00:00
Kensington and Chelsea,94,The Swan,GUINNESS,£7.00,7.0,"https://www.pint-prices.com/pub/66%20Bayswater%20Rd,%20London%20W2%203PH/The%20Swan",https://www.pint-prices.com/borough-results/Kensington%20and%20Chelsea,£6.73,2026-07-03T23:10:47+00:00
Kensington and Chelsea,95,Earls Court Tavern,MADRI,£7.00,7.0,"https://www.pint-prices.com/pub/123%20Earls%20Court%20Road,%20SW5%209RL/Earls%20Court%20Tavern",https://www.pint-prices.com/borough-results/Kensington%20and%20Chelsea,£6.73,2026-07-03T23:10:47+00:00
Kensington and Chelsea,96,Earls Court Tavern,BIRRA MORETTI,£7.00,7.0,"https://www.pint-prices.com/pub/123%20Earls%20Court%20Road,%20SW5%209RL/Earls%20Court%20Tavern",https://www.pint-prices.com/borough-results/Kensington%20and%20Chelsea,£6.73,2026-07-03T23:10:47+00:00
Kensington and Chelsea,97,Stanhope Arms,MADRI,£7.00,7.0,"https://www.pint-prices.com/pub/97%20Gloucester%20Road,%20SW7%204SS/Stanhope%20Arms",https://www.pint-prices.com/borough-results/Kensington%20and%20Chelsea,£6.73,2026-07-03T23:10:47+00:00
Kensington and Chelsea,98,Stanhope Arms,BIRRA MORETTI,£7.00,7.0,"https://www.pint-prices.com/pub/97%20Gloucester%20Road,%20SW7%204SS/Stanhope%20Arms",https://www.pint-prices.com/borough-results/Kensington%20and%20Chelsea,£6.73,2026-07-03T23:10:47+00:00
Kensington and Chelsea,99,Zetland Arms,BIRRA MORETTI,£7.00,7.0,"https://www.pint-prices.com/pub/2%20Bute%20Street,%20SW7%203EX/Zetland%20Arms",https://www.pint-prices.com/borough-results/Kensington%20and%20Chelsea,£6.73,2026-07-03T23:10:47+00:00
Kensington and Chelsea,100,Goat Tavern,ESTRELLA,£7.00,7.0,"https://www.pint-prices.com/pub/3a%20Kensington%20High%20Street,%20W8%205NP/Goat%20Tavern",https://www.pint-prices.com/borough-results/Kensington%20and%20Chelsea,£6.73,2026-07-03T23:10:47+00:00
Kensington and Chelsea,101,Kings Head (Bayswater),ESTRELLA,£7.00,7.0,"https://www.pint-prices.com/pub/33%20Moscow%20Road,%20W2%204AH/Kings%20Head%20(Bayswater)",https://www.pint-prices.com/borough-results/Kensington%20and%20Chelsea,£6.73,2026-07-03T23:10:47+00:00
Kensington and Chelsea,102,Kings Head (Bayswater),BIRRA MORETTI,£7.00,7.0,"https://www.pint-prices.com/pub/33%20Moscow%20Road,%20W2%204AH/Kings%20Head%20(Bayswater)",https://www.pint-prices.com/borough-results/Kensington%20and%20Chelsea,£6.73,2026-07-03T23:10:47+00:00
Kensington and Chelsea,103,Dickens Tavern,MADRI,£7.00,7.0,"https://www.pint-prices.com/pub/25%20London%20Street,%20W2%201HH/Dickens%20Tavern",https://www.pint-prices.com/borough-results/Kensington%20and%20Chelsea,£6.73,2026-07-03T23:10:47+00:00
Kensington and Chelsea,104,The Westbourne,ESTRELLA,£7.00,7.0,"https://www.pint-prices.com/pub/101%20Westbourne%20Park%20Villas,%20London%20W2%205ED/The%20Westbourne",https://www.pint-prices.com/borough-results/Kensington%20and%20Chelsea,£6.73,2026-07-03T23:10:47+00:00
Kensington and Chelsea,105,The Hansom Cab,HOEGAARDEN,£7.00,7.0,"https://www.pint-prices.com/pub/84-86%20Earls%20Ct%20Rd,%20London%20W8%206EG/The%20Hansom%20Cab",https://www.pint-prices.com/borough-results/Kensington%20and%20Chelsea,£6.73,2026-07-03T23:10:47+00:00
Kensington and Chelsea,106,"The Latymers, Hammersmith",ASAHI,£7.05,7.05,"https://www.pint-prices.com/pub/157%20Hammersmith%20Rd,%20London%20W6%208BS,%20UK/The%20Latymers,%20Hammersmith",https://www.pint-prices.com/borough-results/Kensington%20and%20Chelsea,£6.73,2026-07-03T23:10:47+00:00
Kensington and Chelsea,107,Courtfield,ESTRELLA,£7.05,7.05,"https://www.pint-prices.com/pub/187%20Earls%20Court%20Road,%20SW5%209AN/Courtfield",https://www.pint-prices.com/borough-results/Kensington%20and%20Chelsea,£6.73,2026-07-03T23:10:47+00:00
Kensington and Chelsea,108,Courtfield,MADRI,£7.05,7.05,"https://www.pint-prices.com/pub/187%20Earls%20Court%20Road,%20SW5%209AN/Courtfield",https://www.pint-prices.com/borough-results/Kensington%20and%20Chelsea,£6.73,2026-07-03T23:10:47+00:00
Kensington and Chelsea,109,Bayswater Arms,MADRI,£7.05,7.05,"https://www.pint-prices.com/pub/Queensway,%20W2%204QH/Bayswater%20Arms",https://www.pint-prices.com/borough-results/Kensington%20and%20Chelsea,£6.73,2026-07-03T23:10:47+00:00
Kensington and Chelsea,110,Bayswater Arms,BIRRA MORETTI,£7.05,7.05,"https://www.pint-prices.com/pub/Queensway,%20W2%204QH/Bayswater%20Arms",https://www.pint-prices.com/borough-results/Kensington%20and%20Chelsea,£6.73,2026-07-03T23:10:47+00:00
Kensington and Chelsea,111,Fountains Abbey,ESTRELLA,£7.10,7.1,"https://www.pint-prices.com/pub/109%20Praed%20Street,%20W2%201RL/Fountains%20Abbey",https://www.pint-prices.com/borough-results/Kensington%20and%20Chelsea,£6.73,2026-07-03T23:10:47+00:00
Kensington and Chelsea,112,Fountains Abbey,BIRRA MORETTI,£7.10,7.1,"https://www.pint-prices.com/pub/109%20Praed%20Street,%20W2%201RL/Fountains%20Abbey",https://www.pint-prices.com/borough-results/Kensington%20and%20Chelsea,£6.73,2026-07-03T23:10:47+00:00
Kensington and Chelsea,113,The Anglesea Arms,ASAHI,£7.10,7.1,"https://www.pint-prices.com/pub/15%20Selwood%20Terrace,%20London%20SW7%203QG/The%20Anglesea%20Arms",https://www.pint-prices.com/borough-results/Kensington%20and%20Chelsea,£6.73,2026-07-03T23:10:47+00:00
Kensington and Chelsea,114,The Hansom Cab,CAMDEN HELLS,£7.10,7.1,"https://www.pint-prices.com/pub/84-86%20Earls%20Ct%20Rd,%20London%20W8%206EG/The%20Hansom%20Cab",https://www.pint-prices.com/borough-results/Kensington%20and%20Chelsea,£6.73,2026-07-03T23:10:47+00:00
Kensington and Chelsea,115,The Hansom Cab,CAMDEN PALE ALE,£7.10,7.1,"https://www.pint-prices.com/pub/84-86%20Earls%20Ct%20Rd,%20London%20W8%206EG/The%20Hansom%20Cab",https://www.pint-prices.com/borough-results/Kensington%20and%20Chelsea,£6.73,2026-07-03T23:10:47+00:00
Kensington and Chelsea,116,Earls Court Tavern,ESTRELLA,£7.15,7.15,"https://www.pint-prices.com/pub/123%20Earls%20Court%20Road,%20SW5%209RL/Earls%20Court%20Tavern",https://www.pint-prices.com/borough-results/Kensington%20and%20Chelsea,£6.73,2026-07-03T23:10:47+00:00
Kensington and Chelsea,117,Hoop & Toy,ESTRELLA,£7.15,7.15,"https://www.pint-prices.com/pub/34%20Thurloe%20Place,%20SW7%202HQ/Hoop%20%26%20Toy",https://www.pint-prices.com/borough-results/Kensington%20and%20Chelsea,£6.73,2026-07-03T23:10:47+00:00
Kensington and Chelsea,118,Prince of Wales,PERONI,£7.15,7.15,"https://www.pint-prices.com/pub/8%20Kensington%20Church%20Street,%20W8%204EP/Prince%20of%20Wales",https://www.pint-prices.com/borough-results/Kensington%20and%20Chelsea,£6.73,2026-07-03T23:10:47+00:00
Kensington and Chelsea,119,Old Swan (Kensington),ESTRELLA,£7.15,7.15,"https://www.pint-prices.com/pub/206%20Kensington%20Church%20Street,%20W8%204DP/Old%20Swan%20(Kensington)",https://www.pint-prices.com/borough-results/Kensington%20and%20Chelsea,£6.73,2026-07-03T23:10:47+00:00
Kensington and Chelsea,120,Old Swan (Kensington),BIRRA MORETTI,£7.15,7.15,"https://www.pint-prices.com/pub/206%20Kensington%20Church%20Street,%20W8%204DP/Old%20Swan%20(Kensington)",https://www.pint-prices.com/borough-results/Kensington%20and%20Chelsea,£6.73,2026-07-03T23:10:47+00:00
Kensington and Chelsea,121,The Curtains Up,PERONI,£7.15,7.15,"https://www.pint-prices.com/pub/28A%20Comeragh%20Rd,%20London%20W14%209HR/The%20Curtains%20Up",https://www.pint-prices.com/borough-results/Kensington%20and%20Chelsea,£6.73,2026-07-03T23:10:47+00:00
Kensington and Chelsea,122,The Curtains Up,CAMDEN HELLS,£7.15,7.15,"https://www.pint-prices.com/pub/28A%20Comeragh%20Rd,%20London%20W14%209HR/The%20Curtains%20Up",https://www.pint-prices.com/borough-results/Kensington%20and%20Chelsea,£6.73,2026-07-03T23:10:47+00:00
Kensington and Chelsea,123,The Curtains Up,PERONI,£7.15,7.15,"https://www.pint-prices.com/pub/28A%20Comeragh%20Rd,%20London%20W14%209HR/The%20Curtains%20Up",https://www.pint-prices.com/borough-results/Kensington%20and%20Chelsea,£6.73,2026-07-03T23:10:47+00:00
Kensington and Chelsea,124,The Curtains Up,CAMDEN HELLS,£7.15,7.15,"https://www.pint-prices.com/pub/28A%20Comeragh%20Rd,%20London%20W14%209HR/The%20Curtains%20Up",https://www.pint-prices.com/borough-results/Kensington%20and%20Chelsea,£6.73,2026-07-03T23:10:47+00:00
Kensington and Chelsea,125,The Pear Tree,FLENSBURG PILSNER,£7.25,7.25,"https://www.pint-prices.com/pub/14%20Margravine%20Rd,%20London%20W6%208HJ,%20UK/The%20Pear%20Tree",https://www.pint-prices.com/borough-results/Kensington%20and%20Chelsea,£6.73,2026-07-03T23:10:47+00:00
Kensington and Chelsea,126,Stanhope Arms,PERONI,£7.25,7.25,"https://www.pint-prices.com/pub/97%20Gloucester%20Road,%20SW7%204SS/Stanhope%20Arms",https://www.pint-prices.com/borough-results/Kensington%20and%20Chelsea,£6.73,2026-07-03T23:10:47+00:00
Kensington and Chelsea,127,Chelsea Potter,MADRI,£7.25,7.25,"https://www.pint-prices.com/pub/119%20Kings%20Road,%20SW3%204PL/Chelsea%20Potter",https://www.pint-prices.com/borough-results/Kensington%20and%20Chelsea,£6.73,2026-07-03T23:10:47+00:00
Kensington and Chelsea,128,Chelsea Potter,ESTRELLA,£7.25,7.25,"https://www.pint-prices.com/pub/119%20Kings%20Road,%20SW3%204PL/Chelsea%20Potter",https://www.pint-prices.com/borough-results/Kensington%20and%20Chelsea,£6.73,2026-07-03T23:10:47+00:00
Kensington and Chelsea,129,Greyhound,PERONI,£7.25,7.25,"https://www.pint-prices.com/pub/1%20Kensington%20Square,%20W8%205EP/Greyhound",https://www.pint-prices.com/borough-results/Kensington%20and%20Chelsea,£6.73,2026-07-03T23:10:47+00:00
Kensington and Chelsea,130,Pheonix,PERONI,£7.25,7.25,"https://www.pint-prices.com/pub/51%20Moscow%20Road,%20W2%204AL/Pheonix",https://www.pint-prices.com/borough-results/Kensington%20and%20Chelsea,£6.73,2026-07-03T23:10:47+00:00
Kensington and Chelsea,131,Bayswater Arms,ESTRELLA,£7.25,7.25,"https://www.pint-prices.com/pub/Queensway,%20W2%204QH/Bayswater%20Arms",https://www.pint-prices.com/borough-results/Kensington%20and%20Chelsea,£6.73,2026-07-03T23:10:47+00:00
Kensington and Chelsea,132,Sawyers Arms,NECK OIL,£7.25,7.25,"https://www.pint-prices.com/pub/8-9%20London%20Street,%20W2%201HL/Sawyers%20Arms",https://www.pint-prices.com/borough-results/Kensington%20and%20Chelsea,£6.73,2026-07-03T23:10:47+00:00
Kensington and Chelsea,133,Zetland Arms,PERONI,£7.30,7.3,"https://www.pint-prices.com/pub/2%20Bute%20Street,%20SW7%203EX/Zetland%20Arms",https://www.pint-prices.com/borough-results/Kensington%20and%20Chelsea,£6.73,2026-07-03T23:10:47+00:00
Kensington and Chelsea,134,Kings Head (Bayswater),PERONI,£7.30,7.3,"https://www.pint-prices.com/pub/33%20Moscow%20Road,%20W2%204AH/Kings%20Head%20(Bayswater)",https://www.pint-prices.com/borough-results/Kensington%20and%20Chelsea,£6.73,2026-07-03T23:10:47+00:00
Kensington and Chelsea,135,The Curtains Up,NECK OIL,£7.30,7.3,"https://www.pint-prices.com/pub/28A%20Comeragh%20Rd,%20London%20W14%209HR/The%20Curtains%20Up",https://www.pint-prices.com/borough-results/Kensington%20and%20Chelsea,£6.73,2026-07-03T23:10:47+00:00
Kensington and Chelsea,136,The Curtains Up,NECK OIL,£7.30,7.3,"https://www.pint-prices.com/pub/28A%20Comeragh%20Rd,%20London%20W14%209HR/The%20Curtains%20Up",https://www.pint-prices.com/borough-results/Kensington%20and%20Chelsea,£6.73,2026-07-03T23:10:47+00:00
Kensington and Chelsea,137,The Hansom Cab,ASAHI,£7.30,7.3,"https://www.pint-prices.com/pub/84-86%20Earls%20Ct%20Rd,%20London%20W8%206EG/The%20Hansom%20Cab",https://www.pint-prices.com/borough-results/Kensington%20and%20Chelsea,£6.73,2026-07-03T23:10:47+00:00
Kensington and Chelsea,138,The Hansom Cab,HAWKSTONE LAGER,£7.30,7.3,"https://www.pint-prices.com/pub/84-86%20Earls%20Ct%20Rd,%20London%20W8%206EG/The%20Hansom%20Cab",https://www.pint-prices.com/borough-results/Kensington%20and%20Chelsea,£6.73,2026-07-03T23:10:47+00:00
Kensington and Chelsea,139,Goat Tavern,PERONI,£7.35,7.35,"https://www.pint-prices.com/pub/3a%20Kensington%20High%20Street,%20W8%205NP/Goat%20Tavern",https://www.pint-prices.com/borough-results/Kensington%20and%20Chelsea,£6.73,2026-07-03T23:10:47+00:00
Kensington and Chelsea,140,Sawyers Arms,PERONI,£7.35,7.35,"https://www.pint-prices.com/pub/8-9%20London%20Street,%20W2%201HL/Sawyers%20Arms",https://www.pint-prices.com/borough-results/Kensington%20and%20Chelsea,£6.73,2026-07-03T23:10:47+00:00
Kensington and Chelsea,141,Courtfield,PERONI,£7.40,7.4,"https://www.pint-prices.com/pub/187%20Earls%20Court%20Road,%20SW5%209AN/Courtfield",https://www.pint-prices.com/borough-results/Kensington%20and%20Chelsea,£6.73,2026-07-03T23:10:47+00:00
Kensington and Chelsea,142,Earls Court Tavern,PERONI,£7.40,7.4,"https://www.pint-prices.com/pub/123%20Earls%20Court%20Road,%20SW5%209RL/Earls%20Court%20Tavern",https://www.pint-prices.com/borough-results/Kensington%20and%20Chelsea,£6.73,2026-07-03T23:10:47+00:00
Kensington and Chelsea,143,Hoop & Toy,PERONI,£7.40,7.4,"https://www.pint-prices.com/pub/34%20Thurloe%20Place,%20SW7%202HQ/Hoop%20%26%20Toy",https://www.pint-prices.com/borough-results/Kensington%20and%20Chelsea,£6.73,2026-07-03T23:10:47+00:00
Kensington and Chelsea,144,Greyhound,NECK OIL,£7.40,7.4,"https://www.pint-prices.com/pub/1%20Kensington%20Square,%20W8%205EP/Greyhound",https://www.pint-prices.com/borough-results/Kensington%20and%20Chelsea,£6.73,2026-07-03T23:10:47+00:00
Kensington and Chelsea,145,Goat Tavern,NECK OIL,£7.40,7.4,"https://www.pint-prices.com/pub/3a%20Kensington%20High%20Street,%20W8%205NP/Goat%20Tavern",https://www.pint-prices.com/borough-results/Kensington%20and%20Chelsea,£6.73,2026-07-03T23:10:47+00:00
Kensington and Chelsea,146,Old Swan (Kensington),PERONI,£7.40,7.4,"https://www.pint-prices.com/pub/206%20Kensington%20Church%20Street,%20W8%204DP/Old%20Swan%20(Kensington)",https://www.pint-prices.com/borough-results/Kensington%20and%20Chelsea,£6.73,2026-07-03T23:10:47+00:00
Kensington and Chelsea,147,Dickens Tavern,PERONI,£7.40,7.4,"https://www.pint-prices.com/pub/25%20London%20Street,%20W2%201HH/Dickens%20Tavern",https://www.pint-prices.com/borough-results/Kensington%20and%20Chelsea,£6.73,2026-07-03T23:10:47+00:00
Kensington and Chelsea,148,Fountains Abbey,PERONI,£7.40,7.4,"https://www.pint-prices.com/pub/109%20Praed%20Street,%20W2%201RL/Fountains%20Abbey",https://www.pint-prices.com/borough-results/Kensington%20and%20Chelsea,£6.73,2026-07-03T23:10:47+00:00
Kensington and Chelsea,149,Stanhope Arms,NECK OIL,£7.45,7.45,"https://www.pint-prices.com/pub/97%20Gloucester%20Road,%20SW7%204SS/Stanhope%20Arms",https://www.pint-prices.com/borough-results/Kensington%20and%20Chelsea,£6.73,2026-07-03T23:10:47+00:00
Kensington and Chelsea,150,Chelsea Potter,PERONI,£7.45,7.45,"https://www.pint-prices.com/pub/119%20Kings%20Road,%20SW3%204PL/Chelsea%20Potter",https://www.pint-prices.com/borough-results/Kensington%20and%20Chelsea,£6.73,2026-07-03T23:10:47+00:00
Kensington and Chelsea,151,Bayswater Arms,PERONI,£7.45,7.45,"https://www.pint-prices.com/pub/Queensway,%20W2%204QH/Bayswater%20Arms",https://www.pint-prices.com/borough-results/Kensington%20and%20Chelsea,£6.73,2026-07-03T23:10:47+00:00
Kensington and Chelsea,152,The Albion,NECK OIL,£7.50,7.5,"https://www.pint-prices.com/pub/121%20Hammersmith%20Rd,%20London%20W14%200QR,%20UK/The%20Albion",https://www.pint-prices.com/borough-results/Kensington%20and%20Chelsea,£6.73,2026-07-03T23:10:47+00:00
Kensington and Chelsea,153,The Albion,BRIXTON,£7.50,7.5,"https://www.pint-prices.com/pub/121%20Hammersmith%20Rd,%20London%20W14%200QR,%20UK/The%20Albion",https://www.pint-prices.com/borough-results/Kensington%20and%20Chelsea,£6.73,2026-07-03T23:10:47+00:00
Kensington and Chelsea,154,Kings Head (Bayswater),NECK OIL,£7.50,7.5,"https://www.pint-prices.com/pub/33%20Moscow%20Road,%20W2%204AH/Kings%20Head%20(Bayswater)",https://www.pint-prices.com/borough-results/Kensington%20and%20Chelsea,£6.73,2026-07-03T23:10:47+00:00
Kensington and Chelsea,155,The Holland,BIRRA MORETTI,£7.50,7.5,"https://www.pint-prices.com/pub/25%20Earls%20Court%20Rd,%20London%20W8%206EB/The%20Holland",https://www.pint-prices.com/borough-results/Kensington%20and%20Chelsea,£6.73,2026-07-03T23:10:47+00:00
Kensington and Chelsea,156,The Stablehand,STABLEHAND LAGER,£7.50,7.5,"https://www.pint-prices.com/pub/4%20Bathurst%20St,%20Tyburnia,%20London%20W2%202SD/The%20Stablehand",https://www.pint-prices.com/borough-results/Kensington%20and%20Chelsea,£6.73,2026-07-03T23:10:47+00:00
Kensington and Chelsea,157,The Hansom Cab,JUBEL CUT WITH PEACH,£7.50,7.5,"https://www.pint-prices.com/pub/84-86%20Earls%20Ct%20Rd,%20London%20W8%206EG/The%20Hansom%20Cab",https://www.pint-prices.com/borough-results/Kensington%20and%20Chelsea,£6.73,2026-07-03T23:10:47+00:00
Kensington and Chelsea,158,Chelsea Potter,NECK OIL,£7.55,7.55,"https://www.pint-prices.com/pub/119%20Kings%20Road,%20SW3%204PL/Chelsea%20Potter",https://www.pint-prices.com/borough-results/Kensington%20and%20Chelsea,£6.73,2026-07-03T23:10:47+00:00
Kensington and Chelsea,159,Prince of Wales,NECK OIL,£7.55,7.55,"https://www.pint-prices.com/pub/8%20Kensington%20Church%20Street,%20W8%204EP/Prince%20of%20Wales",https://www.pint-prices.com/borough-results/Kensington%20and%20Chelsea,£6.73,2026-07-03T23:10:47+00:00
Kensington and Chelsea,160,Old Swan (Kensington),NECK OIL,£7.55,7.55,"https://www.pint-prices.com/pub/206%20Kensington%20Church%20Street,%20W8%204DP/Old%20Swan%20(Kensington)",https://www.pint-prices.com/borough-results/Kensington%20and%20Chelsea,£6.73,2026-07-03T23:10:47+00:00
Kensington and Chelsea,161,Bayswater Arms,NECK OIL,£7.55,7.55,"https://www.pint-prices.com/pub/Queensway,%20W2%204QH/Bayswater%20Arms",https://www.pint-prices.com/borough-results/Kensington%20and%20Chelsea,£6.73,2026-07-03T23:10:47+00:00
Kensington and Chelsea,162,Dickens Tavern,NECK OIL,£7.55,7.55,"https://www.pint-prices.com/pub/25%20London%20Street,%20W2%201HH/Dickens%20Tavern",https://www.pint-prices.com/borough-results/Kensington%20and%20Chelsea,£6.73,2026-07-03T23:10:47+00:00
Kensington and Chelsea,163,Fountains Abbey,NECK OIL,£7.55,7.55,"https://www.pint-prices.com/pub/109%20Praed%20Street,%20W2%201RL/Fountains%20Abbey",https://www.pint-prices.com/borough-results/Kensington%20and%20Chelsea,£6.73,2026-07-03T23:10:47+00:00
Kensington and Chelsea,164,Zetland Arms,NECK OIL,£7.60,7.6,"https://www.pint-prices.com/pub/2%20Bute%20Street,%20SW7%203EX/Zetland%20Arms",https://www.pint-prices.com/borough-results/Kensington%20and%20Chelsea,£6.73,2026-07-03T23:10:47+00:00
Kensington and Chelsea,165,Hoop & Toy,NECK OIL,£7.65,7.65,"https://www.pint-prices.com/pub/34%20Thurloe%20Place,%20SW7%202HQ/Hoop%20%26%20Toy",https://www.pint-prices.com/borough-results/Kensington%20and%20Chelsea,£6.73,2026-07-03T23:10:47+00:00
Kensington and Chelsea,166,The Hansom Cab,PERONI,£7.80,7.8,"https://www.pint-prices.com/pub/84-86%20Earls%20Ct%20Rd,%20London%20W8%206EG/The%20Hansom%20Cab",https://www.pint-prices.com/borough-results/Kensington%20and%20Chelsea,£6.73,2026-07-03T23:10:47+00:00
Kensington and Chelsea,167,The Hansom Cab,CAMDEN EAZY IPA,£7.80,7.8,"https://www.pint-prices.com/pub/84-86%20Earls%20Ct%20Rd,%20London%20W8%206EG/The%20Hansom%20Cab",https://www.pint-prices.com/borough-results/Kensington%20and%20Chelsea,£6.73,2026-07-03T23:10:47+00:00
Kensington and Chelsea,168,The Hansom Cab,HOEGAARDEN,£7.80,7.8,"https://www.pint-prices.com/pub/84-86%20Earls%20Ct%20Rd,%20London%20W8%206EG/The%20Hansom%20Cab",https://www.pint-prices.com/borough-results/Kensington%20and%20Chelsea,£6.73,2026-07-03T23:10:47+00:00
Kensington and Chelsea,169,Blackbird,GUINESS,£7.85,7.85,https://www.pint-prices.com/pub/Earl's%20Court%20/Blackbird,https://www.pint-prices.com/borough-results/Kensington%20and%20Chelsea,£6.73,2026-07-03T23:10:47+00:00
Kingston upon Thames,1,The Coronation Hall - JD Wetherspoon,BUD LIGHT,£2.59,2.59,"https://www.pint-prices.com/pub/St%20Mark's%20Hill,%20Surbiton,%20KT6%204LQ/The%20Coronation%20Hall%20-%20JD%20Wetherspoon",https://www.pint-prices.com/borough-results/Kingston%20upon%20Thames,£4.00,2026-07-03T23:10:47+00:00
Kingston upon Thames,2,The King's Tun - JD Wetherspoon,BUD LIGHT,£2.77,2.77,"https://www.pint-prices.com/pub/153-157%20Clarence%20St,%20Kingston%20upon%20Thames%20KT1%201QT,%20UK/The%20King's%20Tun%20-%20JD%20Wetherspoon",https://www.pint-prices.com/borough-results/Kingston%20upon%20Thames,£4.00,2026-07-03T23:10:47+00:00
Kingston upon Thames,3,The Coronation Hall - JD Wetherspoon,CARLSBERG PILSNER,£2.83,2.83,"https://www.pint-prices.com/pub/St%20Mark's%20Hill,%20Surbiton,%20KT6%204LQ/The%20Coronation%20Hall%20-%20JD%20Wetherspoon",https://www.pint-prices.com/borough-results/Kingston%20upon%20Thames,£4.00,2026-07-03T23:10:47+00:00
Kingston upon Thames,4,The King's Tun - JD Wetherspoon,CARLSBERG PILSNER,£3.45,3.45,"https://www.pint-prices.com/pub/153-157%20Clarence%20St,%20Kingston%20upon%20Thames%20KT1%201QT,%20UK/The%20King's%20Tun%20-%20JD%20Wetherspoon",https://www.pint-prices.com/borough-results/Kingston%20upon%20Thames,£4.00,2026-07-03T23:10:47+00:00
Kingston upon Thames,5,The Coronation Hall - JD Wetherspoon,GUINNESS,£3.53,3.53,"https://www.pint-prices.com/pub/St%20Mark's%20Hill,%20Surbiton,%20KT6%204LQ/The%20Coronation%20Hall%20-%20JD%20Wetherspoon",https://www.pint-prices.com/borough-results/Kingston%20upon%20Thames,£4.00,2026-07-03T23:10:47+00:00
Kingston upon Thames,6,The Coronation Hall - JD Wetherspoon,CARLING,£3.89,3.89,"https://www.pint-prices.com/pub/St%20Mark's%20Hill,%20Surbiton,%20KT6%204LQ/The%20Coronation%20Hall%20-%20JD%20Wetherspoon",https://www.pint-prices.com/borough-results/Kingston%20upon%20Thames,£4.00,2026-07-03T23:10:47+00:00
Kingston upon Thames,7,The Coronation Hall - JD Wetherspoon,COORS,£3.89,3.89,"https://www.pint-prices.com/pub/St%20Mark's%20Hill,%20Surbiton,%20KT6%204LQ/The%20Coronation%20Hall%20-%20JD%20Wetherspoon",https://www.pint-prices.com/borough-results/Kingston%20upon%20Thames,£4.00,2026-07-03T23:10:47+00:00
Kingston upon Thames,8,The Coronation Hall - JD Wetherspoon,BUDWEISER,£3.96,3.96,"https://www.pint-prices.com/pub/St%20Mark's%20Hill,%20Surbiton,%20KT6%204LQ/The%20Coronation%20Hall%20-%20JD%20Wetherspoon",https://www.pint-prices.com/borough-results/Kingston%20upon%20Thames,£4.00,2026-07-03T23:10:47+00:00
Kingston upon Thames,9,The Coronation Hall - JD Wetherspoon,STELLA ARTOIS,£4.08,4.08,"https://www.pint-prices.com/pub/St%20Mark's%20Hill,%20Surbiton,%20KT6%204LQ/The%20Coronation%20Hall%20-%20JD%20Wetherspoon",https://www.pint-prices.com/borough-results/Kingston%20upon%20Thames,£4.00,2026-07-03T23:10:47+00:00
Kingston upon Thames,10,The King's Tun - JD Wetherspoon,CARLING,£4.18,4.18,"https://www.pint-prices.com/pub/153-157%20Clarence%20St,%20Kingston%20upon%20Thames%20KT1%201QT,%20UK/The%20King's%20Tun%20-%20JD%20Wetherspoon",https://www.pint-prices.com/borough-results/Kingston%20upon%20Thames,£4.00,2026-07-03T23:10:47+00:00
Kingston upon Thames,11,The King's Tun - JD Wetherspoon,COORS,£4.18,4.18,"https://www.pint-prices.com/pub/153-157%20Clarence%20St,%20Kingston%20upon%20Thames%20KT1%201QT,%20UK/The%20King's%20Tun%20-%20JD%20Wetherspoon",https://www.pint-prices.com/borough-results/Kingston%20upon%20Thames,£4.00,2026-07-03T23:10:47+00:00
Kingston upon Thames,12,The Coronation Hall - JD Wetherspoon,CORONA,£4.20,4.2,"https://www.pint-prices.com/pub/St%20Mark's%20Hill,%20Surbiton,%20KT6%204LQ/The%20Coronation%20Hall%20-%20JD%20Wetherspoon",https://www.pint-prices.com/borough-results/Kingston%20upon%20Thames,£4.00,2026-07-03T23:10:47+00:00
Kingston upon Thames,13,The Coronation Hall - JD Wetherspoon,SAN MIGUEL,£4.20,4.2,"https://www.pint-prices.com/pub/St%20Mark's%20Hill,%20Surbiton,%20KT6%204LQ/The%20Coronation%20Hall%20-%20JD%20Wetherspoon",https://www.pint-prices.com/borough-results/Kingston%20upon%20Thames,£4.00,2026-07-03T23:10:47+00:00
Kingston upon Thames,14,The King's Tun - JD Wetherspoon,GUINNESS,£4.21,4.21,"https://www.pint-prices.com/pub/153-157%20Clarence%20St,%20Kingston%20upon%20Thames%20KT1%201QT,%20UK/The%20King's%20Tun%20-%20JD%20Wetherspoon",https://www.pint-prices.com/borough-results/Kingston%20upon%20Thames,£4.00,2026-07-03T23:10:47+00:00
Kingston upon Thames,15,The King's Tun - JD Wetherspoon,BUDWEISER,£4.40,4.4,"https://www.pint-prices.com/pub/153-157%20Clarence%20St,%20Kingston%20upon%20Thames%20KT1%201QT,%20UK/The%20King's%20Tun%20-%20JD%20Wetherspoon",https://www.pint-prices.com/borough-results/Kingston%20upon%20Thames,£4.00,2026-07-03T23:10:47+00:00
Kingston upon Thames,16,The Coronation Hall - JD Wetherspoon,LEFFE BLONDE,£4.55,4.55,"https://www.pint-prices.com/pub/St%20Mark's%20Hill,%20Surbiton,%20KT6%204LQ/The%20Coronation%20Hall%20-%20JD%20Wetherspoon",https://www.pint-prices.com/borough-results/Kingston%20upon%20Thames,£4.00,2026-07-03T23:10:47+00:00
Kingston upon Thames,17,The King's Tun - JD Wetherspoon,STELLA ARTOIS,£4.62,4.62,"https://www.pint-prices.com/pub/153-157%20Clarence%20St,%20Kingston%20upon%20Thames%20KT1%201QT,%20UK/The%20King's%20Tun%20-%20JD%20Wetherspoon",https://www.pint-prices.com/borough-results/Kingston%20upon%20Thames,£4.00,2026-07-03T23:10:47+00:00
Kingston upon Thames,18,The King's Tun - JD Wetherspoon,CORONA,£4.72,4.72,"https://www.pint-prices.com/pub/153-157%20Clarence%20St,%20Kingston%20upon%20Thames%20KT1%201QT,%20UK/The%20King's%20Tun%20-%20JD%20Wetherspoon",https://www.pint-prices.com/borough-results/Kingston%20upon%20Thames,£4.00,2026-07-03T23:10:47+00:00
Kingston upon Thames,19,The King's Tun - JD Wetherspoon,SAN MIGUEL,£4.73,4.73,"https://www.pint-prices.com/pub/153-157%20Clarence%20St,%20Kingston%20upon%20Thames%20KT1%201QT,%20UK/The%20King's%20Tun%20-%20JD%20Wetherspoon",https://www.pint-prices.com/borough-results/Kingston%20upon%20Thames,£4.00,2026-07-03T23:10:47+00:00
Kingston upon Thames,20,The King's Tun - JD Wetherspoon,LEFFE BLONDE,£5.06,5.06,"https://www.pint-prices.com/pub/153-157%20Clarence%20St,%20Kingston%20upon%20Thames%20KT1%201QT,%20UK/The%20King's%20Tun%20-%20JD%20Wetherspoon",https://www.pint-prices.com/borough-results/Kingston%20upon%20Thames,£4.00,2026-07-03T23:10:47+00:00
Lambeth,1,The Fox on the Hill,BUD LIGHT,£1.99,1.99,"https://www.pint-prices.com/pub/149%20Denmark%20Hill,%20,%20Camberwell,%20England/The%20Fox%20on%20the%20Hill",https://www.pint-prices.com/borough-results/Lambeth,£5.32,2026-07-03T23:10:47+00:00
Lambeth,2,The Fox on the Hill - JD Wetherspoon,BUD LIGHT,£2.59,2.59,"https://www.pint-prices.com/pub/149%20Denmark%20Hill,%20Camberwell,%20SE5%208EH/The%20Fox%20on%20the%20Hill%20-%20JD%20Wetherspoon",https://www.pint-prices.com/borough-results/Lambeth,£5.32,2026-07-03T23:10:47+00:00
Lambeth,3,The Fox on the Hill - JD Wetherspoon,CARLSBERG PILSNER,£2.83,2.83,"https://www.pint-prices.com/pub/149%20Denmark%20Hill,%20Camberwell,%20SE5%208EH/The%20Fox%20on%20the%20Hill%20-%20JD%20Wetherspoon",https://www.pint-prices.com/borough-results/Lambeth,£5.32,2026-07-03T23:10:47+00:00
Lambeth,4,The Beehive - JD Wetherspoon,BUD LIGHT,£2.89,2.89,"https://www.pint-prices.com/pub/407-409%20Brixton%20Rd,%20London%20SW9%207DG,%20UK/The%20Beehive%20-%20JD%20Wetherspoon",https://www.pint-prices.com/borough-results/Lambeth,£5.32,2026-07-03T23:10:47+00:00
Lambeth,5,The Fox on the Hill,CARLSBERG PILSNER,£2.94,2.94,"https://www.pint-prices.com/pub/149%20Denmark%20Hill,%20,%20Camberwell,%20England/The%20Fox%20on%20the%20Hill",https://www.pint-prices.com/borough-results/Lambeth,£5.32,2026-07-03T23:10:47+00:00
Lambeth,6,The Fox on the Hill,STRONGBOW DARK FRUIT,£3.09,3.09,"https://www.pint-prices.com/pub/149%20Denmark%20Hill,%20,%20Camberwell,%20England/The%20Fox%20on%20the%20Hill",https://www.pint-prices.com/borough-results/Lambeth,£5.32,2026-07-03T23:10:47+00:00
Lambeth,7,The Hand in Hand,CARLSBERG,£3.10,3.1,"https://www.pint-prices.com/pub/61%20New%20Park%20Rd,%20Brixton%20Hill,%20London%20SW2%204EN/The%20Hand%20in%20Hand",https://www.pint-prices.com/borough-results/Lambeth,£5.32,2026-07-03T23:10:47+00:00
Lambeth,8,The Fox on the Hill,GREENE KING ABBOT ALE,£3.27,3.27,"https://www.pint-prices.com/pub/149%20Denmark%20Hill,%20,%20Camberwell,%20England/The%20Fox%20on%20the%20Hill",https://www.pint-prices.com/borough-results/Lambeth,£5.32,2026-07-03T23:10:47+00:00
Lambeth,9,The Beehive - JD Wetherspoon,CARLSBERG PILSNER,£3.33,3.33,"https://www.pint-prices.com/pub/407-409%20Brixton%20Rd,%20London%20SW9%207DG,%20UK/The%20Beehive%20-%20JD%20Wetherspoon",https://www.pint-prices.com/borough-results/Lambeth,£5.32,2026-07-03T23:10:47+00:00
Lambeth,10,The Fox on the Hill,CARLING,£3.49,3.49,"https://www.pint-prices.com/pub/149%20Denmark%20Hill,%20,%20Camberwell,%20England/The%20Fox%20on%20the%20Hill",https://www.pint-prices.com/borough-results/Lambeth,£5.32,2026-07-03T23:10:47+00:00
Lambeth,11,The Hand in Hand,GUINNESS,£3.90,3.9,"https://www.pint-prices.com/pub/61%20New%20Park%20Rd,%20Brixton%20Hill,%20London%20SW2%204EN/The%20Hand%20in%20Hand",https://www.pint-prices.com/borough-results/Lambeth,£5.32,2026-07-03T23:10:47+00:00
Lambeth,12,The Beehive - JD Wetherspoon,GUINNESS,£4.07,4.07,"https://www.pint-prices.com/pub/407-409%20Brixton%20Rd,%20London%20SW9%207DG,%20UK/The%20Beehive%20-%20JD%20Wetherspoon",https://www.pint-prices.com/borough-results/Lambeth,£5.32,2026-07-03T23:10:47+00:00
Lambeth,13,The Fox on the Hill - JD Wetherspoon,GUINNESS,£4.07,4.07,"https://www.pint-prices.com/pub/149%20Denmark%20Hill,%20Camberwell,%20SE5%208EH/The%20Fox%20on%20the%20Hill%20-%20JD%20Wetherspoon",https://www.pint-prices.com/borough-results/Lambeth,£5.32,2026-07-03T23:10:47+00:00
Lambeth,14,The Fox on the Hill - JD Wetherspoon,CARLING,£4.13,4.13,"https://www.pint-prices.com/pub/149%20Denmark%20Hill,%20Camberwell,%20SE5%208EH/The%20Fox%20on%20the%20Hill%20-%20JD%20Wetherspoon",https://www.pint-prices.com/borough-results/Lambeth,£5.32,2026-07-03T23:10:47+00:00
Lambeth,15,The Fox on the Hill - JD Wetherspoon,COORS,£4.13,4.13,"https://www.pint-prices.com/pub/149%20Denmark%20Hill,%20Camberwell,%20SE5%208EH/The%20Fox%20on%20the%20Hill%20-%20JD%20Wetherspoon",https://www.pint-prices.com/borough-results/Lambeth,£5.32,2026-07-03T23:10:47+00:00
Lambeth,16,Effra Social,CASK ALE,£4.20,4.2,"https://www.pint-prices.com/pub/89%20Effra%20Rd,%20London%20SW2%201DF,%20UK/Effra%20Social",https://www.pint-prices.com/borough-results/Lambeth,£5.32,2026-07-03T23:10:47+00:00
Lambeth,17,The Fox on the Hill - JD Wetherspoon,BUDWEISER,£4.20,4.2,"https://www.pint-prices.com/pub/149%20Denmark%20Hill,%20Camberwell,%20SE5%208EH/The%20Fox%20on%20the%20Hill%20-%20JD%20Wetherspoon",https://www.pint-prices.com/borough-results/Lambeth,£5.32,2026-07-03T23:10:47+00:00
Lambeth,18,The Fox on the Hill,BUDWEISER,£4.37,4.37,"https://www.pint-prices.com/pub/149-153%20Denmark%20Hill,%20London%20SE5%208EH/The%20Fox%20on%20the%20Hill",https://www.pint-prices.com/borough-results/Lambeth,£5.32,2026-07-03T23:10:47+00:00
Lambeth,19,The Fox on the Hill,BUDWEISER,£4.37,4.37,"https://www.pint-prices.com/pub/149%20Denmark%20Hill,%20,%20Camberwell,%20England/The%20Fox%20on%20the%20Hill",https://www.pint-prices.com/borough-results/Lambeth,£5.32,2026-07-03T23:10:47+00:00
Lambeth,20,The Fox on the Hill,GUINNESS,£4.38,4.38,"https://www.pint-prices.com/pub/149%20Denmark%20Hill,%20,%20Camberwell,%20England/The%20Fox%20on%20the%20Hill",https://www.pint-prices.com/borough-results/Lambeth,£5.32,2026-07-03T23:10:47+00:00
Lambeth,21,The Beehive - JD Wetherspoon,CARLING,£4.41,4.41,"https://www.pint-prices.com/pub/407-409%20Brixton%20Rd,%20London%20SW9%207DG,%20UK/The%20Beehive%20-%20JD%20Wetherspoon",https://www.pint-prices.com/borough-results/Lambeth,£5.32,2026-07-03T23:10:47+00:00
Lambeth,22,The Beehive - JD Wetherspoon,COORS,£4.41,4.41,"https://www.pint-prices.com/pub/407-409%20Brixton%20Rd,%20London%20SW9%207DG,%20UK/The%20Beehive%20-%20JD%20Wetherspoon",https://www.pint-prices.com/borough-results/Lambeth,£5.32,2026-07-03T23:10:47+00:00
Lambeth,23,The Beehive - JD Wetherspoon,BUDWEISER,£4.46,4.46,"https://www.pint-prices.com/pub/407-409%20Brixton%20Rd,%20London%20SW9%207DG,%20UK/The%20Beehive%20-%20JD%20Wetherspoon",https://www.pint-prices.com/borough-results/Lambeth,£5.32,2026-07-03T23:10:47+00:00
Lambeth,24,The Fox on the Hill - JD Wetherspoon,STELLA ARTOIS,£4.55,4.55,"https://www.pint-prices.com/pub/149%20Denmark%20Hill,%20Camberwell,%20SE5%208EH/The%20Fox%20on%20the%20Hill%20-%20JD%20Wetherspoon",https://www.pint-prices.com/borough-results/Lambeth,£5.32,2026-07-03T23:10:47+00:00
Lambeth,25,The Beehive - JD Wetherspoon,STELLA ARTOIS,£4.68,4.68,"https://www.pint-prices.com/pub/407-409%20Brixton%20Rd,%20London%20SW9%207DG,%20UK/The%20Beehive%20-%20JD%20Wetherspoon",https://www.pint-prices.com/borough-results/Lambeth,£5.32,2026-07-03T23:10:47+00:00
Lambeth,26,The Fox on the Hill - JD Wetherspoon,CORONA,£4.68,4.68,"https://www.pint-prices.com/pub/149%20Denmark%20Hill,%20Camberwell,%20SE5%208EH/The%20Fox%20on%20the%20Hill%20-%20JD%20Wetherspoon",https://www.pint-prices.com/borough-results/Lambeth,£5.32,2026-07-03T23:10:47+00:00
Lambeth,27,The Fox on the Hill - JD Wetherspoon,SAN MIGUEL,£4.68,4.68,"https://www.pint-prices.com/pub/149%20Denmark%20Hill,%20Camberwell,%20SE5%208EH/The%20Fox%20on%20the%20Hill%20-%20JD%20Wetherspoon",https://www.pint-prices.com/borough-results/Lambeth,£5.32,2026-07-03T23:10:47+00:00
Lambeth,28,Feeley's,GUINNESS,£4.70,4.7,"https://www.pint-prices.com/pub/99%20Union%20Rd,%20London%20SW8%202RF/Feeley's",https://www.pint-prices.com/borough-results/Lambeth,£5.32,2026-07-03T23:10:47+00:00
Lambeth,29,The Beehive - JD Wetherspoon,CORONA,£4.78,4.78,"https://www.pint-prices.com/pub/407-409%20Brixton%20Rd,%20London%20SW9%207DG,%20UK/The%20Beehive%20-%20JD%20Wetherspoon",https://www.pint-prices.com/borough-results/Lambeth,£5.32,2026-07-03T23:10:47+00:00
Lambeth,30,The Beehive - JD Wetherspoon,SAN MIGUEL,£4.78,4.78,"https://www.pint-prices.com/pub/407-409%20Brixton%20Rd,%20London%20SW9%207DG,%20UK/The%20Beehive%20-%20JD%20Wetherspoon",https://www.pint-prices.com/borough-results/Lambeth,£5.32,2026-07-03T23:10:47+00:00
Lambeth,31,The Marquis of Lorne,GUINNESS,£4.80,4.8,"https://www.pint-prices.com/pub/49%20Dalyell%20Rd,%20London%20SW9%209SA/The%20Marquis%20of%20Lorne",https://www.pint-prices.com/borough-results/Lambeth,£5.32,2026-07-03T23:10:47+00:00
Lambeth,32,The Fox on the Hill,CORONA,£4.86,4.86,"https://www.pint-prices.com/pub/149%20Denmark%20Hill,%20,%20Camberwell,%20England/The%20Fox%20on%20the%20Hill",https://www.pint-prices.com/borough-results/Lambeth,£5.32,2026-07-03T23:10:47+00:00
Lambeth,33,The Prince Regent,TAYLORS LANDLORD,£5.00,5.0,"https://www.pint-prices.com/pub/69%20Dulwich%20Rd,%20London%20SE24%200NJ,%20UK/The%20Prince%20Regent",https://www.pint-prices.com/borough-results/Lambeth,£5.32,2026-07-03T23:10:47+00:00
Lambeth,34,The Pheonix,FOSTERS,£5.00,5.0,"https://www.pint-prices.com/pub/348%20Clapham%20Rd,%20London%20SW9%209AR/The%20Pheonix",https://www.pint-prices.com/borough-results/Lambeth,£5.32,2026-07-03T23:10:47+00:00
Lambeth,35,Effra Social,GUINNESS,£5.00,5.0,"https://www.pint-prices.com/pub/89%20Effra%20Rd,%20London%20SW2%201DF,%20UK/Effra%20Social",https://www.pint-prices.com/borough-results/Lambeth,£5.32,2026-07-03T23:10:47+00:00
Lambeth,36,The Surprise,YOUNGS ORIGINAL,£5.00,5.0,"https://www.pint-prices.com/pub/16%20Southville,%20London%20SW8%202PP/The%20Surprise",https://www.pint-prices.com/borough-results/Lambeth,£5.32,2026-07-03T23:10:47+00:00
Lambeth,37,The Fox on the Hill - JD Wetherspoon,LEFFE BLONDE,£5.03,5.03,"https://www.pint-prices.com/pub/149%20Denmark%20Hill,%20Camberwell,%20SE5%208EH/The%20Fox%20on%20the%20Hill%20-%20JD%20Wetherspoon",https://www.pint-prices.com/borough-results/Lambeth,£5.32,2026-07-03T23:10:47+00:00
Lambeth,38,The Beehive - JD Wetherspoon,LEFFE BLONDE,£5.11,5.11,"https://www.pint-prices.com/pub/407-409%20Brixton%20Rd,%20London%20SW9%207DG,%20UK/The%20Beehive%20-%20JD%20Wetherspoon",https://www.pint-prices.com/borough-results/Lambeth,£5.32,2026-07-03T23:10:47+00:00
Lambeth,39,Effra Social,HOUSE LAGER,£5.20,5.2,"https://www.pint-prices.com/pub/89%20Effra%20Rd,%20London%20SW2%201DF,%20UK/Effra%20Social",https://www.pint-prices.com/borough-results/Lambeth,£5.32,2026-07-03T23:10:47+00:00
Lambeth,40,Dogstar,PRAVHA,£5.25,5.25,"https://www.pint-prices.com/pub/389%20Coldharbour%20Ln,%20London%20SW9%208LQ,%20UK/Dogstar",https://www.pint-prices.com/borough-results/Lambeth,£5.32,2026-07-03T23:10:47+00:00
Lambeth,41,The Prince Of Wales,BECKS,£5.25,5.25,"https://www.pint-prices.com/pub/467-%20469%20Brixton%20Rd,%20London%20SW9%208HH,%20UK/The%20Prince%20Of%20Wales",https://www.pint-prices.com/borough-results/Lambeth,£5.32,2026-07-03T23:10:47+00:00
Lambeth,42,The Coach & Horses,AMSTEL,£5.40,5.4,"https://www.pint-prices.com/pub/173%20Clapham%20Park%20Rd,%20London%20SW4%207EX,%20UK/The%20Coach%20%26%20Horses",https://www.pint-prices.com/borough-results/Lambeth,£5.32,2026-07-03T23:10:47+00:00
Lambeth,43,Price Albert,AMSTEL,£5.40,5.4,"https://www.pint-prices.com/pub/418%20Coldharbour%20Lane,%20SW9%208LF/Price%20Albert",https://www.pint-prices.com/borough-results/Lambeth,£5.32,2026-07-03T23:10:47+00:00
Lambeth,44,The Surprise,MADRI,£5.40,5.4,"https://www.pint-prices.com/pub/16%20Southville,%20London%20SW8%202PP/The%20Surprise",https://www.pint-prices.com/borough-results/Lambeth,£5.32,2026-07-03T23:10:47+00:00
Lambeth,45,Price Albert,GUINNESS,£5.45,5.45,"https://www.pint-prices.com/pub/418%20Coldharbour%20Lane,%20SW9%208LF/Price%20Albert",https://www.pint-prices.com/borough-results/Lambeth,£5.32,2026-07-03T23:10:47+00:00
Lambeth,46,The Bread & Roses,CARLSBERG,£5.50,5.5,"https://www.pint-prices.com/pub/68%20Clapham%20Manor%20St,%20London%20SW4%206DZ,%20UK/The%20Bread%20%26%20Roses",https://www.pint-prices.com/borough-results/Lambeth,£5.32,2026-07-03T23:10:47+00:00
Lambeth,47,The Rookery,ESTRELLA,£5.50,5.5,"https://www.pint-prices.com/pub/69%20Clapham%20Common%20South%20Side,%20London%20SW4%209DA,%20UK/The%20Rookery",https://www.pint-prices.com/borough-results/Lambeth,£5.32,2026-07-03T23:10:47+00:00
Lambeth,48,The Prince Of Wales,BUDWEISER,£5.50,5.5,"https://www.pint-prices.com/pub/467-%20469%20Brixton%20Rd,%20London%20SW9%208HH,%20UK/The%20Prince%20Of%20Wales",https://www.pint-prices.com/borough-results/Lambeth,£5.32,2026-07-03T23:10:47+00:00
Lambeth,49,The Prince Of Wales,STELLA ARTOIS,£5.50,5.5,"https://www.pint-prices.com/pub/467-%20469%20Brixton%20Rd,%20London%20SW9%208HH,%20UK/The%20Prince%20Of%20Wales",https://www.pint-prices.com/borough-results/Lambeth,£5.32,2026-07-03T23:10:47+00:00
Lambeth,50,The Effra Hall Tavern,GUINNESS,£5.50,5.5,"https://www.pint-prices.com/pub/38A%20Kellett%20Rd,%20London%20SW2%201EB,%20UK/The%20Effra%20Hall%20Tavern",https://www.pint-prices.com/borough-results/Lambeth,£5.32,2026-07-03T23:10:47+00:00
Lambeth,51,The Rookery,BROOKLYN PILSNER,£5.60,5.6,"https://www.pint-prices.com/pub/69%20Clapham%20Common%20South%20Side,%20London%20SW4%209DA,%20UK/The%20Rookery",https://www.pint-prices.com/borough-results/Lambeth,£5.32,2026-07-03T23:10:47+00:00
Lambeth,52,Cafe Sol,MAGNERS,£5.60,5.6,"https://www.pint-prices.com/pub/56%20Clapham%20High%20St,%20London%20SW4%207UL/Cafe%20Sol",https://www.pint-prices.com/borough-results/Lambeth,£5.32,2026-07-03T23:10:47+00:00
Lambeth,53,The Prince Albert,AMSTEL,£5.65,5.65,"https://www.pint-prices.com/pub/418%20Coldharbour%20Ln,%20London%20SW9%208LF,%20UK/The%20Prince%20Albert",https://www.pint-prices.com/borough-results/Lambeth,£5.32,2026-07-03T23:10:47+00:00
Lambeth,54,Price Albert,STELLA ARTOIS,£5.65,5.65,"https://www.pint-prices.com/pub/418%20Coldharbour%20Lane,%20SW9%208LF/Price%20Albert",https://www.pint-prices.com/borough-results/Lambeth,£5.32,2026-07-03T23:10:47+00:00
Lambeth,55,The Surprise,GUINNESS,£5.70,5.7,"https://www.pint-prices.com/pub/16%20Southville,%20London%20SW8%202PP/The%20Surprise",https://www.pint-prices.com/borough-results/Lambeth,£5.32,2026-07-03T23:10:47+00:00
Lambeth,56,The Rookery,CAMDEN HELLS,£5.75,5.75,"https://www.pint-prices.com/pub/69%20Clapham%20Common%20South%20Side,%20London%20SW4%209DA,%20UK/The%20Rookery",https://www.pint-prices.com/borough-results/Lambeth,£5.32,2026-07-03T23:10:47+00:00
Lambeth,57,The Prince Of Wales,GUINNESS,£5.75,5.75,"https://www.pint-prices.com/pub/467-%20469%20Brixton%20Rd,%20London%20SW9%208HH,%20UK/The%20Prince%20Of%20Wales",https://www.pint-prices.com/borough-results/Lambeth,£5.32,2026-07-03T23:10:47+00:00
Lambeth,58,The Pig's Head,PALE ALE,£5.75,5.75,"https://www.pint-prices.com/pub/87%20Rectory%20Grove,%20London%20SW4%200DR/The%20Pig's%20Head",https://www.pint-prices.com/borough-results/Lambeth,£5.32,2026-07-03T23:10:47+00:00
Lambeth,59,The Cavendish Arms,FREEDOM LAGER,£5.75,5.75,"https://www.pint-prices.com/pub/128%20Hartington%20Rd,%20London%20SW8%202HJ/The%20Cavendish%20Arms",https://www.pint-prices.com/borough-results/Lambeth,£5.32,2026-07-03T23:10:47+00:00
Lambeth,60,The Rookery,GUINNESS,£5.80,5.8,"https://www.pint-prices.com/pub/69%20Clapham%20Common%20South%20Side,%20London%20SW4%209DA,%20UK/The%20Rookery",https://www.pint-prices.com/borough-results/Lambeth,£5.32,2026-07-03T23:10:47+00:00
Lambeth,61,The Stonhouse,AMSTEL,£5.80,5.8,"https://www.pint-prices.com/pub/165%20Stonhouse%20St,%20London%20SW4%206BJ,%20UK/The%20Stonhouse",https://www.pint-prices.com/borough-results/Lambeth,£5.32,2026-07-03T23:10:47+00:00
Lambeth,62,Prince of Wales,AMSTEL,£5.80,5.8,"https://www.pint-prices.com/pub/38%20Old%20Town,%20London%20SW4%200LB/Prince%20of%20Wales",https://www.pint-prices.com/borough-results/Lambeth,£5.32,2026-07-03T23:10:47+00:00
Lambeth,63,The Abbeville,AMSTEL,£5.80,5.8,"https://www.pint-prices.com/pub/67-69%20Abbeville%20Rd,%20London%20SW4%209JW/The%20Abbeville",https://www.pint-prices.com/borough-results/Lambeth,£5.32,2026-07-03T23:10:47+00:00
Lambeth,64,Joiner's Arms,STAROPRAMEN,£5.90,5.9,"https://www.pint-prices.com/pub/35%20Denmark%20Hill,%20London%20SE5%208RS/Joiner's%20Arms",https://www.pint-prices.com/borough-results/Lambeth,£5.32,2026-07-03T23:10:47+00:00
Lambeth,65,The Landor,PRAVHA,£5.90,5.9,"https://www.pint-prices.com/pub/70%20Landor%20Rd,%20London%20SW9%209PH/The%20Landor",https://www.pint-prices.com/borough-results/Lambeth,£5.32,2026-07-03T23:10:47+00:00
Lambeth,66,The Pheonix,AMSTEL,£5.90,5.9,"https://www.pint-prices.com/pub/348%20Clapham%20Rd,%20London%20SW9%209AR/The%20Pheonix",https://www.pint-prices.com/borough-results/Lambeth,£5.32,2026-07-03T23:10:47+00:00
Lambeth,67,The Priory Arms,PAULANER,£5.90,5.9,"https://www.pint-prices.com/pub/83%20Lansdowne%20Way,%20London%20SW8%202PB/The%20Priory%20Arms",https://www.pint-prices.com/borough-results/Lambeth,£5.32,2026-07-03T23:10:47+00:00
Lambeth,68,The Half Moon,AMSTEL,£5.90,5.9,https://www.pint-prices.com/pub/Herne%20Hill/The%20Half%20Moon,https://www.pint-prices.com/borough-results/Lambeth,£5.32,2026-07-03T23:10:47+00:00
Lambeth,69,The Half Moon,AMSTEL,£5.90,5.9,https://www.pint-prices.com/pub/Herne%20Hill/The%20Half%20Moon,https://www.pint-prices.com/borough-results/Lambeth,£5.32,2026-07-03T23:10:47+00:00
Lambeth,70,The Prince Regent,HEINEKEN,£5.95,5.95,"https://www.pint-prices.com/pub/69%20Dulwich%20Rd,%20London%20SE24%200NJ,%20UK/The%20Prince%20Regent",https://www.pint-prices.com/borough-results/Lambeth,£5.32,2026-07-03T23:10:47+00:00
Lambeth,71,The Prince Regent,GUINNESS,£6.00,6.0,"https://www.pint-prices.com/pub/69%20Dulwich%20Rd,%20London%20SE24%200NJ,%20UK/The%20Prince%20Regent",https://www.pint-prices.com/borough-results/Lambeth,£5.32,2026-07-03T23:10:47+00:00
Lambeth,72,Canova Hall,CANOVA LAGER,£6.00,6.0,"https://www.pint-prices.com/pub/250%20Ferndale%20Rd,%20London%20SW9%208BQ,%20UK/Canova%20Hall",https://www.pint-prices.com/borough-results/Lambeth,£5.32,2026-07-03T23:10:47+00:00
Lambeth,73,The Belle Vue,AMSTEL,£6.00,6.0,"https://www.pint-prices.com/pub/1%20Clapham%20Common%20South%20Side,%20London%20SW4%207AA/The%20Belle%20Vue",https://www.pint-prices.com/borough-results/Lambeth,£5.32,2026-07-03T23:10:47+00:00
Lambeth,74,The Clapham North,PRAVHA,£6.00,6.0,"https://www.pint-prices.com/pub/409%20Clapham%20Rd,%20London%20SW9%209BT/The%20Clapham%20North",https://www.pint-prices.com/borough-results/Lambeth,£5.32,2026-07-03T23:10:47+00:00
Lambeth,75,The Prince Regent,CRUZCAMPO,£6.10,6.1,"https://www.pint-prices.com/pub/69%20Dulwich%20Rd,%20London%20SE24%200NJ,%20UK/The%20Prince%20Regent",https://www.pint-prices.com/borough-results/Lambeth,£5.32,2026-07-03T23:10:47+00:00
Lambeth,76,Price Albert,MADRI,£6.10,6.1,"https://www.pint-prices.com/pub/418%20Coldharbour%20Lane,%20SW9%208LF/Price%20Albert",https://www.pint-prices.com/borough-results/Lambeth,£5.32,2026-07-03T23:10:47+00:00
Lambeth,77,The Prince Regent,BIRRA MORETTI,£6.15,6.15,"https://www.pint-prices.com/pub/69%20Dulwich%20Rd,%20London%20SE24%200NJ,%20UK/The%20Prince%20Regent",https://www.pint-prices.com/borough-results/Lambeth,£5.32,2026-07-03T23:10:47+00:00
Lambeth,78,Price Albert,NECK OIL,£6.15,6.15,"https://www.pint-prices.com/pub/418%20Coldharbour%20Lane,%20SW9%208LF/Price%20Albert",https://www.pint-prices.com/borough-results/Lambeth,£5.32,2026-07-03T23:10:47+00:00
Lambeth,79,Price Albert,BIRRA MORETTI,£6.15,6.15,"https://www.pint-prices.com/pub/418%20Coldharbour%20Lane,%20SW9%208LF/Price%20Albert",https://www.pint-prices.com/borough-results/Lambeth,£5.32,2026-07-03T23:10:47+00:00
Lambeth,80,Prince of Wales,GUINNESS,£6.20,6.2,"https://www.pint-prices.com/pub/38%20Old%20Town,%20London%20SW4%200LB/Prince%20of%20Wales",https://www.pint-prices.com/borough-results/Lambeth,£5.32,2026-07-03T23:10:47+00:00
Lambeth,81,The Falcon,PRAVHA,£6.25,6.25,"https://www.pint-prices.com/pub/33%20Bedford%20Rd,%20Greater,%20London%20SW4%207SQ,%20UK/The%20Falcon",https://www.pint-prices.com/borough-results/Lambeth,£5.32,2026-07-03T23:10:47+00:00
Lambeth,82,The Prince Of Wales,CORONA,£6.40,6.4,"https://www.pint-prices.com/pub/467-%20469%20Brixton%20Rd,%20London%20SW9%208HH,%20UK/The%20Prince%20Of%20Wales",https://www.pint-prices.com/borough-results/Lambeth,£5.32,2026-07-03T23:10:47+00:00
Lambeth,83,Trinity Arms,GUINNESS,£6.40,6.4,"https://www.pint-prices.com/pub/45%20Trinity%20Gardens,%20London%20SW9%208DR,%20UK/Trinity%20Arms",https://www.pint-prices.com/borough-results/Lambeth,£5.32,2026-07-03T23:10:47+00:00
Lambeth,84,The Alexandra,GUINNESS,£6.40,6.4,"https://www.pint-prices.com/pub/14%20Clapham%20Common%20South%20Side,%20London%20SW4%207AA/The%20Alexandra",https://www.pint-prices.com/borough-results/Lambeth,£5.32,2026-07-03T23:10:47+00:00
Lambeth,85,The Abbeville,GUINNESS,£6.40,6.4,"https://www.pint-prices.com/pub/67-69%20Abbeville%20Rd,%20London%20SW4%209JW/The%20Abbeville",https://www.pint-prices.com/borough-results/Lambeth,£5.32,2026-07-03T23:10:47+00:00
Lambeth,86,The Florence,ESTRELLA,£6.50,6.5,"https://www.pint-prices.com/pub/131%20Dulwich%20Rd,%20London%20SE24%200NG,%20UK/The%20Florence",https://www.pint-prices.com/borough-results/Lambeth,£5.32,2026-07-03T23:10:47+00:00
Lambeth,87,The Commercial,MADRI,£6.50,6.5,"https://www.pint-prices.com/pub/212%20Railton%20Rd,%20London%20SE24%200JT,%20UK/The%20Commercial",https://www.pint-prices.com/borough-results/Lambeth,£5.32,2026-07-03T23:10:47+00:00
Lambeth,88,The Pig's Head,GUINNESS,£6.50,6.5,"https://www.pint-prices.com/pub/87%20Rectory%20Grove,%20London%20SW4%200DR/The%20Pig's%20Head",https://www.pint-prices.com/borough-results/Lambeth,£5.32,2026-07-03T23:10:47+00:00
Lambeth,89,Price Albert,PERONI,£6.50,6.5,"https://www.pint-prices.com/pub/418%20Coldharbour%20Lane,%20SW9%208LF/Price%20Albert",https://www.pint-prices.com/borough-results/Lambeth,£5.32,2026-07-03T23:10:47+00:00
Lambeth,90,The Canton Arms,HEINEKEN,£6.50,6.5,"https://www.pint-prices.com/pub/177%20South%20Lambeth%20Rd,%20London%20SW8%201XP/The%20Canton%20Arms",https://www.pint-prices.com/borough-results/Lambeth,£5.32,2026-07-03T23:10:47+00:00
Lambeth,91,The Bear,GUINNESS,£6.50,6.5,"https://www.pint-prices.com/pub/296A%20Camberwell%20New%20Rd,%20London%20SE5%200RP/The%20Bear",https://www.pint-prices.com/borough-results/Lambeth,£5.32,2026-07-03T23:10:47+00:00
Lambeth,92,The Bear,GUINNESS,£6.50,6.5,"https://www.pint-prices.com/pub/296A%20Camberwell%20New%20Rd,%20London%20SE5%200RP/The%20Bear",https://www.pint-prices.com/borough-results/Lambeth,£5.32,2026-07-03T23:10:47+00:00
Lambeth,93,Pop Brixton,CORONA,£6.50,6.5,"https://www.pint-prices.com/pub/49%20Brixton%20Station%20Road,%20SW9%208PQ/Pop%20Brixton",https://www.pint-prices.com/borough-results/Lambeth,£5.32,2026-07-03T23:10:47+00:00
Lambeth,94,The Alexandra,ASAHI,£6.55,6.55,"https://www.pint-prices.com/pub/14%20Clapham%20Common%20South%20Side,%20London%20SW4%207AA/The%20Alexandra",https://www.pint-prices.com/borough-results/Lambeth,£5.32,2026-07-03T23:10:47+00:00
Lambeth,95,The Prince Regent,NECK OIL,£6.60,6.6,"https://www.pint-prices.com/pub/69%20Dulwich%20Rd,%20London%20SE24%200NJ,%20UK/The%20Prince%20Regent",https://www.pint-prices.com/borough-results/Lambeth,£5.32,2026-07-03T23:10:47+00:00
Lambeth,96,The Belle Vue,GUINNESS,£6.60,6.6,"https://www.pint-prices.com/pub/1%20Clapham%20Common%20South%20Side,%20London%20SW4%207AA/The%20Belle%20Vue",https://www.pint-prices.com/borough-results/Lambeth,£5.32,2026-07-03T23:10:47+00:00
Lambeth,97,The Lido Cafe (Now 400 Rabbits),KELLER PILSNER,£6.70,6.7,"https://www.pint-prices.com/pub/the%20lido%20cafe,%20Dulwich%20Rd,%20London%20SE24%200PA,%20UK/The%20Lido%20Cafe%20(Now%20400%20Rabbits)",https://www.pint-prices.com/borough-results/Lambeth,£5.32,2026-07-03T23:10:47+00:00
Lambeth,98,Pop Brixton,CAMDEN HELLS,£6.90,6.9,"https://www.pint-prices.com/pub/49%20Brixton%20Station%20Rd,%20London%20SW9%208PQ/Pop%20Brixton",https://www.pint-prices.com/borough-results/Lambeth,£5.32,2026-07-03T23:10:47+00:00
Lambeth,99,Pop Brixton,CAMDEN HELLS,£6.90,6.9,"https://www.pint-prices.com/pub/49%20Brixton%20Station%20Road,%20SW9%208PQ/Pop%20Brixton",https://www.pint-prices.com/borough-results/Lambeth,£5.32,2026-07-03T23:10:47+00:00
Lambeth,100,The Windmill,ESTRELLA,£7.00,7.0,https://www.pint-prices.com/pub/SW4%209DE/The%20Windmill,https://www.pint-prices.com/borough-results/Lambeth,£5.32,2026-07-03T23:10:47+00:00
Lambeth,101,Lotus Bar,BOTTLED BEER,£8.00,8.0,"https://www.pint-prices.com/pub/76%20Clapham%20High%20St,%20London%20SW4%207UL,%20UK/Lotus%20Bar",https://www.pint-prices.com/borough-results/Lambeth,£5.32,2026-07-03T23:10:47+00:00
Lewisham,1,The London & Rye - JD Wetherspoon,BUD LIGHT,£2.43,2.43,"https://www.pint-prices.com/pub/109%20Rushey%20Grn,%20London%20SE6%204AF,%20UK/The%20London%20%26%20Rye%20-%20JD%20Wetherspoon",https://www.pint-prices.com/borough-results/Lewisham,£3.82,2026-07-03T23:10:47+00:00
Lewisham,2,The Watch House - JD Wetherspoon,BUD LIGHT,£2.59,2.59,"https://www.pint-prices.com/pub/198-204%20High%20Street,%20Lewisham,%20SE13%206JP/The%20Watch%20House%20-%20JD%20Wetherspoon",https://www.pint-prices.com/borough-results/Lewisham,£3.82,2026-07-03T23:10:47+00:00
Lewisham,3,The London & Rye - JD Wetherspoon,CARLSBERG PILSNER,£2.66,2.66,"https://www.pint-prices.com/pub/109%20Rushey%20Grn,%20London%20SE6%204AF,%20UK/The%20London%20%26%20Rye%20-%20JD%20Wetherspoon",https://www.pint-prices.com/borough-results/Lewisham,£3.82,2026-07-03T23:10:47+00:00
Lewisham,4,The Watch House - JD Wetherspoon,CARLSBERG PILSNER,£2.83,2.83,"https://www.pint-prices.com/pub/198-204%20High%20Street,%20Lewisham,%20SE13%206JP/The%20Watch%20House%20-%20JD%20Wetherspoon",https://www.pint-prices.com/borough-results/Lewisham,£3.82,2026-07-03T23:10:47+00:00
Lewisham,5,The London & Rye - JD Wetherspoon,CARLING,£2.99,2.99,"https://www.pint-prices.com/pub/109%20Rushey%20Grn,%20London%20SE6%204AF,%20UK/The%20London%20%26%20Rye%20-%20JD%20Wetherspoon",https://www.pint-prices.com/borough-results/Lewisham,£3.82,2026-07-03T23:10:47+00:00
Lewisham,6,The London & Rye - JD Wetherspoon,COORS,£2.99,2.99,"https://www.pint-prices.com/pub/109%20Rushey%20Grn,%20London%20SE6%204AF,%20UK/The%20London%20%26%20Rye%20-%20JD%20Wetherspoon",https://www.pint-prices.com/borough-results/Lewisham,£3.82,2026-07-03T23:10:47+00:00
Lewisham,7,The London & Rye - JD Wetherspoon,GUINNESS,£3.09,3.09,"https://www.pint-prices.com/pub/109%20Rushey%20Grn,%20London%20SE6%204AF,%20UK/The%20London%20%26%20Rye%20-%20JD%20Wetherspoon",https://www.pint-prices.com/borough-results/Lewisham,£3.82,2026-07-03T23:10:47+00:00
Lewisham,8,The London & Rye - JD Wetherspoon,BUDWEISER,£3.30,3.3,"https://www.pint-prices.com/pub/109%20Rushey%20Grn,%20London%20SE6%204AF,%20UK/The%20London%20%26%20Rye%20-%20JD%20Wetherspoon",https://www.pint-prices.com/borough-results/Lewisham,£3.82,2026-07-03T23:10:47+00:00
Lewisham,9,The Watch House - JD Wetherspoon,GUINNESS,£3.53,3.53,"https://www.pint-prices.com/pub/198-204%20High%20Street,%20Lewisham,%20SE13%206JP/The%20Watch%20House%20-%20JD%20Wetherspoon",https://www.pint-prices.com/borough-results/Lewisham,£3.82,2026-07-03T23:10:47+00:00
Lewisham,10,The Watch House - JD Wetherspoon,CARLING,£3.66,3.66,"https://www.pint-prices.com/pub/198-204%20High%20Street,%20Lewisham,%20SE13%206JP/The%20Watch%20House%20-%20JD%20Wetherspoon",https://www.pint-prices.com/borough-results/Lewisham,£3.82,2026-07-03T23:10:47+00:00
Lewisham,11,The Watch House - JD Wetherspoon,COORS,£3.66,3.66,"https://www.pint-prices.com/pub/198-204%20High%20Street,%20Lewisham,%20SE13%206JP/The%20Watch%20House%20-%20JD%20Wetherspoon",https://www.pint-prices.com/borough-results/Lewisham,£3.82,2026-07-03T23:10:47+00:00
Lewisham,12,The London & Rye - JD Wetherspoon,STELLA ARTOIS,£3.84,3.84,"https://www.pint-prices.com/pub/109%20Rushey%20Grn,%20London%20SE6%204AF,%20UK/The%20London%20%26%20Rye%20-%20JD%20Wetherspoon",https://www.pint-prices.com/borough-results/Lewisham,£3.82,2026-07-03T23:10:47+00:00
Lewisham,13,The London & Rye - JD Wetherspoon,CORONA,£3.95,3.95,"https://www.pint-prices.com/pub/109%20Rushey%20Grn,%20London%20SE6%204AF,%20UK/The%20London%20%26%20Rye%20-%20JD%20Wetherspoon",https://www.pint-prices.com/borough-results/Lewisham,£3.82,2026-07-03T23:10:47+00:00
Lewisham,14,The London & Rye - JD Wetherspoon,SAN MIGUEL,£3.95,3.95,"https://www.pint-prices.com/pub/109%20Rushey%20Grn,%20London%20SE6%204AF,%20UK/The%20London%20%26%20Rye%20-%20JD%20Wetherspoon",https://www.pint-prices.com/borough-results/Lewisham,£3.82,2026-07-03T23:10:47+00:00
Lewisham,15,The Watch House - JD Wetherspoon,BUDWEISER,£3.96,3.96,"https://www.pint-prices.com/pub/198-204%20High%20Street,%20Lewisham,%20SE13%206JP/The%20Watch%20House%20-%20JD%20Wetherspoon",https://www.pint-prices.com/borough-results/Lewisham,£3.82,2026-07-03T23:10:47+00:00
Lewisham,16,Last Outpost,ALL PINTS!,£4.00,4.0,"https://www.pint-prices.com/pub/Last%20Outpost,%20254%20Hither%20Green%20Ln,%20London%20SE13%206TT,%20UK/Last%20Outpost",https://www.pint-prices.com/borough-results/Lewisham,£3.82,2026-07-03T23:10:47+00:00
Lewisham,17,The Watch House - JD Wetherspoon,STELLA ARTOIS,£4.08,4.08,"https://www.pint-prices.com/pub/198-204%20High%20Street,%20Lewisham,%20SE13%206JP/The%20Watch%20House%20-%20JD%20Wetherspoon",https://www.pint-prices.com/borough-results/Lewisham,£3.82,2026-07-03T23:10:47+00:00
Lewisham,18,The Watch House - JD Wetherspoon,CORONA,£4.20,4.2,"https://www.pint-prices.com/pub/198-204%20High%20Street,%20Lewisham,%20SE13%206JP/The%20Watch%20House%20-%20JD%20Wetherspoon",https://www.pint-prices.com/borough-results/Lewisham,£3.82,2026-07-03T23:10:47+00:00
Lewisham,19,The Watch House - JD Wetherspoon,SAN MIGUEL,£4.20,4.2,"https://www.pint-prices.com/pub/198-204%20High%20Street,%20Lewisham,%20SE13%206JP/The%20Watch%20House%20-%20JD%20Wetherspoon",https://www.pint-prices.com/borough-results/Lewisham,£3.82,2026-07-03T23:10:47+00:00
Lewisham,20,Black Cat,JOHN SMITHS,£4.20,4.2,"https://www.pint-prices.com/pub/9%20Winslade%20Way,%20London%20SE6%204JU,%20UK/Black%20Cat",https://www.pint-prices.com/borough-results/Lewisham,£3.82,2026-07-03T23:10:47+00:00
Lewisham,21,The London & Rye - JD Wetherspoon,LEFFE BLONDE,£4.28,4.28,"https://www.pint-prices.com/pub/109%20Rushey%20Grn,%20London%20SE6%204AF,%20UK/The%20London%20%26%20Rye%20-%20JD%20Wetherspoon",https://www.pint-prices.com/borough-results/Lewisham,£3.82,2026-07-03T23:10:47+00:00
Lewisham,22,Fox and Firkin,HOUSE LAGER (5 - 7PM),£4.50,4.5,"https://www.pint-prices.com/pub/316a,%20316%20Lewisham%20High%20St,%20London%20SE13%206JZ/Fox%20and%20Firkin",https://www.pint-prices.com/borough-results/Lewisham,£3.82,2026-07-03T23:10:47+00:00
Lewisham,23,The Watch House - JD Wetherspoon,LEFFE BLONDE,£4.55,4.55,"https://www.pint-prices.com/pub/198-204%20High%20Street,%20Lewisham,%20SE13%206JP/The%20Watch%20House%20-%20JD%20Wetherspoon",https://www.pint-prices.com/borough-results/Lewisham,£3.82,2026-07-03T23:10:47+00:00
Lewisham,24,Drink At Bob's,HOUSE LAGER,£5.00,5.0,"https://www.pint-prices.com/pub/214%20Hither%20Green%20Ln,%20London%20SE13%206RT,%20UK/Drink%20At%20Bob's",https://www.pint-prices.com/borough-results/Lewisham,£3.82,2026-07-03T23:10:47+00:00
Lewisham,25,Catford Bridge Tavern,NOTTING HELLES,£5.10,5.1,"https://www.pint-prices.com/pub/Catford%20Rd,%20London%20SE6%204RE,%20UK/Catford%20Bridge%20Tavern",https://www.pint-prices.com/borough-results/Lewisham,£3.82,2026-07-03T23:10:47+00:00
Lewisham,26,The Blythe Hill Tavern,GUINNESS,£5.80,5.8,"https://www.pint-prices.com/pub/319%20Stanstead%20Rd,%20London%20SE6%204US/The%20Blythe%20Hill%20Tavern",https://www.pint-prices.com/borough-results/Lewisham,£3.82,2026-07-03T23:10:47+00:00
Merton,1,The Wibbas Down Inn - JD Wetherspoon,BUD LIGHT,£2.77,2.77,"https://www.pint-prices.com/pub/6-12%20Russell%20Rd,%20London%20SW19%201QG,%20UK/The%20Wibbas%20Down%20Inn%20-%20JD%20Wetherspoon",https://www.pint-prices.com/borough-results/Merton,£5.12,2026-07-03T23:10:47+00:00
Merton,2,The Wibbas Down Inn - JD Wetherspoon,BUD LIGHT,£2.77,2.77,"https://www.pint-prices.com/pub/6-12%20Russell%20Rd,%20London%20SW19%201QG/The%20Wibbas%20Down%20Inn%20-%20JD%20Wetherspoon",https://www.pint-prices.com/borough-results/Merton,£5.12,2026-07-03T23:10:47+00:00
Merton,3,The Wibbas Down Inn - JD Wetherspoon,CARLSBERG PILSNER,£3.45,3.45,"https://www.pint-prices.com/pub/6-12%20Russell%20Rd,%20London%20SW19%201QG,%20UK/The%20Wibbas%20Down%20Inn%20-%20JD%20Wetherspoon",https://www.pint-prices.com/borough-results/Merton,£5.12,2026-07-03T23:10:47+00:00
Merton,4,The Wibbas Down Inn - JD Wetherspoon,CARLSBERG PILSNER,£3.45,3.45,"https://www.pint-prices.com/pub/6-12%20Russell%20Rd,%20London%20SW19%201QG/The%20Wibbas%20Down%20Inn%20-%20JD%20Wetherspoon",https://www.pint-prices.com/borough-results/Merton,£5.12,2026-07-03T23:10:47+00:00
Merton,5,"The Sultan, Wimbledon",GREYHOUND STRONG BITTER,£3.60,3.6,"https://www.pint-prices.com/pub/78%20Norman%20Rd,%20London%20SW19%201BT/The%20Sultan,%20Wimbledon",https://www.pint-prices.com/borough-results/Merton,£5.12,2026-07-03T23:10:47+00:00
Merton,6,"The Sultan, Wimbledon",GHB,£3.60,3.6,"https://www.pint-prices.com/pub/78%20Norman%20Rd,%20London%20SW19%201BT/The%20Sultan,%20Wimbledon",https://www.pint-prices.com/borough-results/Merton,£5.12,2026-07-03T23:10:47+00:00
Merton,7,The Wibbas Down Inn - JD Wetherspoon,CARLING,£4.18,4.18,"https://www.pint-prices.com/pub/6-12%20Russell%20Rd,%20London%20SW19%201QG,%20UK/The%20Wibbas%20Down%20Inn%20-%20JD%20Wetherspoon",https://www.pint-prices.com/borough-results/Merton,£5.12,2026-07-03T23:10:47+00:00
Merton,8,The Wibbas Down Inn - JD Wetherspoon,COORS,£4.18,4.18,"https://www.pint-prices.com/pub/6-12%20Russell%20Rd,%20London%20SW19%201QG,%20UK/The%20Wibbas%20Down%20Inn%20-%20JD%20Wetherspoon",https://www.pint-prices.com/borough-results/Merton,£5.12,2026-07-03T23:10:47+00:00
Merton,9,The Wibbas Down Inn - JD Wetherspoon,CARLING,£4.18,4.18,"https://www.pint-prices.com/pub/6-12%20Russell%20Rd,%20London%20SW19%201QG/The%20Wibbas%20Down%20Inn%20-%20JD%20Wetherspoon",https://www.pint-prices.com/borough-results/Merton,£5.12,2026-07-03T23:10:47+00:00
Merton,10,The Wibbas Down Inn - JD Wetherspoon,GUINNESS,£4.21,4.21,"https://www.pint-prices.com/pub/6-12%20Russell%20Rd,%20London%20SW19%201QG,%20UK/The%20Wibbas%20Down%20Inn%20-%20JD%20Wetherspoon",https://www.pint-prices.com/borough-results/Merton,£5.12,2026-07-03T23:10:47+00:00
Merton,11,The Wibbas Down Inn - JD Wetherspoon,GUINNESS,£4.21,4.21,"https://www.pint-prices.com/pub/6-12%20Russell%20Rd,%20London%20SW19%201QG/The%20Wibbas%20Down%20Inn%20-%20JD%20Wetherspoon",https://www.pint-prices.com/borough-results/Merton,£5.12,2026-07-03T23:10:47+00:00
Merton,12,The Wibbas Down Inn - JD Wetherspoon,BUDWEISER,£4.40,4.4,"https://www.pint-prices.com/pub/6-12%20Russell%20Rd,%20London%20SW19%201QG,%20UK/The%20Wibbas%20Down%20Inn%20-%20JD%20Wetherspoon",https://www.pint-prices.com/borough-results/Merton,£5.12,2026-07-03T23:10:47+00:00
Merton,13,The Wibbas Down Inn - JD Wetherspoon,STELLA ARTOIS,£4.62,4.62,"https://www.pint-prices.com/pub/6-12%20Russell%20Rd,%20London%20SW19%201QG,%20UK/The%20Wibbas%20Down%20Inn%20-%20JD%20Wetherspoon",https://www.pint-prices.com/borough-results/Merton,£5.12,2026-07-03T23:10:47+00:00
Merton,14,The Wibbas Down Inn - JD Wetherspoon,CORONA,£4.73,4.73,"https://www.pint-prices.com/pub/6-12%20Russell%20Rd,%20London%20SW19%201QG,%20UK/The%20Wibbas%20Down%20Inn%20-%20JD%20Wetherspoon",https://www.pint-prices.com/borough-results/Merton,£5.12,2026-07-03T23:10:47+00:00
Merton,15,The Wibbas Down Inn - JD Wetherspoon,SAN MIGUEL,£4.73,4.73,"https://www.pint-prices.com/pub/6-12%20Russell%20Rd,%20London%20SW19%201QG,%20UK/The%20Wibbas%20Down%20Inn%20-%20JD%20Wetherspoon",https://www.pint-prices.com/borough-results/Merton,£5.12,2026-07-03T23:10:47+00:00
Merton,16,The Nelson Arms,FOSTERS,£5.00,5.0,"https://www.pint-prices.com/pub/15%20Merton%20High%20St,%20London%20SW19%201DF,%20UK/The%20Nelson%20Arms",https://www.pint-prices.com/borough-results/Merton,£5.12,2026-07-03T23:10:47+00:00
Merton,17,The Wibbas Down Inn - JD Wetherspoon,LEFFE BLONDE,£5.06,5.06,"https://www.pint-prices.com/pub/6-12%20Russell%20Rd,%20London%20SW19%201QG,%20UK/The%20Wibbas%20Down%20Inn%20-%20JD%20Wetherspoon",https://www.pint-prices.com/borough-results/Merton,£5.12,2026-07-03T23:10:47+00:00
Merton,18,"The Sultan, Wimbledon",GUINNESS,£5.10,5.1,"https://www.pint-prices.com/pub/78%20Norman%20Rd,%20London%20SW19%201BT/The%20Sultan,%20Wimbledon",https://www.pint-prices.com/borough-results/Merton,£5.12,2026-07-03T23:10:47+00:00
Merton,19,Leather Bottle,THATCHERS GOLD,£5.10,5.1,"https://www.pint-prices.com/pub/277%20Kingston%20Rd,%20London%20SW19%203NW,%20UK/Leather%20Bottle",https://www.pint-prices.com/borough-results/Merton,£5.12,2026-07-03T23:10:47+00:00
Merton,20,Leather Bottle,GUINNESS,£5.40,5.4,"https://www.pint-prices.com/pub/277%20Kingston%20Road,%20SW19%203NW/Leather%20Bottle",https://www.pint-prices.com/borough-results/Merton,£5.12,2026-07-03T23:10:47+00:00
Merton,21,The Nelson Arms,GUINNESS,£5.60,5.6,"https://www.pint-prices.com/pub/15%20Merton%20High%20St,%20London%20SW19%201DF,%20UK/The%20Nelson%20Arms",https://www.pint-prices.com/borough-results/Merton,£5.12,2026-07-03T23:10:47+00:00
Merton,22,The Trafalgar,YOUNG'S ORIGINAL,£5.65,5.65,"https://www.pint-prices.com/pub/23%20High%20Path,%20London%20SW19%202JY/The%20Trafalgar",https://www.pint-prices.com/borough-results/Merton,£5.12,2026-07-03T23:10:47+00:00
Merton,23,Leather Bottle,AMSTEL,£5.65,5.65,"https://www.pint-prices.com/pub/277%20Kingston%20Road,%20SW19%203NW/Leather%20Bottle",https://www.pint-prices.com/borough-results/Merton,£5.12,2026-07-03T23:10:47+00:00
Merton,24,Bar + Block Steakhouse London Wimbledon,PRAVHA,£5.75,5.75,"https://www.pint-prices.com/pub/153-161%20The%20Broadway,%20London%20SW19%201NE,%20UK/Bar%20+%20Block%20Steakhouse%20London%20Wimbledon",https://www.pint-prices.com/borough-results/Merton,£5.12,2026-07-03T23:10:47+00:00
Merton,25,Bar + Block Steakhouse London Wimbledon,GUINNESS,£5.75,5.75,"https://www.pint-prices.com/pub/153-161%20The%20Broadway,%20London%20SW19%201NE,%20UK/Bar%20+%20Block%20Steakhouse%20London%20Wimbledon",https://www.pint-prices.com/borough-results/Merton,£5.12,2026-07-03T23:10:47+00:00
Merton,26,The Trafalgar,PRAVHA,£6.05,6.05,"https://www.pint-prices.com/pub/23%20High%20Path,%20London%20SW19%202JY/The%20Trafalgar",https://www.pint-prices.com/borough-results/Merton,£5.12,2026-07-03T23:10:47+00:00
Merton,27,Leather Bottle,MADRI,£6.25,6.25,"https://www.pint-prices.com/pub/277%20Kingston%20Road,%20SW19%203NW/Leather%20Bottle",https://www.pint-prices.com/borough-results/Merton,£5.12,2026-07-03T23:10:47+00:00
Merton,28,Leather Bottle,ESTRELLA,£6.35,6.35,"https://www.pint-prices.com/pub/277%20Kingston%20Road,%20SW19%203NW/Leather%20Bottle",https://www.pint-prices.com/borough-results/Merton,£5.12,2026-07-03T23:10:47+00:00
Merton,29,Leather Bottle,BIRRA MORETTI,£6.55,6.55,"https://www.pint-prices.com/pub/277%20Kingston%20Road,%20SW19%203NW/Leather%20Bottle",https://www.pint-prices.com/borough-results/Merton,£5.12,2026-07-03T23:10:47+00:00
Merton,30,The Trafalgar,GUINNESS,£6.60,6.6,"https://www.pint-prices.com/pub/23%20High%20Path,%20London%20SW19%202JY/The%20Trafalgar",https://www.pint-prices.com/borough-results/Merton,£5.12,2026-07-03T23:10:47+00:00
Merton,31,Leather Bottle,NECK OIL,£6.65,6.65,"https://www.pint-prices.com/pub/277%20Kingston%20Road,%20SW19%203NW/Leather%20Bottle",https://www.pint-prices.com/borough-results/Merton,£5.12,2026-07-03T23:10:47+00:00
Merton,32,The Trafalgar,ESTRELLA,£6.75,6.75,"https://www.pint-prices.com/pub/23%20High%20Path,%20London%20SW19%202JY/The%20Trafalgar",https://www.pint-prices.com/borough-results/Merton,£5.12,2026-07-03T23:10:47+00:00
Merton,33,Leather Bottle,PERONI,£6.75,6.75,"https://www.pint-prices.com/pub/277%20Kingston%20Road,%20SW19%203NW/Leather%20Bottle",https://www.pint-prices.com/borough-results/Merton,£5.12,2026-07-03T23:10:47+00:00
Merton,34,The Trafalgar,PERONI,£6.85,6.85,"https://www.pint-prices.com/pub/23%20High%20Path,%20London%20SW19%202JY/The%20Trafalgar",https://www.pint-prices.com/borough-results/Merton,£5.12,2026-07-03T23:10:47+00:00
Merton,35,The Trafalgar,NECK OIL,£7.10,7.1,"https://www.pint-prices.com/pub/23%20High%20Path,%20London%20SW19%202JY/The%20Trafalgar",https://www.pint-prices.com/borough-results/Merton,£5.12,2026-07-03T23:10:47+00:00
Newham,1,Galyons Royal Docks,BLUE MOON,£7.00,7.0,https://www.pint-prices.com/pub/E16%202QS/Galyons%20Royal%20Docks,https://www.pint-prices.com/borough-results/Newham,£7.00,2026-07-03T23:10:47+00:00
Newham,2,Galyons Royal Docks,MADRI,£7.00,7.0,https://www.pint-prices.com/pub/E16%202QS/Galyons%20Royal%20Docks,https://www.pint-prices.com/borough-results/Newham,£7.00,2026-07-03T23:10:47+00:00
Richmond upon Thames,1,The William Webb Ellis - JD Wetherspoon,BUD LIGHT,£2.77,2.77,"https://www.pint-prices.com/pub/24%20London%20Road,%20Twickenham,%20TW1%203RR/The%20William%20Webb%20Ellis%20-%20JD%20Wetherspoon",https://www.pint-prices.com/borough-results/Richmond%20upon%20Thames,£5.71,2026-07-03T23:10:47+00:00
Richmond upon Thames,2,The William Webb Ellis - JD Wetherspoon,CARLING,£2.77,2.77,"https://www.pint-prices.com/pub/24%20London%20Road,%20Twickenham,%20TW1%203RR/The%20William%20Webb%20Ellis%20-%20JD%20Wetherspoon",https://www.pint-prices.com/borough-results/Richmond%20upon%20Thames,£5.71,2026-07-03T23:10:47+00:00
Richmond upon Thames,3,The William Webb Ellis - JD Wetherspoon,CARLSBERG PILSNER,£3.45,3.45,"https://www.pint-prices.com/pub/24%20London%20Road,%20Twickenham,%20TW1%203RR/The%20William%20Webb%20Ellis%20-%20JD%20Wetherspoon",https://www.pint-prices.com/borough-results/Richmond%20upon%20Thames,£5.71,2026-07-03T23:10:47+00:00
Richmond upon Thames,4,The William Webb Ellis - JD Wetherspoon,GUINNESS,£3.88,3.88,"https://www.pint-prices.com/pub/24%20London%20Road,%20Twickenham,%20TW1%203RR/The%20William%20Webb%20Ellis%20-%20JD%20Wetherspoon",https://www.pint-prices.com/borough-results/Richmond%20upon%20Thames,£5.71,2026-07-03T23:10:47+00:00
Richmond upon Thames,5,The William Webb Ellis - JD Wetherspoon,COORS,£3.92,3.92,"https://www.pint-prices.com/pub/24%20London%20Road,%20Twickenham,%20TW1%203RR/The%20William%20Webb%20Ellis%20-%20JD%20Wetherspoon",https://www.pint-prices.com/borough-results/Richmond%20upon%20Thames,£5.71,2026-07-03T23:10:47+00:00
Richmond upon Thames,6,The William Webb Ellis - JD Wetherspoon,BUDWEISER,£4.11,4.11,"https://www.pint-prices.com/pub/24%20London%20Road,%20Twickenham,%20TW1%203RR/The%20William%20Webb%20Ellis%20-%20JD%20Wetherspoon",https://www.pint-prices.com/borough-results/Richmond%20upon%20Thames,£5.71,2026-07-03T23:10:47+00:00
Richmond upon Thames,7,The William Webb Ellis - JD Wetherspoon,STELLA ARTOIS,£4.62,4.62,"https://www.pint-prices.com/pub/24%20London%20Road,%20Twickenham,%20TW1%203RR/The%20William%20Webb%20Ellis%20-%20JD%20Wetherspoon",https://www.pint-prices.com/borough-results/Richmond%20upon%20Thames,£5.71,2026-07-03T23:10:47+00:00
Richmond upon Thames,8,The William Webb Ellis - JD Wetherspoon,CORONA,£4.73,4.73,"https://www.pint-prices.com/pub/24%20London%20Road,%20Twickenham,%20TW1%203RR/The%20William%20Webb%20Ellis%20-%20JD%20Wetherspoon",https://www.pint-prices.com/borough-results/Richmond%20upon%20Thames,£5.71,2026-07-03T23:10:47+00:00
Richmond upon Thames,9,The William Webb Ellis - JD Wetherspoon,SAN MIGUEL,£4.73,4.73,"https://www.pint-prices.com/pub/24%20London%20Road,%20Twickenham,%20TW1%203RR/The%20William%20Webb%20Ellis%20-%20JD%20Wetherspoon",https://www.pint-prices.com/borough-results/Richmond%20upon%20Thames,£5.71,2026-07-03T23:10:47+00:00
Richmond upon Thames,10,The White Hart Inn,BIRRA MORETTI,£4.90,4.9,"https://www.pint-prices.com/pub/121%20Kneller%20Rd,%20Twickenham%20TW2%207DY/The%20White%20Hart%20Inn",https://www.pint-prices.com/borough-results/Richmond%20upon%20Thames,£5.71,2026-07-03T23:10:47+00:00
Richmond upon Thames,11,The William Webb Ellis - JD Wetherspoon,LEFFE BLONDE,£5.06,5.06,"https://www.pint-prices.com/pub/24%20London%20Road,%20Twickenham,%20TW1%203RR/The%20William%20Webb%20Ellis%20-%20JD%20Wetherspoon",https://www.pint-prices.com/borough-results/Richmond%20upon%20Thames,£5.71,2026-07-03T23:10:47+00:00
Richmond upon Thames,12,"The Turk's Head, Twickenham",CASK ALE,£5.50,5.5,"https://www.pint-prices.com/pub/28%20Winchester%20Rd,%20St%20Margarets,%20Twickenham%20TW1%201LF,%20UK/The%20Turk's%20Head,%20Twickenham",https://www.pint-prices.com/borough-results/Richmond%20upon%20Thames,£5.71,2026-07-03T23:10:47+00:00
Richmond upon Thames,13,Tap Tavern,GRANDSTAND BITTER,£5.50,5.5,"https://www.pint-prices.com/pub/Princes%20St,%20Richmond%20TW9%201ED,%20UK/Tap%20Tavern",https://www.pint-prices.com/borough-results/Richmond%20upon%20Thames,£5.71,2026-07-03T23:10:47+00:00
Richmond upon Thames,14,"The Prince's Head, Richmond",LONDON PRIDE,£5.50,5.5,"https://www.pint-prices.com/pub/28%20The%20Green,%20Richmond%20TW9%201LX,%20UK/The%20Prince's%20Head,%20Richmond",https://www.pint-prices.com/borough-results/Richmond%20upon%20Thames,£5.71,2026-07-03T23:10:47+00:00
Richmond upon Thames,15,"The Turk's Head, Twickenham",ALE,£5.50,5.5,"https://www.pint-prices.com/pub/28%20Winchester%20Rd,%20St%20Margarets,%20Twickenham%20TW1%201LF,%20UK/The%20Turk's%20Head,%20Twickenham",https://www.pint-prices.com/borough-results/Richmond%20upon%20Thames,£5.71,2026-07-03T23:10:47+00:00
Richmond upon Thames,16,"The Prince's Head, Richmond",AMSTEL,£5.75,5.75,"https://www.pint-prices.com/pub/28%20The%20Green,%20Richmond%20TW9%201LX,%20UK/The%20Prince's%20Head,%20Richmond",https://www.pint-prices.com/borough-results/Richmond%20upon%20Thames,£5.71,2026-07-03T23:10:47+00:00
Richmond upon Thames,17,Pitcher & Piano Richmond,AMSTEL,£5.95,5.95,"https://www.pint-prices.com/pub/11%20Bridge%20St,%20Richmond%20TW9%201TQ,%20UK/Pitcher%20%26%20Piano%20Richmond",https://www.pint-prices.com/borough-results/Richmond%20upon%20Thames,£5.71,2026-07-03T23:10:47+00:00
Richmond upon Thames,18,The Crown,PINEAPPLE AND RASPBERRY OLD MOUT,£6.00,6.0,https://www.pint-prices.com/pub/CV37%207ZY%20/The%20Crown,https://www.pint-prices.com/borough-results/Richmond%20upon%20Thames,£5.71,2026-07-03T23:10:47+00:00
Richmond upon Thames,19,Pitcher & Piano Richmond,GUINNESS,£6.20,6.2,"https://www.pint-prices.com/pub/11%20Bridge%20St,%20Richmond%20TW9%201TQ,%20UK/Pitcher%20%26%20Piano%20Richmond",https://www.pint-prices.com/borough-results/Richmond%20upon%20Thames,£5.71,2026-07-03T23:10:47+00:00
Richmond upon Thames,20,Pitcher & Piano Richmond,BIRRA MORETTI,£6.80,6.8,"https://www.pint-prices.com/pub/11%20Bridge%20St,%20Richmond%20TW9%201TQ,%20UK/Pitcher%20%26%20Piano%20Richmond",https://www.pint-prices.com/borough-results/Richmond%20upon%20Thames,£5.71,2026-07-03T23:10:47+00:00
Richmond upon Thames,21,Tap Tavern,TAP TAVERN PILSNER,£6.80,6.8,"https://www.pint-prices.com/pub/Princes%20St,%20Richmond%20TW9%201ED,%20UK/Tap%20Tavern",https://www.pint-prices.com/borough-results/Richmond%20upon%20Thames,£5.71,2026-07-03T23:10:47+00:00
Richmond upon Thames,22,Pitcher & Piano Richmond,PERONI,£6.95,6.95,"https://www.pint-prices.com/pub/11%20Bridge%20St,%20Richmond%20TW9%201TQ,%20UK/Pitcher%20%26%20Piano%20Richmond",https://www.pint-prices.com/borough-results/Richmond%20upon%20Thames,£5.71,2026-07-03T23:10:47+00:00
Richmond upon Thames,23,"The Prince's Head, Richmond",PERONI,£6.95,6.95,"https://www.pint-prices.com/pub/28%20The%20Green,%20Richmond%20TW9%201LX,%20UK/The%20Prince's%20Head,%20Richmond",https://www.pint-prices.com/borough-results/Richmond%20upon%20Thames,£5.71,2026-07-03T23:10:47+00:00
Richmond upon Thames,24,Bingham Riverhouse,GRANDSTAND AMBER SESSION,£7.00,7.0,"https://www.pint-prices.com/pub/61-63%20Petersham%20Rd,%20Richmond%20TW10%206UW,%20UK/Bingham%20Riverhouse",https://www.pint-prices.com/borough-results/Richmond%20upon%20Thames,£5.71,2026-07-03T23:10:47+00:00
Richmond upon Thames,25,Pitcher & Piano Richmond,ESTRELLA,£7.00,7.0,"https://www.pint-prices.com/pub/11%20Bridge%20St,%20Richmond%20TW9%201TQ,%20UK/Pitcher%20%26%20Piano%20Richmond",https://www.pint-prices.com/borough-results/Richmond%20upon%20Thames,£5.71,2026-07-03T23:10:47+00:00
Richmond upon Thames,26,The Sun Inn,GUINNESS,£7.00,7.0,"https://www.pint-prices.com/pub/17%20Parkshot,%20Richmond%20TW9%202RG/The%20Sun%20Inn%20",https://www.pint-prices.com/borough-results/Richmond%20upon%20Thames,£5.71,2026-07-03T23:10:47+00:00
Richmond upon Thames,27,"The Prince's Head, Richmond",NECK OIL,£7.05,7.05,"https://www.pint-prices.com/pub/28%20The%20Green,%20Richmond%20TW9%201LX,%20UK/The%20Prince's%20Head,%20Richmond",https://www.pint-prices.com/borough-results/Richmond%20upon%20Thames,£5.71,2026-07-03T23:10:47+00:00
Richmond upon Thames,28,"The Prince's Head, Richmond",ASAHI,£7.05,7.05,"https://www.pint-prices.com/pub/28%20The%20Green,%20Richmond%20TW9%201LX,%20UK/The%20Prince's%20Head,%20Richmond",https://www.pint-prices.com/borough-results/Richmond%20upon%20Thames,£5.71,2026-07-03T23:10:47+00:00
Richmond upon Thames,29,Pitcher & Piano Richmond,NECK OIL,£7.20,7.2,"https://www.pint-prices.com/pub/11%20Bridge%20St,%20Richmond%20TW9%201TQ,%20UK/Pitcher%20%26%20Piano%20Richmond",https://www.pint-prices.com/borough-results/Richmond%20upon%20Thames,£5.71,2026-07-03T23:10:47+00:00
Richmond upon Thames,30,The Railway Tavern,GUINNESS,£7.25,7.25,"https://www.pint-prices.com/pub/28-29%20The%20Quadrant,%20Richmond%20TW9%201DN/The%20Railway%20Tavern",https://www.pint-prices.com/borough-results/Richmond%20upon%20Thames,£5.71,2026-07-03T23:10:47+00:00
Richmond upon Thames,31,Shaftesbury,GUINNESS,£7.45,7.45,https://www.pint-prices.com/pub/Kew%20Road/Shaftesbury%20,https://www.pint-prices.com/borough-results/Richmond%20upon%20Thames,£5.71,2026-07-03T23:10:47+00:00
Richmond upon Thames,32,Bacco Ristorante Italiano,BIRRA MORETTI,£7.50,7.5,"https://www.pint-prices.com/pub/39-41%20Kew%20Rd,%20London%20TW9%202NQ,%20UK/Bacco%20Ristorante%20Italiano",https://www.pint-prices.com/borough-results/Richmond%20upon%20Thames,£5.71,2026-07-03T23:10:47+00:00
Southwark,1,The Globe,JOHN SMITH'S,£2.45,2.45,https://www.pint-prices.com/pub/E9%206NA/The%20Globe,https://www.pint-prices.com/borough-results/Southwark,£6.54,2026-07-03T23:10:47+00:00
Southwark,2,The Rockingham Arms,BUD LIGHT,£2.49,2.49,"https://www.pint-prices.com/pub/Metro%20Central%20Heights,%20119%20Newington%20Causeway,%20Elephant%20%26%20Castle,%20England/The%20Rockingham%20Arms",https://www.pint-prices.com/borough-results/Southwark,£6.54,2026-07-03T23:10:47+00:00
Southwark,3,The Pommelers Rest,BUD LIGHT,£2.99,2.99,"https://www.pint-prices.com/pub/196-198%20Tower%20Bridge%20Road,%20,%20Tower%20Bridge%20(South),%20England/The%20Pommelers%20Rest",https://www.pint-prices.com/borough-results/Southwark,£6.54,2026-07-03T23:10:47+00:00
Southwark,4,The Liberty Bounds,BUD LIGHT,£2.99,2.99,"https://www.pint-prices.com/pub/15%20Trinity%20Square,%20Tower%20Hill,%20Tower%20of%20London,%20England/The%20Liberty%20Bounds",https://www.pint-prices.com/borough-results/Southwark,£6.54,2026-07-03T23:10:47+00:00
Southwark,5,Goodman's Field,BUD LIGHT,£2.99,2.99,"https://www.pint-prices.com/pub/87-91%20Mansell%20Street,%20,%20Tower%20Hamlets,%20England/Goodman's%20Field",https://www.pint-prices.com/borough-results/Southwark,£6.54,2026-07-03T23:10:47+00:00
Southwark,6,The Crosse Keys,BUD LIGHT,£2.99,2.99,"https://www.pint-prices.com/pub/9%20Gracechurch%20Street,%20,%20City%20of%20London,%20England/The%20Crosse%20Keys",https://www.pint-prices.com/borough-results/Southwark,£6.54,2026-07-03T23:10:47+00:00
Southwark,7,The Rockingham Arms,CARLSBERG,£3.33,3.33,"https://www.pint-prices.com/pub/119%20Newington%20Causeway,%20Elephant%20and%20Castle,%20London%20SE1%206BN/The%20Rockingham%20Arms",https://www.pint-prices.com/borough-results/Southwark,£6.54,2026-07-03T23:10:47+00:00
Southwark,8,The Rockingham Arms - JD Wetherspoon,BUD LIGHT,£3.45,3.45,"https://www.pint-prices.com/pub/Metro%20Central%20Heights,%20Elephant%20and%20Castle,%20SE1%206BN/The%20Rockingham%20Arms%20-%20JD%20Wetherspoon",https://www.pint-prices.com/borough-results/Southwark,£6.54,2026-07-03T23:10:47+00:00
Southwark,9,The Sir John Hawkshaw,BUD LIGHT,£3.49,3.49,"https://www.pint-prices.com/pub/Cannon%20Street%20Station,%20Cannon%20Street,%20,%20London,%20England/The%20Sir%20John%20Hawkshaw",https://www.pint-prices.com/borough-results/Southwark,£6.54,2026-07-03T23:10:47+00:00
Southwark,10,The Keys,GUINNESS,£3.50,3.5,https://www.pint-prices.com/pub/The%20Tower%20of%20London%20-%20EC3N%204AB/The%20Keys%20,https://www.pint-prices.com/borough-results/Southwark,£6.54,2026-07-03T23:10:47+00:00
Southwark,11,Hungerford Arms,FOSTERS,£3.80,3.8,"https://www.pint-prices.com/pub/240%20Commercial%20Rd,%20London%20E1%202NB/Hungerford%20Arms",https://www.pint-prices.com/borough-results/Southwark,£6.54,2026-07-03T23:10:47+00:00
Southwark,12,The Rockingham Arms,STRONGBOW DARK FRUIT,£3.97,3.97,"https://www.pint-prices.com/pub/Metro%20Central%20Heights,%20119%20Newington%20Causeway,%20Elephant%20%26%20Castle,%20England/The%20Rockingham%20Arms",https://www.pint-prices.com/borough-results/Southwark,£6.54,2026-07-03T23:10:47+00:00
Southwark,13,The Rockingham Arms,CARLING,£3.99,3.99,"https://www.pint-prices.com/pub/Metro%20Central%20Heights,%20119%20Newington%20Causeway,%20Elephant%20%26%20Castle,%20England/The%20Rockingham%20Arms",https://www.pint-prices.com/borough-results/Southwark,£6.54,2026-07-03T23:10:47+00:00
Southwark,14,The Rockingham Arms - JD Wetherspoon,CARLSBERG PILSNER,£4.00,4.0,"https://www.pint-prices.com/pub/Metro%20Central%20Heights,%20Elephant%20and%20Castle,%20SE1%206BN/The%20Rockingham%20Arms%20-%20JD%20Wetherspoon",https://www.pint-prices.com/borough-results/Southwark,£6.54,2026-07-03T23:10:47+00:00
Southwark,15,The Captain Kidd,TRIPLE ALE,£4.00,4.0,"https://www.pint-prices.com/pub/108%20Wapping%20High%20St,%20London%20E1W%202NE/The%20Captain%20Kidd",https://www.pint-prices.com/borough-results/Southwark,£6.54,2026-07-03T23:10:47+00:00
Southwark,16,Hamilton Hall,BUD LIGHT,£4.14,4.14,"https://www.pint-prices.com/pub/Liverpool%20Street%20station,%20Street-level%20Concourse,%20,%20City%20of%20London,%20England/Hamilton%20Hall",https://www.pint-prices.com/borough-results/Southwark,£6.54,2026-07-03T23:10:47+00:00
Southwark,17,The Rockingham Arms,CARLSBERG PILSNER,£4.16,4.16,"https://www.pint-prices.com/pub/Metro%20Central%20Heights,%20119%20Newington%20Causeway,%20Elephant%20%26%20Castle,%20England/The%20Rockingham%20Arms",https://www.pint-prices.com/borough-results/Southwark,£6.54,2026-07-03T23:10:47+00:00
Southwark,18,The Pommelers Rest,STRONGBOW DARK FRUIT,£4.18,4.18,"https://www.pint-prices.com/pub/196-198%20Tower%20Bridge%20Road,%20,%20Tower%20Bridge%20(South),%20England/The%20Pommelers%20Rest",https://www.pint-prices.com/borough-results/Southwark,£6.54,2026-07-03T23:10:47+00:00
Southwark,19,Windsor Fenchurch,DOOMBAR,£4.20,4.2,"https://www.pint-prices.com/pub/2%20New%20London%20St,%20London%20EC3R%207NA,%20UK/Windsor%20Fenchurch",https://www.pint-prices.com/borough-results/Southwark,£6.54,2026-07-03T23:10:47+00:00
Southwark,20,The Hour Glass Pub & Hotel,FOSTERS,£4.40,4.4,"https://www.pint-prices.com/pub/131%20Beaconsfield%20Rd,%20London%20SE17%202BX/The%20Hour%20Glass%20Pub%20%26%20Hotel",https://www.pint-prices.com/borough-results/Southwark,£6.54,2026-07-03T23:10:47+00:00
Southwark,21,The Rising Sun,HEINEKEN,£4.40,4.4,"https://www.pint-prices.com/pub/98%20Harper%20Rd,%20London%20SE1%206AQ/The%20Rising%20Sun",https://www.pint-prices.com/borough-results/Southwark,£6.54,2026-07-03T23:10:47+00:00
Southwark,22,The Rockingham Arms,GREENE KING ABBOT ALE,£4.42,4.42,"https://www.pint-prices.com/pub/Metro%20Central%20Heights,%20119%20Newington%20Causeway,%20Elephant%20%26%20Castle,%20England/The%20Rockingham%20Arms",https://www.pint-prices.com/borough-results/Southwark,£6.54,2026-07-03T23:10:47+00:00
Southwark,23,The Pommelers Rest,CARLSBERG PILSNER,£4.42,4.42,"https://www.pint-prices.com/pub/196-198%20Tower%20Bridge%20Road,%20,%20Tower%20Bridge%20(South),%20England/The%20Pommelers%20Rest",https://www.pint-prices.com/borough-results/Southwark,£6.54,2026-07-03T23:10:47+00:00
Southwark,24,Hamilton Hall,STRONGBOW DARK FRUIT,£4.42,4.42,"https://www.pint-prices.com/pub/Liverpool%20Street%20station,%20Street-level%20Concourse,%20,%20City%20of%20London,%20England/Hamilton%20Hall",https://www.pint-prices.com/borough-results/Southwark,£6.54,2026-07-03T23:10:47+00:00
Southwark,25,The Crosse Keys,FULLER’S LONDON PRIDE,£4.44,4.44,"https://www.pint-prices.com/pub/9%20Gracechurch%20Street,%20,%20City%20of%20London,%20England/The%20Crosse%20Keys",https://www.pint-prices.com/borough-results/Southwark,£6.54,2026-07-03T23:10:47+00:00
Southwark,26,Goodman's Field,GREENE KING ABBOT ALE,£4.49,4.49,"https://www.pint-prices.com/pub/87-91%20Mansell%20Street,%20,%20Tower%20Hamlets,%20England/Goodman's%20Field",https://www.pint-prices.com/borough-results/Southwark,£6.54,2026-07-03T23:10:47+00:00
Southwark,27,The Ship Aground,FOSTERS,£4.50,4.5,"https://www.pint-prices.com/pub/33%20Wolseley%20St,%20London%20SE1%202BP/The%20Ship%20Aground",https://www.pint-prices.com/borough-results/Southwark,£6.54,2026-07-03T23:10:47+00:00
Southwark,28,Traitors Gate,LUCKY SAINT,£4.65,4.65,"https://www.pint-prices.com/pub/%2014,%20Trinity%20Square,%20%20London%20,%20United%20Kingdom/Traitors%20Gate",https://www.pint-prices.com/borough-results/Southwark,£6.54,2026-07-03T23:10:47+00:00
Southwark,29,The Liberty Bounds,STRONGBOW DARK FRUIT,£4.66,4.66,"https://www.pint-prices.com/pub/15%20Trinity%20Square,%20Tower%20Hill,%20Tower%20of%20London,%20England/The%20Liberty%20Bounds",https://www.pint-prices.com/borough-results/Southwark,£6.54,2026-07-03T23:10:47+00:00
Southwark,30,Goodman's Field,STRONGBOW DARK FRUIT,£4.66,4.66,"https://www.pint-prices.com/pub/87-91%20Mansell%20Street,%20,%20Tower%20Hamlets,%20England/Goodman's%20Field",https://www.pint-prices.com/borough-results/Southwark,£6.54,2026-07-03T23:10:47+00:00
Southwark,31,The Crosse Keys,STRONGBOW DARK FRUIT,£4.66,4.66,"https://www.pint-prices.com/pub/9%20Gracechurch%20Street,%20,%20City%20of%20London,%20England/The%20Crosse%20Keys",https://www.pint-prices.com/borough-results/Southwark,£6.54,2026-07-03T23:10:47+00:00
Southwark,32,The Pommelers Rest,GREENE KING ABBOT ALE,£4.69,4.69,"https://www.pint-prices.com/pub/196-198%20Tower%20Bridge%20Road,%20,%20Tower%20Bridge%20(South),%20England/The%20Pommelers%20Rest",https://www.pint-prices.com/borough-results/Southwark,£6.54,2026-07-03T23:10:47+00:00
Southwark,33,The Rockingham Arms - JD Wetherspoon,CARLING,£4.72,4.72,"https://www.pint-prices.com/pub/Metro%20Central%20Heights,%20Elephant%20and%20Castle,%20SE1%206BN/The%20Rockingham%20Arms%20-%20JD%20Wetherspoon",https://www.pint-prices.com/borough-results/Southwark,£6.54,2026-07-03T23:10:47+00:00
Southwark,34,The Rockingham Arms - JD Wetherspoon,COORS,£4.72,4.72,"https://www.pint-prices.com/pub/Metro%20Central%20Heights,%20Elephant%20and%20Castle,%20SE1%206BN/The%20Rockingham%20Arms%20-%20JD%20Wetherspoon",https://www.pint-prices.com/borough-results/Southwark,£6.54,2026-07-03T23:10:47+00:00
Southwark,35,The Liberty Bounds,GREENE KING ABBOT ALE,£4.74,4.74,"https://www.pint-prices.com/pub/15%20Trinity%20Square,%20Tower%20Hill,%20Tower%20of%20London,%20England/The%20Liberty%20Bounds",https://www.pint-prices.com/borough-results/Southwark,£6.54,2026-07-03T23:10:47+00:00
Southwark,36,The Pride of Spitalfields,STAROPRAMEN,£4.80,4.8,"https://www.pint-prices.com/pub/3%20Heneage%20St,%20London%20E1%205LJ/The%20Pride%20of%20Spitalfields",https://www.pint-prices.com/borough-results/Southwark,£6.54,2026-07-03T23:10:47+00:00
Southwark,37,Flowes of the Forest,FOSTERS,£4.80,4.8,"https://www.pint-prices.com/pub/14%20Westminster%20Bridge%20Rd,%20London%20SE1%207QX/Flowes%20of%20the%20Forest",https://www.pint-prices.com/borough-results/Southwark,£6.54,2026-07-03T23:10:47+00:00
Southwark,38,The Crosse Keys,CARLSBERG,£4.89,4.89,"https://www.pint-prices.com/pub/9%20Gracechurch%20St,%20London%20EC3V%200DR/The%20Crosse%20Keys",https://www.pint-prices.com/borough-results/Southwark,£6.54,2026-07-03T23:10:47+00:00
Southwark,39,The Liberty Bounds,CARLSBERG PILSNER,£4.89,4.89,"https://www.pint-prices.com/pub/15%20Trinity%20Square,%20Tower%20Hill,%20Tower%20of%20London,%20England/The%20Liberty%20Bounds",https://www.pint-prices.com/borough-results/Southwark,£6.54,2026-07-03T23:10:47+00:00
Southwark,40,Goodman's Field,CARLSBERG PILSNER,£4.89,4.89,"https://www.pint-prices.com/pub/87-91%20Mansell%20Street,%20,%20Tower%20Hamlets,%20England/Goodman's%20Field",https://www.pint-prices.com/borough-results/Southwark,£6.54,2026-07-03T23:10:47+00:00
Southwark,41,The Crosse Keys,CARLSBERG PILSNER,£4.89,4.89,"https://www.pint-prices.com/pub/9%20Gracechurch%20Street,%20,%20City%20of%20London,%20England/The%20Crosse%20Keys",https://www.pint-prices.com/borough-results/Southwark,£6.54,2026-07-03T23:10:47+00:00
Southwark,42,The Ship,FOSTERS,£4.90,4.9,"https://www.pint-prices.com/pub/39-47%20Saint%20Marychurch%20St,%20London%20SE16%204JE/The%20Ship",https://www.pint-prices.com/borough-results/Southwark,£6.54,2026-07-03T23:10:47+00:00
Southwark,43,The Rockingham Arms - JD Wetherspoon,STELLA ARTOIS,£4.91,4.91,"https://www.pint-prices.com/pub/Metro%20Central%20Heights,%20Elephant%20and%20Castle,%20SE1%206BN/The%20Rockingham%20Arms%20-%20JD%20Wetherspoon",https://www.pint-prices.com/borough-results/Southwark,£6.54,2026-07-03T23:10:47+00:00
Southwark,44,The Sir John Hawkshaw,STRONGBOW DARK FRUIT,£4.93,4.93,"https://www.pint-prices.com/pub/Cannon%20Street%20Station,%20Cannon%20Street,%20,%20London,%20England/The%20Sir%20John%20Hawkshaw",https://www.pint-prices.com/borough-results/Southwark,£6.54,2026-07-03T23:10:47+00:00
Southwark,45,The Rockingham Arms - JD Wetherspoon,BUDWEISER,£4.95,4.95,"https://www.pint-prices.com/pub/Metro%20Central%20Heights,%20Elephant%20and%20Castle,%20SE1%206BN/The%20Rockingham%20Arms%20-%20JD%20Wetherspoon",https://www.pint-prices.com/borough-results/Southwark,£6.54,2026-07-03T23:10:47+00:00
Southwark,46,The Rockingham Arms,PRAVHA,£4.95,4.95,"https://www.pint-prices.com/pub/119%20Newington%20Causeway,%20Elephant%20and%20Castle,%20London%20SE1%206BN/The%20Rockingham%20Arms",https://www.pint-prices.com/borough-results/Southwark,£6.54,2026-07-03T23:10:47+00:00
Southwark,47,The Pommelers Rest,CARLING,£4.99,4.99,"https://www.pint-prices.com/pub/196-198%20Tower%20Bridge%20Road,%20,%20Tower%20Bridge%20(South),%20England/The%20Pommelers%20Rest",https://www.pint-prices.com/borough-results/Southwark,£6.54,2026-07-03T23:10:47+00:00
Southwark,48,The Liberty Bounds,CARLING,£4.99,4.99,"https://www.pint-prices.com/pub/15%20Trinity%20Square,%20Tower%20Hill,%20Tower%20of%20London,%20England/The%20Liberty%20Bounds",https://www.pint-prices.com/borough-results/Southwark,£6.54,2026-07-03T23:10:47+00:00
Southwark,49,Goodman's Field,CARLING,£4.99,4.99,"https://www.pint-prices.com/pub/87-91%20Mansell%20Street,%20,%20Tower%20Hamlets,%20England/Goodman's%20Field",https://www.pint-prices.com/borough-results/Southwark,£6.54,2026-07-03T23:10:47+00:00
Southwark,50,The Crosse Keys,CARLING,£4.99,4.99,"https://www.pint-prices.com/pub/9%20Gracechurch%20Street,%20,%20City%20of%20London,%20England/The%20Crosse%20Keys",https://www.pint-prices.com/borough-results/Southwark,£6.54,2026-07-03T23:10:47+00:00
Southwark,51,Windsor Fenchurch,FOSTERS,£5.00,5.0,"https://www.pint-prices.com/pub/2%20New%20London%20St,%20London%20EC3R%207NA,%20UK/Windsor%20Fenchurch",https://www.pint-prices.com/borough-results/Southwark,£6.54,2026-07-03T23:10:47+00:00
Southwark,52,The Old Justice,OLD HOUSE LAGER,£5.00,5.0,"https://www.pint-prices.com/pub/94%20Bermondsey%20Wall%20East,%20London%20SE16%204TY/The%20Old%20Justice",https://www.pint-prices.com/borough-results/Southwark,£6.54,2026-07-03T23:10:47+00:00
Southwark,53,The Old Justice,GUINNESS,£5.00,5.0,"https://www.pint-prices.com/pub/94%20Bermondsey%20Wall%20East,%20London%20SE16%204TY/The%20Old%20Justice",https://www.pint-prices.com/borough-results/Southwark,£6.54,2026-07-03T23:10:47+00:00
Southwark,54,The Old Justice,HOUSE LAGER,£5.00,5.0,"https://www.pint-prices.com/pub/94%20Bermondsey%20Wall%20East,%20London%20SE16%204TY/The%20Old%20Justice",https://www.pint-prices.com/borough-results/Southwark,£6.54,2026-07-03T23:10:47+00:00
Southwark,55,The Old Justice,HOUSE BITTER,£5.00,5.0,"https://www.pint-prices.com/pub/94%20Bermondsey%20Wall%20East,%20London%20SE16%204TY/The%20Old%20Justice",https://www.pint-prices.com/borough-results/Southwark,£6.54,2026-07-03T23:10:47+00:00
Southwark,56,Hamilton Hall,CARLSBERG PILSNER,£5.12,5.12,"https://www.pint-prices.com/pub/Liverpool%20Street%20station,%20Street-level%20Concourse,%20,%20City%20of%20London,%20England/Hamilton%20Hall",https://www.pint-prices.com/borough-results/Southwark,£6.54,2026-07-03T23:10:47+00:00
Southwark,57,The Rockingham Arms,BUDWEISER,£5.15,5.15,"https://www.pint-prices.com/pub/Metro%20Central%20Heights,%20119%20Newington%20Causeway,%20Elephant%20%26%20Castle,%20England/The%20Rockingham%20Arms",https://www.pint-prices.com/borough-results/Southwark,£6.54,2026-07-03T23:10:47+00:00
Southwark,58,The Good Samaritan,GUINNESS,£5.20,5.2,"https://www.pint-prices.com/pub/87%20Turner%20St,%20London%20E1%202AE/The%20Good%20Samaritan",https://www.pint-prices.com/borough-results/Southwark,£6.54,2026-07-03T23:10:47+00:00
Southwark,59,The White Hart,LONDON PILSNER,£5.20,5.2,"https://www.pint-prices.com/pub/1%20Mile%20End%20Rd,%20Bethnal%20Green,%20London%20E1%204TP/The%20White%20Hart",https://www.pint-prices.com/borough-results/Southwark,£6.54,2026-07-03T23:10:47+00:00
Southwark,60,The Royal Oak,HARVEY'S OLD ALE,£5.20,5.2,"https://www.pint-prices.com/pub/44%20Tabard%20St,%20London%20SE1%204JU/The%20Royal%20Oak",https://www.pint-prices.com/borough-results/Southwark,£6.54,2026-07-03T23:10:47+00:00
Southwark,61,The Gregorian,AMSTEL,£5.25,5.25,"https://www.pint-prices.com/pub/96%20Jamaica%20Rd,%20London%20SE16%204SQ/The%20Gregorian",https://www.pint-prices.com/borough-results/Southwark,£6.54,2026-07-03T23:10:47+00:00
Southwark,62,Windsor Fenchurch,THATCHERS GOLD,£5.30,5.3,"https://www.pint-prices.com/pub/2%20New%20London%20Street%20,%20,%20London,%20United%20Kingdom/Windsor%20Fenchurch",https://www.pint-prices.com/borough-results/Southwark,£6.54,2026-07-03T23:10:47+00:00
Southwark,63,The Rockingham Arms,GUINNESS,£5.35,5.35,"https://www.pint-prices.com/pub/Metro%20Central%20Heights,%20119%20Newington%20Causeway,%20Elephant%20%26%20Castle,%20England/The%20Rockingham%20Arms",https://www.pint-prices.com/borough-results/Southwark,£6.54,2026-07-03T23:10:47+00:00
Southwark,64,Windsor Fenchurch,GUINNESS,£5.35,5.35,"https://www.pint-prices.com/pub/2%20New%20London%20Street%20,%20,%20London,%20United%20Kingdom/Windsor%20Fenchurch",https://www.pint-prices.com/borough-results/Southwark,£6.54,2026-07-03T23:10:47+00:00
Southwark,65,The Rockingham Arms - JD Wetherspoon,CORONA,£5.39,5.39,"https://www.pint-prices.com/pub/Metro%20Central%20Heights,%20Elephant%20and%20Castle,%20SE1%206BN/The%20Rockingham%20Arms%20-%20JD%20Wetherspoon",https://www.pint-prices.com/borough-results/Southwark,£6.54,2026-07-03T23:10:47+00:00
Southwark,66,The Rockingham Arms - JD Wetherspoon,SAN MIGUEL,£5.39,5.39,"https://www.pint-prices.com/pub/Metro%20Central%20Heights,%20Elephant%20and%20Castle,%20SE1%206BN/The%20Rockingham%20Arms%20-%20JD%20Wetherspoon",https://www.pint-prices.com/borough-results/Southwark,£6.54,2026-07-03T23:10:47+00:00
Southwark,67,The Sir John Hawkshaw,CARLSBERG PILSNER,£5.39,5.39,"https://www.pint-prices.com/pub/Cannon%20Street%20Station,%20Cannon%20Street,%20,%20London,%20England/The%20Sir%20John%20Hawkshaw",https://www.pint-prices.com/borough-results/Southwark,£6.54,2026-07-03T23:10:47+00:00
Southwark,68,The Rosy Hue,PRAVHA,£5.40,5.4,"https://www.pint-prices.com/pub/6%20Ash%20Ave,%20Elephant%20and%20Castle,%20London%20SE17%201GQ/The%20Rosy%20Hue",https://www.pint-prices.com/borough-results/Southwark,£6.54,2026-07-03T23:10:47+00:00
Southwark,69,The Albion,YOUNG’S ORIGINAL,£5.40,5.4,https://www.pint-prices.com/pub/EC4V%206AA/The%20Albion,https://www.pint-prices.com/borough-results/Southwark,£6.54,2026-07-03T23:10:47+00:00
Southwark,70,Windsor Fenchurch,AMSTEL,£5.40,5.4,"https://www.pint-prices.com/pub/2%20New%20London%20Street%20,%20,%20London,%20United%20Kingdom/Windsor%20Fenchurch",https://www.pint-prices.com/borough-results/Southwark,£6.54,2026-07-03T23:10:47+00:00
Southwark,71,The Pommelers Rest,GUINNESS,£5.42,5.42,"https://www.pint-prices.com/pub/196-198%20Tower%20Bridge%20Road,%20,%20Tower%20Bridge%20(South),%20England/The%20Pommelers%20Rest",https://www.pint-prices.com/borough-results/Southwark,£6.54,2026-07-03T23:10:47+00:00
Southwark,72,Windsor Fenchurch,STRONGBOW DARK FRUIT,£5.45,5.45,"https://www.pint-prices.com/pub/2%20New%20London%20Street%20,%20,%20London,%20United%20Kingdom/Windsor%20Fenchurch",https://www.pint-prices.com/borough-results/Southwark,£6.54,2026-07-03T23:10:47+00:00
Southwark,73,The Sir John Hawkshaw,CARLING,£5.49,5.49,"https://www.pint-prices.com/pub/Cannon%20Street%20Station,%20Cannon%20Street,%20,%20London,%20England/The%20Sir%20John%20Hawkshaw",https://www.pint-prices.com/borough-results/Southwark,£6.54,2026-07-03T23:10:47+00:00
Southwark,74,Bodean's Tower Hill,BOSS HOG,£5.50,5.5,"https://www.pint-prices.com/pub/16%20Byward%20St,%20London%20EC3R%205BA,%20UK/Bodean's%20Tower%20Hill",https://www.pint-prices.com/borough-results/Southwark,£6.54,2026-07-03T23:10:47+00:00
Southwark,75,The Ship,PRAVHA,£5.50,5.5,"https://www.pint-prices.com/pub/68%20Borough%20Rd,%20London%20SE1%201DX/The%20Ship",https://www.pint-prices.com/borough-results/Southwark,£6.54,2026-07-03T23:10:47+00:00
Southwark,76,The Star by Liverpool Street,BECKS,£5.50,5.5,"https://www.pint-prices.com/pub/94%20Middlesex%20St,%20London%20E1%207EZ/The%20Star%20by%20Liverpool%20Street",https://www.pint-prices.com/borough-results/Southwark,£6.54,2026-07-03T23:10:47+00:00
Southwark,77,The Old King's Head,LONDON PRIDE,£5.50,5.5,"https://www.pint-prices.com/pub/King's%20Head%20Yard,%20London%20SE1%201NA/The%20Old%20King's%20Head",https://www.pint-prices.com/borough-results/Southwark,£6.54,2026-07-03T23:10:47+00:00
Southwark,78,The Pride of Spitalfields,GUINNESS,£5.50,5.5,"https://www.pint-prices.com/pub/3%20Heneage%20St,%20London%20E1%205LJ/The%20Pride%20of%20Spitalfields",https://www.pint-prices.com/borough-results/Southwark,£6.54,2026-07-03T23:10:47+00:00
Southwark,79,The Old Justice,CIDER,£5.50,5.5,"https://www.pint-prices.com/pub/94%20Bermondsey%20Wall%20East,%20London%20SE16%204TY/The%20Old%20Justice",https://www.pint-prices.com/borough-results/Southwark,£6.54,2026-07-03T23:10:47+00:00
Southwark,80,The Kings Arms,GUINNESS,£5.50,5.5,https://www.pint-prices.com/pub/Se114xd%20/The%20Kings%20Arms,https://www.pint-prices.com/borough-results/Southwark,£6.54,2026-07-03T23:10:47+00:00
Southwark,81,Hamilton Hall,CARLING,£5.54,5.54,"https://www.pint-prices.com/pub/Liverpool%20Street%20station,%20Street-level%20Concourse,%20,%20City%20of%20London,%20England/Hamilton%20Hall",https://www.pint-prices.com/borough-results/Southwark,£6.54,2026-07-03T23:10:47+00:00
Southwark,82,The Pommelers Rest,BUDWEISER,£5.59,5.59,"https://www.pint-prices.com/pub/196-198%20Tower%20Bridge%20Road,%20,%20Tower%20Bridge%20(South),%20England/The%20Pommelers%20Rest",https://www.pint-prices.com/borough-results/Southwark,£6.54,2026-07-03T23:10:47+00:00
Southwark,83,The Jugged Hare,CASK ALE,£5.60,5.6,"https://www.pint-prices.com/pub/49%20Chiswell%20St,%20London%20EC1Y%204SA,%20UK/The%20Jugged%20Hare",https://www.pint-prices.com/borough-results/Southwark,£6.54,2026-07-03T23:10:47+00:00
Southwark,84,The Trinity,AMSTEL,£5.60,5.6,"https://www.pint-prices.com/pub/202-206%20Borough%20High%20St,%20London%20SE1%201JX/The%20Trinity",https://www.pint-prices.com/borough-results/Southwark,£6.54,2026-07-03T23:10:47+00:00
Southwark,85,The Rockingham Arms,CORONA,£5.60,5.6,"https://www.pint-prices.com/pub/Metro%20Central%20Heights,%20119%20Newington%20Causeway,%20Elephant%20%26%20Castle,%20England/The%20Rockingham%20Arms",https://www.pint-prices.com/borough-results/Southwark,£6.54,2026-07-03T23:10:47+00:00
Southwark,86,The Alexander Hay,OLD SPECKLED HEN,£5.60,5.6,"https://www.pint-prices.com/pub/Unit%2022%20Hays%20Galleria,%20,%20London,%20United%20Kingdom/The%20Alexander%20Hay",https://www.pint-prices.com/borough-results/Southwark,£6.54,2026-07-03T23:10:47+00:00
Southwark,87,Traitors Gate,MCMULLEN AK,£5.60,5.6,"https://www.pint-prices.com/pub/%2014,%20Trinity%20Square,%20%20London%20,%20United%20Kingdom/Traitors%20Gate",https://www.pint-prices.com/borough-results/Southwark,£6.54,2026-07-03T23:10:47+00:00
Southwark,88,Hamilton Hall,BUDWEISER,£5.61,5.61,"https://www.pint-prices.com/pub/Liverpool%20Street%20station,%20Street-level%20Concourse,%20,%20City%20of%20London,%20England/Hamilton%20Hall",https://www.pint-prices.com/borough-results/Southwark,£6.54,2026-07-03T23:10:47+00:00
Southwark,89,The Liberty Bounds,GUINNESS,£5.64,5.64,"https://www.pint-prices.com/pub/15%20Trinity%20Square,%20Tower%20Hill,%20Tower%20of%20London,%20England/The%20Liberty%20Bounds",https://www.pint-prices.com/borough-results/Southwark,£6.54,2026-07-03T23:10:47+00:00
Southwark,90,Goodman's Field,GUINNESS,£5.64,5.64,"https://www.pint-prices.com/pub/87-91%20Mansell%20Street,%20,%20Tower%20Hamlets,%20England/Goodman's%20Field",https://www.pint-prices.com/borough-results/Southwark,£6.54,2026-07-03T23:10:47+00:00
Southwark,91,The Crosse Keys,GUINNESS,£5.64,5.64,"https://www.pint-prices.com/pub/9%20Gracechurch%20Street,%20,%20City%20of%20London,%20England/The%20Crosse%20Keys",https://www.pint-prices.com/borough-results/Southwark,£6.54,2026-07-03T23:10:47+00:00
Southwark,92,The Huntsman & Hounds,FOUR PURE LAGER,£5.70,5.7,"https://www.pint-prices.com/pub/70%20Elsted%20St,%20London%20SE17%201QG/The%20Huntsman%20%26%20Hounds",https://www.pint-prices.com/borough-results/Southwark,£6.54,2026-07-03T23:10:47+00:00
Southwark,93,The Liberty Bounds,BUDWEISER,£5.71,5.71,"https://www.pint-prices.com/pub/15%20Trinity%20Square,%20Tower%20Hill,%20Tower%20of%20London,%20England/The%20Liberty%20Bounds",https://www.pint-prices.com/borough-results/Southwark,£6.54,2026-07-03T23:10:47+00:00
Southwark,94,Goodman's Field,BUDWEISER,£5.71,5.71,"https://www.pint-prices.com/pub/87-91%20Mansell%20Street,%20,%20Tower%20Hamlets,%20England/Goodman's%20Field",https://www.pint-prices.com/borough-results/Southwark,£6.54,2026-07-03T23:10:47+00:00
Southwark,95,The Crosse Keys,BUDWEISER,£5.71,5.71,"https://www.pint-prices.com/pub/9%20Gracechurch%20Street,%20,%20City%20of%20London,%20England/The%20Crosse%20Keys",https://www.pint-prices.com/borough-results/Southwark,£6.54,2026-07-03T23:10:47+00:00
Southwark,96,The Rockingham Arms - JD Wetherspoon,LEFFE BLONDE,£5.73,5.73,"https://www.pint-prices.com/pub/Metro%20Central%20Heights,%20Elephant%20and%20Castle,%20SE1%206BN/The%20Rockingham%20Arms%20-%20JD%20Wetherspoon",https://www.pint-prices.com/borough-results/Southwark,£6.54,2026-07-03T23:10:47+00:00
Southwark,97,Honest Burger Tower Hill,GUINNESS,£5.80,5.8,"https://www.pint-prices.com/pub/1%20Commodity%20Quay,%20London%20E1W%201AZ/Honest%20Burger%20Tower%20Hill",https://www.pint-prices.com/borough-results/Southwark,£6.54,2026-07-03T23:10:47+00:00
Southwark,98,The Ship EC3,AMSTEL,£5.80,5.8,"https://www.pint-prices.com/pub/3%20Hart%20St,%20London%20EC3R%207NB/The%20Ship%20EC3",https://www.pint-prices.com/borough-results/Southwark,£6.54,2026-07-03T23:10:47+00:00
Southwark,99,Sir Sydney Smith,GUINNESS,£5.80,5.8,"https://www.pint-prices.com/pub/22%20Dock%20St,%20Tower%20Hill,%20London%20E1%208JP/Sir%20Sydney%20Smith",https://www.pint-prices.com/borough-results/Southwark,£6.54,2026-07-03T23:10:47+00:00
Southwark,100,The Roebuck,MURPHY'S,£5.80,5.8,"https://www.pint-prices.com/pub/50%20Great%20Dover%20St,%20London%20SE1%204YG/The%20Roebuck",https://www.pint-prices.com/borough-results/Southwark,£6.54,2026-07-03T23:10:47+00:00
Southwark,101,The Jugged Hare,ESB,£5.80,5.8,"https://www.pint-prices.com/pub/49%20Chiswell%20St,%20London%20EC1Y%204SA,%20UK/The%20Jugged%20Hare",https://www.pint-prices.com/borough-results/Southwark,£6.54,2026-07-03T23:10:47+00:00
Southwark,102,Hamilton Hall,GUINNESS,£5.82,5.82,"https://www.pint-prices.com/pub/Liverpool%20Street%20station,%20Street-level%20Concourse,%20,%20City%20of%20London,%20England/Hamilton%20Hall",https://www.pint-prices.com/borough-results/Southwark,£6.54,2026-07-03T23:10:47+00:00
Southwark,103,All Bar One Houndsditch,AMSTEL,£5.85,5.85,"https://www.pint-prices.com/pub/106-107%20Houndsditch,%20,%20London,%20UK/All%20Bar%20One%20Houndsditch",https://www.pint-prices.com/borough-results/Southwark,£6.54,2026-07-03T23:10:47+00:00
Southwark,104,Honest Burger Tower Hill,BROOKLYN PILSNER,£5.90,5.9,"https://www.pint-prices.com/pub/1%20Commodity%20Quay,%20London%20E1W%201AZ/Honest%20Burger%20Tower%20Hill",https://www.pint-prices.com/borough-results/Southwark,£6.54,2026-07-03T23:10:47+00:00
Southwark,105,The Libertine,HEINEKEN,£5.90,5.9,"https://www.pint-prices.com/pub/125%20Great%20Suffolk%20St,%20London%20SE1%201PQ/The%20Libertine",https://www.pint-prices.com/borough-results/Southwark,£6.54,2026-07-03T23:10:47+00:00
Southwark,106,The Gladstone Arms,GLADSTONE LAGER,£5.90,5.9,"https://www.pint-prices.com/pub/64%20Lant%20St,%20London%20SE1%201QN/The%20Gladstone%20Arms",https://www.pint-prices.com/borough-results/Southwark,£6.54,2026-07-03T23:10:47+00:00
Southwark,107,The Good Samaritan,MADRI,£5.90,5.9,"https://www.pint-prices.com/pub/87%20Turner%20St,%20London%20E1%202AE/The%20Good%20Samaritan",https://www.pint-prices.com/borough-results/Southwark,£6.54,2026-07-03T23:10:47+00:00
Southwark,108,Sir Sydney Smith,CAMDEN HELLS,£5.90,5.9,"https://www.pint-prices.com/pub/22%20Dock%20St,%20Tower%20Hill,%20London%20E1%208JP/Sir%20Sydney%20Smith",https://www.pint-prices.com/borough-results/Southwark,£6.54,2026-07-03T23:10:47+00:00
Southwark,109,The Alexander Hay,LONDON PRIDE,£5.90,5.9,"https://www.pint-prices.com/pub/Unit%2022%20Hays%20Galleria,%20,%20London,%20United%20Kingdom/The%20Alexander%20Hay",https://www.pint-prices.com/borough-results/Southwark,£6.54,2026-07-03T23:10:47+00:00
Southwark,110,Traitors Gate,COUNTRY BEST BITTER,£5.90,5.9,"https://www.pint-prices.com/pub/%2014,%20Trinity%20Square,%20%20London%20,%20United%20Kingdom/Traitors%20Gate",https://www.pint-prices.com/borough-results/Southwark,£6.54,2026-07-03T23:10:47+00:00
Southwark,111,Cheshire Cheese,LONDON PRIDE,£5.90,5.9,"https://www.pint-prices.com/pub/48%20Crutched%20Friars%20,%20,%20London,%20United%20Kingdom/Cheshire%20Cheese",https://www.pint-prices.com/borough-results/Southwark,£6.54,2026-07-03T23:10:47+00:00
Southwark,112,All Bar One Houndsditch,GUINNESS,£5.90,5.9,"https://www.pint-prices.com/pub/106-107%20Houndsditch,%20,%20London,%20UK/All%20Bar%20One%20Houndsditch",https://www.pint-prices.com/borough-results/Southwark,£6.54,2026-07-03T23:10:47+00:00
Southwark,113,The Founder's Arms,YOUNG'S ORIGINAL,£5.95,5.95,"https://www.pint-prices.com/pub/52%20Hopton%20St,%20London%20SE1%209JH,%20UK/The%20Founder's%20Arms",https://www.pint-prices.com/borough-results/Southwark,£6.54,2026-07-03T23:10:47+00:00
Southwark,114,"The Barrowboy & Banker, SE1",LONDON PRIDE,£5.95,5.95,"https://www.pint-prices.com/pub/6-8%20Borough%20High%20St,%20London%20SE1%209QQ,%20UK/The%20Barrowboy%20%26%20Banker,%20SE1",https://www.pint-prices.com/borough-results/Southwark,£6.54,2026-07-03T23:10:47+00:00
Southwark,115,All Bar One Butlers Wharf,PRAVHA,£5.95,5.95,"https://www.pint-prices.com/pub/34%20Shad%20Thames,%20Butlers%20Wharf,%20London,%20UK/All%20Bar%20One%20Butlers%20Wharf",https://www.pint-prices.com/borough-results/Southwark,£6.54,2026-07-03T23:10:47+00:00
Southwark,116,Tower Bridge Arms: A BrewDog Pub,PUNK IPA ALCOHOL FREE 0.5%,£5.95,5.95,"https://www.pint-prices.com/pub/Tower%20Bridge%20Tavern,%20206-208%20Tower%20Bridge%20Rd,%20London,%20/Tower%20Bridge%20Arms:%20A%20BrewDog%20Pub",https://www.pint-prices.com/borough-results/Southwark,£6.54,2026-07-03T23:10:47+00:00
Southwark,117,BrewDog Outpost Tower Hill,LOST ALCOHOL FREE 0.5%,£5.95,5.95,"https://www.pint-prices.com/pub/21%20Great%20Tower%20St,%20,%20London,%20/BrewDog%20Outpost%20Tower%20Hill",https://www.pint-prices.com/borough-results/Southwark,£6.54,2026-07-03T23:10:47+00:00
Southwark,118,Seething Lane Tap: A BrewDog Pub,PUNK IPA ALCOHOL FREE 0.5%,£5.95,5.95,"https://www.pint-prices.com/pub/Seething%20Lane%20Tap,%2014-15%20Seething%20Ln,%20London,%20/Seething%20Lane%20Tap:%20A%20BrewDog%20Pub",https://www.pint-prices.com/borough-results/Southwark,£6.54,2026-07-03T23:10:47+00:00
Southwark,119,All Bar One Tower of London,AMSTEL,£5.95,5.95,"https://www.pint-prices.com/pub/14%20Byward%20Street,%20,%20London,%20UK/All%20Bar%20One%20Tower%20of%20London",https://www.pint-prices.com/borough-results/Southwark,£6.54,2026-07-03T23:10:47+00:00
Southwark,120,The Pommelers Rest,CORONA,£5.96,5.96,"https://www.pint-prices.com/pub/196-198%20Tower%20Bridge%20Road,%20,%20Tower%20Bridge%20(South),%20England/The%20Pommelers%20Rest",https://www.pint-prices.com/borough-results/Southwark,£6.54,2026-07-03T23:10:47+00:00
Southwark,121,The Jugged Hare,AMSTEL,£6.00,6.0,"https://www.pint-prices.com/pub/49%20Chiswell%20St,%20London%20EC1Y%204SA,%20UK/The%20Jugged%20Hare",https://www.pint-prices.com/borough-results/Southwark,£6.54,2026-07-03T23:10:47+00:00
Southwark,122,George,ESTRELLA,£6.00,6.0,"https://www.pint-prices.com/pub/75%20Borough%20High%20St,%20London%20SE1%201NH,%20UK/George",https://www.pint-prices.com/borough-results/Southwark,£6.54,2026-07-03T23:10:47+00:00
Southwark,123,The George Tavern,PRAVHA,£6.00,6.0,"https://www.pint-prices.com/pub/373%20Commercial%20Rd,%20Stepney,%20London%20E1%200LA/The%20George%20Tavern",https://www.pint-prices.com/borough-results/Southwark,£6.54,2026-07-03T23:10:47+00:00
Southwark,124,Feeney's,GUINNESS,£6.00,6.0,"https://www.pint-prices.com/pub/48%20Mark%20Ln,%20London%20EC3R%207QH/Feeney's",https://www.pint-prices.com/borough-results/Southwark,£6.54,2026-07-03T23:10:47+00:00
Southwark,125,Sir Sydney Smith,ESTRELLA GALICIA,£6.00,6.0,"https://www.pint-prices.com/pub/22%20Dock%20St,%20Tower%20Hill,%20London%20E1%208JP/Sir%20Sydney%20Smith",https://www.pint-prices.com/borough-results/Southwark,£6.54,2026-07-03T23:10:47+00:00
Southwark,126,The Bell,GUINNESS,£6.00,6.0,"https://www.pint-prices.com/pub/50%20Middlesex%20St,%20London%20E1%207EX/The%20Bell",https://www.pint-prices.com/borough-results/Southwark,£6.54,2026-07-03T23:10:47+00:00
Southwark,127,The Dickens Inn,GUINNESS,£6.00,6.0,"https://www.pint-prices.com/pub/Marble%20Quay,%20St%20Katharine's%20Way,%20London%20E1W%201UH/The%20Dickens%20Inn",https://www.pint-prices.com/borough-results/Southwark,£6.54,2026-07-03T23:10:47+00:00
Southwark,128,The Kings Arms,MADRI,£6.00,6.0,https://www.pint-prices.com/pub/Se114xd%20/The%20Kings%20Arms,https://www.pint-prices.com/borough-results/Southwark,£6.54,2026-07-03T23:10:47+00:00
Southwark,129,All Bar One Butlers Wharf,GUINNESS,£6.00,6.0,"https://www.pint-prices.com/pub/34%20Shad%20Thames,%20Butlers%20Wharf,%20London,%20UK/All%20Bar%20One%20Butlers%20Wharf",https://www.pint-prices.com/borough-results/Southwark,£6.54,2026-07-03T23:10:47+00:00
Southwark,130,All Bar One Tower of London,GUINNESS,£6.00,6.0,"https://www.pint-prices.com/pub/14%20Byward%20Street,%20,%20London,%20UK/All%20Bar%20One%20Tower%20of%20London",https://www.pint-prices.com/borough-results/Southwark,£6.54,2026-07-03T23:10:47+00:00
Southwark,131,All Bar One Cannon Street,GUINNESS,£6.00,6.0,"https://www.pint-prices.com/pub/103%20Cannon%20Street,%20,%20London,%20UK/All%20Bar%20One%20Cannon%20Street",https://www.pint-prices.com/borough-results/Southwark,£6.54,2026-07-03T23:10:47+00:00
Southwark,132,The Ship,CARLSBERG PILSNER,£6.05,6.05,"https://www.pint-prices.com/pub/11%20Talbot%20Court,%20,%20London,%20UK/The%20Ship",https://www.pint-prices.com/borough-results/Southwark,£6.54,2026-07-03T23:10:47+00:00
Southwark,133,The Woodins Shades,TENNENTS LAGER,£6.05,6.05,"https://www.pint-prices.com/pub/212%20Bishopsgate,%20,%20London,%20UK/The%20Woodins%20Shades",https://www.pint-prices.com/borough-results/Southwark,£6.54,2026-07-03T23:10:47+00:00
Southwark,134,The Sir John Hawkshaw,BUDWEISER,£6.07,6.07,"https://www.pint-prices.com/pub/Cannon%20Street%20Station,%20Cannon%20Street,%20,%20London,%20England/The%20Sir%20John%20Hawkshaw",https://www.pint-prices.com/borough-results/Southwark,£6.54,2026-07-03T23:10:47+00:00
Southwark,135,The Two Bridges,HEINEKEN,£6.10,6.1,"https://www.pint-prices.com/pub/186%20Tooley%20St,%20London%20SE1%202TZ/The%20Two%20Bridges",https://www.pint-prices.com/borough-results/Southwark,£6.54,2026-07-03T23:10:47+00:00
Southwark,136,The Lord Clyde,AMSTEL,£6.10,6.1,"https://www.pint-prices.com/pub/27%20Clennam%20St,%20London%20SE1%201ER/The%20Lord%20Clyde",https://www.pint-prices.com/borough-results/Southwark,£6.54,2026-07-03T23:10:47+00:00
Southwark,137,The London Hospital Tavern,HEINEKEN,£6.10,6.1,"https://www.pint-prices.com/pub/176%20Whitechapel%20Rd,%20London%20E1%201BJ/The%20London%20Hospital%20Tavern",https://www.pint-prices.com/borough-results/Southwark,£6.54,2026-07-03T23:10:47+00:00
Southwark,138,Monument (Whitechapel),GREENE KING IPA,£6.10,6.1,"https://www.pint-prices.com/pub/18%20Fish%20Street%20Hill,%20,%20Whitechapel,%20England/Monument%20(Whitechapel)",https://www.pint-prices.com/borough-results/Southwark,£6.54,2026-07-03T23:10:47+00:00
Southwark,139,Railway (London Ec2),GREENE KING IPA,£6.10,6.1,"https://www.pint-prices.com/pub/15%20Liverpool%20Street,%20,%20,%20England/Railway%20(London%20Ec2)",https://www.pint-prices.com/borough-results/Southwark,£6.54,2026-07-03T23:10:47+00:00
Southwark,140,Kings Arms (Bishopsgate),GREENE KING IPA,£6.10,6.1,"https://www.pint-prices.com/pub/27-28%20Wormwood%20Street,%20,%20Bishopsgate,%20England/Kings%20Arms%20(Bishopsgate)",https://www.pint-prices.com/borough-results/Southwark,£6.54,2026-07-03T23:10:47+00:00
Southwark,141,Red Lion (Moorgate),GREENE KING IPA,£6.10,6.1,"https://www.pint-prices.com/pub/1%20Eldon%20Street,%20,%20Moorgate,%20England/Red%20Lion%20(Moorgate)",https://www.pint-prices.com/borough-results/Southwark,£6.54,2026-07-03T23:10:47+00:00
Southwark,142,Hamilton Hall,CORONA,£6.13,6.13,"https://www.pint-prices.com/pub/Liverpool%20Street%20station,%20Street-level%20Concourse,%20,%20City%20of%20London,%20England/Hamilton%20Hall",https://www.pint-prices.com/borough-results/Southwark,£6.54,2026-07-03T23:10:47+00:00
Southwark,143,The Sir John Hawkshaw,GUINNESS,£6.14,6.14,"https://www.pint-prices.com/pub/Cannon%20Street%20Station,%20Cannon%20Street,%20,%20London,%20England/The%20Sir%20John%20Hawkshaw",https://www.pint-prices.com/borough-results/Southwark,£6.54,2026-07-03T23:10:47+00:00
Southwark,144,Red Lion,AMSTEL,£6.15,6.15,"https://www.pint-prices.com/pub/1%20Eldon%20Street,%20EC2M%207LS/Red%20Lion",https://www.pint-prices.com/borough-results/Southwark,£6.54,2026-07-03T23:10:47+00:00
Southwark,145,Railway,AMSTEL,£6.15,6.15,"https://www.pint-prices.com/pub/15%20Liverpool%20Street,%20EC2M%207NX/Railway",https://www.pint-prices.com/borough-results/Southwark,£6.54,2026-07-03T23:10:47+00:00
Southwark,146,Kings Arms,AMSTEL,£6.15,6.15,"https://www.pint-prices.com/pub/27-28%20Wormwood%20Street,%20EC2M%201RP/Kings%20Arms",https://www.pint-prices.com/borough-results/Southwark,£6.54,2026-07-03T23:10:47+00:00
Southwark,147,Lord Clyde,BASS CASK ALE,£6.15,6.15,"https://www.pint-prices.com/pub/27%20Clennam%20Street,%20Southwark,%20Southwark,%20United%20Kingdom/Lord%20Clyde",https://www.pint-prices.com/borough-results/Southwark,£6.54,2026-07-03T23:10:47+00:00
Southwark,148,Traitors Gate,BULMERS ORIGINAL,£6.15,6.15,"https://www.pint-prices.com/pub/%2014,%20Trinity%20Square,%20%20London%20,%20United%20Kingdom/Traitors%20Gate",https://www.pint-prices.com/borough-results/Southwark,£6.54,2026-07-03T23:10:47+00:00
Southwark,149,Crutched Friar,HOBGOBLIN GOLD,£6.15,6.15,"https://www.pint-prices.com/pub/39-41%20Crutched%20Friars%20,%20,%20London,%20United%20Kingdom/Crutched%20Friar",https://www.pint-prices.com/borough-results/Southwark,£6.54,2026-07-03T23:10:47+00:00
Southwark,150,The Globe,CARLSBERG PILSNER,£6.15,6.15,"https://www.pint-prices.com/pub/83%20Moorgate,%20,%20London,%20UK/The%20Globe",https://www.pint-prices.com/borough-results/Southwark,£6.54,2026-07-03T23:10:47+00:00
Southwark,151,Kings Arms (Bishopsgate),ABBOT ALE,£6.15,6.15,"https://www.pint-prices.com/pub/27-28%20Wormwood%20Street,%20,%20Bishopsgate,%20England/Kings%20Arms%20(Bishopsgate)",https://www.pint-prices.com/borough-results/Southwark,£6.54,2026-07-03T23:10:47+00:00
Southwark,152,Kings Arms (Bishopsgate),HEINEKEN,£6.15,6.15,"https://www.pint-prices.com/pub/27-28%20Wormwood%20Street,%20,%20Bishopsgate,%20England/Kings%20Arms%20(Bishopsgate)",https://www.pint-prices.com/borough-results/Southwark,£6.54,2026-07-03T23:10:47+00:00
Southwark,153,The Oyster Shed,PRAVHA,£6.20,6.2,"https://www.pint-prices.com/pub/1%20Angel%20Ln,%20London%20EC4R%203AB,%20UK/The%20Oyster%20Shed",https://www.pint-prices.com/borough-results/Southwark,£6.54,2026-07-03T23:10:47+00:00
Southwark,154,"The Barrowboy & Banker, SE1",AMSTEL,£6.20,6.2,"https://www.pint-prices.com/pub/6-8%20Borough%20High%20St,%20London%20SE1%209QQ,%20UK/The%20Barrowboy%20%26%20Banker,%20SE1",https://www.pint-prices.com/borough-results/Southwark,£6.54,2026-07-03T23:10:47+00:00
Southwark,155,Lord Raglan,AMSTEL,£6.20,6.2,"https://www.pint-prices.com/pub/61%20St%20Matrins%20Le%20Grand,%20EC1A%204ER/Lord%20Raglan",https://www.pint-prices.com/borough-results/Southwark,£6.54,2026-07-03T23:10:47+00:00
Southwark,156,The Marquis of Wellington,AMSTEL,£6.20,6.2,"https://www.pint-prices.com/pub/21%20Druid%20St,%20London%20SE1%202HH/The%20Marquis%20of%20Wellington",https://www.pint-prices.com/borough-results/Southwark,£6.54,2026-07-03T23:10:47+00:00
Southwark,157,The Spit & Sawdust,UTOPIAN LAGER,£6.20,6.2,"https://www.pint-prices.com/pub/21%20Bartholomew%20St,%20London%20SE1%204AL/The%20Spit%20%26%20Sawdust",https://www.pint-prices.com/borough-results/Southwark,£6.54,2026-07-03T23:10:47+00:00
Southwark,158,The Dean Swift,PALE ALE,£6.20,6.2,"https://www.pint-prices.com/pub/10%20Gainsford%20Street%20London,%20SE1%202NE/The%20Dean%20Swift",https://www.pint-prices.com/borough-results/Southwark,£6.54,2026-07-03T23:10:47+00:00
Southwark,159,The Old Justice,HARVEY'S BEST BITTER,£6.20,6.2,"https://www.pint-prices.com/pub/94%20Bermondsey%20Wall%20East,%20London%20SE16%204TY/The%20Old%20Justice",https://www.pint-prices.com/borough-results/Southwark,£6.54,2026-07-03T23:10:47+00:00
Southwark,160,The Corn Exchange,AMSTEL,£6.20,6.2,"https://www.pint-prices.com/pub/Mark%20Lane,%20,%20London,%20United%20Kingdom/The%20Corn%20Exchange",https://www.pint-prices.com/borough-results/Southwark,£6.54,2026-07-03T23:10:47+00:00
Southwark,161,Traitors Gate,REKORDERLIG PASSIONFRUIT,£6.20,6.2,"https://www.pint-prices.com/pub/%2014,%20Trinity%20Square,%20%20London%20,%20United%20Kingdom/Traitors%20Gate",https://www.pint-prices.com/borough-results/Southwark,£6.54,2026-07-03T23:10:47+00:00
Southwark,162,Traitors Gate,REKORDERLIG STRAWBERRY AND LIME,£6.20,6.2,"https://www.pint-prices.com/pub/%2014,%20Trinity%20Square,%20%20London%20,%20United%20Kingdom/Traitors%20Gate",https://www.pint-prices.com/borough-results/Southwark,£6.54,2026-07-03T23:10:47+00:00
Southwark,163,Windsor Fenchurch,BREWDOG PLANET PALE,£6.20,6.2,"https://www.pint-prices.com/pub/2%20New%20London%20Street%20,%20,%20London,%20United%20Kingdom/Windsor%20Fenchurch",https://www.pint-prices.com/borough-results/Southwark,£6.54,2026-07-03T23:10:47+00:00
Southwark,164,All Bar One Moorgate,PRAVHA,£6.20,6.2,"https://www.pint-prices.com/pub/127%20Finsbury%20Pavement,%20,%20London,%20UK/All%20Bar%20One%20Moorgate",https://www.pint-prices.com/borough-results/Southwark,£6.54,2026-07-03T23:10:47+00:00
Southwark,165,The Britannia SMOK’D,PRAVHA,£6.20,6.2,https://www.pint-prices.com/pub/SE1%203RU/The%20Britannia%20SMOK%E2%80%99D,https://www.pint-prices.com/borough-results/Southwark,£6.54,2026-07-03T23:10:47+00:00
Southwark,166,The Liberty Bounds,CORONA,£6.23,6.23,"https://www.pint-prices.com/pub/15%20Trinity%20Square,%20Tower%20Hill,%20Tower%20of%20London,%20England/The%20Liberty%20Bounds",https://www.pint-prices.com/borough-results/Southwark,£6.54,2026-07-03T23:10:47+00:00
Southwark,167,Goodman's Field,CORONA,£6.23,6.23,"https://www.pint-prices.com/pub/87-91%20Mansell%20Street,%20,%20Tower%20Hamlets,%20England/Goodman's%20Field",https://www.pint-prices.com/borough-results/Southwark,£6.54,2026-07-03T23:10:47+00:00
Southwark,168,The Crosse Keys,CORONA,£6.23,6.23,"https://www.pint-prices.com/pub/9%20Gracechurch%20Street,%20,%20City%20of%20London,%20England/The%20Crosse%20Keys",https://www.pint-prices.com/borough-results/Southwark,£6.54,2026-07-03T23:10:47+00:00
Southwark,169,Bodean's Tower Hill,HEINEKEN,£6.25,6.25,"https://www.pint-prices.com/pub/16%20Byward%20St,%20London%20EC3R%205BA,%20UK/Bodean's%20Tower%20Hill",https://www.pint-prices.com/borough-results/Southwark,£6.54,2026-07-03T23:10:47+00:00
Southwark,170,The Duke of York,WHITSTABLE BAY LAGER,£6.25,6.25,"https://www.pint-prices.com/pub/47%20Borough%20Rd,%20London%20SE1%201DR/The%20Duke%20of%20York",https://www.pint-prices.com/borough-results/Southwark,£6.54,2026-07-03T23:10:47+00:00
Southwark,171,The Slug and Lettuce,AMSTEL,£6.25,6.25,"https://www.pint-prices.com/pub/1%20St%20Katharine's%20Way,%20London%20E1W%201DD/The%20Slug%20and%20Lettuce",https://www.pint-prices.com/borough-results/Southwark,£6.54,2026-07-03T23:10:47+00:00
Southwark,172,The Bell,BECKS,£6.25,6.25,"https://www.pint-prices.com/pub/50%20Middlesex%20St,%20London%20E1%207EX/The%20Bell",https://www.pint-prices.com/borough-results/Southwark,£6.54,2026-07-03T23:10:47+00:00
Southwark,173,Three Tuns Aldgate,AMSTEL,£6.25,6.25,"https://www.pint-prices.com/pub/36%20Jewry%20Street,%20Aldgate,%20London,%20United%20Kingdom/Three%20Tuns%20Aldgate",https://www.pint-prices.com/borough-results/Southwark,£6.54,2026-07-03T23:10:47+00:00
Southwark,174,All Bar One Houndsditch,ASPALL CYDER,£6.25,6.25,"https://www.pint-prices.com/pub/106-107%20Houndsditch,%20,%20London,%20UK/All%20Bar%20One%20Houndsditch",https://www.pint-prices.com/borough-results/Southwark,£6.54,2026-07-03T23:10:47+00:00
Southwark,175,All Bar One Moorgate,GUINNESS,£6.25,6.25,"https://www.pint-prices.com/pub/127%20Finsbury%20Pavement,%20,%20London,%20UK/All%20Bar%20One%20Moorgate",https://www.pint-prices.com/borough-results/Southwark,£6.54,2026-07-03T23:10:47+00:00
Southwark,176,The Rake,HOUSE LAGER,£6.30,6.3,"https://www.pint-prices.com/pub/Borough%20Market,%2014A%20Winchester%20Walk,%20London%20SE1%209AG,%20UK/The%20Rake",https://www.pint-prices.com/borough-results/Southwark,£6.54,2026-07-03T23:10:47+00:00
Southwark,177,The Rake,BUDWEISER,£6.30,6.3,"https://www.pint-prices.com/pub/Borough%20Market,%2014A%20Winchester%20Walk,%20London%20SE1%209AG,%20UK/The%20Rake",https://www.pint-prices.com/borough-results/Southwark,£6.54,2026-07-03T23:10:47+00:00
Southwark,178,Red Lion,GUINNESS,£6.30,6.3,"https://www.pint-prices.com/pub/1%20Eldon%20Street,%20EC2M%207LS/Red%20Lion",https://www.pint-prices.com/borough-results/Southwark,£6.54,2026-07-03T23:10:47+00:00
Southwark,179,The Dean Swift,PAULANER,£6.30,6.3,"https://www.pint-prices.com/pub/10%20Gainsford%20St,%20London%20SE1%202NE/The%20Dean%20Swift",https://www.pint-prices.com/borough-results/Southwark,£6.54,2026-07-03T23:10:47+00:00
Southwark,180,The Woodins Shades,AMSTEL,£6.30,6.3,"https://www.pint-prices.com/pub/212%20Bishopsgate,%20London%20EC2M%204PT/The%20Woodins%20Shades",https://www.pint-prices.com/borough-results/Southwark,£6.54,2026-07-03T23:10:47+00:00
Southwark,181,Anchor - Bankside (Southwark),GREENE KING IPA,£6.30,6.3,"https://www.pint-prices.com/pub/34%20Park%20Street,%20,%20Southwark,%20England/Anchor%20-%20Bankside%20(Southwark)",https://www.pint-prices.com/borough-results/Southwark,£6.54,2026-07-03T23:10:47+00:00
Southwark,182,Lord Clyde,AMSTEL,£6.30,6.3,"https://www.pint-prices.com/pub/27%20Clennam%20Street,%20Southwark,%20Southwark,%20United%20Kingdom/Lord%20Clyde",https://www.pint-prices.com/borough-results/Southwark,£6.54,2026-07-03T23:10:47+00:00
Southwark,183,Three Tuns Aldgate,THATCHERS GOLD,£6.30,6.3,"https://www.pint-prices.com/pub/36%20Jewry%20Street,%20Aldgate,%20London,%20United%20Kingdom/Three%20Tuns%20Aldgate",https://www.pint-prices.com/borough-results/Southwark,£6.54,2026-07-03T23:10:47+00:00
Southwark,184,Three Tuns Aldgate,THATCHERS GOLD,£6.30,6.3,"https://www.pint-prices.com/pub/36%20Jewry%20Street,%20Aldgate,%20London,%20United%20Kingdom/Three%20Tuns%20Aldgate",https://www.pint-prices.com/borough-results/Southwark,£6.54,2026-07-03T23:10:47+00:00
Southwark,185,The Sir John Hawkshaw,THATCHERS GOLD,£6.32,6.32,"https://www.pint-prices.com/pub/Cannon%20Street%20Station,%20Cannon%20Street,%20,%20London,%20England/The%20Sir%20John%20Hawkshaw",https://www.pint-prices.com/borough-results/Southwark,£6.54,2026-07-03T23:10:47+00:00
Southwark,186,Ye Olde London City,GUINNESS,£6.35,6.35,"https://www.pint-prices.com/pub/42%20Ludgate%20Hill,%20EC4M%207DE/Ye%20Olde%20London%20City",https://www.pint-prices.com/borough-results/Southwark,£6.54,2026-07-03T23:10:47+00:00
Southwark,187,Lord Raglan,GUINNESS,£6.35,6.35,"https://www.pint-prices.com/pub/61%20St%20Matrins%20Le%20Grand,%20EC1A%204ER/Lord%20Raglan",https://www.pint-prices.com/borough-results/Southwark,£6.54,2026-07-03T23:10:47+00:00
Southwark,188,Railway,GUINNESS,£6.35,6.35,"https://www.pint-prices.com/pub/15%20Liverpool%20Street,%20EC2M%207NX/Railway",https://www.pint-prices.com/borough-results/Southwark,£6.54,2026-07-03T23:10:47+00:00
Southwark,189,Kings Arms,GUINNESS,£6.35,6.35,"https://www.pint-prices.com/pub/27-28%20Wormwood%20Street,%20EC2M%201RP/Kings%20Arms",https://www.pint-prices.com/borough-results/Southwark,£6.54,2026-07-03T23:10:47+00:00
Southwark,190,Sea Horse Fleet Street,CARLING,£6.35,6.35,"https://www.pint-prices.com/pub/64%20Queen%20Victoria%20Street,%20Fleet%20Street,%20London,%20United%20Kingdom/Sea%20Horse%20Fleet%20Street",https://www.pint-prices.com/borough-results/Southwark,£6.54,2026-07-03T23:10:47+00:00
Southwark,191,Cheshire Cheese,AMSTEL,£6.35,6.35,"https://www.pint-prices.com/pub/48%20Crutched%20Friars%20,%20,%20London,%20United%20Kingdom/Cheshire%20Cheese",https://www.pint-prices.com/borough-results/Southwark,£6.54,2026-07-03T23:10:47+00:00
Southwark,192,Cheshire Cheese,THATCHERS GOLD,£6.35,6.35,"https://www.pint-prices.com/pub/48%20Crutched%20Friars%20,%20,%20London,%20United%20Kingdom/Cheshire%20Cheese",https://www.pint-prices.com/borough-results/Southwark,£6.54,2026-07-03T23:10:47+00:00
Southwark,193,Red Lion (Moorgate),ABBOT ALE,£6.35,6.35,"https://www.pint-prices.com/pub/1%20Eldon%20Street,%20,%20Moorgate,%20England/Red%20Lion%20(Moorgate)",https://www.pint-prices.com/borough-results/Southwark,£6.54,2026-07-03T23:10:47+00:00
Southwark,194,Yeh Olde Watling,GUINNESS,£6.40,6.4,"https://www.pint-prices.com/pub/29%20Watling%20St,%20Greater,%20London%20EC4M%209BR/Yeh%20Olde%20Watling",https://www.pint-prices.com/borough-results/Southwark,£6.54,2026-07-03T23:10:47+00:00
Southwark,195,Sir Sydney Smith,NECK OIL,£6.40,6.4,"https://www.pint-prices.com/pub/22%20Dock%20St,%20Tower%20Hill,%20London%20E1%208JP/Sir%20Sydney%20Smith",https://www.pint-prices.com/borough-results/Southwark,£6.54,2026-07-03T23:10:47+00:00
Southwark,196,The Moretown Belle London,FOSTERS,£6.40,6.4,"https://www.pint-prices.com/pub/5%20Thomas%20More%20St,%20London%20E1W%201YY,%20Reino%20Unido/The%20Moretown%20Belle%20London",https://www.pint-prices.com/borough-results/Southwark,£6.54,2026-07-03T23:10:47+00:00
Southwark,197,The Moretown Belle London,FOSTERS,£6.40,6.4,"https://www.pint-prices.com/pub/5%20Thomas%20More%20St,%20London%20E1W%201YY,%20Reino%20Unido/The%20Moretown%20Belle%20London",https://www.pint-prices.com/borough-results/Southwark,£6.54,2026-07-03T23:10:47+00:00
Southwark,198,All Bar One Butlers Wharf,ASPALL CYDER,£6.40,6.4,"https://www.pint-prices.com/pub/34%20Shad%20Thames,%20Butlers%20Wharf,%20London,%20UK/All%20Bar%20One%20Butlers%20Wharf",https://www.pint-prices.com/borough-results/Southwark,£6.54,2026-07-03T23:10:47+00:00
Southwark,199,Bell Bush Lane EC4,THATCHERS GOLD,£6.40,6.4,"https://www.pint-prices.com/pub/29%20Bush%20Lane,%20Fleet%20Street,%20London,%20United%20Kingdom/Bell%20Bush%20Lane%20EC4",https://www.pint-prices.com/borough-results/Southwark,£6.54,2026-07-03T23:10:47+00:00
Southwark,200,Bell Bush Lane EC4,THATCHERS GOLD,£6.40,6.4,"https://www.pint-prices.com/pub/29%20Bush%20Lane,%20Fleet%20Street,%20London,%20United%20Kingdom/Bell%20Bush%20Lane%20EC4",https://www.pint-prices.com/borough-results/Southwark,£6.54,2026-07-03T23:10:47+00:00
Southwark,201,Monument (Whitechapel),AMSTEL,£6.40,6.4,"https://www.pint-prices.com/pub/18%20Fish%20Street%20Hill,%20,%20Whitechapel,%20England/Monument%20(Whitechapel)",https://www.pint-prices.com/borough-results/Southwark,£6.54,2026-07-03T23:10:47+00:00
Southwark,202,All Bar One Tower of London,ASPALL CYDER,£6.40,6.4,"https://www.pint-prices.com/pub/14%20Byward%20Street,%20,%20London,%20UK/All%20Bar%20One%20Tower%20of%20London",https://www.pint-prices.com/borough-results/Southwark,£6.54,2026-07-03T23:10:47+00:00
Southwark,203,Crutched Friar,BOLTMAKER CASK,£6.40,6.4,"https://www.pint-prices.com/pub/39-41%20Crutched%20Friars%20,%20,%20London,%20United%20Kingdom/Crutched%20Friar",https://www.pint-prices.com/borough-results/Southwark,£6.54,2026-07-03T23:10:47+00:00
Southwark,204,Railway (London Ec2),AMSTEL,£6.40,6.4,"https://www.pint-prices.com/pub/15%20Liverpool%20Street,%20,%20,%20England/Railway%20(London%20Ec2)",https://www.pint-prices.com/borough-results/Southwark,£6.54,2026-07-03T23:10:47+00:00
Southwark,205,Kings Arms (Bishopsgate),AMSTEL,£6.40,6.4,"https://www.pint-prices.com/pub/27-28%20Wormwood%20Street,%20,%20Bishopsgate,%20England/Kings%20Arms%20(Bishopsgate)",https://www.pint-prices.com/borough-results/Southwark,£6.54,2026-07-03T23:10:47+00:00
Southwark,206,Red Lion (Moorgate),AMSTEL,£6.40,6.4,"https://www.pint-prices.com/pub/1%20Eldon%20Street,%20,%20Moorgate,%20England/Red%20Lion%20(Moorgate)",https://www.pint-prices.com/borough-results/Southwark,£6.54,2026-07-03T23:10:47+00:00
Southwark,207,"The Counting House, EC3",AMSTEL,£6.45,6.45,"https://www.pint-prices.com/pub/50%20Cornhill,%20London%20EC3V%203PD,%20UK/The%20Counting%20House,%20EC3",https://www.pint-prices.com/borough-results/Southwark,£6.54,2026-07-03T23:10:47+00:00
Southwark,208,The Wapping Tavern,POSH LAGER,£6.45,6.45,"https://www.pint-prices.com/pub/78-80%20Wapping%20Ln,%20London%20E1W%202RT/The%20Wapping%20Tavern",https://www.pint-prices.com/borough-results/Southwark,£6.54,2026-07-03T23:10:47+00:00
Southwark,209,George (Southwark),BONKERS CONKERS,£6.45,6.45,"https://www.pint-prices.com/pub/75-77%20Borough%20High%20Street,%20,%20Southwark,%20England/George%20(Southwark)",https://www.pint-prices.com/borough-results/Southwark,£6.54,2026-07-03T23:10:47+00:00
Southwark,210,The Sugar Loaf,LUCKY SAINT,£6.45,6.45,"https://www.pint-prices.com/pub/65%20Cannon%20Street,%20,%20London,%20UK/The%20Sugar%20Loaf",https://www.pint-prices.com/borough-results/Southwark,£6.54,2026-07-03T23:10:47+00:00
Southwark,211,Sea Horse Fleet Street,THATCHERS GOLD,£6.45,6.45,"https://www.pint-prices.com/pub/64%20Queen%20Victoria%20Street,%20Fleet%20Street,%20London,%20United%20Kingdom/Sea%20Horse%20Fleet%20Street",https://www.pint-prices.com/borough-results/Southwark,£6.54,2026-07-03T23:10:47+00:00
Southwark,212,Sea Horse Fleet Street,THATCHERS GOLD,£6.45,6.45,"https://www.pint-prices.com/pub/64%20Queen%20Victoria%20Street,%20Fleet%20Street,%20London,%20United%20Kingdom/Sea%20Horse%20Fleet%20Street",https://www.pint-prices.com/borough-results/Southwark,£6.54,2026-07-03T23:10:47+00:00
Southwark,213,Three Tuns Aldgate,STRONGBOW DARK FRUIT,£6.45,6.45,"https://www.pint-prices.com/pub/36%20Jewry%20Street,%20Aldgate,%20London,%20United%20Kingdom/Three%20Tuns%20Aldgate",https://www.pint-prices.com/borough-results/Southwark,£6.54,2026-07-03T23:10:47+00:00
Southwark,214,Crutched Friar,AMSTEL,£6.45,6.45,"https://www.pint-prices.com/pub/39-41%20Crutched%20Friars%20,%20,%20London,%20United%20Kingdom/Crutched%20Friar",https://www.pint-prices.com/borough-results/Southwark,£6.54,2026-07-03T23:10:47+00:00
Southwark,215,Lord Raglan (Holborn),AMSTEL,£6.45,6.45,"https://www.pint-prices.com/pub/61%20St%20Martins%20Le%20Grand,%20,%20Holborn,%20England/Lord%20Raglan%20(Holborn)",https://www.pint-prices.com/borough-results/Southwark,£6.54,2026-07-03T23:10:47+00:00
Southwark,216,Lord Raglan (Holborn),ABBOT ALE,£6.45,6.45,"https://www.pint-prices.com/pub/61%20St%20Martins%20Le%20Grand,%20,%20Holborn,%20England/Lord%20Raglan%20(Holborn)",https://www.pint-prices.com/borough-results/Southwark,£6.54,2026-07-03T23:10:47+00:00
Southwark,217,Hawksmoor Guildhall,PALE ALE,£6.50,6.5,"https://www.pint-prices.com/pub/10%20Basinghall%20St,%20London%20EC2V%205BQ,%20UK/Hawksmoor%20Guildhall",https://www.pint-prices.com/borough-results/Southwark,£6.54,2026-07-03T23:10:47+00:00
Southwark,218,The Blackfriar,PRAVHA,£6.50,6.5,"https://www.pint-prices.com/pub/174%20Queen%20Victoria%20St,%20Greater,%20London%20EC4V%204EG,%20UK/The%20Blackfriar",https://www.pint-prices.com/borough-results/Southwark,£6.54,2026-07-03T23:10:47+00:00
Southwark,219,Swan London,SAXON LAGER,£6.50,6.5,"https://www.pint-prices.com/pub/21%20New%20Globe%20Walk,%20Bankside,%20London%20SE1%209DT,%20UK/Swan%20London",https://www.pint-prices.com/borough-results/Southwark,£6.54,2026-07-03T23:10:47+00:00
Southwark,220,Swan London,CRAZY HORSE APA,£6.50,6.5,"https://www.pint-prices.com/pub/21%20New%20Globe%20Walk,%20Bankside,%20London%20SE1%209DT,%20UK/Swan%20London",https://www.pint-prices.com/borough-results/Southwark,£6.54,2026-07-03T23:10:47+00:00
Southwark,221,Natural Kitchen,PRAVHA,£6.50,6.5,"https://www.pint-prices.com/pub/Trinity%20Square,%207%20Pepys%20Street,%20London%20EC3N%204AF/Natural%20Kitchen",https://www.pint-prices.com/borough-results/Southwark,£6.54,2026-07-03T23:10:47+00:00
Southwark,222,The Bell,CORONA,£6.50,6.5,"https://www.pint-prices.com/pub/50%20Middlesex%20St,%20London%20E1%207EX/The%20Bell",https://www.pint-prices.com/borough-results/Southwark,£6.54,2026-07-03T23:10:47+00:00
Southwark,223,The Tipperary,GUINNESS,£6.50,6.5,"https://www.pint-prices.com/pub/66%20Fleet%20St,%20Temple,%20London%20EC4Y%201HT/The%20Tipperary",https://www.pint-prices.com/borough-results/Southwark,£6.54,2026-07-03T23:10:47+00:00
Southwark,224,Kings Arms,GUINNESS,£6.50,6.5,"https://www.pint-prices.com/pub/27%20Wormwood%20St,%20London%20EC2M%201RP/Kings%20Arms",https://www.pint-prices.com/borough-results/Southwark,£6.54,2026-07-03T23:10:47+00:00
Southwark,225,Anchor - Bankside (Southwark),HEINEKEN,£6.50,6.5,"https://www.pint-prices.com/pub/34%20Park%20Street,%20,%20Southwark,%20England/Anchor%20-%20Bankside%20(Southwark)",https://www.pint-prices.com/borough-results/Southwark,£6.54,2026-07-03T23:10:47+00:00
Southwark,226,The Alexander Hay,AMSTEL,£6.50,6.5,"https://www.pint-prices.com/pub/Unit%2022%20Hays%20Galleria,%20,%20London,%20United%20Kingdom/The%20Alexander%20Hay",https://www.pint-prices.com/borough-results/Southwark,£6.54,2026-07-03T23:10:47+00:00
Southwark,227,The Sugar Loaf,AMSTEL,£6.50,6.5,"https://www.pint-prices.com/pub/65%20Cannon%20Street,%20,%20London,%20UK/The%20Sugar%20Loaf",https://www.pint-prices.com/borough-results/Southwark,£6.54,2026-07-03T23:10:47+00:00
Southwark,228,Williamson's Tavern,AMSTEL,£6.50,6.5,"https://www.pint-prices.com/pub/1%20Groveland%20Court,%20,%20London,%20UK/Williamson's%20Tavern",https://www.pint-prices.com/borough-results/Southwark,£6.54,2026-07-03T23:10:47+00:00
Southwark,229,Sea Horse Fleet Street,OLD MOUT STRAWBERRY & APPLE,£6.50,6.5,"https://www.pint-prices.com/pub/64%20Queen%20Victoria%20Street,%20Fleet%20Street,%20London,%20United%20Kingdom/Sea%20Horse%20Fleet%20Street",https://www.pint-prices.com/borough-results/Southwark,£6.54,2026-07-03T23:10:47+00:00
Southwark,230,Three Tuns Aldgate,GUINNESS,£6.50,6.5,"https://www.pint-prices.com/pub/36%20Jewry%20Street,%20Aldgate,%20London,%20United%20Kingdom/Three%20Tuns%20Aldgate",https://www.pint-prices.com/borough-results/Southwark,£6.54,2026-07-03T23:10:47+00:00
Southwark,231,Ye Olde Watling,AMSTEL,£6.50,6.5,"https://www.pint-prices.com/pub/29%20Watling%20Street,%20,%20London,%20UK/Ye%20Olde%20Watling",https://www.pint-prices.com/borough-results/Southwark,£6.54,2026-07-03T23:10:47+00:00
Southwark,232,Kings Arms (Bishopsgate),ASPALL CYDER,£6.50,6.5,"https://www.pint-prices.com/pub/27-28%20Wormwood%20Street,%20,%20Bishopsgate,%20England/Kings%20Arms%20(Bishopsgate)",https://www.pint-prices.com/borough-results/Southwark,£6.54,2026-07-03T23:10:47+00:00
Southwark,233,Red Lion (Moorgate),ASPALL CYDER,£6.50,6.5,"https://www.pint-prices.com/pub/1%20Eldon%20Street,%20,%20Moorgate,%20England/Red%20Lion%20(Moorgate)",https://www.pint-prices.com/borough-results/Southwark,£6.54,2026-07-03T23:10:47+00:00
Southwark,234,White Bear,PRAVHA,£6.50,6.5,https://www.pint-prices.com/pub/SE11%204DJ/White%20Bear,https://www.pint-prices.com/borough-results/Southwark,£6.54,2026-07-03T23:10:47+00:00
Southwark,235,Ye Olde London,ESTRELLA,£6.55,6.55,"https://www.pint-prices.com/pub/42%20Ludgate%20Hill,%20London%20EC4M%207DE/Ye%20Olde%20London",https://www.pint-prices.com/borough-results/Southwark,£6.54,2026-07-03T23:10:47+00:00
Southwark,236,Bell Bush Lane EC4,STRONGBOW DARK FRUIT,£6.55,6.55,"https://www.pint-prices.com/pub/29%20Bush%20Lane,%20Fleet%20Street,%20London,%20United%20Kingdom/Bell%20Bush%20Lane%20EC4",https://www.pint-prices.com/borough-results/Southwark,£6.54,2026-07-03T23:10:47+00:00
Southwark,237,Sea Horse Fleet Street,AMSTEL,£6.55,6.55,"https://www.pint-prices.com/pub/64%20Queen%20Victoria%20Street,%20Fleet%20Street,%20London,%20United%20Kingdom/Sea%20Horse%20Fleet%20Street",https://www.pint-prices.com/borough-results/Southwark,£6.54,2026-07-03T23:10:47+00:00
Southwark,238,Katzenjammers,KINGSTON ALE,£6.60,6.6,"https://www.pint-prices.com/pub/The%20Hop%20Exchange,%2024%20Southwark%20St,%20London%20SE1%201TY,%20UK/Katzenjammers",https://www.pint-prices.com/borough-results/Southwark,£6.54,2026-07-03T23:10:47+00:00
Southwark,239,Bell Bush Lane EC4,AMSTEL,£6.60,6.6,"https://www.pint-prices.com/pub/29%20Bush%20Lane,%20Fleet%20Street,%20London,%20United%20Kingdom/Bell%20Bush%20Lane%20EC4",https://www.pint-prices.com/borough-results/Southwark,£6.54,2026-07-03T23:10:47+00:00
Southwark,240,Cheshire Cheese,GUINNESS,£6.60,6.6,"https://www.pint-prices.com/pub/48%20Crutched%20Friars%20,%20,%20London,%20United%20Kingdom/Cheshire%20Cheese",https://www.pint-prices.com/borough-results/Southwark,£6.54,2026-07-03T23:10:47+00:00
Southwark,241,Railway (London Ec2),ASPALL CYDER,£6.60,6.6,"https://www.pint-prices.com/pub/15%20Liverpool%20Street,%20,%20,%20England/Railway%20(London%20Ec2)",https://www.pint-prices.com/borough-results/Southwark,£6.54,2026-07-03T23:10:47+00:00
Southwark,242,Railway (London Ec2),OLD MOUT BERRIES & CHERRIES,£6.60,6.6,"https://www.pint-prices.com/pub/15%20Liverpool%20Street,%20,%20,%20England/Railway%20(London%20Ec2)",https://www.pint-prices.com/borough-results/Southwark,£6.54,2026-07-03T23:10:47+00:00
Southwark,243,The Old Red Lion,GUINESS,£6.60,6.6,https://www.pint-prices.com/pub/SE11%204RS/The%20Old%20Red%20Lion,https://www.pint-prices.com/borough-results/Southwark,£6.54,2026-07-03T23:10:47+00:00
Southwark,244,The Sir John Hawkshaw,CORONA,£6.63,6.63,"https://www.pint-prices.com/pub/Cannon%20Street%20Station,%20Cannon%20Street,%20,%20London,%20England/The%20Sir%20John%20Hawkshaw",https://www.pint-prices.com/borough-results/Southwark,£6.54,2026-07-03T23:10:47+00:00
Southwark,245,"The Counting House, EC3",HEINEKEN,£6.65,6.65,"https://www.pint-prices.com/pub/50%20Cornhill,%20London%20EC3V%203PD,%20UK/The%20Counting%20House,%20EC3",https://www.pint-prices.com/borough-results/Southwark,£6.54,2026-07-03T23:10:47+00:00
Southwark,246,Ye Olde London City,ESTRELLA,£6.65,6.65,"https://www.pint-prices.com/pub/42%20Ludgate%20Hill,%20EC4M%207DE/Ye%20Olde%20London%20City",https://www.pint-prices.com/borough-results/Southwark,£6.54,2026-07-03T23:10:47+00:00
Southwark,247,The Cheshire Cheese,HEINEKEN,£6.65,6.65,"https://www.pint-prices.com/pub/48%20Crutched%20Friars,%20London%20EC3N%202AP/The%20Cheshire%20Cheese",https://www.pint-prices.com/borough-results/Southwark,£6.54,2026-07-03T23:10:47+00:00
Southwark,248,Lord Clyde,GUINNESS,£6.65,6.65,"https://www.pint-prices.com/pub/27%20Clennam%20Street,%20Southwark,%20Southwark,%20United%20Kingdom/Lord%20Clyde",https://www.pint-prices.com/borough-results/Southwark,£6.54,2026-07-03T23:10:47+00:00
Southwark,249,Lord Clyde,THATCHERS GOLD,£6.65,6.65,"https://www.pint-prices.com/pub/27%20Clennam%20Street,%20Southwark,%20Southwark,%20United%20Kingdom/Lord%20Clyde",https://www.pint-prices.com/borough-results/Southwark,£6.54,2026-07-03T23:10:47+00:00
Southwark,250,Lord Clyde,THATCHERS GOLD,£6.65,6.65,"https://www.pint-prices.com/pub/27%20Clennam%20Street,%20Southwark,%20Southwark,%20United%20Kingdom/Lord%20Clyde",https://www.pint-prices.com/borough-results/Southwark,£6.54,2026-07-03T23:10:47+00:00
Southwark,251,Monument (Whitechapel),ASPALL CYDER,£6.65,6.65,"https://www.pint-prices.com/pub/18%20Fish%20Street%20Hill,%20,%20Whitechapel,%20England/Monument%20(Whitechapel)",https://www.pint-prices.com/borough-results/Southwark,£6.54,2026-07-03T23:10:47+00:00
Southwark,252,The Ship,PRAVHA,£6.65,6.65,"https://www.pint-prices.com/pub/11%20Talbot%20Court,%20,%20London,%20UK/The%20Ship",https://www.pint-prices.com/borough-results/Southwark,£6.54,2026-07-03T23:10:47+00:00
Southwark,253,Railway (London Ec2),LEVEL HEAD IPA,£6.65,6.65,"https://www.pint-prices.com/pub/15%20Liverpool%20Street,%20,%20,%20England/Railway%20(London%20Ec2)",https://www.pint-prices.com/borough-results/Southwark,£6.54,2026-07-03T23:10:47+00:00
Southwark,254,Red Lion (Moorgate),GUINNESS,£6.65,6.65,"https://www.pint-prices.com/pub/1%20Eldon%20Street,%20,%20Moorgate,%20England/Red%20Lion%20(Moorgate)",https://www.pint-prices.com/borough-results/Southwark,£6.54,2026-07-03T23:10:47+00:00
Southwark,255,The Lord Aberconway,AMSTEL,£6.65,6.65,"https://www.pint-prices.com/pub/72%20Old%20Broad%20Street,%20,%20London,%20UK/The%20Lord%20Aberconway",https://www.pint-prices.com/borough-results/Southwark,£6.54,2026-07-03T23:10:47+00:00
Southwark,256,The Hoop and Grapes,GUINNESS,£6.65,6.65,"https://www.pint-prices.com/pub/47%20Aldgate%20High%20Street,%20,%20London,%20UK/The%20Hoop%20and%20Grapes",https://www.pint-prices.com/borough-results/Southwark,£6.54,2026-07-03T23:10:47+00:00
Southwark,257,Anchor,GUINNESS,£6.70,6.7,"https://www.pint-prices.com/pub/34%20Park%20Street,%20SE1%209EF/Anchor",https://www.pint-prices.com/borough-results/Southwark,£6.54,2026-07-03T23:10:47+00:00
Southwark,258,The Duke of Wellington,GUINNESS,£6.70,6.7,"https://www.pint-prices.com/pub/12%20Toynbee%20St,%20London%20E1%207NE/The%20Duke%20of%20Wellington",https://www.pint-prices.com/borough-results/Southwark,£6.54,2026-07-03T23:10:47+00:00
Southwark,259,All Bar One Butlers Wharf,MARDI,£6.70,6.7,"https://www.pint-prices.com/pub/34%20Shad%20Thames,%20Butlers%20Wharf,%20London,%20UK/All%20Bar%20One%20Butlers%20Wharf",https://www.pint-prices.com/borough-results/Southwark,£6.54,2026-07-03T23:10:47+00:00
Southwark,260,Monument (Whitechapel),GUINNESS,£6.70,6.7,"https://www.pint-prices.com/pub/18%20Fish%20Street%20Hill,%20,%20Whitechapel,%20England/Monument%20(Whitechapel)",https://www.pint-prices.com/borough-results/Southwark,£6.54,2026-07-03T23:10:47+00:00
Southwark,261,The Walrus and The Carpenter,HENRY WESTONS VINTAGE STILL CIDER,£6.70,6.7,"https://www.pint-prices.com/pub/45%20Monument%20Street,%20,%20London,%20UK/The%20Walrus%20and%20The%20Carpenter",https://www.pint-prices.com/borough-results/Southwark,£6.54,2026-07-03T23:10:47+00:00
Southwark,262,The Walrus and The Carpenter,LUCKY SAINT,£6.70,6.7,"https://www.pint-prices.com/pub/45%20Monument%20Street,%20,%20London,%20UK/The%20Walrus%20and%20The%20Carpenter",https://www.pint-prices.com/borough-results/Southwark,£6.54,2026-07-03T23:10:47+00:00
Southwark,263,The Ship,HENRY WESTONS VINTAGE STILL CIDER,£6.70,6.7,"https://www.pint-prices.com/pub/11%20Talbot%20Court,%20,%20London,%20UK/The%20Ship",https://www.pint-prices.com/borough-results/Southwark,£6.54,2026-07-03T23:10:47+00:00
Southwark,264,Railway (London Ec2),GUINNESS,£6.70,6.7,"https://www.pint-prices.com/pub/15%20Liverpool%20Street,%20,%20,%20England/Railway%20(London%20Ec2)",https://www.pint-prices.com/borough-results/Southwark,£6.54,2026-07-03T23:10:47+00:00
Southwark,265,The Globe,LUCKY SAINT,£6.70,6.7,"https://www.pint-prices.com/pub/83%20Moorgate,%20,%20London,%20UK/The%20Globe",https://www.pint-prices.com/borough-results/Southwark,£6.54,2026-07-03T23:10:47+00:00
Southwark,266,The Magpie,LUCKY SAINT,£6.70,6.7,"https://www.pint-prices.com/pub/12%20New%20Street,%20,%20London,%20UK/The%20Magpie",https://www.pint-prices.com/borough-results/Southwark,£6.54,2026-07-03T23:10:47+00:00
Southwark,267,Kings Arms (Bishopsgate),GUINNESS,£6.70,6.7,"https://www.pint-prices.com/pub/27-28%20Wormwood%20Street,%20,%20Bishopsgate,%20England/Kings%20Arms%20(Bishopsgate)",https://www.pint-prices.com/borough-results/Southwark,£6.54,2026-07-03T23:10:47+00:00
Southwark,268,Lord Raglan (Holborn),GUINNESS,£6.70,6.7,"https://www.pint-prices.com/pub/61%20St%20Martins%20Le%20Grand,%20,%20Holborn,%20England/Lord%20Raglan%20(Holborn)",https://www.pint-prices.com/borough-results/Southwark,£6.54,2026-07-03T23:10:47+00:00
Southwark,269,Lord Raglan (Holborn),ASPALL CYDER,£6.70,6.7,"https://www.pint-prices.com/pub/61%20St%20Martins%20Le%20Grand,%20,%20Holborn,%20England/Lord%20Raglan%20(Holborn)",https://www.pint-prices.com/borough-results/Southwark,£6.54,2026-07-03T23:10:47+00:00
Southwark,270,The Woodins Shades,LUCKY SAINT,£6.70,6.7,"https://www.pint-prices.com/pub/212%20Bishopsgate,%20,%20London,%20UK/The%20Woodins%20Shades",https://www.pint-prices.com/borough-results/Southwark,£6.54,2026-07-03T23:10:47+00:00
Southwark,271,The Hoop and Grapes,HENRY WESTON'S VINTAGE CIDER,£6.70,6.7,"https://www.pint-prices.com/pub/47%20Aldgate%20High%20Street,%20,%20London,%20UK/The%20Hoop%20and%20Grapes",https://www.pint-prices.com/borough-results/Southwark,£6.54,2026-07-03T23:10:47+00:00
Southwark,272,The Hoop and Grapes,HENRY WESTONS VINTAGE STILL CIDER,£6.70,6.7,"https://www.pint-prices.com/pub/47%20Aldgate%20High%20Street,%20,%20London,%20UK/The%20Hoop%20and%20Grapes",https://www.pint-prices.com/borough-results/Southwark,£6.54,2026-07-03T23:10:47+00:00
Southwark,273,Hawksmoor Guildhall,HOUSE LAGER,£6.75,6.75,"https://www.pint-prices.com/pub/10%20Basinghall%20St,%20London%20EC2V%205BQ,%20UK/Hawksmoor%20Guildhall",https://www.pint-prices.com/borough-results/Southwark,£6.54,2026-07-03T23:10:47+00:00
Southwark,274,Red Lion,ESTRELLA,£6.75,6.75,"https://www.pint-prices.com/pub/1%20Eldon%20Street,%20EC2M%207LS/Red%20Lion",https://www.pint-prices.com/borough-results/Southwark,£6.54,2026-07-03T23:10:47+00:00
Southwark,275,The Alexander Hay,GUINNESS,£6.75,6.75,"https://www.pint-prices.com/pub/Unit%2022%20Hays%20Galleria,%20,%20London,%20United%20Kingdom/The%20Alexander%20Hay",https://www.pint-prices.com/borough-results/Southwark,£6.54,2026-07-03T23:10:47+00:00
Southwark,276,The Alexander Hay,MAGNERS ORIGINAL,£6.75,6.75,"https://www.pint-prices.com/pub/Unit%2022%20Hays%20Galleria,%20,%20London,%20United%20Kingdom/The%20Alexander%20Hay",https://www.pint-prices.com/borough-results/Southwark,£6.54,2026-07-03T23:10:47+00:00
Southwark,277,Seething Lane Tap: A BrewDog Pub,LUMINA,£6.75,6.75,"https://www.pint-prices.com/pub/Seething%20Lane%20Tap,%2014-15%20Seething%20Ln,%20London,%20/Seething%20Lane%20Tap:%20A%20BrewDog%20Pub",https://www.pint-prices.com/borough-results/Southwark,£6.54,2026-07-03T23:10:47+00:00
Southwark,278,Traitors Gate,AMSTEL,£6.75,6.75,"https://www.pint-prices.com/pub/%2014,%20Trinity%20Square,%20%20London%20,%20United%20Kingdom/Traitors%20Gate",https://www.pint-prices.com/borough-results/Southwark,£6.54,2026-07-03T23:10:47+00:00
Southwark,279,The Sugar Loaf,GUINNESS,£6.75,6.75,"https://www.pint-prices.com/pub/65%20Cannon%20Street,%20,%20London,%20UK/The%20Sugar%20Loaf",https://www.pint-prices.com/borough-results/Southwark,£6.54,2026-07-03T23:10:47+00:00
Southwark,280,The Sugar Loaf,HENRY WESTON'S VINTAGE CIDER,£6.75,6.75,"https://www.pint-prices.com/pub/65%20Cannon%20Street,%20,%20London,%20UK/The%20Sugar%20Loaf",https://www.pint-prices.com/borough-results/Southwark,£6.54,2026-07-03T23:10:47+00:00
Southwark,281,Williamson's Tavern,GUINNESS,£6.75,6.75,"https://www.pint-prices.com/pub/1%20Groveland%20Court,%20,%20London,%20UK/Williamson's%20Tavern",https://www.pint-prices.com/borough-results/Southwark,£6.54,2026-07-03T23:10:47+00:00
Southwark,282,Williamson's Tavern,HENRY WESTON'S VINTAGE CIDER,£6.75,6.75,"https://www.pint-prices.com/pub/1%20Groveland%20Court,%20,%20London,%20UK/Williamson's%20Tavern",https://www.pint-prices.com/borough-results/Southwark,£6.54,2026-07-03T23:10:47+00:00
Southwark,283,Ye Olde Watling,GUINNESS,£6.75,6.75,"https://www.pint-prices.com/pub/29%20Watling%20Street,%20,%20London,%20UK/Ye%20Olde%20Watling",https://www.pint-prices.com/borough-results/Southwark,£6.54,2026-07-03T23:10:47+00:00
Southwark,284,Ye Olde Watling,HENRY WESTON'S VINTAGE CIDER,£6.75,6.75,"https://www.pint-prices.com/pub/29%20Watling%20Street,%20,%20London,%20UK/Ye%20Olde%20Watling",https://www.pint-prices.com/borough-results/Southwark,£6.54,2026-07-03T23:10:47+00:00
Southwark,285,Crutched Friar,GUINNESS,£6.75,6.75,"https://www.pint-prices.com/pub/39-41%20Crutched%20Friars%20,%20,%20London,%20United%20Kingdom/Crutched%20Friar",https://www.pint-prices.com/borough-results/Southwark,£6.54,2026-07-03T23:10:47+00:00
Southwark,286,All Bar One Houndsditch,GOOSE ISLAND TODAYS HAZE,£6.75,6.75,"https://www.pint-prices.com/pub/106-107%20Houndsditch,%20,%20London,%20UK/All%20Bar%20One%20Houndsditch",https://www.pint-prices.com/borough-results/Southwark,£6.54,2026-07-03T23:10:47+00:00
Southwark,287,The Oyster Shed,CORONA,£6.80,6.8,"https://www.pint-prices.com/pub/1%20Angel%20Ln,%20London%20EC4R%203AB,%20UK/The%20Oyster%20Shed",https://www.pint-prices.com/borough-results/Southwark,£6.54,2026-07-03T23:10:47+00:00
Southwark,288,The White Bear,MAHOU,£6.80,6.8,"https://www.pint-prices.com/pub/57%20St%20John%20St,%20London%20EC1M%204AN/The%20White%20Bear",https://www.pint-prices.com/borough-results/Southwark,£6.54,2026-07-03T23:10:47+00:00
Southwark,289,The Blind Beggar,MADRI,£6.80,6.8,"https://www.pint-prices.com/pub/337%20Whitechapel%20Rd,%20London%20E1%201BU/The%20Blind%20Beggar",https://www.pint-prices.com/borough-results/Southwark,£6.54,2026-07-03T23:10:47+00:00
Southwark,290,Yeh Olde Watling,MADRI,£6.80,6.8,"https://www.pint-prices.com/pub/29%20Watling%20St,%20Greater,%20London%20EC4M%209BR/Yeh%20Olde%20Watling",https://www.pint-prices.com/borough-results/Southwark,£6.54,2026-07-03T23:10:47+00:00
Southwark,291,The Moretown Belle London,AMSTEL,£6.80,6.8,"https://www.pint-prices.com/pub/5%20Thomas%20More%20St,%20London%20E1W%201YY,%20Reino%20Unido/The%20Moretown%20Belle%20London",https://www.pint-prices.com/borough-results/Southwark,£6.54,2026-07-03T23:10:47+00:00
Southwark,292,The Horniman at Hays,LUCKY SAINT,£6.80,6.8,"https://www.pint-prices.com/pub/Unit%2026%20Hays%20Galleria,%20,%20London,%20UK/The%20Horniman%20at%20Hays",https://www.pint-prices.com/borough-results/Southwark,£6.54,2026-07-03T23:10:47+00:00
Southwark,293,Lord Clyde,STRONGBOW DARK FRUIT,£6.80,6.8,"https://www.pint-prices.com/pub/27%20Clennam%20Street,%20Southwark,%20Southwark,%20United%20Kingdom/Lord%20Clyde",https://www.pint-prices.com/borough-results/Southwark,£6.54,2026-07-03T23:10:47+00:00
Southwark,294,The Walrus and The Carpenter,AMSTEL,£6.80,6.8,"https://www.pint-prices.com/pub/45%20Monument%20Street,%20,%20London,%20UK/The%20Walrus%20and%20The%20Carpenter",https://www.pint-prices.com/borough-results/Southwark,£6.54,2026-07-03T23:10:47+00:00
Southwark,295,Sea Horse Fleet Street,GUINNESS,£6.80,6.8,"https://www.pint-prices.com/pub/64%20Queen%20Victoria%20Street,%20Fleet%20Street,%20London,%20United%20Kingdom/Sea%20Horse%20Fleet%20Street",https://www.pint-prices.com/borough-results/Southwark,£6.54,2026-07-03T23:10:47+00:00
Southwark,296,All Bar One Tower of London,CORONA,£6.85,6.85,"https://www.pint-prices.com/pub/14%20Byward%20Street,%20,%20London,%20UK/All%20Bar%20One%20Tower%20of%20London",https://www.pint-prices.com/borough-results/Southwark,£6.54,2026-07-03T23:10:47+00:00
Southwark,297,Windsor Fenchurch,BEVERTOWN NECK OIL,£6.85,6.85,"https://www.pint-prices.com/pub/2%20New%20London%20Street%20,%20,%20London,%20United%20Kingdom/Windsor%20Fenchurch",https://www.pint-prices.com/borough-results/Southwark,£6.54,2026-07-03T23:10:47+00:00
Southwark,298,The Ship,GUINNESS,£6.85,6.85,"https://www.pint-prices.com/pub/11%20Talbot%20Court,%20,%20London,%20UK/The%20Ship",https://www.pint-prices.com/borough-results/Southwark,£6.54,2026-07-03T23:10:47+00:00
Southwark,299,The Ship,HENRY WESTON'S VINTAGE CIDER,£6.85,6.85,"https://www.pint-prices.com/pub/11%20Talbot%20Court,%20,%20London,%20UK/The%20Ship",https://www.pint-prices.com/borough-results/Southwark,£6.54,2026-07-03T23:10:47+00:00
Southwark,300,All Bar One Cannon Street,CORONA,£6.85,6.85,"https://www.pint-prices.com/pub/103%20Cannon%20Street,%20,%20London,%20UK/All%20Bar%20One%20Cannon%20Street",https://www.pint-prices.com/borough-results/Southwark,£6.54,2026-07-03T23:10:47+00:00
Southwark,301,The Lord Aberconway,GUINNESS,£6.85,6.85,"https://www.pint-prices.com/pub/72%20Old%20Broad%20Street,%20,%20London,%20UK/The%20Lord%20Aberconway",https://www.pint-prices.com/borough-results/Southwark,£6.54,2026-07-03T23:10:47+00:00
Southwark,302,The Lord Aberconway,HENRY WESTON'S VINTAGE CIDER,£6.85,6.85,"https://www.pint-prices.com/pub/72%20Old%20Broad%20Street,%20,%20London,%20UK/The%20Lord%20Aberconway",https://www.pint-prices.com/borough-results/Southwark,£6.54,2026-07-03T23:10:47+00:00
Southwark,303,Ye Olde London,OLD MOUT CIDER,£6.90,6.9,"https://www.pint-prices.com/pub/42%20Ludgate%20Hill,%20London%20EC4M%207DE/Ye%20Olde%20London",https://www.pint-prices.com/borough-results/Southwark,£6.54,2026-07-03T23:10:47+00:00
Southwark,304,Anchor - Bankside (Southwark),GUINNESS,£6.90,6.9,"https://www.pint-prices.com/pub/34%20Park%20Street,%20,%20Southwark,%20England/Anchor%20-%20Bankside%20(Southwark)",https://www.pint-prices.com/borough-results/Southwark,£6.54,2026-07-03T23:10:47+00:00
Southwark,305,All Bar One Butlers Wharf,GOOSE ISLAND TODAYS HAZE,£6.90,6.9,"https://www.pint-prices.com/pub/34%20Shad%20Thames,%20Butlers%20Wharf,%20London,%20UK/All%20Bar%20One%20Butlers%20Wharf",https://www.pint-prices.com/borough-results/Southwark,£6.54,2026-07-03T23:10:47+00:00
Southwark,306,George (Southwark),GUINNESS,£6.90,6.9,"https://www.pint-prices.com/pub/75-77%20Borough%20High%20Street,%20,%20Southwark,%20England/George%20(Southwark)",https://www.pint-prices.com/borough-results/Southwark,£6.54,2026-07-03T23:10:47+00:00
Southwark,307,George (Southwark),ASPALL CYDER,£6.90,6.9,"https://www.pint-prices.com/pub/75-77%20Borough%20High%20Street,%20,%20Southwark,%20England/George%20(Southwark)",https://www.pint-prices.com/borough-results/Southwark,£6.54,2026-07-03T23:10:47+00:00
Southwark,308,All Bar One Tower of London,GOOSE ISLAND TODAYS HAZE,£6.90,6.9,"https://www.pint-prices.com/pub/14%20Byward%20Street,%20,%20London,%20UK/All%20Bar%20One%20Tower%20of%20London",https://www.pint-prices.com/borough-results/Southwark,£6.54,2026-07-03T23:10:47+00:00
Southwark,309,The Walrus and The Carpenter,HENRY WESTON'S VINTAGE CIDER,£6.90,6.9,"https://www.pint-prices.com/pub/45%20Monument%20Street,%20,%20London,%20UK/The%20Walrus%20and%20The%20Carpenter",https://www.pint-prices.com/borough-results/Southwark,£6.54,2026-07-03T23:10:47+00:00
Southwark,310,All Bar One Cannon Street,GOOSE ISLAND TODAYS HAZE,£6.90,6.9,"https://www.pint-prices.com/pub/103%20Cannon%20Street,%20,%20London,%20UK/All%20Bar%20One%20Cannon%20Street",https://www.pint-prices.com/borough-results/Southwark,£6.54,2026-07-03T23:10:47+00:00
Southwark,311,All Bar One Houndsditch,BEVERTOWN NECK OIL,£6.90,6.9,"https://www.pint-prices.com/pub/106-107%20Houndsditch,%20,%20London,%20UK/All%20Bar%20One%20Houndsditch",https://www.pint-prices.com/borough-results/Southwark,£6.54,2026-07-03T23:10:47+00:00
Southwark,312,The Globe,AMSTEL,£6.90,6.9,"https://www.pint-prices.com/pub/83%20Moorgate,%20,%20London,%20UK/The%20Globe",https://www.pint-prices.com/borough-results/Southwark,£6.54,2026-07-03T23:10:47+00:00
Southwark,313,The Loft,DAY DREAMER,£6.90,6.9,"https://www.pint-prices.com/pub/,%20,%20Spitalfields%20,%20/The%20Loft%20",https://www.pint-prices.com/borough-results/Southwark,£6.54,2026-07-03T23:10:47+00:00
Southwark,314,The Magpie,AMSTEL,£6.90,6.9,"https://www.pint-prices.com/pub/12%20New%20Street,%20,%20London,%20UK/The%20Magpie",https://www.pint-prices.com/borough-results/Southwark,£6.54,2026-07-03T23:10:47+00:00
Southwark,315,The Woodins Shades,AMSTEL,£6.90,6.9,"https://www.pint-prices.com/pub/212%20Bishopsgate,%20,%20London,%20UK/The%20Woodins%20Shades",https://www.pint-prices.com/borough-results/Southwark,£6.54,2026-07-03T23:10:47+00:00
Southwark,316,The Bishops Finger,GUINNESS,£6.90,6.9,https://www.pint-prices.com/pub/%20CT2%208AF/The%20Bishops%20Finger,https://www.pint-prices.com/borough-results/Southwark,£6.54,2026-07-03T23:10:47+00:00
Southwark,317,"The Counting House, EC3",FRONTIER LAGER,£6.95,6.95,"https://www.pint-prices.com/pub/50%20Cornhill,%20London%20EC3V%203PD,%20UK/The%20Counting%20House,%20EC3",https://www.pint-prices.com/borough-results/Southwark,£6.54,2026-07-03T23:10:47+00:00
Southwark,318,Seething Lane Tap,STIEGEL,£6.95,6.95,"https://www.pint-prices.com/pub/14-15%20Seething%20Ln,%20London%20EC3N%204AX/Seething%20Lane%20Tap",https://www.pint-prices.com/borough-results/Southwark,£6.54,2026-07-03T23:10:47+00:00
Southwark,319,Railway,ESTRELLA,£6.95,6.95,"https://www.pint-prices.com/pub/15%20Liverpool%20Street,%20EC2M%207NX/Railway",https://www.pint-prices.com/borough-results/Southwark,£6.54,2026-07-03T23:10:47+00:00
Southwark,320,Kings Arms,MADRI,£6.95,6.95,"https://www.pint-prices.com/pub/27-28%20Wormwood%20Street,%20EC2M%201RP/Kings%20Arms",https://www.pint-prices.com/borough-results/Southwark,£6.54,2026-07-03T23:10:47+00:00
Southwark,321,The Saint,GUINNESS,£6.95,6.95,"https://www.pint-prices.com/pub/1%20Bow%20Churchyard,%20London%20EC4M%209DQ/The%20Saint",https://www.pint-prices.com/borough-results/Southwark,£6.54,2026-07-03T23:10:47+00:00
Southwark,322,The Bell,CAMDEN HELLS,£6.95,6.95,"https://www.pint-prices.com/pub/50%20Middlesex%20St,%20London%20E1%207EX/The%20Bell",https://www.pint-prices.com/borough-results/Southwark,£6.54,2026-07-03T23:10:47+00:00
Southwark,323,Anchor - Bankside (Southwark),ASPALL CYDER,£6.95,6.95,"https://www.pint-prices.com/pub/34%20Park%20Street,%20,%20Southwark,%20England/Anchor%20-%20Bankside%20(Southwark)",https://www.pint-prices.com/borough-results/Southwark,£6.54,2026-07-03T23:10:47+00:00
Southwark,324,Bermondsey Bar & Kitchen,PRAVHA,£6.95,6.95,"https://www.pint-prices.com/pub/,%20,%20Southwark,%20/Bermondsey%20Bar%20%26%20Kitchen",https://www.pint-prices.com/borough-results/Southwark,£6.54,2026-07-03T23:10:47+00:00
Southwark,325,The Walrus and The Carpenter,GUINNESS,£6.95,6.95,"https://www.pint-prices.com/pub/45%20Monument%20Street,%20,%20London,%20UK/The%20Walrus%20and%20The%20Carpenter",https://www.pint-prices.com/borough-results/Southwark,£6.54,2026-07-03T23:10:47+00:00
Southwark,326,Sea Horse Fleet Street,BREWDOG PLANET PALE,£6.95,6.95,"https://www.pint-prices.com/pub/64%20Queen%20Victoria%20Street,%20Fleet%20Street,%20London,%20United%20Kingdom/Sea%20Horse%20Fleet%20Street",https://www.pint-prices.com/borough-results/Southwark,£6.54,2026-07-03T23:10:47+00:00
Southwark,327,Ye Olde Watling,MORTIMERS ORCHARD ENGLISH BERRY,£6.95,6.95,"https://www.pint-prices.com/pub/29%20Watling%20Street,%20,%20London,%20UK/Ye%20Olde%20Watling",https://www.pint-prices.com/borough-results/Southwark,£6.54,2026-07-03T23:10:47+00:00
Southwark,328,The Loft,PRAVHA,£6.95,6.95,"https://www.pint-prices.com/pub/,%20,%20Spitalfields%20,%20/The%20Loft%20",https://www.pint-prices.com/borough-results/Southwark,£6.54,2026-07-03T23:10:47+00:00
Southwark,329,All Bar One Moorgate,MARDI,£6.95,6.95,"https://www.pint-prices.com/pub/127%20Finsbury%20Pavement,%20,%20London,%20UK/All%20Bar%20One%20Moorgate",https://www.pint-prices.com/borough-results/Southwark,£6.54,2026-07-03T23:10:47+00:00
Southwark,330,The Horniman at Hays,HOUSE LAGER,£7.00,7.0,"https://www.pint-prices.com/pub/Unit%2026,%20Hay%E2%80%99s%20Galleria,%20Greater,%20London%20SE1%202HD,%20UK/The%20Horniman%20at%20Hays",https://www.pint-prices.com/borough-results/Southwark,£6.54,2026-07-03T23:10:47+00:00
Southwark,331,Goodman City,LUKAS LAGER,£7.00,7.0,"https://www.pint-prices.com/pub/11%20Old%20Jewry,%20London%20EC2R%208DU,%20UK/Goodman%20City",https://www.pint-prices.com/borough-results/Southwark,£6.54,2026-07-03T23:10:47+00:00
Southwark,332,Goodman City,GUINNESS,£7.00,7.0,"https://www.pint-prices.com/pub/11%20Old%20Jewry,%20London%20EC2R%208DU,%20UK/Goodman%20City",https://www.pint-prices.com/borough-results/Southwark,£6.54,2026-07-03T23:10:47+00:00
Southwark,333,Harry's Bar & Dining Room,PERONI,£7.00,7.0,"https://www.pint-prices.com/pub/5%20Abchurch%20Yard,%20London%20EC4N%207BA,%20UK/Harry's%20Bar%20%26%20Dining%20Room",https://www.pint-prices.com/borough-results/Southwark,£6.54,2026-07-03T23:10:47+00:00
Southwark,334,Harry's Bar & Dining Room,ASAHI,£7.00,7.0,"https://www.pint-prices.com/pub/5%20Abchurch%20Yard,%20London%20EC4N%207BA,%20UK/Harry's%20Bar%20%26%20Dining%20Room",https://www.pint-prices.com/borough-results/Southwark,£6.54,2026-07-03T23:10:47+00:00
Southwark,335,Harry's Bar & Dining Room,MEANTIME LONDON PALE ALE,£7.00,7.0,"https://www.pint-prices.com/pub/5%20Abchurch%20Yard,%20London%20EC4N%207BA,%20UK/Harry's%20Bar%20%26%20Dining%20Room",https://www.pint-prices.com/borough-results/Southwark,£6.54,2026-07-03T23:10:47+00:00
Southwark,336,Lord Raglan,ESTRELLA,£7.00,7.0,"https://www.pint-prices.com/pub/61%20St%20Matrins%20Le%20Grand,%20EC1A%204ER/Lord%20Raglan",https://www.pint-prices.com/borough-results/Southwark,£6.54,2026-07-03T23:10:47+00:00
Southwark,337,Lord Raglan,BIRRA MORETTI,£7.00,7.0,"https://www.pint-prices.com/pub/61%20St%20Matrins%20Le%20Grand,%20EC1A%204ER/Lord%20Raglan",https://www.pint-prices.com/borough-results/Southwark,£6.54,2026-07-03T23:10:47+00:00
Southwark,338,Kings Arms,ESTRELLA,£7.00,7.0,"https://www.pint-prices.com/pub/27-28%20Wormwood%20Street,%20EC2M%201RP/Kings%20Arms",https://www.pint-prices.com/borough-results/Southwark,£6.54,2026-07-03T23:10:47+00:00
Southwark,339,Kings Arms,BIRRA MORETTI,£7.00,7.0,"https://www.pint-prices.com/pub/27-28%20Wormwood%20Street,%20EC2M%201RP/Kings%20Arms",https://www.pint-prices.com/borough-results/Southwark,£6.54,2026-07-03T23:10:47+00:00
Southwark,340,The Horniman at Hays,PRAVHA,£7.00,7.0,"https://www.pint-prices.com/pub/Unit%2026%20Hays%20Galleria,%20,%20London,%20UK/The%20Horniman%20at%20Hays",https://www.pint-prices.com/borough-results/Southwark,£6.54,2026-07-03T23:10:47+00:00
Southwark,341,The Mudlark,PRAVHA,£7.00,7.0,"https://www.pint-prices.com/pub/Montague%20Close,%20,%20London,%20UK/The%20Mudlark",https://www.pint-prices.com/borough-results/Southwark,£6.54,2026-07-03T23:10:47+00:00
Southwark,342,The Old Thameside Inn,PRAVHA,£7.00,7.0,"https://www.pint-prices.com/pub/Pickfords%20Wharf,%20Clink%20St,%20London,%20UK/The%20Old%20Thameside%20Inn",https://www.pint-prices.com/borough-results/Southwark,£6.54,2026-07-03T23:10:47+00:00
Southwark,343,Bell Bush Lane EC4,GUINNESS,£7.00,7.0,"https://www.pint-prices.com/pub/29%20Bush%20Lane,%20Fleet%20Street,%20London,%20United%20Kingdom/Bell%20Bush%20Lane%20EC4",https://www.pint-prices.com/borough-results/Southwark,£6.54,2026-07-03T23:10:47+00:00
Southwark,344,All Bar One Tower of London,BEVERTOWN NECK OIL,£7.00,7.0,"https://www.pint-prices.com/pub/14%20Byward%20Street,%20,%20London,%20UK/All%20Bar%20One%20Tower%20of%20London",https://www.pint-prices.com/borough-results/Southwark,£6.54,2026-07-03T23:10:47+00:00
Southwark,345,All Bar One Cannon Street,BEVERTOWN NECK OIL,£7.00,7.0,"https://www.pint-prices.com/pub/103%20Cannon%20Street,%20,%20London,%20UK/All%20Bar%20One%20Cannon%20Street",https://www.pint-prices.com/borough-results/Southwark,£6.54,2026-07-03T23:10:47+00:00
Southwark,346,Red Lion (Moorgate),ESTRELLA GALICICA,£7.00,7.0,"https://www.pint-prices.com/pub/1%20Eldon%20Street,%20,%20Moorgate,%20England/Red%20Lion%20(Moorgate)",https://www.pint-prices.com/borough-results/Southwark,£6.54,2026-07-03T23:10:47+00:00
Southwark,347,The Hoop and Grapes,MADRI,£7.00,7.0,"https://www.pint-prices.com/pub/47%20Aldgate%20High%20Street,%20,%20London,%20UK/The%20Hoop%20and%20Grapes",https://www.pint-prices.com/borough-results/Southwark,£6.54,2026-07-03T23:10:47+00:00
Southwark,348,"The Counting House, EC3",GUINNESS,£7.05,7.05,"https://www.pint-prices.com/pub/50%20Cornhill,%20London%20EC3V%203PD,%20UK/The%20Counting%20House,%20EC3",https://www.pint-prices.com/borough-results/Southwark,£6.54,2026-07-03T23:10:47+00:00
Southwark,349,"The Barrowboy & Banker, SE1",GUINNESS,£7.05,7.05,"https://www.pint-prices.com/pub/6-8%20Borough%20High%20St,%20London%20SE1%209QQ,%20UK/The%20Barrowboy%20%26%20Banker,%20SE1",https://www.pint-prices.com/borough-results/Southwark,£6.54,2026-07-03T23:10:47+00:00
Southwark,350,Ye Olde London City,BIRRA MORETTI,£7.05,7.05,"https://www.pint-prices.com/pub/42%20Ludgate%20Hill,%20EC4M%207DE/Ye%20Olde%20London%20City",https://www.pint-prices.com/borough-results/Southwark,£6.54,2026-07-03T23:10:47+00:00
Southwark,351,Red Lion,BIRRA MORETTI,£7.05,7.05,"https://www.pint-prices.com/pub/1%20Eldon%20Street,%20EC2M%207LS/Red%20Lion",https://www.pint-prices.com/borough-results/Southwark,£6.54,2026-07-03T23:10:47+00:00
Southwark,352,The Bell,ASAHI,£7.05,7.05,"https://www.pint-prices.com/pub/50%20Middlesex%20St,%20London%20E1%207EX/The%20Bell",https://www.pint-prices.com/borough-results/Southwark,£6.54,2026-07-03T23:10:47+00:00
Southwark,353,Cheshire Cheese,BREWDOG PLANET PALE,£7.05,7.05,"https://www.pint-prices.com/pub/48%20Crutched%20Friars%20,%20,%20London,%20United%20Kingdom/Cheshire%20Cheese",https://www.pint-prices.com/borough-results/Southwark,£6.54,2026-07-03T23:10:47+00:00
Southwark,354,The Globe,GUINNESS,£7.05,7.05,"https://www.pint-prices.com/pub/83%20Moorgate,%20,%20London,%20UK/The%20Globe",https://www.pint-prices.com/borough-results/Southwark,£6.54,2026-07-03T23:10:47+00:00
Southwark,355,The Globe,HENRY WESTON'S VINTAGE CIDER,£7.05,7.05,"https://www.pint-prices.com/pub/83%20Moorgate,%20,%20London,%20UK/The%20Globe",https://www.pint-prices.com/borough-results/Southwark,£6.54,2026-07-03T23:10:47+00:00
Southwark,356,The Magpie,GUINNESS,£7.05,7.05,"https://www.pint-prices.com/pub/12%20New%20Street,%20,%20London,%20UK/The%20Magpie",https://www.pint-prices.com/borough-results/Southwark,£6.54,2026-07-03T23:10:47+00:00
Southwark,357,The Magpie,HENRY WESTON'S VINTAGE CIDER,£7.05,7.05,"https://www.pint-prices.com/pub/12%20New%20Street,%20,%20London,%20UK/The%20Magpie",https://www.pint-prices.com/borough-results/Southwark,£6.54,2026-07-03T23:10:47+00:00
Southwark,358,The Woodins Shades,GUINNESS,£7.05,7.05,"https://www.pint-prices.com/pub/212%20Bishopsgate,%20,%20London,%20UK/The%20Woodins%20Shades",https://www.pint-prices.com/borough-results/Southwark,£6.54,2026-07-03T23:10:47+00:00
Southwark,359,The Woodins Shades,HENRY WESTON'S VINTAGE CIDER,£7.05,7.05,"https://www.pint-prices.com/pub/212%20Bishopsgate,%20,%20London,%20UK/The%20Woodins%20Shades",https://www.pint-prices.com/borough-results/Southwark,£6.54,2026-07-03T23:10:47+00:00
Southwark,360,The Duke of Wellington,HEPCAT,£7.10,7.1,"https://www.pint-prices.com/pub/12%20Toynbee%20St,%20London%20E1%207NE/The%20Duke%20of%20Wellington",https://www.pint-prices.com/borough-results/Southwark,£6.54,2026-07-03T23:10:47+00:00
Southwark,361,The Slug and Lettuce,BIRRA MORETTI,£7.10,7.1,"https://www.pint-prices.com/pub/1%20St%20Katharine's%20Way,%20London%20E1W%201DD/The%20Slug%20and%20Lettuce",https://www.pint-prices.com/borough-results/Southwark,£6.54,2026-07-03T23:10:47+00:00
Southwark,362,Lord Clyde,ASAHI SUPER DRY DRAUGHT,£7.10,7.1,"https://www.pint-prices.com/pub/27%20Clennam%20Street,%20Southwark,%20Southwark,%20United%20Kingdom/Lord%20Clyde",https://www.pint-prices.com/borough-results/Southwark,£6.54,2026-07-03T23:10:47+00:00
Southwark,363,All Bar One Moorgate,CORONA,£7.10,7.1,"https://www.pint-prices.com/pub/127%20Finsbury%20Pavement,%20,%20London,%20UK/All%20Bar%20One%20Moorgate",https://www.pint-prices.com/borough-results/Southwark,£6.54,2026-07-03T23:10:47+00:00
Southwark,364,Lord Raglan (Holborn),DARK TIDE,£7.10,7.1,"https://www.pint-prices.com/pub/61%20St%20Martins%20Le%20Grand,%20,%20Holborn,%20England/Lord%20Raglan%20(Holborn)",https://www.pint-prices.com/borough-results/Southwark,£6.54,2026-07-03T23:10:47+00:00
Southwark,365,The Bell,PERONI,£7.15,7.15,"https://www.pint-prices.com/pub/50%20Middlesex%20St,%20London%20E1%207EX/The%20Bell",https://www.pint-prices.com/borough-results/Southwark,£6.54,2026-07-03T23:10:47+00:00
Southwark,366,The Horniman at Hays,GUINNESS,£7.15,7.15,"https://www.pint-prices.com/pub/Unit%2026%20Hays%20Galleria,%20,%20London,%20UK/The%20Horniman%20at%20Hays",https://www.pint-prices.com/borough-results/Southwark,£6.54,2026-07-03T23:10:47+00:00
Southwark,367,The Horniman at Hays,HENRY WESTON'S VINTAGE CIDER,£7.15,7.15,"https://www.pint-prices.com/pub/Unit%2026%20Hays%20Galleria,%20,%20London,%20UK/The%20Horniman%20at%20Hays",https://www.pint-prices.com/borough-results/Southwark,£6.54,2026-07-03T23:10:47+00:00
Southwark,368,The Mudlark,GUINNESS,£7.15,7.15,"https://www.pint-prices.com/pub/Montague%20Close,%20,%20London,%20UK/The%20Mudlark",https://www.pint-prices.com/borough-results/Southwark,£6.54,2026-07-03T23:10:47+00:00
Southwark,369,The Mudlark,HENRY WESTON'S VINTAGE CIDER,£7.15,7.15,"https://www.pint-prices.com/pub/Montague%20Close,%20,%20London,%20UK/The%20Mudlark",https://www.pint-prices.com/borough-results/Southwark,£6.54,2026-07-03T23:10:47+00:00
Southwark,370,The Old Thameside Inn,GUINNESS,£7.15,7.15,"https://www.pint-prices.com/pub/Pickfords%20Wharf,%20Clink%20St,%20London,%20UK/The%20Old%20Thameside%20Inn",https://www.pint-prices.com/borough-results/Southwark,£6.54,2026-07-03T23:10:47+00:00
Southwark,371,The Old Thameside Inn,HENRY WESTON'S VINTAGE CIDER,£7.15,7.15,"https://www.pint-prices.com/pub/Pickfords%20Wharf,%20Clink%20St,%20London,%20UK/The%20Old%20Thameside%20Inn",https://www.pint-prices.com/borough-results/Southwark,£6.54,2026-07-03T23:10:47+00:00
Southwark,372,The Corn Exchange,SALE DI MARE,£7.15,7.15,"https://www.pint-prices.com/pub/Mark%20Lane,%20,%20London,%20United%20Kingdom/The%20Corn%20Exchange",https://www.pint-prices.com/borough-results/Southwark,£6.54,2026-07-03T23:10:47+00:00
Southwark,373,The Sugar Loaf,MADRI,£7.15,7.15,"https://www.pint-prices.com/pub/65%20Cannon%20Street,%20,%20London,%20UK/The%20Sugar%20Loaf",https://www.pint-prices.com/borough-results/Southwark,£6.54,2026-07-03T23:10:47+00:00
Southwark,374,Williamson's Tavern,MADRI,£7.15,7.15,"https://www.pint-prices.com/pub/1%20Groveland%20Court,%20,%20London,%20UK/Williamson's%20Tavern",https://www.pint-prices.com/borough-results/Southwark,£6.54,2026-07-03T23:10:47+00:00
Southwark,375,Ye Olde Watling,MADRI,£7.15,7.15,"https://www.pint-prices.com/pub/29%20Watling%20Street,%20,%20London,%20UK/Ye%20Olde%20Watling",https://www.pint-prices.com/borough-results/Southwark,£6.54,2026-07-03T23:10:47+00:00
Southwark,376,All Bar One Moorgate,GOOSE ISLAND TODAYS HAZE,£7.15,7.15,"https://www.pint-prices.com/pub/127%20Finsbury%20Pavement,%20,%20London,%20UK/All%20Bar%20One%20Moorgate",https://www.pint-prices.com/borough-results/Southwark,£6.54,2026-07-03T23:10:47+00:00
Southwark,377,Anchor,MADRI,£7.20,7.2,"https://www.pint-prices.com/pub/34%20Park%20Street,%20SE1%209EF/Anchor",https://www.pint-prices.com/borough-results/Southwark,£6.54,2026-07-03T23:10:47+00:00
Southwark,378,The Jugged Hare,GUINNESS,£7.20,7.2,"https://www.pint-prices.com/pub/49%20Chiswell%20St,%20London%20EC1Y%204SA,%20UK/The%20Jugged%20Hare",https://www.pint-prices.com/borough-results/Southwark,£6.54,2026-07-03T23:10:47+00:00
Southwark,379,Vinegar Yard,MADRI,£7.20,7.2,"https://www.pint-prices.com/pub/72-82%20St%20Thomas%20St,%20London%20SE1%203QX/Vinegar%20Yard",https://www.pint-prices.com/borough-results/Southwark,£6.54,2026-07-03T23:10:47+00:00
Southwark,380,Vinegar Yard,MADRI,£7.20,7.2,"https://www.pint-prices.com/pub/72-82%20St%20Thomas%20St,%20London%20SE1%203QX/Vinegar%20Yard",https://www.pint-prices.com/borough-results/Southwark,£6.54,2026-07-03T23:10:47+00:00
Southwark,381,The Moretown Belle London,CRUZCAMPO,£7.20,7.2,"https://www.pint-prices.com/pub/5%20Thomas%20More%20St,%20London%20E1W%201YY,%20Reino%20Unido/The%20Moretown%20Belle%20London",https://www.pint-prices.com/borough-results/Southwark,£6.54,2026-07-03T23:10:47+00:00
Southwark,382,The Horniman at Hays,MORTIMERS ORCHARD ENGLISH BERRY,£7.20,7.2,"https://www.pint-prices.com/pub/Unit%2026%20Hays%20Galleria,%20,%20London,%20UK/The%20Horniman%20at%20Hays",https://www.pint-prices.com/borough-results/Southwark,£6.54,2026-07-03T23:10:47+00:00
Southwark,383,The Mudlark,MORTIMERS ORCHARD ENGLISH BERRY,£7.20,7.2,"https://www.pint-prices.com/pub/Montague%20Close,%20,%20London,%20UK/The%20Mudlark",https://www.pint-prices.com/borough-results/Southwark,£6.54,2026-07-03T23:10:47+00:00
Southwark,384,The Old Thameside Inn,MORTIMERS ORCHARD ENGLISH BERRY,£7.20,7.2,"https://www.pint-prices.com/pub/Pickfords%20Wharf,%20Clink%20St,%20London,%20UK/The%20Old%20Thameside%20Inn",https://www.pint-prices.com/borough-results/Southwark,£6.54,2026-07-03T23:10:47+00:00
Southwark,385,The Alexander Hay,ASAHI SUPER DRY DRAUGHT,£7.20,7.2,"https://www.pint-prices.com/pub/Unit%2022%20Hays%20Galleria,%20,%20London,%20United%20Kingdom/The%20Alexander%20Hay",https://www.pint-prices.com/borough-results/Southwark,£6.54,2026-07-03T23:10:47+00:00
Southwark,386,Bermondsey Bar & Kitchen,ALPACALYPSE SESSION IPA,£7.20,7.2,"https://www.pint-prices.com/pub/,%20,%20Southwark,%20/Bermondsey%20Bar%20%26%20Kitchen",https://www.pint-prices.com/borough-results/Southwark,£6.54,2026-07-03T23:10:47+00:00
Southwark,387,Bermondsey Bar & Kitchen,ASPALL CYDER,£7.20,7.2,"https://www.pint-prices.com/pub/,%20,%20Southwark,%20/Bermondsey%20Bar%20%26%20Kitchen",https://www.pint-prices.com/borough-results/Southwark,£6.54,2026-07-03T23:10:47+00:00
Southwark,388,Bermondsey Bar & Kitchen,BLUE MOON,£7.20,7.2,"https://www.pint-prices.com/pub/,%20,%20Southwark,%20/Bermondsey%20Bar%20%26%20Kitchen",https://www.pint-prices.com/borough-results/Southwark,£6.54,2026-07-03T23:10:47+00:00
Southwark,389,Bermondsey Bar & Kitchen,JUTE SESSION IPA,£7.20,7.2,"https://www.pint-prices.com/pub/,%20,%20Southwark,%20/Bermondsey%20Bar%20%26%20Kitchen",https://www.pint-prices.com/borough-results/Southwark,£6.54,2026-07-03T23:10:47+00:00
Southwark,390,Bermondsey Bar & Kitchen,MADRI LAGER,£7.20,7.2,"https://www.pint-prices.com/pub/,%20,%20Southwark,%20/Bermondsey%20Bar%20%26%20Kitchen",https://www.pint-prices.com/borough-results/Southwark,£6.54,2026-07-03T23:10:47+00:00
Southwark,391,Bermondsey Bar & Kitchen,STAROPRAMEN,£7.20,7.2,"https://www.pint-prices.com/pub/,%20,%20Southwark,%20/Bermondsey%20Bar%20%26%20Kitchen",https://www.pint-prices.com/borough-results/Southwark,£6.54,2026-07-03T23:10:47+00:00
Southwark,392,The Corn Exchange,ASAHI SUPER DRY DRAUGHT,£7.20,7.2,"https://www.pint-prices.com/pub/Mark%20Lane,%20,%20London,%20United%20Kingdom/The%20Corn%20Exchange",https://www.pint-prices.com/borough-results/Southwark,£6.54,2026-07-03T23:10:47+00:00
Southwark,393,The Ship,MADRI,£7.20,7.2,"https://www.pint-prices.com/pub/11%20Talbot%20Court,%20,%20London,%20UK/The%20Ship",https://www.pint-prices.com/borough-results/Southwark,£6.54,2026-07-03T23:10:47+00:00
Southwark,394,Cheshire Cheese,ASAHI SUPER DRY DRAUGHT,£7.20,7.2,"https://www.pint-prices.com/pub/48%20Crutched%20Friars%20,%20,%20London,%20United%20Kingdom/Cheshire%20Cheese",https://www.pint-prices.com/borough-results/Southwark,£6.54,2026-07-03T23:10:47+00:00
Southwark,395,The Loft,ASPALL CYDER,£7.20,7.2,"https://www.pint-prices.com/pub/,%20,%20Spitalfields%20,%20/The%20Loft%20",https://www.pint-prices.com/borough-results/Southwark,£6.54,2026-07-03T23:10:47+00:00
Southwark,396,The Loft,ATLANTIC PALE ALE,£7.20,7.2,"https://www.pint-prices.com/pub/,%20,%20Spitalfields%20,%20/The%20Loft%20",https://www.pint-prices.com/borough-results/Southwark,£6.54,2026-07-03T23:10:47+00:00
Southwark,397,The Loft,BLUE MOON,£7.20,7.2,"https://www.pint-prices.com/pub/,%20,%20Spitalfields%20,%20/The%20Loft%20",https://www.pint-prices.com/borough-results/Southwark,£6.54,2026-07-03T23:10:47+00:00
Southwark,398,The Loft,CHIEFTAIN IPA,£7.20,7.2,"https://www.pint-prices.com/pub/,%20,%20Spitalfields%20,%20/The%20Loft%20",https://www.pint-prices.com/borough-results/Southwark,£6.54,2026-07-03T23:10:47+00:00
Southwark,399,The Loft,MADRI LAGER,£7.20,7.2,"https://www.pint-prices.com/pub/,%20,%20Spitalfields%20,%20/The%20Loft%20",https://www.pint-prices.com/borough-results/Southwark,£6.54,2026-07-03T23:10:47+00:00
Southwark,400,The Loft,REKORDERLIG,£7.20,7.2,"https://www.pint-prices.com/pub/,%20,%20Spitalfields%20,%20/The%20Loft%20",https://www.pint-prices.com/borough-results/Southwark,£6.54,2026-07-03T23:10:47+00:00
Southwark,401,The Loft,SALT JUTE IPA,£7.20,7.2,"https://www.pint-prices.com/pub/,%20,%20Spitalfields%20,%20/The%20Loft%20",https://www.pint-prices.com/borough-results/Southwark,£6.54,2026-07-03T23:10:47+00:00
Southwark,402,The Lord Aberconway,MADRI,£7.20,7.2,"https://www.pint-prices.com/pub/72%20Old%20Broad%20Street,%20,%20London,%20UK/The%20Lord%20Aberconway",https://www.pint-prices.com/borough-results/Southwark,£6.54,2026-07-03T23:10:47+00:00
Southwark,403,The Rosy Hue,GUINESS,£7.20,7.2,https://www.pint-prices.com/pub/SE17%201GQ/The%20Rosy%20Hue,https://www.pint-prices.com/borough-results/Southwark,£6.54,2026-07-03T23:10:47+00:00
Southwark,404,Railway,NECK OIL,£7.25,7.25,"https://www.pint-prices.com/pub/15%20Liverpool%20Street,%20EC2M%207NX/Railway",https://www.pint-prices.com/borough-results/Southwark,£6.54,2026-07-03T23:10:47+00:00
Southwark,405,Railway,PERONI,£7.25,7.25,"https://www.pint-prices.com/pub/15%20Liverpool%20Street,%20EC2M%207NX/Railway",https://www.pint-prices.com/borough-results/Southwark,£6.54,2026-07-03T23:10:47+00:00
Southwark,406,Anchor,ESTRELLA,£7.25,7.25,"https://www.pint-prices.com/pub/34%20Park%20Street,%20SE1%209EF/Anchor",https://www.pint-prices.com/borough-results/Southwark,£6.54,2026-07-03T23:10:47+00:00
Southwark,407,Anchor,BIRRA MORETTI,£7.25,7.25,"https://www.pint-prices.com/pub/34%20Park%20Street,%20SE1%209EF/Anchor",https://www.pint-prices.com/borough-results/Southwark,£6.54,2026-07-03T23:10:47+00:00
Southwark,408,Tower Bridge Arms: A BrewDog Pub,PINEAPPLE PUNCH,£7.25,7.25,"https://www.pint-prices.com/pub/Tower%20Bridge%20Tavern,%20206-208%20Tower%20Bridge%20Rd,%20London,%20/Tower%20Bridge%20Arms:%20A%20BrewDog%20Pub",https://www.pint-prices.com/borough-results/Southwark,£6.54,2026-07-03T23:10:47+00:00
Southwark,409,Tower Bridge Arms: A BrewDog Pub,PINEAPPLE PUNCH,£7.25,7.25,"https://www.pint-prices.com/pub/Tower%20Bridge%20Tavern,%20206-208%20Tower%20Bridge%20Rd,%20London,%20/Tower%20Bridge%20Arms:%20A%20BrewDog%20Pub",https://www.pint-prices.com/borough-results/Southwark,£6.54,2026-07-03T23:10:47+00:00
Southwark,410,Tower Bridge Arms: A BrewDog Pub,PINEAPPLE PUNCH,£7.25,7.25,"https://www.pint-prices.com/pub/Tower%20Bridge%20Tavern,%20206-208%20Tower%20Bridge%20Rd,%20London,%20/Tower%20Bridge%20Arms:%20A%20BrewDog%20Pub",https://www.pint-prices.com/borough-results/Southwark,£6.54,2026-07-03T23:10:47+00:00
Southwark,411,BrewDog Outpost Tower Hill,DEAD & BERRIED MIXED BERRY,£7.25,7.25,"https://www.pint-prices.com/pub/21%20Great%20Tower%20St,%20,%20London,%20/BrewDog%20Outpost%20Tower%20Hill",https://www.pint-prices.com/borough-results/Southwark,£6.54,2026-07-03T23:10:47+00:00
Southwark,412,BrewDog Outpost Tower Hill,PINEAPPLE PUNCH,£7.25,7.25,"https://www.pint-prices.com/pub/21%20Great%20Tower%20St,%20,%20London,%20/BrewDog%20Outpost%20Tower%20Hill",https://www.pint-prices.com/borough-results/Southwark,£6.54,2026-07-03T23:10:47+00:00
Southwark,413,Monument (Whitechapel),ESTRELLA,£7.25,7.25,"https://www.pint-prices.com/pub/18%20Fish%20Street%20Hill,%20,%20Whitechapel,%20England/Monument%20(Whitechapel)",https://www.pint-prices.com/borough-results/Southwark,£6.54,2026-07-03T23:10:47+00:00
Southwark,414,Three Tuns Aldgate,ASAHI SUPER DRY DRAUGHT,£7.25,7.25,"https://www.pint-prices.com/pub/36%20Jewry%20Street,%20Aldgate,%20London,%20United%20Kingdom/Three%20Tuns%20Aldgate",https://www.pint-prices.com/borough-results/Southwark,£6.54,2026-07-03T23:10:47+00:00
Southwark,415,Kings Arms (Bishopsgate),ESTRELLA,£7.25,7.25,"https://www.pint-prices.com/pub/27-28%20Wormwood%20Street,%20,%20Bishopsgate,%20England/Kings%20Arms%20(Bishopsgate)",https://www.pint-prices.com/borough-results/Southwark,£6.54,2026-07-03T23:10:47+00:00
Southwark,416,All Bar One Moorgate,BEVERTOWN NECK OIL,£7.25,7.25,"https://www.pint-prices.com/pub/127%20Finsbury%20Pavement,%20,%20London,%20UK/All%20Bar%20One%20Moorgate",https://www.pint-prices.com/borough-results/Southwark,£6.54,2026-07-03T23:10:47+00:00
Southwark,417,Lord Raglan (Holborn),ESTRELLA,£7.25,7.25,"https://www.pint-prices.com/pub/61%20St%20Martins%20Le%20Grand,%20,%20Holborn,%20England/Lord%20Raglan%20(Holborn)",https://www.pint-prices.com/borough-results/Southwark,£6.54,2026-07-03T23:10:47+00:00
Southwark,418,Lord Raglan (Holborn),ESTRELLA GALICICA,£7.25,7.25,"https://www.pint-prices.com/pub/61%20St%20Martins%20Le%20Grand,%20,%20Holborn,%20England/Lord%20Raglan%20(Holborn)",https://www.pint-prices.com/borough-results/Southwark,£6.54,2026-07-03T23:10:47+00:00
Southwark,419,Lord Raglan,PERONI,£7.30,7.3,"https://www.pint-prices.com/pub/61%20St%20Matrins%20Le%20Grand,%20EC1A%204ER/Lord%20Raglan",https://www.pint-prices.com/borough-results/Southwark,£6.54,2026-07-03T23:10:47+00:00
Southwark,420,The George,ESTRELLA,£7.30,7.3,https://www.pint-prices.com/pub/75-77%20Borough%20High%20Street%20Southwark%20Greater%20London%20United%20Kingdom%20SE1%201NH/The%20George,https://www.pint-prices.com/borough-results/Southwark,£6.54,2026-07-03T23:10:47+00:00
Southwark,421,George (Southwark),COLD HARBOUR LAGER,£7.30,7.3,"https://www.pint-prices.com/pub/75-77%20Borough%20High%20Street,%20,%20Southwark,%20England/George%20(Southwark)",https://www.pint-prices.com/borough-results/Southwark,£6.54,2026-07-03T23:10:47+00:00
Southwark,422,The Corn Exchange,GUINNESS,£7.30,7.3,"https://www.pint-prices.com/pub/Mark%20Lane,%20,%20London,%20United%20Kingdom/The%20Corn%20Exchange",https://www.pint-prices.com/borough-results/Southwark,£6.54,2026-07-03T23:10:47+00:00
Southwark,423,Traitors Gate,ASPALL CYDER,£7.30,7.3,"https://www.pint-prices.com/pub/%2014,%20Trinity%20Square,%20%20London%20,%20United%20Kingdom/Traitors%20Gate",https://www.pint-prices.com/borough-results/Southwark,£6.54,2026-07-03T23:10:47+00:00
Southwark,424,The Walrus and The Carpenter,MADRI,£7.30,7.3,"https://www.pint-prices.com/pub/45%20Monument%20Street,%20,%20London,%20UK/The%20Walrus%20and%20The%20Carpenter",https://www.pint-prices.com/borough-results/Southwark,£6.54,2026-07-03T23:10:47+00:00
Southwark,425,Sea Horse Fleet Street,ASAHI SUPER DRY DRAUGHT,£7.30,7.3,"https://www.pint-prices.com/pub/64%20Queen%20Victoria%20Street,%20Fleet%20Street,%20London,%20United%20Kingdom/Sea%20Horse%20Fleet%20Street",https://www.pint-prices.com/borough-results/Southwark,£6.54,2026-07-03T23:10:47+00:00
Southwark,426,The Hoop and Grapes,ROSIE'S PIG RHUBARB CIDER,£7.30,7.3,"https://www.pint-prices.com/pub/47%20Aldgate%20High%20Street,%20,%20London,%20UK/The%20Hoop%20and%20Grapes",https://www.pint-prices.com/borough-results/Southwark,£6.54,2026-07-03T23:10:47+00:00
Southwark,427,"The Barrowboy & Banker, SE1",ASAHI,£7.35,7.35,"https://www.pint-prices.com/pub/6-8%20Borough%20High%20St,%20London%20SE1%209QQ,%20UK/The%20Barrowboy%20%26%20Banker,%20SE1",https://www.pint-prices.com/borough-results/Southwark,£6.54,2026-07-03T23:10:47+00:00
Southwark,428,Kings Arms,PERONI,£7.35,7.35,"https://www.pint-prices.com/pub/27-28%20Wormwood%20Street,%20EC2M%201RP/Kings%20Arms",https://www.pint-prices.com/borough-results/Southwark,£6.54,2026-07-03T23:10:47+00:00
Southwark,429,The Butchers Hook & Cleaver,ASAHI,£7.35,7.35,"https://www.pint-prices.com/pub/60-63%20West%20Smithfield,%20London%20EC1A%209DY/The%20Butchers%20Hook%20%26%20Cleaver",https://www.pint-prices.com/borough-results/Southwark,£6.54,2026-07-03T23:10:47+00:00
Southwark,430,All Bar One Butlers Wharf,BEVERTOWN NECK OIL,£7.35,7.35,"https://www.pint-prices.com/pub/34%20Shad%20Thames,%20Butlers%20Wharf,%20London,%20UK/All%20Bar%20One%20Butlers%20Wharf",https://www.pint-prices.com/borough-results/Southwark,£6.54,2026-07-03T23:10:47+00:00
Southwark,431,"The Counting House, EC3",PERONI,£7.40,7.4,"https://www.pint-prices.com/pub/50%20Cornhill,%20London%20EC3V%203PD,%20UK/The%20Counting%20House,%20EC3",https://www.pint-prices.com/borough-results/Southwark,£6.54,2026-07-03T23:10:47+00:00
Southwark,432,Ye Olde London City,PERONI,£7.40,7.4,"https://www.pint-prices.com/pub/42%20Ludgate%20Hill,%20EC4M%207DE/Ye%20Olde%20London%20City",https://www.pint-prices.com/borough-results/Southwark,£6.54,2026-07-03T23:10:47+00:00
Southwark,433,Red Lion,NECK OIL,£7.40,7.4,"https://www.pint-prices.com/pub/1%20Eldon%20Street,%20EC2M%207LS/Red%20Lion",https://www.pint-prices.com/borough-results/Southwark,£6.54,2026-07-03T23:10:47+00:00
Southwark,434,Red Lion,PERONI,£7.40,7.4,"https://www.pint-prices.com/pub/1%20Eldon%20Street,%20EC2M%207LS/Red%20Lion",https://www.pint-prices.com/borough-results/Southwark,£6.54,2026-07-03T23:10:47+00:00
Southwark,435,The Saint,ASAHI,£7.40,7.4,"https://www.pint-prices.com/pub/1%20Bow%20Churchyard,%20London%20EC4M%209DQ/The%20Saint",https://www.pint-prices.com/borough-results/Southwark,£6.54,2026-07-03T23:10:47+00:00
Southwark,436,The Saint,PERONI,£7.40,7.4,"https://www.pint-prices.com/pub/1%20Bow%20Churchyard,%20London%20EC4M%209DQ/The%20Saint",https://www.pint-prices.com/borough-results/Southwark,£6.54,2026-07-03T23:10:47+00:00
Southwark,437,George (Southwark),ESTRELLA,£7.40,7.4,"https://www.pint-prices.com/pub/75-77%20Borough%20High%20Street,%20,%20Southwark,%20England/George%20(Southwark)",https://www.pint-prices.com/borough-results/Southwark,£6.54,2026-07-03T23:10:47+00:00
Southwark,438,The Alexander Hay,BEVERTOWN NECK OIL,£7.40,7.4,"https://www.pint-prices.com/pub/Unit%2022%20Hays%20Galleria,%20,%20London,%20United%20Kingdom/The%20Alexander%20Hay",https://www.pint-prices.com/borough-results/Southwark,£6.54,2026-07-03T23:10:47+00:00
Southwark,439,The Alexander Hay,BRIXTON RELIANCE PALE ALE,£7.40,7.4,"https://www.pint-prices.com/pub/Unit%2022%20Hays%20Galleria,%20,%20London,%20United%20Kingdom/The%20Alexander%20Hay",https://www.pint-prices.com/borough-results/Southwark,£6.54,2026-07-03T23:10:47+00:00
Southwark,440,Traitors Gate,GUINNESS,£7.40,7.4,"https://www.pint-prices.com/pub/%2014,%20Trinity%20Square,%20%20London%20,%20United%20Kingdom/Traitors%20Gate",https://www.pint-prices.com/borough-results/Southwark,£6.54,2026-07-03T23:10:47+00:00
Southwark,441,The Globe,MADRI,£7.40,7.4,"https://www.pint-prices.com/pub/83%20Moorgate,%20,%20London,%20UK/The%20Globe",https://www.pint-prices.com/borough-results/Southwark,£6.54,2026-07-03T23:10:47+00:00
Southwark,442,The Magpie,MADRI,£7.40,7.4,"https://www.pint-prices.com/pub/12%20New%20Street,%20,%20London,%20UK/The%20Magpie",https://www.pint-prices.com/borough-results/Southwark,£6.54,2026-07-03T23:10:47+00:00
Southwark,443,The Woodins Shades,MADRI,£7.40,7.4,"https://www.pint-prices.com/pub/212%20Bishopsgate,%20,%20London,%20UK/The%20Woodins%20Shades",https://www.pint-prices.com/borough-results/Southwark,£6.54,2026-07-03T23:10:47+00:00
Southwark,444,The Hoop and Grapes,BEVERTOWN NECK OIL,£7.40,7.4,"https://www.pint-prices.com/pub/47%20Aldgate%20High%20Street,%20,%20London,%20UK/The%20Hoop%20and%20Grapes",https://www.pint-prices.com/borough-results/Southwark,£6.54,2026-07-03T23:10:47+00:00
Southwark,445,Anchor,PERONI,£7.45,7.45,"https://www.pint-prices.com/pub/34%20Park%20Street,%20SE1%209EF/Anchor",https://www.pint-prices.com/borough-results/Southwark,£6.54,2026-07-03T23:10:47+00:00
Southwark,446,Ye Olde London,CAMDEN HELLS,£7.45,7.45,"https://www.pint-prices.com/pub/42%20Ludgate%20Hill,%20London%20EC4M%207DE/Ye%20Olde%20London",https://www.pint-prices.com/borough-results/Southwark,£6.54,2026-07-03T23:10:47+00:00
Southwark,447,Ye Olde London,CAMDEN HELLS,£7.45,7.45,"https://www.pint-prices.com/pub/42%20Ludgate%20Hill,%20London%20EC4M%207DE/Ye%20Olde%20London",https://www.pint-prices.com/borough-results/Southwark,£6.54,2026-07-03T23:10:47+00:00
Southwark,448,BrewDog Outpost Tower Hill,COLD BEER,£7.45,7.45,"https://www.pint-prices.com/pub/21%20Great%20Tower%20St,%20,%20London,%20/BrewDog%20Outpost%20Tower%20Hill",https://www.pint-prices.com/borough-results/Southwark,£6.54,2026-07-03T23:10:47+00:00
Southwark,449,Sea Horse Fleet Street,BEVERTOWN NECK OIL,£7.45,7.45,"https://www.pint-prices.com/pub/64%20Queen%20Victoria%20Street,%20Fleet%20Street,%20London,%20United%20Kingdom/Sea%20Horse%20Fleet%20Street",https://www.pint-prices.com/borough-results/Southwark,£6.54,2026-07-03T23:10:47+00:00
Southwark,450,Crutched Friar,ASAHI SUPER DRY DRAUGHT,£7.45,7.45,"https://www.pint-prices.com/pub/39-41%20Crutched%20Friars%20,%20,%20London,%20United%20Kingdom/Crutched%20Friar",https://www.pint-prices.com/borough-results/Southwark,£6.54,2026-07-03T23:10:47+00:00
Southwark,451,The Hoop and Grapes,PAULANER MUNCHNER HELL,£7.45,7.45,"https://www.pint-prices.com/pub/47%20Aldgate%20High%20Street,%20,%20London,%20UK/The%20Hoop%20and%20Grapes",https://www.pint-prices.com/borough-results/Southwark,£6.54,2026-07-03T23:10:47+00:00
Southwark,452,Goodman City,EMPRESS ALE,£7.50,7.5,"https://www.pint-prices.com/pub/11%20Old%20Jewry,%20London%20EC2R%208DU,%20UK/Goodman%20City",https://www.pint-prices.com/borough-results/Southwark,£6.54,2026-07-03T23:10:47+00:00
Southwark,453,Tapas Brindisa London Bridge,ESTRELLA,£7.50,7.5,"https://www.pint-prices.com/pub/18-20%20Southwark%20St,%20London%20SE1%201TJ,%20UK/Tapas%20Brindisa%20London%20Bridge",https://www.pint-prices.com/borough-results/Southwark,£6.54,2026-07-03T23:10:47+00:00
Southwark,454,Tapas Brindisa London Bridge,BRINDISA PALE ALE,£7.50,7.5,"https://www.pint-prices.com/pub/18-20%20Southwark%20St,%20London%20SE1%201TJ,%20UK/Tapas%20Brindisa%20London%20Bridge",https://www.pint-prices.com/borough-results/Southwark,£6.54,2026-07-03T23:10:47+00:00
Southwark,455,Ye Olde London City,NECK OIL,£7.50,7.5,"https://www.pint-prices.com/pub/42%20Ludgate%20Hill,%20EC4M%207DE/Ye%20Olde%20London%20City",https://www.pint-prices.com/borough-results/Southwark,£6.54,2026-07-03T23:10:47+00:00
Southwark,456,Ye Olde London,NECK OIL,£7.50,7.5,"https://www.pint-prices.com/pub/42%20Ludgate%20Hill,%20London%20EC4M%207DE/Ye%20Olde%20London",https://www.pint-prices.com/borough-results/Southwark,£6.54,2026-07-03T23:10:47+00:00
Southwark,457,Anchor - Bankside (Southwark),ESTRELLA,£7.50,7.5,"https://www.pint-prices.com/pub/34%20Park%20Street,%20,%20Southwark,%20England/Anchor%20-%20Bankside%20(Southwark)",https://www.pint-prices.com/borough-results/Southwark,£6.54,2026-07-03T23:10:47+00:00
Southwark,458,The Horniman at Hays,MADRI,£7.50,7.5,"https://www.pint-prices.com/pub/Unit%2026%20Hays%20Galleria,%20,%20London,%20UK/The%20Horniman%20at%20Hays",https://www.pint-prices.com/borough-results/Southwark,£6.54,2026-07-03T23:10:47+00:00
Southwark,459,The Mudlark,MADRI,£7.50,7.5,"https://www.pint-prices.com/pub/Montague%20Close,%20,%20London,%20UK/The%20Mudlark",https://www.pint-prices.com/borough-results/Southwark,£6.54,2026-07-03T23:10:47+00:00
Southwark,460,The Old Thameside Inn,MADRI,£7.50,7.5,"https://www.pint-prices.com/pub/Pickfords%20Wharf,%20Clink%20St,%20London,%20UK/The%20Old%20Thameside%20Inn",https://www.pint-prices.com/borough-results/Southwark,£6.54,2026-07-03T23:10:47+00:00
Southwark,461,Bermondsey Bar & Kitchen,GUINNESS,£7.50,7.5,"https://www.pint-prices.com/pub/,%20,%20Southwark,%20/Bermondsey%20Bar%20%26%20Kitchen",https://www.pint-prices.com/borough-results/Southwark,£6.54,2026-07-03T23:10:47+00:00
Southwark,462,Monument (Whitechapel),FLINT EYE LAGER,£7.50,7.5,"https://www.pint-prices.com/pub/18%20Fish%20Street%20Hill,%20,%20Whitechapel,%20England/Monument%20(Whitechapel)",https://www.pint-prices.com/borough-results/Southwark,£6.54,2026-07-03T23:10:47+00:00
Southwark,463,Williamson's Tavern,PAULANER MUNCHNER HELL,£7.50,7.5,"https://www.pint-prices.com/pub/1%20Groveland%20Court,%20,%20London,%20UK/Williamson's%20Tavern",https://www.pint-prices.com/borough-results/Southwark,£6.54,2026-07-03T23:10:47+00:00
Southwark,464,Railway (London Ec2),BEVERTOWN NECK OIL,£7.50,7.5,"https://www.pint-prices.com/pub/15%20Liverpool%20Street,%20,%20,%20England/Railway%20(London%20Ec2)",https://www.pint-prices.com/borough-results/Southwark,£6.54,2026-07-03T23:10:47+00:00
Southwark,465,The Globe,CORONA,£7.50,7.5,"https://www.pint-prices.com/pub/83%20Moorgate,%20,%20London,%20UK/The%20Globe",https://www.pint-prices.com/borough-results/Southwark,£6.54,2026-07-03T23:10:47+00:00
Southwark,466,The Loft,GUINNESS,£7.50,7.5,"https://www.pint-prices.com/pub/,%20,%20Spitalfields%20,%20/The%20Loft%20",https://www.pint-prices.com/borough-results/Southwark,£6.54,2026-07-03T23:10:47+00:00
Southwark,467,"The Barrowboy & Banker, SE1",NECK OIL,£7.55,7.55,"https://www.pint-prices.com/pub/6-8%20Borough%20High%20St,%20London%20SE1%209QQ,%20UK/The%20Barrowboy%20%26%20Banker,%20SE1",https://www.pint-prices.com/borough-results/Southwark,£6.54,2026-07-03T23:10:47+00:00
Southwark,468,Lord Raglan,NECK OIL,£7.55,7.55,"https://www.pint-prices.com/pub/61%20St%20Matrins%20Le%20Grand,%20EC1A%204ER/Lord%20Raglan",https://www.pint-prices.com/borough-results/Southwark,£6.54,2026-07-03T23:10:47+00:00
Southwark,469,Kings Arms,NECK OIL,£7.55,7.55,"https://www.pint-prices.com/pub/27-28%20Wormwood%20Street,%20EC2M%201RP/Kings%20Arms",https://www.pint-prices.com/borough-results/Southwark,£6.54,2026-07-03T23:10:47+00:00
Southwark,470,Monument (Whitechapel),BEVERTOWN NECK OIL,£7.55,7.55,"https://www.pint-prices.com/pub/18%20Fish%20Street%20Hill,%20,%20Whitechapel,%20England/Monument%20(Whitechapel)",https://www.pint-prices.com/borough-results/Southwark,£6.54,2026-07-03T23:10:47+00:00
Southwark,471,Monument (Whitechapel),HAZY DAY IPA,£7.55,7.55,"https://www.pint-prices.com/pub/18%20Fish%20Street%20Hill,%20,%20Whitechapel,%20England/Monument%20(Whitechapel)",https://www.pint-prices.com/borough-results/Southwark,£6.54,2026-07-03T23:10:47+00:00
Southwark,472,The Sugar Loaf,BEVERTOWN NECK OIL,£7.55,7.55,"https://www.pint-prices.com/pub/65%20Cannon%20Street,%20,%20London,%20UK/The%20Sugar%20Loaf",https://www.pint-prices.com/borough-results/Southwark,£6.54,2026-07-03T23:10:47+00:00
Southwark,473,Williamson's Tavern,BEVERTOWN NECK OIL,£7.55,7.55,"https://www.pint-prices.com/pub/1%20Groveland%20Court,%20,%20London,%20UK/Williamson's%20Tavern",https://www.pint-prices.com/borough-results/Southwark,£6.54,2026-07-03T23:10:47+00:00
Southwark,474,The Ship,PAULANER MUNCHNER HELL,£7.55,7.55,"https://www.pint-prices.com/pub/11%20Talbot%20Court,%20,%20London,%20UK/The%20Ship",https://www.pint-prices.com/borough-results/Southwark,£6.54,2026-07-03T23:10:47+00:00
Southwark,475,Cheshire Cheese,BEVERTOWN NECK OIL,£7.55,7.55,"https://www.pint-prices.com/pub/48%20Crutched%20Friars%20,%20,%20London,%20United%20Kingdom/Cheshire%20Cheese",https://www.pint-prices.com/borough-results/Southwark,£6.54,2026-07-03T23:10:47+00:00
Southwark,476,Ye Olde Watling,BEVERTOWN NECK OIL,£7.55,7.55,"https://www.pint-prices.com/pub/29%20Watling%20Street,%20,%20London,%20UK/Ye%20Olde%20Watling",https://www.pint-prices.com/borough-results/Southwark,£6.54,2026-07-03T23:10:47+00:00
Southwark,477,Crutched Friar,BEVERTOWN NECK OIL,£7.55,7.55,"https://www.pint-prices.com/pub/39-41%20Crutched%20Friars%20,%20,%20London,%20United%20Kingdom/Crutched%20Friar",https://www.pint-prices.com/borough-results/Southwark,£6.54,2026-07-03T23:10:47+00:00
Southwark,478,Crutched Friar,BRIXTON RELIANCE PALE ALE,£7.55,7.55,"https://www.pint-prices.com/pub/39-41%20Crutched%20Friars%20,%20,%20London,%20United%20Kingdom/Crutched%20Friar",https://www.pint-prices.com/borough-results/Southwark,£6.54,2026-07-03T23:10:47+00:00
Southwark,479,Railway (London Ec2),HAZY DAY IPA,£7.55,7.55,"https://www.pint-prices.com/pub/15%20Liverpool%20Street,%20,%20,%20England/Railway%20(London%20Ec2)",https://www.pint-prices.com/borough-results/Southwark,£6.54,2026-07-03T23:10:47+00:00
Southwark,480,Railway (London Ec2),LEVEL HEAD IPA,£7.55,7.55,"https://www.pint-prices.com/pub/15%20Liverpool%20Street,%20,%20,%20England/Railway%20(London%20Ec2)",https://www.pint-prices.com/borough-results/Southwark,£6.54,2026-07-03T23:10:47+00:00
Southwark,481,Red Lion (Moorgate),LEVEL HEAD IPA,£7.55,7.55,"https://www.pint-prices.com/pub/1%20Eldon%20Street,%20,%20Moorgate,%20England/Red%20Lion%20(Moorgate)",https://www.pint-prices.com/borough-results/Southwark,£6.54,2026-07-03T23:10:47+00:00
Southwark,482,The Lord Aberconway,PAULANER MUNCHNER HELL,£7.55,7.55,"https://www.pint-prices.com/pub/72%20Old%20Broad%20Street,%20,%20London,%20UK/The%20Lord%20Aberconway",https://www.pint-prices.com/borough-results/Southwark,£6.54,2026-07-03T23:10:47+00:00
Southwark,483,Anchor,NECK OIL,£7.60,7.6,"https://www.pint-prices.com/pub/34%20Park%20Street,%20SE1%209EF/Anchor",https://www.pint-prices.com/borough-results/Southwark,£6.54,2026-07-03T23:10:47+00:00
Southwark,484,The Bell,NECK OIL,£7.65,7.65,"https://www.pint-prices.com/pub/50%20Middlesex%20St,%20London%20E1%207EX/The%20Bell",https://www.pint-prices.com/borough-results/Southwark,£6.54,2026-07-03T23:10:47+00:00
Southwark,485,The Walrus and The Carpenter,PAULANER MUNCHNER HELL,£7.65,7.65,"https://www.pint-prices.com/pub/45%20Monument%20Street,%20,%20London,%20UK/The%20Walrus%20and%20The%20Carpenter",https://www.pint-prices.com/borough-results/Southwark,£6.54,2026-07-03T23:10:47+00:00
Southwark,486,The Ship,BEVERTOWN NECK OIL,£7.65,7.65,"https://www.pint-prices.com/pub/11%20Talbot%20Court,%20,%20London,%20UK/The%20Ship",https://www.pint-prices.com/borough-results/Southwark,£6.54,2026-07-03T23:10:47+00:00
Southwark,487,Red Lion (Moorgate),BEVERTOWN NECK OIL,£7.65,7.65,"https://www.pint-prices.com/pub/1%20Eldon%20Street,%20,%20Moorgate,%20England/Red%20Lion%20(Moorgate)",https://www.pint-prices.com/borough-results/Southwark,£6.54,2026-07-03T23:10:47+00:00
Southwark,488,Red Lion (Moorgate),HAZY DAY IPA,£7.65,7.65,"https://www.pint-prices.com/pub/1%20Eldon%20Street,%20,%20Moorgate,%20England/Red%20Lion%20(Moorgate)",https://www.pint-prices.com/borough-results/Southwark,£6.54,2026-07-03T23:10:47+00:00
Southwark,489,The Lord Aberconway,BEVERTOWN NECK OIL,£7.65,7.65,"https://www.pint-prices.com/pub/72%20Old%20Broad%20Street,%20,%20London,%20UK/The%20Lord%20Aberconway",https://www.pint-prices.com/borough-results/Southwark,£6.54,2026-07-03T23:10:47+00:00
Southwark,490,Anchor - Bankside (Southwark),BEVERTOWN NECK OIL,£7.70,7.7,"https://www.pint-prices.com/pub/34%20Park%20Street,%20,%20Southwark,%20England/Anchor%20-%20Bankside%20(Southwark)",https://www.pint-prices.com/borough-results/Southwark,£6.54,2026-07-03T23:10:47+00:00
Southwark,491,Anchor - Bankside (Southwark),FLINT EYE LAGER,£7.70,7.7,"https://www.pint-prices.com/pub/34%20Park%20Street,%20,%20Southwark,%20England/Anchor%20-%20Bankside%20(Southwark)",https://www.pint-prices.com/borough-results/Southwark,£6.54,2026-07-03T23:10:47+00:00
Southwark,492,Anchor - Bankside (Southwark),HAZY DAY IPA,£7.70,7.7,"https://www.pint-prices.com/pub/34%20Park%20Street,%20,%20Southwark,%20England/Anchor%20-%20Bankside%20(Southwark)",https://www.pint-prices.com/borough-results/Southwark,£6.54,2026-07-03T23:10:47+00:00
Southwark,493,George (Southwark),FLINT EYE LAGER,£7.70,7.7,"https://www.pint-prices.com/pub/75-77%20Borough%20High%20Street,%20,%20Southwark,%20England/George%20(Southwark)",https://www.pint-prices.com/borough-results/Southwark,£6.54,2026-07-03T23:10:47+00:00
Southwark,494,Bell Bush Lane EC4,ASAHI SUPER DRY DRAUGHT,£7.70,7.7,"https://www.pint-prices.com/pub/29%20Bush%20Lane,%20Fleet%20Street,%20London,%20United%20Kingdom/Bell%20Bush%20Lane%20EC4",https://www.pint-prices.com/borough-results/Southwark,£6.54,2026-07-03T23:10:47+00:00
Southwark,495,The Walrus and The Carpenter,BEVERTOWN NECK OIL,£7.70,7.7,"https://www.pint-prices.com/pub/45%20Monument%20Street,%20,%20London,%20UK/The%20Walrus%20and%20The%20Carpenter",https://www.pint-prices.com/borough-results/Southwark,£6.54,2026-07-03T23:10:47+00:00
Southwark,496,White Bear,ASAHI,£7.70,7.7,https://www.pint-prices.com/pub/SE11%204DJ/White%20Bear,https://www.pint-prices.com/borough-results/Southwark,£6.54,2026-07-03T23:10:47+00:00
Southwark,497,Bodean's Tower Hill,NECK OIL,£7.75,7.75,"https://www.pint-prices.com/pub/16%20Byward%20St,%20London%20EC3R%205BA,%20UK/Bodean's%20Tower%20Hill",https://www.pint-prices.com/borough-results/Southwark,£6.54,2026-07-03T23:10:47+00:00
Southwark,498,Tower Bridge Arms: A BrewDog Pub,HEART & SOUL,£7.75,7.75,"https://www.pint-prices.com/pub/Tower%20Bridge%20Tavern,%20206-208%20Tower%20Bridge%20Rd,%20London,%20/Tower%20Bridge%20Arms:%20A%20BrewDog%20Pub",https://www.pint-prices.com/borough-results/Southwark,£6.54,2026-07-03T23:10:47+00:00
Southwark,499,Tower Bridge Arms: A BrewDog Pub,LOST LAGER,£7.75,7.75,"https://www.pint-prices.com/pub/Tower%20Bridge%20Tavern,%20206-208%20Tower%20Bridge%20Rd,%20London,%20/Tower%20Bridge%20Arms:%20A%20BrewDog%20Pub",https://www.pint-prices.com/borough-results/Southwark,£6.54,2026-07-03T23:10:47+00:00
Southwark,500,BrewDog Outpost Tower Hill,LOST LAGER,£7.75,7.75,"https://www.pint-prices.com/pub/21%20Great%20Tower%20St,%20,%20London,%20/BrewDog%20Outpost%20Tower%20Hill",https://www.pint-prices.com/borough-results/Southwark,£6.54,2026-07-03T23:10:47+00:00
Southwark,501,Seething Lane Tap: A BrewDog Pub,BUDWEISER BUDVAR B:DARK / CZECHVAR B:DARK,£7.75,7.75,"https://www.pint-prices.com/pub/Seething%20Lane%20Tap,%2014-15%20Seething%20Ln,%20London,%20/Seething%20Lane%20Tap:%20A%20BrewDog%20Pub",https://www.pint-prices.com/borough-results/Southwark,£6.54,2026-07-03T23:10:47+00:00
Southwark,502,Seething Lane Tap: A BrewDog Pub,LOST LAGER,£7.75,7.75,"https://www.pint-prices.com/pub/Seething%20Lane%20Tap,%2014-15%20Seething%20Ln,%20London,%20/Seething%20Lane%20Tap:%20A%20BrewDog%20Pub",https://www.pint-prices.com/borough-results/Southwark,£6.54,2026-07-03T23:10:47+00:00
Southwark,503,The Globe,PAULANER MUNCHNER HELL,£7.75,7.75,"https://www.pint-prices.com/pub/83%20Moorgate,%20,%20London,%20UK/The%20Globe",https://www.pint-prices.com/borough-results/Southwark,£6.54,2026-07-03T23:10:47+00:00
Southwark,504,The Magpie,PAULANER MUNCHNER HELL,£7.75,7.75,"https://www.pint-prices.com/pub/12%20New%20Street,%20,%20London,%20UK/The%20Magpie",https://www.pint-prices.com/borough-results/Southwark,£6.54,2026-07-03T23:10:47+00:00
Southwark,505,The Woodins Shades,PAULANER MUNCHNER HELL,£7.75,7.75,"https://www.pint-prices.com/pub/212%20Bishopsgate,%20,%20London,%20UK/The%20Woodins%20Shades",https://www.pint-prices.com/borough-results/Southwark,£6.54,2026-07-03T23:10:47+00:00
Southwark,506,George (Southwark),BEVERTOWN NECK OIL,£7.80,7.8,"https://www.pint-prices.com/pub/75-77%20Borough%20High%20Street,%20,%20Southwark,%20England/George%20(Southwark)",https://www.pint-prices.com/borough-results/Southwark,£6.54,2026-07-03T23:10:47+00:00
Southwark,507,The Corn Exchange,BEVERTOWN NECK OIL,£7.80,7.8,"https://www.pint-prices.com/pub/Mark%20Lane,%20,%20London,%20United%20Kingdom/The%20Corn%20Exchange",https://www.pint-prices.com/borough-results/Southwark,£6.54,2026-07-03T23:10:47+00:00
Southwark,508,The Corn Exchange,BRIXTON RELIANCE PALE ALE,£7.80,7.8,"https://www.pint-prices.com/pub/Mark%20Lane,%20,%20London,%20United%20Kingdom/The%20Corn%20Exchange",https://www.pint-prices.com/borough-results/Southwark,£6.54,2026-07-03T23:10:47+00:00
Southwark,509,The Globe,BEVERTOWN NECK OIL,£7.80,7.8,"https://www.pint-prices.com/pub/83%20Moorgate,%20,%20London,%20UK/The%20Globe",https://www.pint-prices.com/borough-results/Southwark,£6.54,2026-07-03T23:10:47+00:00
Southwark,510,The Magpie,BEVERTOWN NECK OIL,£7.80,7.8,"https://www.pint-prices.com/pub/12%20New%20Street,%20,%20London,%20UK/The%20Magpie",https://www.pint-prices.com/borough-results/Southwark,£6.54,2026-07-03T23:10:47+00:00
Southwark,511,Kings Arms (Bishopsgate),BEVERTOWN NECK OIL,£7.80,7.8,"https://www.pint-prices.com/pub/27-28%20Wormwood%20Street,%20,%20Bishopsgate,%20England/Kings%20Arms%20(Bishopsgate)",https://www.pint-prices.com/borough-results/Southwark,£6.54,2026-07-03T23:10:47+00:00
Southwark,512,Kings Arms (Bishopsgate),HAZY DAY IPA,£7.80,7.8,"https://www.pint-prices.com/pub/27-28%20Wormwood%20Street,%20,%20Bishopsgate,%20England/Kings%20Arms%20(Bishopsgate)",https://www.pint-prices.com/borough-results/Southwark,£6.54,2026-07-03T23:10:47+00:00
Southwark,513,Lord Raglan (Holborn),BEVERTOWN NECK OIL,£7.80,7.8,"https://www.pint-prices.com/pub/61%20St%20Martins%20Le%20Grand,%20,%20Holborn,%20England/Lord%20Raglan%20(Holborn)",https://www.pint-prices.com/borough-results/Southwark,£6.54,2026-07-03T23:10:47+00:00
Southwark,514,The Woodins Shades,BEVERTOWN NECK OIL,£7.80,7.8,"https://www.pint-prices.com/pub/212%20Bishopsgate,%20,%20London,%20UK/The%20Woodins%20Shades",https://www.pint-prices.com/borough-results/Southwark,£6.54,2026-07-03T23:10:47+00:00
Southwark,515,The Horniman at Hays,PAULANER MUNCHNER HELL,£7.85,7.85,"https://www.pint-prices.com/pub/Unit%2026%20Hays%20Galleria,%20,%20London,%20UK/The%20Horniman%20at%20Hays",https://www.pint-prices.com/borough-results/Southwark,£6.54,2026-07-03T23:10:47+00:00
Southwark,516,The Mudlark,PAULANER MUNCHNER HELL,£7.85,7.85,"https://www.pint-prices.com/pub/Montague%20Close,%20,%20London,%20UK/The%20Mudlark",https://www.pint-prices.com/borough-results/Southwark,£6.54,2026-07-03T23:10:47+00:00
Southwark,517,Tower Bridge Arms: A BrewDog Pub,BLACK HEART,£7.85,7.85,"https://www.pint-prices.com/pub/Tower%20Bridge%20Tavern,%20206-208%20Tower%20Bridge%20Rd,%20London,%20/Tower%20Bridge%20Arms:%20A%20BrewDog%20Pub",https://www.pint-prices.com/borough-results/Southwark,£6.54,2026-07-03T23:10:47+00:00
Southwark,518,The Old Thameside Inn,PAULANER MUNCHNER HELL,£7.85,7.85,"https://www.pint-prices.com/pub/Pickfords%20Wharf,%20Clink%20St,%20London,%20UK/The%20Old%20Thameside%20Inn",https://www.pint-prices.com/borough-results/Southwark,£6.54,2026-07-03T23:10:47+00:00
Southwark,519,BrewDog Outpost Tower Hill,BLACK HEART,£7.85,7.85,"https://www.pint-prices.com/pub/21%20Great%20Tower%20St,%20,%20London,%20/BrewDog%20Outpost%20Tower%20Hill",https://www.pint-prices.com/borough-results/Southwark,£6.54,2026-07-03T23:10:47+00:00
Southwark,520,Seething Lane Tap: A BrewDog Pub,BLACK HEART,£7.85,7.85,"https://www.pint-prices.com/pub/Seething%20Lane%20Tap,%2014-15%20Seething%20Ln,%20London,%20/Seething%20Lane%20Tap:%20A%20BrewDog%20Pub",https://www.pint-prices.com/borough-results/Southwark,£6.54,2026-07-03T23:10:47+00:00
Southwark,521,Bell Bush Lane EC4,BEVERTOWN NECK OIL,£7.85,7.85,"https://www.pint-prices.com/pub/29%20Bush%20Lane,%20Fleet%20Street,%20London,%20United%20Kingdom/Bell%20Bush%20Lane%20EC4",https://www.pint-prices.com/borough-results/Southwark,£6.54,2026-07-03T23:10:47+00:00
Southwark,522,The Vintry,ASAHI,£7.90,7.9,https://www.pint-prices.com/pub/EC4N%205AX/The%20Vintry,https://www.pint-prices.com/borough-results/Southwark,£6.54,2026-07-03T23:10:47+00:00
Southwark,523,The Horniman at Hays,BEVERTOWN NECK OIL,£7.90,7.9,"https://www.pint-prices.com/pub/Unit%2026%20Hays%20Galleria,%20,%20London,%20UK/The%20Horniman%20at%20Hays",https://www.pint-prices.com/borough-results/Southwark,£6.54,2026-07-03T23:10:47+00:00
Southwark,524,The Mudlark,BEVERTOWN NECK OIL,£7.90,7.9,"https://www.pint-prices.com/pub/Montague%20Close,%20,%20London,%20UK/The%20Mudlark",https://www.pint-prices.com/borough-results/Southwark,£6.54,2026-07-03T23:10:47+00:00
Southwark,525,The Old Thameside Inn,BEVERTOWN NECK OIL,£7.90,7.9,"https://www.pint-prices.com/pub/Pickfords%20Wharf,%20Clink%20St,%20London,%20UK/The%20Old%20Thameside%20Inn",https://www.pint-prices.com/borough-results/Southwark,£6.54,2026-07-03T23:10:47+00:00
Southwark,526,Tower Bridge Arms: A BrewDog Pub,HAZY JANE,£7.95,7.95,"https://www.pint-prices.com/pub/Tower%20Bridge%20Tavern,%20206-208%20Tower%20Bridge%20Rd,%20London,%20/Tower%20Bridge%20Arms:%20A%20BrewDog%20Pub",https://www.pint-prices.com/borough-results/Southwark,£6.54,2026-07-03T23:10:47+00:00
Southwark,527,BrewDog Outpost Tower Hill,BERLINER WEIZEN,£7.95,7.95,"https://www.pint-prices.com/pub/21%20Great%20Tower%20St,%20,%20London,%20/BrewDog%20Outpost%20Tower%20Hill",https://www.pint-prices.com/borough-results/Southwark,£6.54,2026-07-03T23:10:47+00:00
Southwark,528,BrewDog Outpost Tower Hill,BERLINER WEIZEN,£7.95,7.95,"https://www.pint-prices.com/pub/21%20Great%20Tower%20St,%20,%20London,%20/BrewDog%20Outpost%20Tower%20Hill",https://www.pint-prices.com/borough-results/Southwark,£6.54,2026-07-03T23:10:47+00:00
Southwark,529,BrewDog Outpost Tower Hill,HAZY JANE,£7.95,7.95,"https://www.pint-prices.com/pub/21%20Great%20Tower%20St,%20,%20London,%20/BrewDog%20Outpost%20Tower%20Hill",https://www.pint-prices.com/borough-results/Southwark,£6.54,2026-07-03T23:10:47+00:00
Southwark,530,Seething Lane Tap: A BrewDog Pub,HAZY JANE,£7.95,7.95,"https://www.pint-prices.com/pub/Seething%20Lane%20Tap,%2014-15%20Seething%20Ln,%20London,%20/Seething%20Lane%20Tap:%20A%20BrewDog%20Pub",https://www.pint-prices.com/borough-results/Southwark,£6.54,2026-07-03T23:10:47+00:00
Southwark,531,1 Lombard Street Bar & Restaurant Bank,GUINNESS,£8.00,8.0,"https://www.pint-prices.com/pub/1%20Lombard%20St,%20London%20EC3V%209AA,%20UK/1%20Lombard%20Street%20Bar%20%26%20Restaurant%20Bank",https://www.pint-prices.com/borough-results/Southwark,£6.54,2026-07-03T23:10:47+00:00
Southwark,532,The minories,OLD MOUT,£8.15,8.15,https://www.pint-prices.com/pub/Tower%20gateway%20/The%20minories%20,https://www.pint-prices.com/borough-results/Southwark,£6.54,2026-07-03T23:10:47+00:00
Southwark,533,Tower Bridge Arms: A BrewDog Pub,BUDWEISER BUDVAR / CZECHVAR ORIGINAL,£8.15,8.15,"https://www.pint-prices.com/pub/Tower%20Bridge%20Tavern,%20206-208%20Tower%20Bridge%20Rd,%20London,%20/Tower%20Bridge%20Arms:%20A%20BrewDog%20Pub",https://www.pint-prices.com/borough-results/Southwark,£6.54,2026-07-03T23:10:47+00:00
Southwark,534,Seething Lane Tap: A BrewDog Pub,BUDWEISER BUDVAR / CZECHVAR ORIGINAL,£8.15,8.15,"https://www.pint-prices.com/pub/Seething%20Lane%20Tap,%2014-15%20Seething%20Ln,%20London,%20/Seething%20Lane%20Tap:%20A%20BrewDog%20Pub",https://www.pint-prices.com/borough-results/Southwark,£6.54,2026-07-03T23:10:47+00:00
Southwark,535,Seething Lane Tap: A BrewDog Pub,LUMINA,£8.35,8.35,"https://www.pint-prices.com/pub/Seething%20Lane%20Tap,%2014-15%20Seething%20Ln,%20London,%20/Seething%20Lane%20Tap:%20A%20BrewDog%20Pub",https://www.pint-prices.com/borough-results/Southwark,£6.54,2026-07-03T23:10:47+00:00
Southwark,536,Seething Lane Tap: A BrewDog Pub,LUMINA,£8.45,8.45,"https://www.pint-prices.com/pub/Seething%20Lane%20Tap,%2014-15%20Seething%20Ln,%20London,%20/Seething%20Lane%20Tap:%20A%20BrewDog%20Pub",https://www.pint-prices.com/borough-results/Southwark,£6.54,2026-07-03T23:10:47+00:00
Southwark,537,The horniman at hays,PERONI,£8.50,8.5,https://www.pint-prices.com/pub/Se1%20/The%20horniman%20at%20hays%20,https://www.pint-prices.com/borough-results/Southwark,£6.54,2026-07-03T23:10:47+00:00
Southwark,538,The Corn Exchange,SUGARPLUM SPRITZ,£13.00,13.0,"https://www.pint-prices.com/pub/Mark%20Lane,%20,%20London,%20United%20Kingdom/The%20Corn%20Exchange",https://www.pint-prices.com/borough-results/Southwark,£6.54,2026-07-03T23:10:47+00:00
Sutton,1,The Moon on the Hill - JD Wetherspoon,BUD LIGHT,£2.43,2.43,"https://www.pint-prices.com/pub/5-9%20Hill%20Rd,%20Sutton%20SM1%201DZ,%20UK/The%20Moon%20on%20the%20Hill%20-%20JD%20Wetherspoon",https://www.pint-prices.com/borough-results/Sutton,£3.83,2026-07-03T23:10:47+00:00
Sutton,2,The Moon on the Hill - JD Wetherspoon,CARLSBERG PILSNER,£2.66,2.66,"https://www.pint-prices.com/pub/5-9%20Hill%20Rd,%20Sutton%20SM1%201DZ,%20UK/The%20Moon%20on%20the%20Hill%20-%20JD%20Wetherspoon",https://www.pint-prices.com/borough-results/Sutton,£3.83,2026-07-03T23:10:47+00:00
Sutton,3,The Moon on the Hill - JD Wetherspoon,GUINNESS,£3.32,3.32,"https://www.pint-prices.com/pub/5-9%20Hill%20Rd,%20Sutton%20SM1%201DZ,%20UK/The%20Moon%20on%20the%20Hill%20-%20JD%20Wetherspoon",https://www.pint-prices.com/borough-results/Sutton,£3.83,2026-07-03T23:10:47+00:00
Sutton,4,The Moon on the Hill - JD Wetherspoon,CARLING,£3.54,3.54,"https://www.pint-prices.com/pub/5-9%20Hill%20Rd,%20Sutton%20SM1%201DZ,%20UK/The%20Moon%20on%20the%20Hill%20-%20JD%20Wetherspoon",https://www.pint-prices.com/borough-results/Sutton,£3.83,2026-07-03T23:10:47+00:00
Sutton,5,The Moon on the Hill - JD Wetherspoon,COORS,£3.54,3.54,"https://www.pint-prices.com/pub/5-9%20Hill%20Rd,%20Sutton%20SM1%201DZ,%20UK/The%20Moon%20on%20the%20Hill%20-%20JD%20Wetherspoon",https://www.pint-prices.com/borough-results/Sutton,£3.83,2026-07-03T23:10:47+00:00
Sutton,6,The Moon on the Hill - JD Wetherspoon,BUDWEISER,£3.73,3.73,"https://www.pint-prices.com/pub/5-9%20Hill%20Rd,%20Sutton%20SM1%201DZ,%20UK/The%20Moon%20on%20the%20Hill%20-%20JD%20Wetherspoon",https://www.pint-prices.com/borough-results/Sutton,£3.83,2026-07-03T23:10:47+00:00
Sutton,7,The Moon on the Hill - JD Wetherspoon,STELLA ARTOIS,£3.84,3.84,"https://www.pint-prices.com/pub/5-9%20Hill%20Rd,%20Sutton%20SM1%201DZ,%20UK/The%20Moon%20on%20the%20Hill%20-%20JD%20Wetherspoon",https://www.pint-prices.com/borough-results/Sutton,£3.83,2026-07-03T23:10:47+00:00
Sutton,8,The Moon on the Hill - JD Wetherspoon,CORONA,£3.95,3.95,"https://www.pint-prices.com/pub/5-9%20Hill%20Rd,%20Sutton%20SM1%201DZ,%20UK/The%20Moon%20on%20the%20Hill%20-%20JD%20Wetherspoon",https://www.pint-prices.com/borough-results/Sutton,£3.83,2026-07-03T23:10:47+00:00
Sutton,9,The Moon on the Hill - JD Wetherspoon,SAN MIGUEL,£3.95,3.95,"https://www.pint-prices.com/pub/5-9%20Hill%20Rd,%20Sutton%20SM1%201DZ,%20UK/The%20Moon%20on%20the%20Hill%20-%20JD%20Wetherspoon",https://www.pint-prices.com/borough-results/Sutton,£3.83,2026-07-03T23:10:47+00:00
Sutton,10,The Moon on the Hill - JD Wetherspoon,LEFFE BLONDE,£4.28,4.28,"https://www.pint-prices.com/pub/5-9%20Hill%20Rd,%20Sutton%20SM1%201DZ,%20UK/The%20Moon%20on%20the%20Hill%20-%20JD%20Wetherspoon",https://www.pint-prices.com/borough-results/Sutton,£3.83,2026-07-03T23:10:47+00:00
Sutton,11,O’Neill’s,ASAHI,£6.90,6.9,https://www.pint-prices.com/pub/37%20High%20Street%20Sutton%20SM1%201DJ%20England/O%E2%80%99Neill%E2%80%99s,https://www.pint-prices.com/borough-results/Sutton,£3.83,2026-07-03T23:10:47+00:00
Tower Hamlets,1,Galvanisers Union,CARLING,£3.50,3.5,"https://www.pint-prices.com/pub/2%20Devas%20St,%20London%20E3%203LL,%20UK/Galvanisers%20Union",https://www.pint-prices.com/borough-results/Tower%20Hamlets,£6.19,2026-07-03T23:10:47+00:00
Tower Hamlets,2,The Beckton Arms,CARLSBERG,£3.60,3.6,https://www.pint-prices.com/pub/1%20Beckton%20Road%20Canning%20Town%20Royal%20Docks%20E16%201PU/The%20Beckton%20Arms,https://www.pint-prices.com/borough-results/Tower%20Hamlets,£6.19,2026-07-03T23:10:47+00:00
Tower Hamlets,3,The Princess Alexandra,FOSTERS,£4.00,4.0,"https://www.pint-prices.com/pub/219%20Barking%20Rd,%20London%20E16%204HH/The%20Princess%20Alexandra",https://www.pint-prices.com/borough-results/Tower%20Hamlets,£6.19,2026-07-03T23:10:47+00:00
Tower Hamlets,4,Streeties,CARLSBERG,£4.00,4.0,"https://www.pint-prices.com/pub/15%20Shirley%20St,%20London%20E16%201HU/Streeties",https://www.pint-prices.com/borough-results/Tower%20Hamlets,£6.19,2026-07-03T23:10:47+00:00
Tower Hamlets,5,The Ledger Building - JD Wetherspoon,BUD LIGHT,£4.13,4.13,"https://www.pint-prices.com/pub/West%20India%20Quay,%204%20Hertsmere%20Rd,%20London%20E14%204AL,%20UK/The%20Ledger%20Building%20-%20JD%20Wetherspoon",https://www.pint-prices.com/borough-results/Tower%20Hamlets,£6.19,2026-07-03T23:10:47+00:00
Tower Hamlets,6,Galvanisers Union,PRAVHA,£4.90,4.9,"https://www.pint-prices.com/pub/2%20Devas%20St,%20London%20E3%203LL,%20UK/Galvanisers%20Union",https://www.pint-prices.com/borough-results/Tower%20Hamlets,£6.19,2026-07-03T23:10:47+00:00
Tower Hamlets,7,The Ledger Building - JD Wetherspoon,CARLSBERG PILSNER,£5.06,5.06,"https://www.pint-prices.com/pub/West%20India%20Quay,%204%20Hertsmere%20Rd,%20London%20E14%204AL,%20UK/The%20Ledger%20Building%20-%20JD%20Wetherspoon",https://www.pint-prices.com/borough-results/Tower%20Hamlets,£6.19,2026-07-03T23:10:47+00:00
Tower Hamlets,8,The Star of the East,AMSTEL,£5.15,5.15,"https://www.pint-prices.com/pub/805A%20Commercial%20Rd,%20London%20E14%207HG/The%20Star%20of%20the%20East",https://www.pint-prices.com/borough-results/Tower%20Hamlets,£6.19,2026-07-03T23:10:47+00:00
Tower Hamlets,9,The Ledger Building - JD Wetherspoon,CARLING,£5.29,5.29,"https://www.pint-prices.com/pub/West%20India%20Quay,%204%20Hertsmere%20Rd,%20London%20E14%204AL,%20UK/The%20Ledger%20Building%20-%20JD%20Wetherspoon",https://www.pint-prices.com/borough-results/Tower%20Hamlets,£6.19,2026-07-03T23:10:47+00:00
Tower Hamlets,10,The Ledger Building - JD Wetherspoon,COORS,£5.29,5.29,"https://www.pint-prices.com/pub/West%20India%20Quay,%204%20Hertsmere%20Rd,%20London%20E14%204AL,%20UK/The%20Ledger%20Building%20-%20JD%20Wetherspoon",https://www.pint-prices.com/borough-results/Tower%20Hamlets,£6.19,2026-07-03T23:10:47+00:00
Tower Hamlets,11,The Grapes,CARLSBERG,£5.50,5.5,"https://www.pint-prices.com/pub/76%20Narrow%20St,%20London%20E14%208BP/The%20Grapes",https://www.pint-prices.com/borough-results/Tower%20Hamlets,£6.19,2026-07-03T23:10:47+00:00
Tower Hamlets,12,The Ledger Building - JD Wetherspoon,BUDWEISER,£5.54,5.54,"https://www.pint-prices.com/pub/West%20India%20Quay,%204%20Hertsmere%20Rd,%20London%20E14%204AL,%20UK/The%20Ledger%20Building%20-%20JD%20Wetherspoon",https://www.pint-prices.com/borough-results/Tower%20Hamlets,£6.19,2026-07-03T23:10:47+00:00
Tower Hamlets,13,The Wentworth Arms,MADRI,£5.60,5.6,"https://www.pint-prices.com/pub/127%20Eric%20St,%20London%20E3%204SR/The%20Wentworth%20Arms",https://www.pint-prices.com/borough-results/Tower%20Hamlets,£6.19,2026-07-03T23:10:47+00:00
Tower Hamlets,14,The Ledger Building - JD Wetherspoon,GUINNESS,£5.74,5.74,"https://www.pint-prices.com/pub/West%20India%20Quay,%204%20Hertsmere%20Rd,%20London%20E14%204AL,%20UK/The%20Ledger%20Building%20-%20JD%20Wetherspoon",https://www.pint-prices.com/borough-results/Tower%20Hamlets,£6.19,2026-07-03T23:10:47+00:00
Tower Hamlets,15,Galvanisers Union,MADRI,£5.75,5.75,"https://www.pint-prices.com/pub/2%20Devas%20St,%20London%20E3%203LL,%20UK/Galvanisers%20Union",https://www.pint-prices.com/borough-results/Tower%20Hamlets,£6.19,2026-07-03T23:10:47+00:00
Tower Hamlets,16,Galvanisers Union,STAROPRAMEN,£5.75,5.75,"https://www.pint-prices.com/pub/2%20Devas%20St,%20London%20E3%203LL,%20UK/Galvanisers%20Union",https://www.pint-prices.com/borough-results/Tower%20Hamlets,£6.19,2026-07-03T23:10:47+00:00
Tower Hamlets,17,The Coborn,PRAVHA,£5.85,5.85,"https://www.pint-prices.com/pub/8%20Coborn%20Rd,%20Bow,%20London%20E3%202DA,%20UK/The%20Coborn",https://www.pint-prices.com/borough-results/Tower%20Hamlets,£6.19,2026-07-03T23:10:47+00:00
Tower Hamlets,18,The Ledger Building - JD Wetherspoon,STELLA ARTOIS,£5.95,5.95,"https://www.pint-prices.com/pub/West%20India%20Quay,%204%20Hertsmere%20Rd,%20London%20E14%204AL,%20UK/The%20Ledger%20Building%20-%20JD%20Wetherspoon",https://www.pint-prices.com/borough-results/Tower%20Hamlets,£6.19,2026-07-03T23:10:47+00:00
Tower Hamlets,19,The Coborn,FOSTERS,£5.95,5.95,"https://www.pint-prices.com/pub/8%20Coborn%20Rd,%20Bow,%20London%20E3%202DA,%20UK/The%20Coborn",https://www.pint-prices.com/borough-results/Tower%20Hamlets,£6.19,2026-07-03T23:10:47+00:00
Tower Hamlets,20,Galvanisers Union,GUINNESS,£5.95,5.95,"https://www.pint-prices.com/pub/2%20Devas%20St,%20London%20E3%203LL,%20UK/Galvanisers%20Union",https://www.pint-prices.com/borough-results/Tower%20Hamlets,£6.19,2026-07-03T23:10:47+00:00
Tower Hamlets,21,The Grapes,SAN MIGUEL,£5.95,5.95,"https://www.pint-prices.com/pub/76%20Narrow%20St,%20London%20E14%208BP,%20UK/The%20Grapes",https://www.pint-prices.com/borough-results/Tower%20Hamlets,£6.19,2026-07-03T23:10:47+00:00
Tower Hamlets,22,The Ledger Building - JD Wetherspoon,CORONA,£6.05,6.05,"https://www.pint-prices.com/pub/West%20India%20Quay,%204%20Hertsmere%20Rd,%20London%20E14%204AL,%20UK/The%20Ledger%20Building%20-%20JD%20Wetherspoon",https://www.pint-prices.com/borough-results/Tower%20Hamlets,£6.19,2026-07-03T23:10:47+00:00
Tower Hamlets,23,The Ledger Building - JD Wetherspoon,SAN MIGUEL,£6.05,6.05,"https://www.pint-prices.com/pub/West%20India%20Quay,%204%20Hertsmere%20Rd,%20London%20E14%204AL,%20UK/The%20Ledger%20Building%20-%20JD%20Wetherspoon",https://www.pint-prices.com/borough-results/Tower%20Hamlets,£6.19,2026-07-03T23:10:47+00:00
Tower Hamlets,24,The Ship & Whale,SAN MIGUEL,£6.20,6.2,"https://www.pint-prices.com/pub/2%20Gulliver%20St,%20London%20SE16%207LT/The%20Ship%20%26%20Whale",https://www.pint-prices.com/borough-results/Tower%20Hamlets,£6.19,2026-07-03T23:10:47+00:00
Tower Hamlets,25,The Ledger Building - JD Wetherspoon,LEFFE BLONDE,£6.37,6.37,"https://www.pint-prices.com/pub/West%20India%20Quay,%204%20Hertsmere%20Rd,%20London%20E14%204AL,%20UK/The%20Ledger%20Building%20-%20JD%20Wetherspoon",https://www.pint-prices.com/borough-results/Tower%20Hamlets,£6.19,2026-07-03T23:10:47+00:00
Tower Hamlets,26,Galvanisers Union,NECK OIL,£6.55,6.55,"https://www.pint-prices.com/pub/2%20Devas%20St,%20London%20E3%203LL,%20UK/Galvanisers%20Union",https://www.pint-prices.com/borough-results/Tower%20Hamlets,£6.19,2026-07-03T23:10:47+00:00
Tower Hamlets,27,The Coborn,ESTRELLA,£6.60,6.6,"https://www.pint-prices.com/pub/8%20Coborn%20Rd,%20Bow,%20London%20E3%202DA,%20UK/The%20Coborn",https://www.pint-prices.com/borough-results/Tower%20Hamlets,£6.19,2026-07-03T23:10:47+00:00
Tower Hamlets,28,The Coborn,PERONI,£6.80,6.8,"https://www.pint-prices.com/pub/8%20Coborn%20Rd,%20Bow,%20London%20E3%202DA,%20UK/The%20Coborn",https://www.pint-prices.com/borough-results/Tower%20Hamlets,£6.19,2026-07-03T23:10:47+00:00
Tower Hamlets,29,The Coborn,NECK OIL,£6.95,6.95,"https://www.pint-prices.com/pub/8%20Coborn%20Rd,%20Bow,%20London%20E3%202DA,%20UK/The%20Coborn",https://www.pint-prices.com/borough-results/Tower%20Hamlets,£6.19,2026-07-03T23:10:47+00:00
Tower Hamlets,30,Mala Indian Kitchen & Bar,COBRA,£8.50,8.5,"https://www.pint-prices.com/pub/37%20Westferry%20Circus,%20London%20E14%208RR,%20UK/Mala%20Indian%20Kitchen%20%26%20Bar",https://www.pint-prices.com/borough-results/Tower%20Hamlets,£6.19,2026-07-03T23:10:47+00:00
Tower Hamlets,31,O2 Arena,BUDWEISER,£9.25,9.25,https://www.pint-prices.com/pub/SE10%200DX/O2%20Arena,https://www.pint-prices.com/borough-results/Tower%20Hamlets,£6.19,2026-07-03T23:10:47+00:00
Tower Hamlets,32,O2 Arena,THATCHERS APPLE AND BLACKCURRANT,£9.50,9.5,https://www.pint-prices.com/pub/SE10%200DX/O2%20Arena,https://www.pint-prices.com/borough-results/Tower%20Hamlets,£6.19,2026-07-03T23:10:47+00:00
Tower Hamlets,33,O2 Arena,CAMDEN HELLS,£9.80,9.8,https://www.pint-prices.com/pub/SE10%200DX/O2%20Arena,https://www.pint-prices.com/borough-results/Tower%20Hamlets,£6.19,2026-07-03T23:10:47+00:00
Tower Hamlets,34,O2 Arena,CAMDEN PALE ALE,£9.80,9.8,https://www.pint-prices.com/pub/SE10%200DX/O2%20Arena,https://www.pint-prices.com/borough-results/Tower%20Hamlets,£6.19,2026-07-03T23:10:47+00:00
Tower Hamlets,35,O2 Arena,THATCHERS GOLD,£9.80,9.8,https://www.pint-prices.com/pub/SE10%200DX/O2%20Arena,https://www.pint-prices.com/borough-results/Tower%20Hamlets,£6.19,2026-07-03T23:10:47+00:00
Waltham Forest,1,Lord Palmerston,JOHN SMITHS,£3.40,3.4,"https://www.pint-prices.com/pub/252-254%20Forest%20Rd,%20London%20E17%205JN,%20UK/Lord%20Palmerston",https://www.pint-prices.com/borough-results/Waltham%20Forest,£5.57,2026-07-03T23:10:47+00:00
Waltham Forest,2,Orford House Social Club,STOWFORD PRESS,£4.40,4.4,"https://www.pint-prices.com/pub/Orford%20House,%2073%20Orford%20Rd,%20London%20E17%209QR/Orford%20House%20Social%20Club",https://www.pint-prices.com/borough-results/Waltham%20Forest,£5.57,2026-07-03T23:10:47+00:00
Waltham Forest,3,The Collab: Signature Brew & We Serve Humans,WINTER BITTER,£5.00,5.0,"https://www.pint-prices.com/pub/198%20Hoe%20St,%20London%20E17%204BF,%20UK/The%20Collab:%20Signature%20Brew%20%26%20We%20Serve%20Humans",https://www.pint-prices.com/borough-results/Waltham%20Forest,£5.57,2026-07-03T23:10:47+00:00
Waltham Forest,4,The Duke,COORS,£5.10,5.1,"https://www.pint-prices.com/pub/112%20Wood%20St,%20London%20E17%203HX,%20UK/The%20Duke",https://www.pint-prices.com/borough-results/Waltham%20Forest,£5.57,2026-07-03T23:10:47+00:00
Waltham Forest,5,The Dog & Duck,BECKS,£5.20,5.2,"https://www.pint-prices.com/pub/222%20Chingford%20Rd,%20London%20E17%205AL,%20UK/The%20Dog%20%26%20Duck",https://www.pint-prices.com/borough-results/Waltham%20Forest,£5.57,2026-07-03T23:10:47+00:00
Waltham Forest,6,The Dog & Duck,CORONA,£5.40,5.4,"https://www.pint-prices.com/pub/222%20Chingford%20Rd,%20London%20E17%205AL,%20UK/The%20Dog%20%26%20Duck",https://www.pint-prices.com/borough-results/Waltham%20Forest,£5.57,2026-07-03T23:10:47+00:00
Waltham Forest,7,The Duke,GUINNESS,£5.50,5.5,"https://www.pint-prices.com/pub/112%20Wood%20St,%20London%20E17%203HX,%20UK/The%20Duke",https://www.pint-prices.com/borough-results/Waltham%20Forest,£5.57,2026-07-03T23:10:47+00:00
Waltham Forest,8,The Dog & Duck,STELLA ARTOIS,£5.70,5.7,"https://www.pint-prices.com/pub/222%20Chingford%20Rd,%20London%20E17%205AL,%20UK/The%20Dog%20%26%20Duck",https://www.pint-prices.com/borough-results/Waltham%20Forest,£5.57,2026-07-03T23:10:47+00:00
Waltham Forest,9,Eat 17 Restaurant,HOUSE LAGER,£5.75,5.75,"https://www.pint-prices.com/pub/28-30%20Orford%20Rd,%20London%20E17%209NJ,%20UK/Eat%2017%20Restaurant",https://www.pint-prices.com/borough-results/Waltham%20Forest,£5.57,2026-07-03T23:10:47+00:00
Waltham Forest,10,The Duke,PRAVHA,£5.80,5.8,"https://www.pint-prices.com/pub/112%20Wood%20St,%20London%20E17%203HX,%20UK/The%20Duke",https://www.pint-prices.com/borough-results/Waltham%20Forest,£5.57,2026-07-03T23:10:47+00:00
Waltham Forest,11,The Collab: Signature Brew & We Serve Humans,STUDIO LAGER,£5.90,5.9,"https://www.pint-prices.com/pub/198%20Hoe%20St,%20London%20E17%204BF,%20UK/The%20Collab:%20Signature%20Brew%20%26%20We%20Serve%20Humans",https://www.pint-prices.com/borough-results/Waltham%20Forest,£5.57,2026-07-03T23:10:47+00:00
Waltham Forest,12,Bargo,BIRRA MORETTI,£5.90,5.9,"https://www.pint-prices.com/pub/57%20Orford%20Rd,%20London%20E17%209NJ,%20UK/Bargo",https://www.pint-prices.com/borough-results/Waltham%20Forest,£5.57,2026-07-03T23:10:47+00:00
Waltham Forest,13,Bargo,BRIXTON RELIANCE,£5.90,5.9,"https://www.pint-prices.com/pub/57%20Orford%20Rd,%20London%20E17%209NJ,%20UK/Bargo",https://www.pint-prices.com/borough-results/Waltham%20Forest,£5.57,2026-07-03T23:10:47+00:00
Waltham Forest,14,The Chequers,BRIXTON ATLANTIC PALE ALE,£6.20,6.2,"https://www.pint-prices.com/pub/145%20High%20St,%20London%20E17%207BX,%20UK/The%20Chequers",https://www.pint-prices.com/borough-results/Waltham%20Forest,£5.57,2026-07-03T23:10:47+00:00
Waltham Forest,15,Eat 17 Restaurant,WILDCARD IPA,£6.50,6.5,"https://www.pint-prices.com/pub/28-30%20Orford%20Rd,%20London%20E17%209NJ,%20UK/Eat%2017%20Restaurant",https://www.pint-prices.com/borough-results/Waltham%20Forest,£5.57,2026-07-03T23:10:47+00:00
Waltham Forest,16,The Duke,NECK OIL,£6.50,6.5,"https://www.pint-prices.com/pub/112%20Wood%20St,%20London%20E17%203HX,%20UK/The%20Duke",https://www.pint-prices.com/borough-results/Waltham%20Forest,£5.57,2026-07-03T23:10:47+00:00
Waltham Forest,17,The Duke,MADRI,£6.50,6.5,"https://www.pint-prices.com/pub/112%20Wood%20St,%20London%20E17%203HX,%20UK/The%20Duke",https://www.pint-prices.com/borough-results/Waltham%20Forest,£5.57,2026-07-03T23:10:47+00:00
Wandsworth,1,The Asparagus - JD Wetherspoon,BUD LIGHT,£2.66,2.66,"https://www.pint-prices.com/pub/1-13%20Falcon%20Road,%20Battersea,%20SW11%202PL/The%20Asparagus%20-%20JD%20Wetherspoon",https://www.pint-prices.com/borough-results/Wandsworth,£5.65,2026-07-03T23:10:47+00:00
Wandsworth,2,The London and South Western - JD Wetherspoon,BUD LIGHT,£3.18,3.18,"https://www.pint-prices.com/pub/276-288%20Lavender%20Hill,%20Clapham%20Junction,%20Battersea,%20SW11%201LJ/The%20London%20and%20South%20Western%20-%20JD%20Wetherspoon",https://www.pint-prices.com/borough-results/Wandsworth,£5.65,2026-07-03T23:10:47+00:00
Wandsworth,3,The Rocket - JD Wetherspoon,BUD LIGHT,£3.18,3.18,"https://www.pint-prices.com/pub/Putney%20Wharf%20Tower,%20Brewhouse%20Lane,%20Putney,%20SW15%202JQ/The%20Rocket%20-%20JD%20Wetherspoon",https://www.pint-prices.com/borough-results/Wandsworth,£5.65,2026-07-03T23:10:47+00:00
Wandsworth,4,The Asparagus - JD Wetherspoon,CARLSBERG PILSNER,£3.45,3.45,"https://www.pint-prices.com/pub/1-13%20Falcon%20Road,%20Battersea,%20SW11%202PL/The%20Asparagus%20-%20JD%20Wetherspoon",https://www.pint-prices.com/borough-results/Wandsworth,£5.65,2026-07-03T23:10:47+00:00
Wandsworth,5,The Asparagus,CARLSBERG,£3.45,3.45,"https://www.pint-prices.com/pub/1-13%20Falcon%20Rd,%20London%20SW11%202PL/The%20Asparagus",https://www.pint-prices.com/borough-results/Wandsworth,£5.65,2026-07-03T23:10:47+00:00
Wandsworth,6,The Asparagus - JD Wetherspoon,GUINNESS,£3.66,3.66,"https://www.pint-prices.com/pub/1-13%20Falcon%20Road,%20Battersea,%20SW11%202PL/The%20Asparagus%20-%20JD%20Wetherspoon",https://www.pint-prices.com/borough-results/Wandsworth,£5.65,2026-07-03T23:10:47+00:00
Wandsworth,7,The London and South Western - JD Wetherspoon,CARLSBERG PILSNER,£3.66,3.66,"https://www.pint-prices.com/pub/276-288%20Lavender%20Hill,%20Clapham%20Junction,%20Battersea,%20SW11%201LJ/The%20London%20and%20South%20Western%20-%20JD%20Wetherspoon",https://www.pint-prices.com/borough-results/Wandsworth,£5.65,2026-07-03T23:10:47+00:00
Wandsworth,8,The Asparagus - JD Wetherspoon,CARLING,£3.86,3.86,"https://www.pint-prices.com/pub/1-13%20Falcon%20Road,%20Battersea,%20SW11%202PL/The%20Asparagus%20-%20JD%20Wetherspoon",https://www.pint-prices.com/borough-results/Wandsworth,£5.65,2026-07-03T23:10:47+00:00
Wandsworth,9,The Asparagus - JD Wetherspoon,COORS,£3.86,3.86,"https://www.pint-prices.com/pub/1-13%20Falcon%20Road,%20Battersea,%20SW11%202PL/The%20Asparagus%20-%20JD%20Wetherspoon",https://www.pint-prices.com/borough-results/Wandsworth,£5.65,2026-07-03T23:10:47+00:00
Wandsworth,10,The Asparagus - JD Wetherspoon,BUDWEISER,£4.06,4.06,"https://www.pint-prices.com/pub/1-13%20Falcon%20Road,%20Battersea,%20SW11%202PL/The%20Asparagus%20-%20JD%20Wetherspoon",https://www.pint-prices.com/borough-results/Wandsworth,£5.65,2026-07-03T23:10:47+00:00
Wandsworth,11,The Churchhills,BECKS VIER,£4.10,4.1,"https://www.pint-prices.com/pub/151%20St%20John's%20Hill,%20London%20SW11%201TQ/The%20Churchhills",https://www.pint-prices.com/borough-results/Wandsworth,£5.65,2026-07-03T23:10:47+00:00
Wandsworth,12,"Churchills, Clapham",AMSTEL,£4.20,4.2,"https://www.pint-prices.com/pub/151%20St%20John's%20Hill,%20London%20SW11%201TQ/Churchills,%20Clapham",https://www.pint-prices.com/borough-results/Wandsworth,£5.65,2026-07-03T23:10:47+00:00
Wandsworth,13,"Churchills, Clapham",AMSTEL,£4.20,4.2,"https://www.pint-prices.com/pub/151%20St%20John's%20Hill,%20London%20SW11%201TQ/Churchills,%20Clapham",https://www.pint-prices.com/borough-results/Wandsworth,£5.65,2026-07-03T23:10:47+00:00
Wandsworth,14,Churchills,AMSTEL,£4.20,4.2,"https://www.pint-prices.com/pub/151%20St%20John's%20Hill,%20London%20SW11%201TQ/Churchills",https://www.pint-prices.com/borough-results/Wandsworth,£5.65,2026-07-03T23:10:47+00:00
Wandsworth,15,The Rocket - JD Wetherspoon,CARLSBERG PILSNER,£4.25,4.25,"https://www.pint-prices.com/pub/Putney%20Wharf%20Tower,%20Brewhouse%20Lane,%20Putney,%20SW15%202JQ/The%20Rocket%20-%20JD%20Wetherspoon",https://www.pint-prices.com/borough-results/Wandsworth,£5.65,2026-07-03T23:10:47+00:00
Wandsworth,16,The Asparagus - JD Wetherspoon,STELLA ARTOIS,£4.28,4.28,"https://www.pint-prices.com/pub/1-13%20Falcon%20Road,%20Battersea,%20SW11%202PL/The%20Asparagus%20-%20JD%20Wetherspoon",https://www.pint-prices.com/borough-results/Wandsworth,£5.65,2026-07-03T23:10:47+00:00
Wandsworth,17,Golden Lion,CARLING,£4.35,4.35,"https://www.pint-prices.com/pub/57%20Fulham%20High%20St,%20London%20SW6%203JJ/Golden%20Lion",https://www.pint-prices.com/borough-results/Wandsworth,£5.65,2026-07-03T23:10:47+00:00
Wandsworth,18,The Asparagus - JD Wetherspoon,CORONA,£4.40,4.4,"https://www.pint-prices.com/pub/1-13%20Falcon%20Road,%20Battersea,%20SW11%202PL/The%20Asparagus%20-%20JD%20Wetherspoon",https://www.pint-prices.com/borough-results/Wandsworth,£5.65,2026-07-03T23:10:47+00:00
Wandsworth,19,The Asparagus - JD Wetherspoon,SAN MIGUEL,£4.40,4.4,"https://www.pint-prices.com/pub/1-13%20Falcon%20Road,%20Battersea,%20SW11%202PL/The%20Asparagus%20-%20JD%20Wetherspoon",https://www.pint-prices.com/borough-results/Wandsworth,£5.65,2026-07-03T23:10:47+00:00
Wandsworth,20,The London and South Western - JD Wetherspoon,GUINNESS,£4.48,4.48,"https://www.pint-prices.com/pub/276-288%20Lavender%20Hill,%20Clapham%20Junction,%20Battersea,%20SW11%201LJ/The%20London%20and%20South%20Western%20-%20JD%20Wetherspoon",https://www.pint-prices.com/borough-results/Wandsworth,£5.65,2026-07-03T23:10:47+00:00
Wandsworth,21,The Rocket - JD Wetherspoon,CARLING,£4.72,4.72,"https://www.pint-prices.com/pub/Putney%20Wharf%20Tower,%20Brewhouse%20Lane,%20Putney,%20SW15%202JQ/The%20Rocket%20-%20JD%20Wetherspoon",https://www.pint-prices.com/borough-results/Wandsworth,£5.65,2026-07-03T23:10:47+00:00
Wandsworth,22,The Rocket - JD Wetherspoon,COORS,£4.72,4.72,"https://www.pint-prices.com/pub/Putney%20Wharf%20Tower,%20Brewhouse%20Lane,%20Putney,%20SW15%202JQ/The%20Rocket%20-%20JD%20Wetherspoon",https://www.pint-prices.com/borough-results/Wandsworth,£5.65,2026-07-03T23:10:47+00:00
Wandsworth,23,The Asparagus - JD Wetherspoon,LEFFE BLONDE,£4.73,4.73,"https://www.pint-prices.com/pub/1-13%20Falcon%20Road,%20Battersea,%20SW11%202PL/The%20Asparagus%20-%20JD%20Wetherspoon",https://www.pint-prices.com/borough-results/Wandsworth,£5.65,2026-07-03T23:10:47+00:00
Wandsworth,24,The Rocket - JD Wetherspoon,BUDWEISER,£4.79,4.79,"https://www.pint-prices.com/pub/Putney%20Wharf%20Tower,%20Brewhouse%20Lane,%20Putney,%20SW15%202JQ/The%20Rocket%20-%20JD%20Wetherspoon",https://www.pint-prices.com/borough-results/Wandsworth,£5.65,2026-07-03T23:10:47+00:00
Wandsworth,25,The Eight Bells,DOOMBAR,£4.80,4.8,"https://www.pint-prices.com/pub/89%20Fulham%20High%20St,%20London%20SW6%203JS/The%20Eight%20Bells",https://www.pint-prices.com/borough-results/Wandsworth,£5.65,2026-07-03T23:10:47+00:00
Wandsworth,26,The London and South Western - JD Wetherspoon,CARLING,£4.83,4.83,"https://www.pint-prices.com/pub/276-288%20Lavender%20Hill,%20Clapham%20Junction,%20Battersea,%20SW11%201LJ/The%20London%20and%20South%20Western%20-%20JD%20Wetherspoon",https://www.pint-prices.com/borough-results/Wandsworth,£5.65,2026-07-03T23:10:47+00:00
Wandsworth,27,The London and South Western - JD Wetherspoon,COORS,£4.83,4.83,"https://www.pint-prices.com/pub/276-288%20Lavender%20Hill,%20Clapham%20Junction,%20Battersea,%20SW11%201LJ/The%20London%20and%20South%20Western%20-%20JD%20Wetherspoon",https://www.pint-prices.com/borough-results/Wandsworth,£5.65,2026-07-03T23:10:47+00:00
Wandsworth,28,The Rocket - JD Wetherspoon,GUINNESS,£4.85,4.85,"https://www.pint-prices.com/pub/Putney%20Wharf%20Tower,%20Brewhouse%20Lane,%20Putney,%20SW15%202JQ/The%20Rocket%20-%20JD%20Wetherspoon",https://www.pint-prices.com/borough-results/Wandsworth,£5.65,2026-07-03T23:10:47+00:00
Wandsworth,29,The London and South Western - JD Wetherspoon,BUDWEISER,£4.91,4.91,"https://www.pint-prices.com/pub/276-288%20Lavender%20Hill,%20Clapham%20Junction,%20Battersea,%20SW11%201LJ/The%20London%20and%20South%20Western%20-%20JD%20Wetherspoon",https://www.pint-prices.com/borough-results/Wandsworth,£5.65,2026-07-03T23:10:47+00:00
Wandsworth,30,The Grapes SW18,LONDON PRIDE,£4.95,4.95,"https://www.pint-prices.com/pub/39%20Fairfield%20St,%20London%20SW18%201DX,%20UK/The%20Grapes%20SW18",https://www.pint-prices.com/borough-results/Wandsworth,£5.65,2026-07-03T23:10:47+00:00
Wandsworth,31,The Junction,CASK ALE,£4.95,4.95,"https://www.pint-prices.com/pub/36%20St%20John's%20Hill,%20London%20SW11%201SA/The%20Junction",https://www.pint-prices.com/borough-results/Wandsworth,£5.65,2026-07-03T23:10:47+00:00
Wandsworth,32,The Eight Bells,COORS,£5.00,5.0,https://www.pint-prices.com/pub/KT17%202DU/The%20Eight%20Bells,https://www.pint-prices.com/borough-results/Wandsworth,£5.65,2026-07-03T23:10:47+00:00
Wandsworth,33,The Rocket - JD Wetherspoon,STELLA ARTOIS,£5.07,5.07,"https://www.pint-prices.com/pub/Putney%20Wharf%20Tower,%20Brewhouse%20Lane,%20Putney,%20SW15%202JQ/The%20Rocket%20-%20JD%20Wetherspoon",https://www.pint-prices.com/borough-results/Wandsworth,£5.65,2026-07-03T23:10:47+00:00
Wandsworth,34,The Eight Bells,PRAVHA,£5.10,5.1,"https://www.pint-prices.com/pub/89%20Fulham%20High%20St,%20London%20SW6%203JS/The%20Eight%20Bells",https://www.pint-prices.com/borough-results/Wandsworth,£5.65,2026-07-03T23:10:47+00:00
Wandsworth,35,Golden Lion,GUINNESS,£5.10,5.1,"https://www.pint-prices.com/pub/57%20FULHAM%20HIGH%20STREET,%20FULHAM,%20LONDON,%20SW6%203JJ/Golden%20Lion",https://www.pint-prices.com/borough-results/Wandsworth,£5.65,2026-07-03T23:10:47+00:00
Wandsworth,36,The London and South Western - JD Wetherspoon,STELLA ARTOIS,£5.15,5.15,"https://www.pint-prices.com/pub/276-288%20Lavender%20Hill,%20Clapham%20Junction,%20Battersea,%20SW11%201LJ/The%20London%20and%20South%20Western%20-%20JD%20Wetherspoon",https://www.pint-prices.com/borough-results/Wandsworth,£5.65,2026-07-03T23:10:47+00:00
Wandsworth,37,The Rocket - JD Wetherspoon,CORONA,£5.19,5.19,"https://www.pint-prices.com/pub/Putney%20Wharf%20Tower,%20Brewhouse%20Lane,%20Putney,%20SW15%202JQ/The%20Rocket%20-%20JD%20Wetherspoon",https://www.pint-prices.com/borough-results/Wandsworth,£5.65,2026-07-03T23:10:47+00:00
Wandsworth,38,The Rocket - JD Wetherspoon,SAN MIGUEL,£5.19,5.19,"https://www.pint-prices.com/pub/Putney%20Wharf%20Tower,%20Brewhouse%20Lane,%20Putney,%20SW15%202JQ/The%20Rocket%20-%20JD%20Wetherspoon",https://www.pint-prices.com/borough-results/Wandsworth,£5.65,2026-07-03T23:10:47+00:00
Wandsworth,39,The Grapes SW18,FOSTERS,£5.20,5.2,"https://www.pint-prices.com/pub/39%20Fairfield%20St,%20London%20SW18%201DX,%20UK/The%20Grapes%20SW18",https://www.pint-prices.com/borough-results/Wandsworth,£5.65,2026-07-03T23:10:47+00:00
Wandsworth,40,East Putney Tavern,LUCKY SAINT,£5.20,5.2,"https://www.pint-prices.com/pub/94-98%20Upper%20Richmond%20Rd,%20London%20SW15%202SP/East%20Putney%20Tavern",https://www.pint-prices.com/borough-results/Wandsworth,£5.65,2026-07-03T23:10:47+00:00
Wandsworth,41,The London and South Western - JD Wetherspoon,CORONA,£5.26,5.26,"https://www.pint-prices.com/pub/276-288%20Lavender%20Hill,%20Clapham%20Junction,%20Battersea,%20SW11%201LJ/The%20London%20and%20South%20Western%20-%20JD%20Wetherspoon",https://www.pint-prices.com/borough-results/Wandsworth,£5.65,2026-07-03T23:10:47+00:00
Wandsworth,42,The London and South Western - JD Wetherspoon,SAN MIGUEL,£5.26,5.26,"https://www.pint-prices.com/pub/276-288%20Lavender%20Hill,%20Clapham%20Junction,%20Battersea,%20SW11%201LJ/The%20London%20and%20South%20Western%20-%20JD%20Wetherspoon",https://www.pint-prices.com/borough-results/Wandsworth,£5.65,2026-07-03T23:10:47+00:00
Wandsworth,43,The Grapes SW18,AMSTEL,£5.30,5.3,"https://www.pint-prices.com/pub/39%20Fairfield%20St,%20London%20SW18%201DX,%20UK/The%20Grapes%20SW18",https://www.pint-prices.com/borough-results/Wandsworth,£5.65,2026-07-03T23:10:47+00:00
Wandsworth,44,The Grapes SW18,KRONENBOURG,£5.40,5.4,"https://www.pint-prices.com/pub/39%20Fairfield%20St,%20London%20SW18%201DX,%20UK/The%20Grapes%20SW18",https://www.pint-prices.com/borough-results/Wandsworth,£5.65,2026-07-03T23:10:47+00:00
Wandsworth,45,The Grapes SW18,GUINNESS,£5.40,5.4,"https://www.pint-prices.com/pub/39%20Fairfield%20St,%20London%20SW18%201DX,%20UK/The%20Grapes%20SW18",https://www.pint-prices.com/borough-results/Wandsworth,£5.65,2026-07-03T23:10:47+00:00
Wandsworth,46,The Rocket - JD Wetherspoon,LEFFE BLONDE,£5.50,5.5,"https://www.pint-prices.com/pub/Putney%20Wharf%20Tower,%20Brewhouse%20Lane,%20Putney,%20SW15%202JQ/The%20Rocket%20-%20JD%20Wetherspoon",https://www.pint-prices.com/borough-results/Wandsworth,£5.65,2026-07-03T23:10:47+00:00
Wandsworth,47,"The Beehive, Wandsworth",LONDON PRIDE,£5.50,5.5,"https://www.pint-prices.com/pub/197%20St%20John's%20Hill,%20London%20SW11%201TH,%20UK/The%20Beehive,%20Wandsworth",https://www.pint-prices.com/borough-results/Wandsworth,£5.65,2026-07-03T23:10:47+00:00
Wandsworth,48,Palm Riverside | Shisha & Hookah Lounge | Lebanese Restaurant | Cocktail Bar | Wandsworth London,PERONI,£5.50,5.5,"https://www.pint-prices.com/pub/94%20Point%20Pleasant,%20London%20SW18%201PP,%20UK/Palm%20Riverside%20%7C%20Shisha%20%26%20Hookah%20Lounge%20%7C%20Lebanese%20Restaurant%20%7C%20Cocktail%20Bar%20%7C%20Wandsworth%20London",https://www.pint-prices.com/borough-results/Wandsworth,£5.65,2026-07-03T23:10:47+00:00
Wandsworth,49,Palm Riverside | Shisha & Hookah Lounge | Lebanese Restaurant | Cocktail Bar | Wandsworth London,ASAHI,£5.50,5.5,"https://www.pint-prices.com/pub/94%20Point%20Pleasant,%20London%20SW18%201PP,%20UK/Palm%20Riverside%20%7C%20Shisha%20%26%20Hookah%20Lounge%20%7C%20Lebanese%20Restaurant%20%7C%20Cocktail%20Bar%20%7C%20Wandsworth%20London",https://www.pint-prices.com/borough-results/Wandsworth,£5.65,2026-07-03T23:10:47+00:00
Wandsworth,50,Palm Riverside | Shisha & Hookah Lounge | Lebanese Restaurant | Cocktail Bar | Wandsworth London,GUINNESS,£5.50,5.5,"https://www.pint-prices.com/pub/94%20Point%20Pleasant,%20London%20SW18%201PP,%20UK/Palm%20Riverside%20%7C%20Shisha%20%26%20Hookah%20Lounge%20%7C%20Lebanese%20Restaurant%20%7C%20Cocktail%20Bar%20%7C%20Wandsworth%20London",https://www.pint-prices.com/borough-results/Wandsworth,£5.65,2026-07-03T23:10:47+00:00
Wandsworth,51,The Pig & Whistle,LONDON PRIDE,£5.50,5.5,"https://www.pint-prices.com/pub/481%20Merton%20Rd,%20London%20SW18%205LD/The%20Pig%20%26%20Whistle",https://www.pint-prices.com/borough-results/Wandsworth,£5.65,2026-07-03T23:10:47+00:00
Wandsworth,52,The Merchant of Battersea,ROSA BLANCA,£5.50,5.5,"https://www.pint-prices.com/pub/23-25%20Battersea%20Rise,%20London%20SW11%201HG/The%20Merchant%20of%20Battersea",https://www.pint-prices.com/borough-results/Wandsworth,£5.65,2026-07-03T23:10:47+00:00
Wandsworth,53,East Putney Tavern,AMSTEL,£5.60,5.6,"https://www.pint-prices.com/pub/94-98%20Upper%20Richmond%20Rd,%20London%20SW15%202SP/East%20Putney%20Tavern",https://www.pint-prices.com/borough-results/Wandsworth,£5.65,2026-07-03T23:10:47+00:00
Wandsworth,54,The Railway Pub Putney,AMSTEL,£5.60,5.6,"https://www.pint-prices.com/pub/202%20Upper%20Richmond%20Rd,%20London%20SW15%206TD/The%20Railway%20Pub%20Putney",https://www.pint-prices.com/borough-results/Wandsworth,£5.65,2026-07-03T23:10:47+00:00
Wandsworth,55,The London and South Western - JD Wetherspoon,LEFFE BLONDE,£5.62,5.62,"https://www.pint-prices.com/pub/276-288%20Lavender%20Hill,%20Clapham%20Junction,%20Battersea,%20SW11%201LJ/The%20London%20and%20South%20Western%20-%20JD%20Wetherspoon",https://www.pint-prices.com/borough-results/Wandsworth,£5.65,2026-07-03T23:10:47+00:00
Wandsworth,56,Duke's Head,YOUNGS ORIGINAL,£5.65,5.65,"https://www.pint-prices.com/pub/8%20Lower%20Richmond%20Rd.,%20London%20SW15%201ER/Duke's%20Head",https://www.pint-prices.com/borough-results/Wandsworth,£5.65,2026-07-03T23:10:47+00:00
Wandsworth,57,Coat & Badge,CASK ALE,£5.70,5.7,"https://www.pint-prices.com/pub/8%20Lacy%20Rd,%20London%20SW15%201NL/Coat%20%26%20Badge",https://www.pint-prices.com/borough-results/Wandsworth,£5.65,2026-07-03T23:10:47+00:00
Wandsworth,58,The Bricklayer's Arms,PALE ALE,£5.70,5.7,"https://www.pint-prices.com/pub/32%20Waterman%20St,%20London%20SW15%201DD/The%20Bricklayer's%20Arms",https://www.pint-prices.com/borough-results/Wandsworth,£5.65,2026-07-03T23:10:47+00:00
Wandsworth,59,Hop Pole,FOSTERS,£5.80,5.8,"https://www.pint-prices.com/pub/64%20Putney%20Bridge%20Rd,%20London%20SW18%201HR/Hop%20Pole",https://www.pint-prices.com/borough-results/Wandsworth,£5.65,2026-07-03T23:10:47+00:00
Wandsworth,60,The Latchmere,AMSTEL,£5.80,5.8,"https://www.pint-prices.com/pub/503%20Battersea%20Park%20Rd,%20London%20SW11%203BW/The%20Latchmere",https://www.pint-prices.com/borough-results/Wandsworth,£5.65,2026-07-03T23:10:47+00:00
Wandsworth,61,The Cat's Back,BUDWEISER,£5.90,5.9,"https://www.pint-prices.com/pub/86-88%20Point%20Pleasant,%20London%20SW18%201PP,%20UK/The%20Cat's%20Back",https://www.pint-prices.com/borough-results/Wandsworth,£5.65,2026-07-03T23:10:47+00:00
Wandsworth,62,The Bricklayer's Arms,LAGER,£5.90,5.9,"https://www.pint-prices.com/pub/32%20Waterman%20St,%20London%20SW15%201DD/The%20Bricklayer's%20Arms",https://www.pint-prices.com/borough-results/Wandsworth,£5.65,2026-07-03T23:10:47+00:00
Wandsworth,63,Queen Adelaide,YOUNGS ORIGINAL,£5.90,5.9,"https://www.pint-prices.com/pub/35%20Putney%20Bridge%20Rd,%20London%20SW18%201NP/Queen%20Adelaide",https://www.pint-prices.com/borough-results/Wandsworth,£5.65,2026-07-03T23:10:47+00:00
Wandsworth,64,The Bricklayer's Arms,GUINNESS,£5.95,5.95,"https://www.pint-prices.com/pub/32%20Waterman%20St,%20London%20SW15%201DD/The%20Bricklayer's%20Arms",https://www.pint-prices.com/borough-results/Wandsworth,£5.65,2026-07-03T23:10:47+00:00
Wandsworth,65,"Brewdog, Wandsworth",PUNK IPA,£5.95,5.95,"https://www.pint-prices.com/pub/Unit%204,%20Southside%20Shopping%20Centre,%20London%20SW18%204TF/Brewdog,%20Wandsworth",https://www.pint-prices.com/borough-results/Wandsworth,£5.65,2026-07-03T23:10:47+00:00
Wandsworth,66,"Brewdog, Wandsworth",PUNK IPA,£5.95,5.95,"https://www.pint-prices.com/pub/Unit%204,%20Southside%20Shopping%20Centre,%20London%20SW18%204TF/Brewdog,%20Wandsworth",https://www.pint-prices.com/borough-results/Wandsworth,£5.65,2026-07-03T23:10:47+00:00
Wandsworth,67,The Northcote,ESTRELLA,£6.00,6.0,"https://www.pint-prices.com/pub/2%20Northcote%20Rd,%20London%20SW11%201NT/The%20Northcote",https://www.pint-prices.com/borough-results/Wandsworth,£5.65,2026-07-03T23:10:47+00:00
Wandsworth,68,The Merchant of Battersea,ESTRELLA,£6.00,6.0,"https://www.pint-prices.com/pub/23-25%20Battersea%20Rise,%20London%20SW11%201HG/The%20Merchant%20of%20Battersea",https://www.pint-prices.com/borough-results/Wandsworth,£5.65,2026-07-03T23:10:47+00:00
Wandsworth,69,Spotted Horse,PRAVHA,£6.05,6.05,"https://www.pint-prices.com/pub/122%20Putney%20High%20St,%20London%20SW15%201RG/Spotted%20Horse",https://www.pint-prices.com/borough-results/Wandsworth,£5.65,2026-07-03T23:10:47+00:00
Wandsworth,70,Coat & Badge,PRAVHA,£6.05,6.05,"https://www.pint-prices.com/pub/8%20Lacy%20Rd,%20London%20SW15%201NL/Coat%20%26%20Badge",https://www.pint-prices.com/borough-results/Wandsworth,£5.65,2026-07-03T23:10:47+00:00
Wandsworth,71,The Boathouse,PRAVHA,£6.05,6.05,"https://www.pint-prices.com/pub/32%20Brewhouse%20Ln,%20London%20SW15%202JX/The%20Boathouse",https://www.pint-prices.com/borough-results/Wandsworth,£5.65,2026-07-03T23:10:47+00:00
Wandsworth,72,Duke's Head,PRAVHA,£6.05,6.05,"https://www.pint-prices.com/pub/8%20Lower%20Richmond%20Rd.,%20London%20SW15%201ER/Duke's%20Head",https://www.pint-prices.com/borough-results/Wandsworth,£5.65,2026-07-03T23:10:47+00:00
Wandsworth,73,Duke of Cambridge,PRAVHA,£6.05,6.05,"https://www.pint-prices.com/pub/228%20Battersea%20Bridge%20Rd,%20London%20SW11%203AA/Duke%20of%20Cambridge",https://www.pint-prices.com/borough-results/Wandsworth,£5.65,2026-07-03T23:10:47+00:00
Wandsworth,74,The Old Fields,AMSTEL,£6.10,6.1,"https://www.pint-prices.com/pub/20%20Replingham%20Rd,%20London%20SW18%205LS/The%20Old%20Fields",https://www.pint-prices.com/borough-results/Wandsworth,£5.65,2026-07-03T23:10:47+00:00
Wandsworth,75,The Plough,PRAVHA,£6.10,6.1,"https://www.pint-prices.com/pub/89%20St%20John's%20Hill,%20London%20SW11%201SY/The%20Plough",https://www.pint-prices.com/borough-results/Wandsworth,£5.65,2026-07-03T23:10:47+00:00
Wandsworth,76,Old Fields (Southfields),AMSTEL,£6.10,6.1,"https://www.pint-prices.com/pub/20%20Replingham%20Road,%20SW18%205LS/Old%20Fields%20(Southfields)",https://www.pint-prices.com/borough-results/Wandsworth,£5.65,2026-07-03T23:10:47+00:00
Wandsworth,77,Hop Pole,GUINNESS,£6.15,6.15,"https://www.pint-prices.com/pub/64%20Putney%20Bridge%20Rd,%20London%20SW18%201HR/Hop%20Pole",https://www.pint-prices.com/borough-results/Wandsworth,£5.65,2026-07-03T23:10:47+00:00
Wandsworth,78,Four Thieves,AMSTEL,£6.15,6.15,"https://www.pint-prices.com/pub/51%20Lavender%20Gardens,%20London%20SW11%201JW/Four%20Thieves",https://www.pint-prices.com/borough-results/Wandsworth,£5.65,2026-07-03T23:10:47+00:00
Wandsworth,79,The Falcon,PRAVHA,£6.15,6.15,"https://www.pint-prices.com/pub/2%20St%20John's%20Hill,%20Greater,%20London%20SW11%201RU/The%20Falcon",https://www.pint-prices.com/borough-results/Wandsworth,£5.65,2026-07-03T23:10:47+00:00
Wandsworth,80,The Cat's Back,CORONA,£6.20,6.2,"https://www.pint-prices.com/pub/86-88%20Point%20Pleasant,%20London%20SW18%201PP,%20UK/The%20Cat's%20Back",https://www.pint-prices.com/borough-results/Wandsworth,£5.65,2026-07-03T23:10:47+00:00
Wandsworth,81,"The Beehive, Wandsworth",GROLSCH,£6.20,6.2,"https://www.pint-prices.com/pub/197%20St%20John's%20Hill,%20London%20SW11%201TH,%20UK/The%20Beehive,%20Wandsworth",https://www.pint-prices.com/borough-results/Wandsworth,£5.65,2026-07-03T23:10:47+00:00
Wandsworth,82,Spotted Horse,GUINNESS,£6.20,6.2,"https://www.pint-prices.com/pub/122%20Putney%20High%20St,%20London%20SW15%201RG/Spotted%20Horse",https://www.pint-prices.com/borough-results/Wandsworth,£5.65,2026-07-03T23:10:47+00:00
Wandsworth,83,East Putney Tavern,GUINNESS,£6.30,6.3,"https://www.pint-prices.com/pub/94-98%20Upper%20Richmond%20Rd,%20London%20SW15%202SP/East%20Putney%20Tavern",https://www.pint-prices.com/borough-results/Wandsworth,£5.65,2026-07-03T23:10:47+00:00
Wandsworth,84,Old Fields (Southfields),GUINNESS,£6.30,6.3,"https://www.pint-prices.com/pub/20%20Replingham%20Road,%20SW18%205LS/Old%20Fields%20(Southfields)",https://www.pint-prices.com/borough-results/Wandsworth,£5.65,2026-07-03T23:10:47+00:00
Wandsworth,85,The Lighthouse Battersea,AMSTEL,£6.35,6.35,"https://www.pint-prices.com/pub/441%20Battersea%20Park%20Rd,%20London%20SW11%204LR/The%20Lighthouse%20Battersea",https://www.pint-prices.com/borough-results/Wandsworth,£5.65,2026-07-03T23:10:47+00:00
Wandsworth,86,The Latchmere,GUINNESS,£6.40,6.4,"https://www.pint-prices.com/pub/503%20Battersea%20Park%20Rd,%20London%20SW11%203BW/The%20Latchmere",https://www.pint-prices.com/borough-results/Wandsworth,£5.65,2026-07-03T23:10:47+00:00
Wandsworth,87,The Merchant of Battersea,ASAHI,£6.40,6.4,"https://www.pint-prices.com/pub/23-25%20Battersea%20Rise,%20London%20SW11%201HG/The%20Merchant%20of%20Battersea",https://www.pint-prices.com/borough-results/Wandsworth,£5.65,2026-07-03T23:10:47+00:00
Wandsworth,88,The Falcon,GUINNESS,£6.40,6.4,"https://www.pint-prices.com/pub/2%20St%20John's%20Hill,%20Greater,%20London%20SW11%201RU/The%20Falcon",https://www.pint-prices.com/borough-results/Wandsworth,£5.65,2026-07-03T23:10:47+00:00
Wandsworth,89,The Junction,GUINNESS,£6.40,6.4,"https://www.pint-prices.com/pub/36%20St%20John's%20Hill,%20London%20SW11%201SA/The%20Junction",https://www.pint-prices.com/borough-results/Wandsworth,£5.65,2026-07-03T23:10:47+00:00
Wandsworth,90,Junction (Clapham),AMSTEL,£6.40,6.4,"https://www.pint-prices.com/pub/36%20St%20Johns%20Hill,%20SW11%201SA/Junction%20(Clapham)",https://www.pint-prices.com/borough-results/Wandsworth,£5.65,2026-07-03T23:10:47+00:00
Wandsworth,91,Junction (Clapham),GUINNESS,£6.40,6.4,"https://www.pint-prices.com/pub/36%20St%20Johns%20Hill,%20SW11%201SA/Junction%20(Clapham)",https://www.pint-prices.com/borough-results/Wandsworth,£5.65,2026-07-03T23:10:47+00:00
Wandsworth,92,The Jolly Gardeners,PRAVHA,£6.45,6.45,"https://www.pint-prices.com/pub/61-63%20Lacy%20Rd,%20Greater,%20London%20SW15%201NT/The%20Jolly%20Gardeners",https://www.pint-prices.com/borough-results/Wandsworth,£5.65,2026-07-03T23:10:47+00:00
Wandsworth,93,"The Beehive, Wandsworth",ASAHI,£6.50,6.5,"https://www.pint-prices.com/pub/197%20St%20John's%20Hill,%20London%20SW11%201TH,%20UK/The%20Beehive,%20Wandsworth",https://www.pint-prices.com/borough-results/Wandsworth,£5.65,2026-07-03T23:10:47+00:00
Wandsworth,94,The Pig & Whistle,ASAHI,£6.50,6.5,"https://www.pint-prices.com/pub/481%20Merton%20Rd,%20London%20SW18%205LD/The%20Pig%20%26%20Whistle",https://www.pint-prices.com/borough-results/Wandsworth,£5.65,2026-07-03T23:10:47+00:00
Wandsworth,95,The Railway Pub Putney,GUINNESS,£6.50,6.5,"https://www.pint-prices.com/pub/202%20Upper%20Richmond%20Rd,%20London%20SW15%206TD/The%20Railway%20Pub%20Putney",https://www.pint-prices.com/borough-results/Wandsworth,£5.65,2026-07-03T23:10:47+00:00
Wandsworth,96,Hawkins Forge,PRAVHA,£6.50,6.5,"https://www.pint-prices.com/pub/110%20Battersea%20Rise,%20Greater,%20London%20SW11%201EJ/Hawkins%20Forge",https://www.pint-prices.com/borough-results/Wandsworth,£5.65,2026-07-03T23:10:47+00:00
Wandsworth,97,The Woodman,CRUZCAMPO,£6.50,6.5,"https://www.pint-prices.com/pub/60%20Battersea%20High%20St,%20London%20SW11%203HX/The%20Woodman",https://www.pint-prices.com/borough-results/Wandsworth,£5.65,2026-07-03T23:10:47+00:00
Wandsworth,98,The Candlemaker,MADRI,£6.50,6.5,"https://www.pint-prices.com/pub/136%20Battersea%20High%20St,%20London%20SW11%203JR/The%20Candlemaker",https://www.pint-prices.com/borough-results/Wandsworth,£5.65,2026-07-03T23:10:47+00:00
Wandsworth,99,Hawkins Forge,GUINNESS,£6.55,6.55,"https://www.pint-prices.com/pub/110%20Battersea%20Rise,%20Greater,%20London%20SW11%201EJ/Hawkins%20Forge",https://www.pint-prices.com/borough-results/Wandsworth,£5.65,2026-07-03T23:10:47+00:00
Wandsworth,100,Four Thieves,GUINNESS,£6.55,6.55,"https://www.pint-prices.com/pub/51%20Lavender%20Gardens,%20London%20SW11%201JW/Four%20Thieves",https://www.pint-prices.com/borough-results/Wandsworth,£5.65,2026-07-03T23:10:47+00:00
Wandsworth,101,The Junction,AMSTEL,£6.55,6.55,"https://www.pint-prices.com/pub/36%20St%20John's%20Hill,%20London%20SW11%201SA/The%20Junction",https://www.pint-prices.com/borough-results/Wandsworth,£5.65,2026-07-03T23:10:47+00:00
Wandsworth,102,Coat & Badge,GUINNESS,£6.70,6.7,"https://www.pint-prices.com/pub/8%20Lacy%20Rd,%20London%20SW15%201NL/Coat%20%26%20Badge",https://www.pint-prices.com/borough-results/Wandsworth,£5.65,2026-07-03T23:10:47+00:00
Wandsworth,103,The Boathouse,GUINNESS,£6.70,6.7,"https://www.pint-prices.com/pub/32%20Brewhouse%20Ln,%20London%20SW15%202JX/The%20Boathouse",https://www.pint-prices.com/borough-results/Wandsworth,£5.65,2026-07-03T23:10:47+00:00
Wandsworth,104,Duke's Head,GUINNESS,£6.70,6.7,"https://www.pint-prices.com/pub/8%20Lower%20Richmond%20Rd.,%20London%20SW15%201ER/Duke's%20Head",https://www.pint-prices.com/borough-results/Wandsworth,£5.65,2026-07-03T23:10:47+00:00
Wandsworth,105,Queen Adelaide,GUINNESS,£6.70,6.7,"https://www.pint-prices.com/pub/35%20Putney%20Bridge%20Rd,%20London%20SW18%201NP/Queen%20Adelaide",https://www.pint-prices.com/borough-results/Wandsworth,£5.65,2026-07-03T23:10:47+00:00
Wandsworth,106,Duke of Cambridge,GUINNESS,£6.70,6.7,"https://www.pint-prices.com/pub/228%20Battersea%20Bridge%20Rd,%20London%20SW11%203AA/Duke%20of%20Cambridge",https://www.pint-prices.com/borough-results/Wandsworth,£5.65,2026-07-03T23:10:47+00:00
Wandsworth,107,The Plough,GUINNESS,£6.70,6.7,"https://www.pint-prices.com/pub/89%20St%20John's%20Hill,%20London%20SW11%201SY/The%20Plough",https://www.pint-prices.com/borough-results/Wandsworth,£5.65,2026-07-03T23:10:47+00:00
Wandsworth,108,"The Beehive, Wandsworth",PERONI,£6.85,6.85,"https://www.pint-prices.com/pub/197%20St%20John's%20Hill,%20London%20SW11%201TH,%20UK/The%20Beehive,%20Wandsworth",https://www.pint-prices.com/borough-results/Wandsworth,£5.65,2026-07-03T23:10:47+00:00
Wandsworth,109,The Pig & Whistle,PERONI,£6.85,6.85,"https://www.pint-prices.com/pub/481%20Merton%20Rd,%20London%20SW18%205LD/The%20Pig%20%26%20Whistle",https://www.pint-prices.com/borough-results/Wandsworth,£5.65,2026-07-03T23:10:47+00:00
Wandsworth,110,The Jolly Gardeners,GUINNESS,£6.85,6.85,"https://www.pint-prices.com/pub/61-63%20Lacy%20Rd,%20Greater,%20London%20SW15%201NT/The%20Jolly%20Gardeners",https://www.pint-prices.com/borough-results/Wandsworth,£5.65,2026-07-03T23:10:47+00:00
Wandsworth,111,Junction (Clapham),BIRRA MORETTI,£6.85,6.85,"https://www.pint-prices.com/pub/36%20St%20Johns%20Hill,%20SW11%201SA/Junction%20(Clapham)",https://www.pint-prices.com/borough-results/Wandsworth,£5.65,2026-07-03T23:10:47+00:00
Wandsworth,112,The Cat's Back,GUINNESS,£6.90,6.9,"https://www.pint-prices.com/pub/86-88%20Point%20Pleasant,%20London%20SW18%201PP,%20UK/The%20Cat's%20Back",https://www.pint-prices.com/borough-results/Wandsworth,£5.65,2026-07-03T23:10:47+00:00
Wandsworth,113,The Lighthouse Battersea,GUINNESS,£6.90,6.9,"https://www.pint-prices.com/pub/441%20Battersea%20Park%20Rd,%20London%20SW11%204LR/The%20Lighthouse%20Battersea",https://www.pint-prices.com/borough-results/Wandsworth,£5.65,2026-07-03T23:10:47+00:00
Wandsworth,114,Old Fields (Southfields),BIRRA MORETTI,£6.90,6.9,"https://www.pint-prices.com/pub/20%20Replingham%20Road,%20SW18%205LS/Old%20Fields%20(Southfields)",https://www.pint-prices.com/borough-results/Wandsworth,£5.65,2026-07-03T23:10:47+00:00
Wandsworth,115,"The Beehive, Wandsworth",NECK OIL,£6.95,6.95,"https://www.pint-prices.com/pub/197%20St%20John's%20Hill,%20London%20SW11%201TH,%20UK/The%20Beehive,%20Wandsworth",https://www.pint-prices.com/borough-results/Wandsworth,£5.65,2026-07-03T23:10:47+00:00
Wandsworth,116,The Pig & Whistle,NECK OIL,£6.95,6.95,"https://www.pint-prices.com/pub/481%20Merton%20Rd,%20London%20SW18%205LD/The%20Pig%20%26%20Whistle",https://www.pint-prices.com/borough-results/Wandsworth,£5.65,2026-07-03T23:10:47+00:00
Wandsworth,117,Junction (Clapham),ESTRELLA,£7.00,7.0,"https://www.pint-prices.com/pub/36%20St%20Johns%20Hill,%20SW11%201SA/Junction%20(Clapham)",https://www.pint-prices.com/borough-results/Wandsworth,£5.65,2026-07-03T23:10:47+00:00
Wandsworth,118,The Cat's Back,NECK OIL,£7.20,7.2,"https://www.pint-prices.com/pub/86-88%20Point%20Pleasant,%20London%20SW18%201PP,%20UK/The%20Cat's%20Back",https://www.pint-prices.com/borough-results/Wandsworth,£5.65,2026-07-03T23:10:47+00:00
Wandsworth,119,Old Fields (Southfields),NECK OIL,£7.30,7.3,"https://www.pint-prices.com/pub/20%20Replingham%20Road,%20SW18%205LS/Old%20Fields%20(Southfields)",https://www.pint-prices.com/borough-results/Wandsworth,£5.65,2026-07-03T23:10:47+00:00
Wandsworth,120,Old Fields (Southfields),PERONI,£7.30,7.3,"https://www.pint-prices.com/pub/20%20Replingham%20Road,%20SW18%205LS/Old%20Fields%20(Southfields)",https://www.pint-prices.com/borough-results/Wandsworth,£5.65,2026-07-03T23:10:47+00:00
Wandsworth,121,Junction (Clapham),PERONI,£7.45,7.45,"https://www.pint-prices.com/pub/36%20St%20Johns%20Hill,%20SW11%201SA/Junction%20(Clapham)",https://www.pint-prices.com/borough-results/Wandsworth,£5.65,2026-07-03T23:10:47+00:00
Wandsworth,122,The Junction,PERONI,£7.60,7.6,"https://www.pint-prices.com/pub/36%20St%20John's%20Hill,%20London%20SW11%201SA/The%20Junction",https://www.pint-prices.com/borough-results/Wandsworth,£5.65,2026-07-03T23:10:47+00:00
Westminster,1,The Sir Michael Balcon - JD Wetherspoon,BUD LIGHT,£2.55,2.55,"https://www.pint-prices.com/pub/46-47%20The%20Mall,%20London%20W5%203TJ,%20UK/The%20Sir%20Michael%20Balcon%20-%20JD%20Wetherspoon",https://www.pint-prices.com/borough-results/Westminster,£6.63,2026-07-03T23:10:47+00:00
Westminster,2,The Sir Michael Balcon - JD Wetherspoon,CARLSBERG PILSNER,£2.79,2.79,"https://www.pint-prices.com/pub/46-47%20The%20Mall,%20London%20W5%203TJ,%20UK/The%20Sir%20Michael%20Balcon%20-%20JD%20Wetherspoon",https://www.pint-prices.com/borough-results/Westminster,£6.63,2026-07-03T23:10:47+00:00
Westminster,3,The Three Tuns - LSE Student Union,BUD LIGHT,£2.95,2.95,"https://www.pint-prices.com/pub/Saw%20Swee%20Hock%20Student%20Centre%20WC2B,%20London/The%20Three%20Tuns%20-%20LSE%20Student%20Union",https://www.pint-prices.com/borough-results/Westminster,£6.63,2026-07-03T23:10:47+00:00
Westminster,4,The Sir Michael Balcon - JD Wetherspoon,GUINNESS,£3.49,3.49,"https://www.pint-prices.com/pub/46-47%20The%20Mall,%20London%20W5%203TJ,%20UK/The%20Sir%20Michael%20Balcon%20-%20JD%20Wetherspoon",https://www.pint-prices.com/borough-results/Westminster,£6.63,2026-07-03T23:10:47+00:00
Westminster,5,The Sir Michael Balcon - JD Wetherspoon,CARLING,£3.82,3.82,"https://www.pint-prices.com/pub/46-47%20The%20Mall,%20London%20W5%203TJ,%20UK/The%20Sir%20Michael%20Balcon%20-%20JD%20Wetherspoon",https://www.pint-prices.com/borough-results/Westminster,£6.63,2026-07-03T23:10:47+00:00
Westminster,6,The Sir Michael Balcon - JD Wetherspoon,COORS,£3.82,3.82,"https://www.pint-prices.com/pub/46-47%20The%20Mall,%20London%20W5%203TJ,%20UK/The%20Sir%20Michael%20Balcon%20-%20JD%20Wetherspoon",https://www.pint-prices.com/borough-results/Westminster,£6.63,2026-07-03T23:10:47+00:00
Westminster,7,The Sir Michael Balcon - JD Wetherspoon,BUDWEISER,£4.03,4.03,"https://www.pint-prices.com/pub/46-47%20The%20Mall,%20London%20W5%203TJ,%20UK/The%20Sir%20Michael%20Balcon%20-%20JD%20Wetherspoon",https://www.pint-prices.com/borough-results/Westminster,£6.63,2026-07-03T23:10:47+00:00
Westminster,8,The Sir Michael Balcon - JD Wetherspoon,STELLA ARTOIS,£4.15,4.15,"https://www.pint-prices.com/pub/46-47%20The%20Mall,%20London%20W5%203TJ,%20UK/The%20Sir%20Michael%20Balcon%20-%20JD%20Wetherspoon",https://www.pint-prices.com/borough-results/Westminster,£6.63,2026-07-03T23:10:47+00:00
Westminster,9,The Sir Michael Balcon - JD Wetherspoon,CORONA,£4.26,4.26,"https://www.pint-prices.com/pub/46-47%20The%20Mall,%20London%20W5%203TJ,%20UK/The%20Sir%20Michael%20Balcon%20-%20JD%20Wetherspoon",https://www.pint-prices.com/borough-results/Westminster,£6.63,2026-07-03T23:10:47+00:00
Westminster,10,The Sir Michael Balcon - JD Wetherspoon,SAN MIGUEL,£4.26,4.26,"https://www.pint-prices.com/pub/46-47%20The%20Mall,%20London%20W5%203TJ,%20UK/The%20Sir%20Michael%20Balcon%20-%20JD%20Wetherspoon",https://www.pint-prices.com/borough-results/Westminster,£6.63,2026-07-03T23:10:47+00:00
Westminster,11,Wetherspoons (Victoria Station) - JD Wetherspoon,BUD LIGHT,£4.39,4.39,"https://www.pint-prices.com/pub/Unit%205%20(1st%20Floor%20above%20WHSmith),%20Victoria%20Station%20Concourse,%20London%20SW1V%201JT,%20UK/Wetherspoons%20(Victoria%20Station)%20-%20JD%20Wetherspoon",https://www.pint-prices.com/borough-results/Westminster,£6.63,2026-07-03T23:10:47+00:00
Westminster,12,The Willow Walk - JD Wetherspoon,BUD LIGHT,£4.39,4.39,"https://www.pint-prices.com/pub/25%20Wilton%20Road,%20Victoria,%20SW1V%201LW/The%20Willow%20Walk%20-%20JD%20Wetherspoon",https://www.pint-prices.com/borough-results/Westminster,£6.63,2026-07-03T23:10:47+00:00
Westminster,13,The Sir Michael Balcon - JD Wetherspoon,LEFFE BLONDE,£4.62,4.62,"https://www.pint-prices.com/pub/46-47%20The%20Mall,%20London%20W5%203TJ,%20UK/The%20Sir%20Michael%20Balcon%20-%20JD%20Wetherspoon",https://www.pint-prices.com/borough-results/Westminster,£6.63,2026-07-03T23:10:47+00:00
Westminster,14,The Rose & Crown,FOSTERS,£4.80,4.8,"https://www.pint-prices.com/pub/90-92%20Lower%20Sloane%20St,%20London%20SW1W%208BU/The%20Rose%20%26%20Crown",https://www.pint-prices.com/borough-results/Westminster,£6.63,2026-07-03T23:10:47+00:00
Westminster,15,Alma,PORTOBELLO,£5.00,5.0,https://www.pint-prices.com/pub/N19EX/Alma,https://www.pint-prices.com/borough-results/Westminster,£6.63,2026-07-03T23:10:47+00:00
Westminster,16,Alma,PORTOBELLO,£5.00,5.0,https://www.pint-prices.com/pub/N19EX/Alma,https://www.pint-prices.com/borough-results/Westminster,£6.63,2026-07-03T23:10:47+00:00
Westminster,17,The Coach & Horses,TIMOTHY TAYLOR’S LANDLORD ALE,£5.10,5.1,https://www.pint-prices.com/pub/WD3%201ER/The%20Coach%20%26%20Horses,https://www.pint-prices.com/borough-results/Westminster,£6.63,2026-07-03T23:10:47+00:00
Westminster,18,The Queens Arms,CASK ALE,£5.20,5.2,"https://www.pint-prices.com/pub/11%20Warwick%20Way,%20Pimlico,%20London%20SW1V%201QT,%20UK/The%20Queens%20Arms",https://www.pint-prices.com/borough-results/Westminster,£6.63,2026-07-03T23:10:47+00:00
Westminster,19,The Queen’s Head,PAULANER,£5.20,5.2,"https://www.pint-prices.com/pub/15%20Denman%20St,%20London%20W1D%207HN/The%20Queen%E2%80%99s%20Head",https://www.pint-prices.com/borough-results/Westminster,£6.63,2026-07-03T23:10:47+00:00
Westminster,20,Wetherspoons (Victoria Station) - JD Wetherspoon,CARLSBERG PILSNER,£5.38,5.38,"https://www.pint-prices.com/pub/Unit%205%20(1st%20Floor%20above%20WHSmith),%20Victoria%20Station%20Concourse,%20London%20SW1V%201JT,%20UK/Wetherspoons%20(Victoria%20Station)%20-%20JD%20Wetherspoon",https://www.pint-prices.com/borough-results/Westminster,£6.63,2026-07-03T23:10:47+00:00
Westminster,21,The Willow Walk - JD Wetherspoon,CARLSBERG PILSNER,£5.38,5.38,"https://www.pint-prices.com/pub/25%20Wilton%20Road,%20Victoria,%20SW1V%201LW/The%20Willow%20Walk%20-%20JD%20Wetherspoon",https://www.pint-prices.com/borough-results/Westminster,£6.63,2026-07-03T23:10:47+00:00
Westminster,22,Adam & Eve (St James),CARLING,£5.40,5.4,"https://www.pint-prices.com/pub/81%20Petty%20France,%20SW1H%209EX/Adam%20%26%20Eve%20(St%20James)",https://www.pint-prices.com/borough-results/Westminster,£6.63,2026-07-03T23:10:47+00:00
Westminster,23,The Crown and Cushion,GUINNESS,£5.40,5.4,"https://www.pint-prices.com/pub/133-135%20Westminster%20Bridge%20Rd,%20London%20SE1%207HR/The%20Crown%20and%20Cushion",https://www.pint-prices.com/borough-results/Westminster,£6.63,2026-07-03T23:10:47+00:00
Westminster,24,The Crown and Cushion,GUINNESS,£5.40,5.4,"https://www.pint-prices.com/pub/133-135%20Westminster%20Bridge%20Rd,%20London%20SE1%207HR/The%20Crown%20and%20Cushion",https://www.pint-prices.com/borough-results/Westminster,£6.63,2026-07-03T23:10:47+00:00
Westminster,25,Cask Pub & Kitchen,ZINC,£5.50,5.5,"https://www.pint-prices.com/pub/6%20Charlwood%20St,%20Lillington%20and%20Longmoore%20Gardens,%20London%20SW1V%202EE,%20UK/Cask%20Pub%20%26%20Kitchen",https://www.pint-prices.com/borough-results/Westminster,£6.63,2026-07-03T23:10:47+00:00
Westminster,26,Cask Pub & Kitchen,CITRA,£5.50,5.5,"https://www.pint-prices.com/pub/6%20Charlwood%20St,%20Lillington%20and%20Longmoore%20Gardens,%20London%20SW1V%202EE,%20UK/Cask%20Pub%20%26%20Kitchen",https://www.pint-prices.com/borough-results/Westminster,£6.63,2026-07-03T23:10:47+00:00
Westminster,27,Cask Pub & Kitchen,BREWER'S GOLD,£5.50,5.5,"https://www.pint-prices.com/pub/6%20Charlwood%20St,%20Lillington%20and%20Longmoore%20Gardens,%20London%20SW1V%202EE,%20UK/Cask%20Pub%20%26%20Kitchen",https://www.pint-prices.com/borough-results/Westminster,£6.63,2026-07-03T23:10:47+00:00
Westminster,28,The Walrus,AMSTEL,£5.50,5.5,"https://www.pint-prices.com/pub/172%20Westminster%20Bridge%20Rd,%20London%20SE1%207RW/The%20Walrus",https://www.pint-prices.com/borough-results/Westminster,£6.63,2026-07-03T23:10:47+00:00
Westminster,29,The Jolly Gardeners,BITBURGER,£5.50,5.5,"https://www.pint-prices.com/pub/49-51%20Black%20Prince%20Rd,%20London%20SE11%206AB/The%20Jolly%20Gardeners",https://www.pint-prices.com/borough-results/Westminster,£6.63,2026-07-03T23:10:47+00:00
Westminster,30,The Kings Arms,GUINNESS,£5.50,5.5,https://www.pint-prices.com/pub/Se114xd%20/The%20Kings%20Arms,https://www.pint-prices.com/borough-results/Westminster,£6.63,2026-07-03T23:10:47+00:00
Westminster,31,ALMA,GUINNESS,£5.50,5.5,https://www.pint-prices.com/pub/N1%209EX/ALMA,https://www.pint-prices.com/borough-results/Westminster,£6.63,2026-07-03T23:10:47+00:00
Westminster,32,The Lyceum Tavern,DOUBLE FOUR LAGER,£5.60,5.6,"https://www.pint-prices.com/pub/354%20Strand,%20London%20WC2R%200HS/The%20Lyceum%20Tavern",https://www.pint-prices.com/borough-results/Westminster,£6.63,2026-07-03T23:10:47+00:00
Westminster,33,Nolan’s,GUINNESS,£5.70,5.7,"https://www.pint-prices.com/pub/33%20Wilcox%20Rd,%20London%20SW8%202XA/Nolan%E2%80%99s",https://www.pint-prices.com/borough-results/Westminster,£6.63,2026-07-03T23:10:47+00:00
Westminster,34,The Coach & Horses,AMSTEL,£5.70,5.7,"https://www.pint-prices.com/pub/29%20Greek%20St,%20London%20W1D%205DH/The%20Coach%20%26%20Horses",https://www.pint-prices.com/borough-results/Westminster,£6.63,2026-07-03T23:10:47+00:00
Westminster,35,Nolan’s,STELLA,£5.70,5.7,"https://www.pint-prices.com/pub/33%20Wilcox%20Rd,%20London%20SW8%202XA/Nolan%E2%80%99s",https://www.pint-prices.com/borough-results/Westminster,£6.63,2026-07-03T23:10:47+00:00
Westminster,36,The Lemon Tree,AMSTEL,£5.75,5.75,"https://www.pint-prices.com/pub/4%20Bedfordbury,%20London%20WC2N%204BP/The%20Lemon%20Tree",https://www.pint-prices.com/borough-results/Westminster,£6.63,2026-07-03T23:10:47+00:00
Westminster,37,Nolan’s,STAROPRAMEN,£5.75,5.75,"https://www.pint-prices.com/pub/33%20Wilcox%20Rd,%20London%20SW8%202XA/Nolan%E2%80%99s",https://www.pint-prices.com/borough-results/Westminster,£6.63,2026-07-03T23:10:47+00:00
Westminster,38,The Queens Arms,AMSTEL,£5.80,5.8,"https://www.pint-prices.com/pub/11%20Warwick%20Way,%20Pimlico,%20London%20SW1V%201QT,%20UK/The%20Queens%20Arms",https://www.pint-prices.com/borough-results/Westminster,£6.63,2026-07-03T23:10:47+00:00
Westminster,39,Liberty London,AMSTEL,£5.80,5.8,"https://www.pint-prices.com/pub/Regent%20St.,%20Carnaby,%20London%20W1B%205AH/Liberty%20London",https://www.pint-prices.com/borough-results/Westminster,£6.63,2026-07-03T23:10:47+00:00
Westminster,40,The Waterloo Tap,BITBURGER,£5.80,5.8,"https://www.pint-prices.com/pub/Sutton%20Walk,%20London%20SE1%208RL/The%20Waterloo%20Tap",https://www.pint-prices.com/borough-results/Westminster,£6.63,2026-07-03T23:10:47+00:00
Westminster,41,The Coach & Horses,AMSTEL,£5.80,5.8,"https://www.pint-prices.com/pub/42%20Wellington%20St,%20London%20WC2E%207BD/The%20Coach%20%26%20Horses",https://www.pint-prices.com/borough-results/Westminster,£6.63,2026-07-03T23:10:47+00:00
Westminster,42,The Black Dog,BLACK DOG LAGER,£5.80,5.8,"https://www.pint-prices.com/pub/112%20Vauxhall%20Walk,%20London%20SE11%205ER/The%20Black%20Dog",https://www.pint-prices.com/borough-results/Westminster,£6.63,2026-07-03T23:10:47+00:00
Westminster,43,The Black Dog,BLACK DOG LAGER,£5.80,5.8,"https://www.pint-prices.com/pub/112%20Vauxhall%20Walk,%20London%20SE11%205ER/The%20Black%20Dog",https://www.pint-prices.com/borough-results/Westminster,£6.63,2026-07-03T23:10:47+00:00
Westminster,44,Wetherspoons (Victoria Station) - JD Wetherspoon,CARLING,£5.82,5.82,"https://www.pint-prices.com/pub/Unit%205%20(1st%20Floor%20above%20WHSmith),%20Victoria%20Station%20Concourse,%20London%20SW1V%201JT,%20UK/Wetherspoons%20(Victoria%20Station)%20-%20JD%20Wetherspoon",https://www.pint-prices.com/borough-results/Westminster,£6.63,2026-07-03T23:10:47+00:00
Westminster,45,Wetherspoons (Victoria Station) - JD Wetherspoon,COORS,£5.82,5.82,"https://www.pint-prices.com/pub/Unit%205%20(1st%20Floor%20above%20WHSmith),%20Victoria%20Station%20Concourse,%20London%20SW1V%201JT,%20UK/Wetherspoons%20(Victoria%20Station)%20-%20JD%20Wetherspoon",https://www.pint-prices.com/borough-results/Westminster,£6.63,2026-07-03T23:10:47+00:00
Westminster,46,The Willow Walk - JD Wetherspoon,CARLING,£5.82,5.82,"https://www.pint-prices.com/pub/25%20Wilton%20Road,%20Victoria,%20SW1V%201LW/The%20Willow%20Walk%20-%20JD%20Wetherspoon",https://www.pint-prices.com/borough-results/Westminster,£6.63,2026-07-03T23:10:47+00:00
Westminster,47,The Willow Walk - JD Wetherspoon,COORS,£5.82,5.82,"https://www.pint-prices.com/pub/25%20Wilton%20Road,%20Victoria,%20SW1V%201LW/The%20Willow%20Walk%20-%20JD%20Wetherspoon",https://www.pint-prices.com/borough-results/Westminster,£6.63,2026-07-03T23:10:47+00:00
Westminster,48,The Princess of Wales,PRAVHA,£5.85,5.85,"https://www.pint-prices.com/pub/27%20Villiers%20St,%20London%20WC2N%206ND/The%20Princess%20of%20Wales",https://www.pint-prices.com/borough-results/Westminster,£6.63,2026-07-03T23:10:47+00:00
Westminster,49,Wetherspoons (Victoria Station) - JD Wetherspoon,BUDWEISER,£5.89,5.89,"https://www.pint-prices.com/pub/Unit%205%20(1st%20Floor%20above%20WHSmith),%20Victoria%20Station%20Concourse,%20London%20SW1V%201JT,%20UK/Wetherspoons%20(Victoria%20Station)%20-%20JD%20Wetherspoon",https://www.pint-prices.com/borough-results/Westminster,£6.63,2026-07-03T23:10:47+00:00
Westminster,50,The Willow Walk - JD Wetherspoon,BUDWEISER,£5.89,5.89,"https://www.pint-prices.com/pub/25%20Wilton%20Road,%20Victoria,%20SW1V%201LW/The%20Willow%20Walk%20-%20JD%20Wetherspoon",https://www.pint-prices.com/borough-results/Westminster,£6.63,2026-07-03T23:10:47+00:00
Westminster,51,The Camel & Artichoke,AMSTEL,£5.90,5.9,"https://www.pint-prices.com/pub/121%20Lower%20Marsh,%20London%20SE1%207AE/The%20Camel%20%26%20Artichoke",https://www.pint-prices.com/borough-results/Westminster,£6.63,2026-07-03T23:10:47+00:00
Westminster,52,The Windmill,STAROPRAMEN,£5.90,5.9,"https://www.pint-prices.com/pub/44%20Lambeth%20High%20St,%20London%20SE1%207JS/The%20Windmill",https://www.pint-prices.com/borough-results/Westminster,£6.63,2026-07-03T23:10:47+00:00
Westminster,53,The Ship,BUDVAR,£5.90,5.9,https://www.pint-prices.com/pub/SE11%206QR/The%20Ship,https://www.pint-prices.com/borough-results/Westminster,£6.63,2026-07-03T23:10:47+00:00
Westminster,54,Plumbers Arms (Belgravia),PRAVHA,£5.95,5.95,"https://www.pint-prices.com/pub/14%20Lower%20Belgravia%20Street,%20SW1W%200LN/Plumbers%20Arms%20(Belgravia)",https://www.pint-prices.com/borough-results/Westminster,£6.63,2026-07-03T23:10:47+00:00
Westminster,55,Masons Arms (Mayfair),AMSTEL,£6.00,6.0,"https://www.pint-prices.com/pub/Maddox%20Street,%20W1S%201PY/Masons%20Arms%20(Mayfair)",https://www.pint-prices.com/borough-results/Westminster,£6.63,2026-07-03T23:10:47+00:00
Westminster,56,The Duchy Arms,MADRI,£6.00,6.0,"https://www.pint-prices.com/pub/63%20Sancroft%20St,%20London%20SE11%205UG/The%20Duchy%20Arms",https://www.pint-prices.com/borough-results/Westminster,£6.63,2026-07-03T23:10:47+00:00
Westminster,57,The Kings Arms,MADRI,£6.00,6.0,https://www.pint-prices.com/pub/Se114xd%20/The%20Kings%20Arms,https://www.pint-prices.com/borough-results/Westminster,£6.63,2026-07-03T23:10:47+00:00
Westminster,58,The Feathers,PALE ALE,£6.05,6.05,"https://www.pint-prices.com/pub/18-20%20Broadway,%20Greater,%20London%20SW1H%200BH,%20UK/The%20Feathers",https://www.pint-prices.com/borough-results/Westminster,£6.63,2026-07-03T23:10:47+00:00
Westminster,59,The Dog & Duck,AMSTEL,£6.05,6.05,"https://www.pint-prices.com/pub/18%20Bateman%20St,%20London%20W1D%203AJ/The%20Dog%20%26%20Duck",https://www.pint-prices.com/borough-results/Westminster,£6.63,2026-07-03T23:10:47+00:00
Westminster,60,The Ship,CRUZCAMPO,£6.05,6.05,https://www.pint-prices.com/pub/SE11%206QR/The%20Ship,https://www.pint-prices.com/borough-results/Westminster,£6.63,2026-07-03T23:10:47+00:00
Westminster,61,The Victoria,AMSTEL,£6.05,6.05,https://www.pint-prices.com/pub/Belgravia/The%20Victoria,https://www.pint-prices.com/borough-results/Westminster,£6.63,2026-07-03T23:10:47+00:00
Westminster,62,"The White Ferry, Victoria (PUBLOVE)",PRAVHA,£6.10,6.1,"https://www.pint-prices.com/pub/1A%20Sutherland%20St,%20Pimlico,%20London%20SW1V%204LD,%20UK/The%20White%20Ferry,%20Victoria%20(PUBLOVE)",https://www.pint-prices.com/borough-results/Westminster,£6.63,2026-07-03T23:10:47+00:00
Westminster,63,Plumbers Arms (Belgravia),AMSTEL,£6.10,6.1,"https://www.pint-prices.com/pub/14%20Lower%20Belgravia%20Street,%20SW1W%200LN/Plumbers%20Arms%20(Belgravia)",https://www.pint-prices.com/borough-results/Westminster,£6.63,2026-07-03T23:10:47+00:00
Westminster,64,Gloucester,AMSTEL,£6.10,6.1,"https://www.pint-prices.com/pub/187%20Sloane%20Street,%20SW1X%209QR/Gloucester",https://www.pint-prices.com/borough-results/Westminster,£6.63,2026-07-03T23:10:47+00:00
Westminster,65,The Nellie Dean,HEINEKEN,£6.10,6.1,"https://www.pint-prices.com/pub/89%20Dean%20St,%20London%20W1D%203SU/The%20Nellie%20Dean",https://www.pint-prices.com/borough-results/Westminster,£6.63,2026-07-03T23:10:47+00:00
Westminster,66,The Montagu pyke (Wetherspoons),STELLA ARTOIS,£6.13,6.13,https://www.pint-prices.com/pub/WC2H%200DT/The%20Montagu%20pyke%20(Wetherspoons),https://www.pint-prices.com/borough-results/Westminster,£6.63,2026-07-03T23:10:47+00:00
Westminster,67,Albert (Victoria),AMSTEL,£6.15,6.15,"https://www.pint-prices.com/pub/52%20Victoria%20Street,%20SW1H%200NP/Albert%20(Victoria)",https://www.pint-prices.com/borough-results/Westminster,£6.63,2026-07-03T23:10:47+00:00
Westminster,68,Grafton Arms (Victoria),AMSTEL,£6.15,6.15,"https://www.pint-prices.com/pub/2%20Strutton%20Ground,%20SW1P%202HP/Grafton%20Arms%20(Victoria)",https://www.pint-prices.com/borough-results/Westminster,£6.63,2026-07-03T23:10:47+00:00
Westminster,69,Adam & Eve (St James),AMSTEL,£6.15,6.15,"https://www.pint-prices.com/pub/81%20Petty%20France,%20SW1H%209EX/Adam%20%26%20Eve%20(St%20James)",https://www.pint-prices.com/borough-results/Westminster,£6.63,2026-07-03T23:10:47+00:00
Westminster,70,Two Chairmen,AMSTEL,£6.15,6.15,"https://www.pint-prices.com/pub/39%20Dartmouth%20Street,%20SW1H%209BP/Two%20Chairmen",https://www.pint-prices.com/borough-results/Westminster,£6.63,2026-07-03T23:10:47+00:00
Westminster,71,Three Crowns (Picaddilly),AMSTEL,£6.15,6.15,"https://www.pint-prices.com/pub/19%20Babmaes%20Street,%20SW1Y%206HD/Three%20Crowns%20(Picaddilly)",https://www.pint-prices.com/borough-results/Westminster,£6.63,2026-07-03T23:10:47+00:00
Westminster,72,Coach & Horses,AMSTEL,£6.15,6.15,"https://www.pint-prices.com/pub/1%20Great%20Malborough%20Street,%20W1F%207HG/Coach%20%26%20Horses",https://www.pint-prices.com/borough-results/Westminster,£6.63,2026-07-03T23:10:47+00:00
Westminster,73,Duke of York,AMSTEL,£6.15,6.15,"https://www.pint-prices.com/pub/8%20Dering%20Street,%20W1S%201AF/Duke%20of%20York",https://www.pint-prices.com/borough-results/Westminster,£6.63,2026-07-03T23:10:47+00:00
Westminster,74,Three Tuns,AMSTEL,£6.15,6.15,"https://www.pint-prices.com/pub/1%20Portman%20Mews%20South,%20W1H%206HP/Three%20Tuns",https://www.pint-prices.com/borough-results/Westminster,£6.63,2026-07-03T23:10:47+00:00
Westminster,75,Two Brewers,AMSTEL,£6.15,6.15,"https://www.pint-prices.com/pub/40%20Monmouth%20Street,%20WC2H%209EP/Two%20Brewers",https://www.pint-prices.com/borough-results/Westminster,£6.63,2026-07-03T23:10:47+00:00
Westminster,76,The Clarence,PRAVHA,£6.15,6.15,"https://www.pint-prices.com/pub/4%20Dover%20St,%20Greater,%20London%20W1S%204LB/The%20Clarence",https://www.pint-prices.com/borough-results/Westminster,£6.63,2026-07-03T23:10:47+00:00
Westminster,77,The Kings Head,PRAVHA,£6.15,6.15,"https://www.pint-prices.com/pub/10%20Stafford%20St,%20London%20W1S%204RX/The%20Kings%20Head",https://www.pint-prices.com/borough-results/Westminster,£6.63,2026-07-03T23:10:47+00:00
Westminster,78,The Pilgrim Pub,HOBGOBLIN,£6.20,6.2,"https://www.pint-prices.com/pub/247%20Kennington%20Ln,%20London%20SE11%205QU/The%20Pilgrim%20Pub",https://www.pint-prices.com/borough-results/Westminster,£6.63,2026-07-03T23:10:47+00:00
Westminster,79,Colonies (Victoria),AMSTEL,£6.20,6.2,"https://www.pint-prices.com/pub/25%20Wilfred%20Street,%20SWE1%206PR/Colonies%20(Victoria)",https://www.pint-prices.com/borough-results/Westminster,£6.63,2026-07-03T23:10:47+00:00
Westminster,80,The Lyric,BUDVAR,£6.20,6.2,"https://www.pint-prices.com/pub/37%20Great%20Windmill%20St,%20London%20W1D%207LT/The%20Lyric",https://www.pint-prices.com/borough-results/Westminster,£6.63,2026-07-03T23:10:47+00:00
Westminster,81,The Wellington,HEINEKEN,£6.20,6.2,"https://www.pint-prices.com/pub/81-83%20Waterloo%20Rd,%20London%20SE1%208UD/The%20Wellington",https://www.pint-prices.com/borough-results/Westminster,£6.63,2026-07-03T23:10:47+00:00
Westminster,82,The Jolly Gardeners,FOREST ROAD POSH LAGER,£6.20,6.2,"https://www.pint-prices.com/pub/49-51%20Black%20Prince%20Rd,%20London%20SE11%206AB/The%20Jolly%20Gardeners",https://www.pint-prices.com/borough-results/Westminster,£6.63,2026-07-03T23:10:47+00:00
Westminster,83,The Jolly Gardeners,BENEDIKTINER,£6.20,6.2,"https://www.pint-prices.com/pub/49-51%20Black%20Prince%20Rd,%20London%20SE11%206AB/The%20Jolly%20Gardeners",https://www.pint-prices.com/borough-results/Westminster,£6.63,2026-07-03T23:10:47+00:00
Westminster,84,Flight Club,AMSTEL,£6.20,6.2,https://www.pint-prices.com/pub/Victoria/Flight%20Club,https://www.pint-prices.com/borough-results/Westminster,£6.63,2026-07-03T23:10:47+00:00
Westminster,85,Shakespeares Head (Soho),AMSTEL,£6.25,6.25,"https://www.pint-prices.com/pub/29%20Great%20Malborough%20Street,%20W1F%207HZ/Shakespeares%20Head%20(Soho)",https://www.pint-prices.com/borough-results/Westminster,£6.63,2026-07-03T23:10:47+00:00
Westminster,86,Silver Cross,AMSTEL,£6.25,6.25,"https://www.pint-prices.com/pub/33%20Whitehall,%20SW1A%202BX/Silver%20Cross",https://www.pint-prices.com/borough-results/Westminster,£6.63,2026-07-03T23:10:47+00:00
Westminster,87,Two Brewers,GUINNESS,£6.25,6.25,"https://www.pint-prices.com/pub/40%20Monmouth%20Street,%20WC2H%209EP/Two%20Brewers",https://www.pint-prices.com/borough-results/Westminster,£6.63,2026-07-03T23:10:47+00:00
Westminster,88,Shakespeare (Victoria),AMSTEL,£6.30,6.3,"https://www.pint-prices.com/pub/99%20Buckingham%20Palace%20Road,%20SW1W%200RP/Shakespeare%20(Victoria)",https://www.pint-prices.com/borough-results/Westminster,£6.63,2026-07-03T23:10:47+00:00
Westminster,89,Chelsea Potter,AMSTEL,£6.30,6.3,"https://www.pint-prices.com/pub/119%20Kings%20Road,%20SW3%204PL/Chelsea%20Potter",https://www.pint-prices.com/borough-results/Westminster,£6.63,2026-07-03T23:10:47+00:00
Westminster,90,Paxtons Head,AMSTEL,£6.30,6.3,"https://www.pint-prices.com/pub/153%20Knightsbridge,%20SW1X%207PA/Paxtons%20Head",https://www.pint-prices.com/borough-results/Westminster,£6.63,2026-07-03T23:10:47+00:00
Westminster,91,Round Table,AMSTEL,£6.30,6.3,"https://www.pint-prices.com/pub/26-27%20St%20Martins%20Court,%20WC2N%204AL/Round%20Table",https://www.pint-prices.com/borough-results/Westminster,£6.63,2026-07-03T23:10:47+00:00
Westminster,92,Round Table,GUINNESS,£6.30,6.3,"https://www.pint-prices.com/pub/26-27%20St%20Martins%20Court,%20WC2N%204AL/Round%20Table",https://www.pint-prices.com/borough-results/Westminster,£6.63,2026-07-03T23:10:47+00:00
Westminster,93,The George IV,CAMDEN HELLS,£6.30,6.3,"https://www.pint-prices.com/pub/28%20Portugal%20St,%20London%20WC2A%202HE/The%20George%20IV",https://www.pint-prices.com/borough-results/Westminster,£6.63,2026-07-03T23:10:47+00:00
Westminster,94,The Horse & Stables,BREW BY NUMBERS 32,£6.30,6.3,"https://www.pint-prices.com/pub/122-124%20Westminster%20Bridge%20Rd,%20London%20SE1%207RW/The%20Horse%20%26%20Stables",https://www.pint-prices.com/borough-results/Westminster,£6.63,2026-07-03T23:10:47+00:00
Westminster,95,The Admiralty,AMSTEL,£6.30,6.3,"https://www.pint-prices.com/pub/66%20Trafalgar%20Sq,%20St.%20James's,%20London%20WC2N%205DS/The%20Admiralty",https://www.pint-prices.com/borough-results/Westminster,£6.63,2026-07-03T23:10:47+00:00
Westminster,96,Wetherspoons (Victoria Station) - JD Wetherspoon,STELLA ARTOIS,£6.33,6.33,"https://www.pint-prices.com/pub/Unit%205%20(1st%20Floor%20above%20WHSmith),%20Victoria%20Station%20Concourse,%20London%20SW1V%201JT,%20UK/Wetherspoons%20(Victoria%20Station)%20-%20JD%20Wetherspoon",https://www.pint-prices.com/borough-results/Westminster,£6.63,2026-07-03T23:10:47+00:00
Westminster,97,The Willow Walk - JD Wetherspoon,STELLA ARTOIS,£6.33,6.33,"https://www.pint-prices.com/pub/25%20Wilton%20Road,%20Victoria,%20SW1V%201LW/The%20Willow%20Walk%20-%20JD%20Wetherspoon",https://www.pint-prices.com/borough-results/Westminster,£6.63,2026-07-03T23:10:47+00:00
Westminster,98,Travellers Tavern (Belgravia),AMSTEL,£6.35,6.35,"https://www.pint-prices.com/pub/4%20Elizabeth%20Street,%20Belgravia,%20SW1W%209RB/Travellers%20Tavern%20(Belgravia)",https://www.pint-prices.com/borough-results/Westminster,£6.63,2026-07-03T23:10:47+00:00
Westminster,99,Plumbers Arms (Belgravia),GUINNESS,£6.35,6.35,"https://www.pint-prices.com/pub/14%20Lower%20Belgravia%20Street,%20SW1W%200LN/Plumbers%20Arms%20(Belgravia)",https://www.pint-prices.com/borough-results/Westminster,£6.63,2026-07-03T23:10:47+00:00
Westminster,100,Colonies (Victoria),GUINNESS,£6.35,6.35,"https://www.pint-prices.com/pub/25%20Wilfred%20Street,%20SWE1%206PR/Colonies%20(Victoria)",https://www.pint-prices.com/borough-results/Westminster,£6.63,2026-07-03T23:10:47+00:00
Westminster,101,Greencoat Boy (Victoria),GUINNESS,£6.35,6.35,"https://www.pint-prices.com/pub/2%20Greencoat%20Place,%20SW1P%201PJ/Greencoat%20Boy%20(Victoria)",https://www.pint-prices.com/borough-results/Westminster,£6.63,2026-07-03T23:10:47+00:00
Westminster,102,Grafton Arms (Victoria),GUINNESS,£6.35,6.35,"https://www.pint-prices.com/pub/2%20Strutton%20Ground,%20SW1P%202HP/Grafton%20Arms%20(Victoria)",https://www.pint-prices.com/borough-results/Westminster,£6.63,2026-07-03T23:10:47+00:00
Westminster,103,Adam & Eve (St James),GUINNESS,£6.35,6.35,"https://www.pint-prices.com/pub/81%20Petty%20France,%20SW1H%209EX/Adam%20%26%20Eve%20(St%20James)",https://www.pint-prices.com/borough-results/Westminster,£6.63,2026-07-03T23:10:47+00:00
Westminster,104,Old Star (Westminster),GUINNESS,£6.35,6.35,"https://www.pint-prices.com/pub/66%20Broadway,%20SW1H%200DB/Old%20Star%20(Westminster)",https://www.pint-prices.com/borough-results/Westminster,£6.63,2026-07-03T23:10:47+00:00
Westminster,105,Two Chairmen,GUINNESS,£6.35,6.35,"https://www.pint-prices.com/pub/39%20Dartmouth%20Street,%20SW1H%209BP/Two%20Chairmen",https://www.pint-prices.com/borough-results/Westminster,£6.63,2026-07-03T23:10:47+00:00
Westminster,106,Rose & Crown (Mayfair),AMSTEL,£6.35,6.35,"https://www.pint-prices.com/pub/2%20Old%20Park%20Lane,%20WK1%201QN/Rose%20%26%20Crown%20(Mayfair)",https://www.pint-prices.com/borough-results/Westminster,£6.63,2026-07-03T23:10:47+00:00
Westminster,107,Leicester Arms (Piccadilly),AMSTEL,£6.35,6.35,"https://www.pint-prices.com/pub/44%20Glasshouse%20Street,%20W1B%205DP/Leicester%20Arms%20(Piccadilly)",https://www.pint-prices.com/borough-results/Westminster,£6.63,2026-07-03T23:10:47+00:00
Westminster,108,Glass Blower (Piccadilly),GUINNESS,£6.35,6.35,"https://www.pint-prices.com/pub/40-42%20Glasshouse%20Street,%20W1B%205JY/Glass%20Blower%20(Piccadilly)",https://www.pint-prices.com/borough-results/Westminster,£6.63,2026-07-03T23:10:47+00:00
Westminster,109,Masons Arms (Mayfair),GUINNESS,£6.35,6.35,"https://www.pint-prices.com/pub/Maddox%20Street,%20W1S%201PY/Masons%20Arms%20(Mayfair)",https://www.pint-prices.com/borough-results/Westminster,£6.63,2026-07-03T23:10:47+00:00
Westminster,110,Silver Cross,GUINNESS,£6.35,6.35,"https://www.pint-prices.com/pub/33%20Whitehall,%20SW1A%202BX/Silver%20Cross",https://www.pint-prices.com/borough-results/Westminster,£6.63,2026-07-03T23:10:47+00:00
Westminster,111,Garrick Arms,AMSTEL,£6.35,6.35,"https://www.pint-prices.com/pub/8-10%20Charing%20Cross,%20WC2H%200HG/Garrick%20Arms",https://www.pint-prices.com/borough-results/Westminster,£6.63,2026-07-03T23:10:47+00:00
Westminster,112,Imperial,AMSTEL,£6.35,6.35,"https://www.pint-prices.com/pub/5%20Leicester%20Street,%20WC2H%207BL/Imperial",https://www.pint-prices.com/borough-results/Westminster,£6.63,2026-07-03T23:10:47+00:00
Westminster,113,Coach & Horses,GUINNESS,£6.35,6.35,"https://www.pint-prices.com/pub/1%20Great%20Malborough%20Street,%20W1F%207HG/Coach%20%26%20Horses",https://www.pint-prices.com/borough-results/Westminster,£6.63,2026-07-03T23:10:47+00:00
Westminster,114,Three Tuns,GUINNESS,£6.35,6.35,"https://www.pint-prices.com/pub/1%20Portman%20Mews%20South,%20W1H%206HP/Three%20Tuns",https://www.pint-prices.com/borough-results/Westminster,£6.63,2026-07-03T23:10:47+00:00
Westminster,115,City of Quebec,GUINNESS,£6.35,6.35,"https://www.pint-prices.com/pub/12%20Old%20Quebec%20Street,%20W1H%207AF/City%20of%20Quebec",https://www.pint-prices.com/borough-results/Westminster,£6.63,2026-07-03T23:10:47+00:00
Westminster,116,Ye Olde Cock Tavern,GUINNESS,£6.35,6.35,"https://www.pint-prices.com/pub/22%20Fleet%20Street,%20EC4Y%201AA/Ye%20Olde%20Cock%20Tavern",https://www.pint-prices.com/borough-results/Westminster,£6.63,2026-07-03T23:10:47+00:00
Westminster,117,The Coal Hole,AMSTEL,£6.35,6.35,"https://www.pint-prices.com/pub/91-92%20Strand,%20London%20WC2R%200DW/The%20Coal%20Hole",https://www.pint-prices.com/borough-results/Westminster,£6.63,2026-07-03T23:10:47+00:00
Westminster,118,The Old Spades,LONDON PALE ALE,£6.35,6.35,"https://www.pint-prices.com/pub/37%20Whitehall,%20London%20SW1A%202BX/The%20Old%20Spades",https://www.pint-prices.com/borough-results/Westminster,£6.63,2026-07-03T23:10:47+00:00
Westminster,119,Shakespeare (Victoria),GUINNESS,£6.40,6.4,"https://www.pint-prices.com/pub/99%20Buckingham%20Palace%20Road,%20SW1W%200RP/Shakespeare%20(Victoria)",https://www.pint-prices.com/borough-results/Westminster,£6.63,2026-07-03T23:10:47+00:00
Westminster,120,Gloucester,GUINNESS,£6.40,6.4,"https://www.pint-prices.com/pub/187%20Sloane%20Street,%20SW1X%209QR/Gloucester",https://www.pint-prices.com/borough-results/Westminster,£6.63,2026-07-03T23:10:47+00:00
Westminster,121,Three Crowns (Picaddilly),GUINNESS,£6.40,6.4,"https://www.pint-prices.com/pub/19%20Babmaes%20Street,%20SW1Y%206HD/Three%20Crowns%20(Picaddilly)",https://www.pint-prices.com/borough-results/Westminster,£6.63,2026-07-03T23:10:47+00:00
Westminster,122,Golden Lion (Soho),GUINNESS,£6.40,6.4,"https://www.pint-prices.com/pub/51%20Dean%20Street,%20W1D%205BH/Golden%20Lion%20(Soho)",https://www.pint-prices.com/borough-results/Westminster,£6.63,2026-07-03T23:10:47+00:00
Westminster,123,Duke of York,GUINNESS,£6.40,6.4,"https://www.pint-prices.com/pub/8%20Dering%20Street,%20W1S%201AF/Duke%20of%20York",https://www.pint-prices.com/borough-results/Westminster,£6.63,2026-07-03T23:10:47+00:00
Westminster,124,City of Quebec,STELLA ARTOIS,£6.40,6.4,"https://www.pint-prices.com/pub/12%20Old%20Quebec%20Street,%20W1H%207AF/City%20of%20Quebec",https://www.pint-prices.com/borough-results/Westminster,£6.63,2026-07-03T23:10:47+00:00
Westminster,125,Prince of Wales (Covent Garden),GUINNESS,£6.40,6.4,"https://www.pint-prices.com/pub/150%20Drury%20Lane,%20WC2B%205TD/Prince%20of%20Wales%20(Covent%20Garden)",https://www.pint-prices.com/borough-results/Westminster,£6.63,2026-07-03T23:10:47+00:00
Westminster,126,Ye Olde Cock Tavern,NECK OIL,£6.40,6.4,"https://www.pint-prices.com/pub/22%20Fleet%20Street,%20EC4Y%201AA/Ye%20Olde%20Cock%20Tavern",https://www.pint-prices.com/borough-results/Westminster,£6.63,2026-07-03T23:10:47+00:00
Westminster,127,The Duke of Argyll,TADDY LAGER,£6.40,6.4,"https://www.pint-prices.com/pub/37%20Brewer%20St,%20London%20W1F%200RY/The%20Duke%20of%20Argyll",https://www.pint-prices.com/borough-results/Westminster,£6.63,2026-07-03T23:10:47+00:00
Westminster,128,The Glasshouse Stores,TADDY LAGER,£6.40,6.4,"https://www.pint-prices.com/pub/55%20Brewer%20St,%20London%20W1F%209UJ/The%20Glasshouse%20Stores",https://www.pint-prices.com/borough-results/Westminster,£6.63,2026-07-03T23:10:47+00:00
Westminster,129,The Prince Albert,FOSTERS,£6.40,6.4,https://www.pint-prices.com/pub/SW13%209QQ/The%20Prince%20Albert,https://www.pint-prices.com/borough-results/Westminster,£6.63,2026-07-03T23:10:47+00:00
Westminster,130,Wetherspoons (Victoria Station) - JD Wetherspoon,SAN MIGUEL,£6.44,6.44,"https://www.pint-prices.com/pub/Unit%205%20(1st%20Floor%20above%20WHSmith),%20Victoria%20Station%20Concourse,%20London%20SW1V%201JT,%20UK/Wetherspoons%20(Victoria%20Station)%20-%20JD%20Wetherspoon",https://www.pint-prices.com/borough-results/Westminster,£6.63,2026-07-03T23:10:47+00:00
Westminster,131,Wetherspoons (Victoria Station) - JD Wetherspoon,STAROPRAMEN,£6.44,6.44,"https://www.pint-prices.com/pub/Unit%205%20(1st%20Floor%20above%20WHSmith),%20Victoria%20Station%20Concourse,%20London%20SW1V%201JT,%20UK/Wetherspoons%20(Victoria%20Station)%20-%20JD%20Wetherspoon",https://www.pint-prices.com/borough-results/Westminster,£6.63,2026-07-03T23:10:47+00:00
Westminster,132,The Willow Walk - JD Wetherspoon,CORONA,£6.44,6.44,"https://www.pint-prices.com/pub/25%20Wilton%20Road,%20Victoria,%20SW1V%201LW/The%20Willow%20Walk%20-%20JD%20Wetherspoon",https://www.pint-prices.com/borough-results/Westminster,£6.63,2026-07-03T23:10:47+00:00
Westminster,133,The Willow Walk - JD Wetherspoon,SAN MIGUEL,£6.44,6.44,"https://www.pint-prices.com/pub/25%20Wilton%20Road,%20Victoria,%20SW1V%201LW/The%20Willow%20Walk%20-%20JD%20Wetherspoon",https://www.pint-prices.com/borough-results/Westminster,£6.63,2026-07-03T23:10:47+00:00
Westminster,134,The Willow Walk - JD Wetherspoon,STAROPRAMEN,£6.44,6.44,"https://www.pint-prices.com/pub/25%20Wilton%20Road,%20Victoria,%20SW1V%201LW/The%20Willow%20Walk%20-%20JD%20Wetherspoon",https://www.pint-prices.com/borough-results/Westminster,£6.63,2026-07-03T23:10:47+00:00
Westminster,135,Travellers Tavern (Belgravia),GUINNESS,£6.45,6.45,"https://www.pint-prices.com/pub/4%20Elizabeth%20Street,%20Belgravia,%20SW1W%209RB/Travellers%20Tavern%20(Belgravia)",https://www.pint-prices.com/borough-results/Westminster,£6.63,2026-07-03T23:10:47+00:00
Westminster,136,Bag O'Nails (Victoria),GUINNESS,£6.45,6.45,"https://www.pint-prices.com/pub/6%20Buckingham%20Palace%20Road,%20SW1W%200PP/Bag%20O'Nails%20(Victoria)",https://www.pint-prices.com/borough-results/Westminster,£6.63,2026-07-03T23:10:47+00:00
Westminster,137,Leicester Arms (Piccadilly),GUINNESS,£6.45,6.45,"https://www.pint-prices.com/pub/44%20Glasshouse%20Street,%20W1B%205DP/Leicester%20Arms%20(Piccadilly)",https://www.pint-prices.com/borough-results/Westminster,£6.63,2026-07-03T23:10:47+00:00
Westminster,138,Shakespeares Head (Soho),GUINNESS,£6.45,6.45,"https://www.pint-prices.com/pub/29%20Great%20Malborough%20Street,%20W1F%207HZ/Shakespeares%20Head%20(Soho)",https://www.pint-prices.com/borough-results/Westminster,£6.63,2026-07-03T23:10:47+00:00
Westminster,139,Sherlock Holmes,AMSTEL,£6.45,6.45,"https://www.pint-prices.com/pub/10%20Northumberland%20Street,%20WC2N%205DB/Sherlock%20Holmes",https://www.pint-prices.com/borough-results/Westminster,£6.63,2026-07-03T23:10:47+00:00
Westminster,140,Salisbury,AMSTEL,£6.45,6.45,"https://www.pint-prices.com/pub/90%20St%20Martins%20Lane,%20WC2N%204AP/Salisbury",https://www.pint-prices.com/borough-results/Westminster,£6.63,2026-07-03T23:10:47+00:00
Westminster,141,Salisbury,GUINNESS,£6.45,6.45,"https://www.pint-prices.com/pub/90%20St%20Martins%20Lane,%20WC2N%204AP/Salisbury",https://www.pint-prices.com/borough-results/Westminster,£6.63,2026-07-03T23:10:47+00:00
Westminster,142,Golden Lion (Soho),AMSTEL,£6.45,6.45,"https://www.pint-prices.com/pub/51%20Dean%20Street,%20W1D%205BH/Golden%20Lion%20(Soho)",https://www.pint-prices.com/borough-results/Westminster,£6.63,2026-07-03T23:10:47+00:00
Westminster,143,Crown (Covent Garden),GUINNESS,£6.45,6.45,"https://www.pint-prices.com/pub/43%20Monmouth%20Street,%20WC2H%209DD/Crown%20(Covent%20Garden)",https://www.pint-prices.com/borough-results/Westminster,£6.63,2026-07-03T23:10:47+00:00
Westminster,144,Cask Pub & Kitchen,FLENSBURGER,£6.50,6.5,"https://www.pint-prices.com/pub/6%20Charlwood%20St,%20Lillington%20and%20Longmoore%20Gardens,%20London%20SW1V%202EE,%20UK/Cask%20Pub%20%26%20Kitchen",https://www.pint-prices.com/borough-results/Westminster,£6.63,2026-07-03T23:10:47+00:00
Westminster,145,The Botanist,BRIXTON ATLANTIC PALE ALE,£6.50,6.5,"https://www.pint-prices.com/pub/7%20Sloane%20Square,%20London%20SW1W%208EE/The%20Botanist",https://www.pint-prices.com/borough-results/Westminster,£6.63,2026-07-03T23:10:47+00:00
Westminster,146,Chelsea Potter,GUINNESS,£6.50,6.5,"https://www.pint-prices.com/pub/119%20Kings%20Road,%20SW3%204PL/Chelsea%20Potter",https://www.pint-prices.com/borough-results/Westminster,£6.63,2026-07-03T23:10:47+00:00
Westminster,147,Kings Arms (Mayfair),GUINNESS,£6.50,6.5,"https://www.pint-prices.com/pub/2%20Shepherd%20MArket,%20W1J%207QA/Kings%20Arms%20(Mayfair)",https://www.pint-prices.com/borough-results/Westminster,£6.63,2026-07-03T23:10:47+00:00
Westminster,148,Blue Posts,GUINNESS,£6.50,6.5,"https://www.pint-prices.com/pub/6%20Bennet%20Street,%20SW1A%201RP/Blue%20Posts",https://www.pint-prices.com/borough-results/Westminster,£6.63,2026-07-03T23:10:47+00:00
Westminster,149,Brewmaster,GUINNESS,£6.50,6.5,"https://www.pint-prices.com/pub/37%20Cranbourn%20Street,%20WC2H%207AD/Brewmaster",https://www.pint-prices.com/borough-results/Westminster,£6.63,2026-07-03T23:10:47+00:00
Westminster,150,City of Quebec,SAN MIGUEL,£6.50,6.5,"https://www.pint-prices.com/pub/12%20Old%20Quebec%20Street,%20W1H%207AF/City%20of%20Quebec",https://www.pint-prices.com/borough-results/Westminster,£6.63,2026-07-03T23:10:47+00:00
Westminster,151,Maple Leaf,GUINNESS,£6.50,6.5,"https://www.pint-prices.com/pub/41%20Maiden%20Lane,%20WC2E%207LJ/Maple%20Leaf",https://www.pint-prices.com/borough-results/Westminster,£6.63,2026-07-03T23:10:47+00:00
Westminster,152,The Seven Stars,BITBURGER,£6.50,6.5,"https://www.pint-prices.com/pub/53%20Carey%20St,%20London%20WC2A%203QS/The%20Seven%20Stars",https://www.pint-prices.com/borough-results/Westminster,£6.63,2026-07-03T23:10:47+00:00
Westminster,153,"The Toucan,",GUINNESS,£6.50,6.5,"https://www.pint-prices.com/pub/19%20Carlisle%20St,%20London%20W1D%203BY/The%20Toucan,",https://www.pint-prices.com/borough-results/Westminster,£6.63,2026-07-03T23:10:47+00:00
Westminster,154,The Goat Tavern,ESTRELLA,£6.50,6.5,"https://www.pint-prices.com/pub/3%20Stafford%20St,%20London%20W1S%204RP/The%20Goat%20Tavern",https://www.pint-prices.com/borough-results/Westminster,£6.63,2026-07-03T23:10:47+00:00
Westminster,155,The Footman,GUINNESS,£6.50,6.5,"https://www.pint-prices.com/pub/5%20Charles%20Street,%20London%20W1J%205DF/The%20Footman",https://www.pint-prices.com/borough-results/Westminster,£6.63,2026-07-03T23:10:47+00:00
Westminster,156,The Chequers Tavern,GUINNESS,£6.50,6.5,"https://www.pint-prices.com/pub/16%20Duke%20Street%20St%20James's,%20St.%20James's,%20London%20SW1Y%206DB/The%20Chequers%20Tavern",https://www.pint-prices.com/borough-results/Westminster,£6.63,2026-07-03T23:10:47+00:00
Westminster,157,The Chequers Tavern,GUINNESS,£6.50,6.5,"https://www.pint-prices.com/pub/16%20Duke%20Street%20St%20James's,%20St.%20James's,%20London%20SW1Y%206DB/The%20Chequers%20Tavern",https://www.pint-prices.com/borough-results/Westminster,£6.63,2026-07-03T23:10:47+00:00
Westminster,158,The Feathers,PRAVHA,£6.55,6.55,"https://www.pint-prices.com/pub/18-20%20Broadway,%20Greater,%20London%20SW1H%200BH,%20UK/The%20Feathers",https://www.pint-prices.com/borough-results/Westminster,£6.63,2026-07-03T23:10:47+00:00
Westminster,159,The St George's Tavern,AMSTEL,£6.55,6.55,"https://www.pint-prices.com/pub/14%20Belgrave%20Rd,%20Greater,%20Pimlico,%20London%20SW1V%201QD,%20UK/The%20St%20George's%20Tavern",https://www.pint-prices.com/borough-results/Westminster,£6.63,2026-07-03T23:10:47+00:00
Westminster,160,Coach & Horse (Mayfair),GUINNESS,£6.55,6.55,"https://www.pint-prices.com/pub/5%20Bruton%20Street,%20W1J%206PT/Coach%20%26%20Horse%20(Mayfair)",https://www.pint-prices.com/borough-results/Westminster,£6.63,2026-07-03T23:10:47+00:00
Westminster,161,Sherlock Holmes,GUINNESS,£6.55,6.55,"https://www.pint-prices.com/pub/10%20Northumberland%20Street,%20WC2N%205DB/Sherlock%20Holmes",https://www.pint-prices.com/borough-results/Westminster,£6.63,2026-07-03T23:10:47+00:00
Westminster,162,Garrick Arms,GUINNESS,£6.55,6.55,"https://www.pint-prices.com/pub/8-10%20Charing%20Cross,%20WC2H%200HG/Garrick%20Arms",https://www.pint-prices.com/borough-results/Westminster,£6.63,2026-07-03T23:10:47+00:00
Westminster,163,Imperial,GUINNESS,£6.55,6.55,"https://www.pint-prices.com/pub/5%20Leicester%20Street,%20WC2H%207BL/Imperial",https://www.pint-prices.com/borough-results/Westminster,£6.63,2026-07-03T23:10:47+00:00
Westminster,164,The Chesterfield Arms,PAULANER,£6.55,6.55,"https://www.pint-prices.com/pub/50%20Hertford%20St,%20London%20W1J%207SS/The%20Chesterfield%20Arms",https://www.pint-prices.com/borough-results/Westminster,£6.63,2026-07-03T23:10:47+00:00
Westminster,165,Travellers Tavern (Belgravia),MADRI,£6.60,6.6,"https://www.pint-prices.com/pub/4%20Elizabeth%20Street,%20Belgravia,%20SW1W%209RB/Travellers%20Tavern%20(Belgravia)",https://www.pint-prices.com/borough-results/Westminster,£6.63,2026-07-03T23:10:47+00:00
Westminster,166,Ye Olde Cock Tavern,MADRI,£6.60,6.6,"https://www.pint-prices.com/pub/22%20Fleet%20Street,%20EC4Y%201AA/Ye%20Olde%20Cock%20Tavern",https://www.pint-prices.com/borough-results/Westminster,£6.63,2026-07-03T23:10:47+00:00
Westminster,167,The Royal George,CAMDEN HELLS,£6.60,6.6,"https://www.pint-prices.com/pub/133%20Charing%20Cross%20Rd,%20London%20WC2H%200EA/The%20Royal%20George",https://www.pint-prices.com/borough-results/Westminster,£6.63,2026-07-03T23:10:47+00:00
Westminster,168,The Wilton Arms,ASAHI,£6.60,6.6,"https://www.pint-prices.com/pub/71%20Kinnerton%20St,%20London%20SW1X%208ED/The%20Wilton%20Arms",https://www.pint-prices.com/borough-results/Westminster,£6.63,2026-07-03T23:10:47+00:00
Westminster,169,The Court,GUINNESS,£6.60,6.6,https://www.pint-prices.com/pub/W1T%205AA/The%20Court,https://www.pint-prices.com/borough-results/Westminster,£6.63,2026-07-03T23:10:47+00:00
Westminster,170,Albert (Victoria),GUINNESS,£6.65,6.65,"https://www.pint-prices.com/pub/52%20Victoria%20Street,%20SW1H%200NP/Albert%20(Victoria)",https://www.pint-prices.com/borough-results/Westminster,£6.63,2026-07-03T23:10:47+00:00
Westminster,171,Tattersalls Tavern,GUINNESS,£6.65,6.65,"https://www.pint-prices.com/pub/1%20Knightsbridge%20Green,%20SW1x%207QA/Tattersalls%20Tavern",https://www.pint-prices.com/borough-results/Westminster,£6.63,2026-07-03T23:10:47+00:00
Westminster,172,The Thomas Cubitt Pub Belgravia,FREEDOM,£6.70,6.7,"https://www.pint-prices.com/pub/44%20Elizabeth%20St,%20London%20SW1W%209PA,%20UK/The%20Thomas%20Cubitt%20Pub%20Belgravia",https://www.pint-prices.com/borough-results/Westminster,£6.63,2026-07-03T23:10:47+00:00
Westminster,173,Plumbers Arms (Belgravia),MADRI,£6.70,6.7,"https://www.pint-prices.com/pub/14%20Lower%20Belgravia%20Street,%20SW1W%200LN/Plumbers%20Arms%20(Belgravia)",https://www.pint-prices.com/borough-results/Westminster,£6.63,2026-07-03T23:10:47+00:00
Westminster,174,Paxtons Head,GUINNESS,£6.70,6.7,"https://www.pint-prices.com/pub/153%20Knightsbridge,%20SW1X%207PA/Paxtons%20Head",https://www.pint-prices.com/borough-results/Westminster,£6.63,2026-07-03T23:10:47+00:00
Westminster,175,Rose & Crown (Mayfair),GUINNESS,£6.70,6.7,"https://www.pint-prices.com/pub/2%20Old%20Park%20Lane,%20WK1%201QN/Rose%20%26%20Crown%20(Mayfair)",https://www.pint-prices.com/borough-results/Westminster,£6.63,2026-07-03T23:10:47+00:00
Westminster,176,The Nags Head,AMSTEL,£6.70,6.7,"https://www.pint-prices.com/pub/10%20James%20St,%20London%20WC2E88T/The%20Nags%20Head",https://www.pint-prices.com/borough-results/Westminster,£6.63,2026-07-03T23:10:47+00:00
Westminster,177,The White Hart,ESTRELLA,£6.70,6.7,"https://www.pint-prices.com/pub/29%20Cornwall%20Rd,%20London%20SE1%208TJ/The%20White%20Hart",https://www.pint-prices.com/borough-results/Westminster,£6.63,2026-07-03T23:10:47+00:00
Westminster,178,The Phoenix,ESTRELLA,£6.70,6.7,"https://www.pint-prices.com/pub/23%20Smith%20St,%20London%20SW3%204EW/The%20Phoenix",https://www.pint-prices.com/borough-results/Westminster,£6.63,2026-07-03T23:10:47+00:00
Westminster,179,The Grenadier,BIRRA MORETTI,£6.70,6.7,"https://www.pint-prices.com/pub/18%20Wilton%20Row,%20London%20SW1X%207NR/The%20Grenadier",https://www.pint-prices.com/borough-results/Westminster,£6.63,2026-07-03T23:10:47+00:00
Westminster,180,The Kings Arms,LONDON PILSNER,£6.70,6.7,"https://www.pint-prices.com/pub/2%20Shepherd%20Market,%20London%20W1J%207QA/The%20Kings%20Arms",https://www.pint-prices.com/borough-results/Westminster,£6.63,2026-07-03T23:10:47+00:00
Westminster,181,The Punchbowl,HEINEKEN,£6.70,6.7,"https://www.pint-prices.com/pub/41%20Farm%20St,%20London%20W1J%205RP/The%20Punchbowl",https://www.pint-prices.com/borough-results/Westminster,£6.63,2026-07-03T23:10:47+00:00
Westminster,182,The Jolly Gardeners,GUINNESS,£6.70,6.7,"https://www.pint-prices.com/pub/49-51%20Black%20Prince%20Rd,%20London%20SE11%206AB/The%20Jolly%20Gardeners",https://www.pint-prices.com/borough-results/Westminster,£6.63,2026-07-03T23:10:47+00:00
Westminster,183,Wetherspoons (Victoria Station) - JD Wetherspoon,CORONA,£6.73,6.73,"https://www.pint-prices.com/pub/Unit%205%20(1st%20Floor%20above%20WHSmith),%20Victoria%20Station%20Concourse,%20London%20SW1V%201JT,%20UK/Wetherspoons%20(Victoria%20Station)%20-%20JD%20Wetherspoon",https://www.pint-prices.com/borough-results/Westminster,£6.63,2026-07-03T23:10:47+00:00
Westminster,184,The Crown & Two Chairmen,ESTRELLA,£6.75,6.75,"https://www.pint-prices.com/pub/31-32%20Dean%20St,%20London%20W1D%203SB/The%20Crown%20%26%20Two%20Chairmen",https://www.pint-prices.com/borough-results/Westminster,£6.63,2026-07-03T23:10:47+00:00
Westminster,185,The Star Tavern,ASAHI,£6.75,6.75,"https://www.pint-prices.com/pub/6%20Belgrave%20Mews%20West,%20London%20SW1X%208HT/The%20Star%20Tavern",https://www.pint-prices.com/borough-results/Westminster,£6.63,2026-07-03T23:10:47+00:00
Westminster,186,Wetherspoons (Victoria Station) - JD Wetherspoon,LEFFE BLONDE,£6.77,6.77,"https://www.pint-prices.com/pub/Unit%205%20(1st%20Floor%20above%20WHSmith),%20Victoria%20Station%20Concourse,%20London%20SW1V%201JT,%20UK/Wetherspoons%20(Victoria%20Station)%20-%20JD%20Wetherspoon",https://www.pint-prices.com/borough-results/Westminster,£6.63,2026-07-03T23:10:47+00:00
Westminster,187,The Willow Walk - JD Wetherspoon,LEFFE BLONDE,£6.77,6.77,"https://www.pint-prices.com/pub/25%20Wilton%20Road,%20Victoria,%20SW1V%201LW/The%20Willow%20Walk%20-%20JD%20Wetherspoon",https://www.pint-prices.com/borough-results/Westminster,£6.63,2026-07-03T23:10:47+00:00
Westminster,188,The Old Bank of England,GUINNESS,£6.80,6.8,"https://www.pint-prices.com/pub/194%20Fleet%20St,%20London%20EC4A%202LT/The%20Old%20Bank%20of%20England",https://www.pint-prices.com/borough-results/Westminster,£6.63,2026-07-03T23:10:47+00:00
Westminster,189,Crown (Covent Garden),MADRI,£6.80,6.8,"https://www.pint-prices.com/pub/43%20Monmouth%20Street,%20WC2H%209DD/Crown%20(Covent%20Garden)",https://www.pint-prices.com/borough-results/Westminster,£6.63,2026-07-03T23:10:47+00:00
Westminster,190,Punch & Judy,GUINNESS,£6.80,6.8,"https://www.pint-prices.com/pub/40%20The%20Market,%20WC2E%208RF/Punch%20%26%20Judy",https://www.pint-prices.com/borough-results/Westminster,£6.63,2026-07-03T23:10:47+00:00
Westminster,191,The Prince Albert,ESTRELLA,£6.85,6.85,"https://www.pint-prices.com/pub/85%20Albert%20Bridge%20Rd,%20London%20SW11%204PF/The%20Prince%20Albert",https://www.pint-prices.com/borough-results/Westminster,£6.63,2026-07-03T23:10:47+00:00
Westminster,192,The Alfred Tennyson,STEIGL GOLDBRAÜ,£6.85,6.85,"https://www.pint-prices.com/pub/10%20Motcomb%20St,%20London%20SW1X%208LA/The%20Alfred%20Tennyson",https://www.pint-prices.com/borough-results/Westminster,£6.63,2026-07-03T23:10:47+00:00
Westminster,193,The Horse & Groom,WHITSTABLE BAY LAGER,£6.85,6.85,"https://www.pint-prices.com/pub/7%20Groom%20Place,%20London%20SW1X%207BA/The%20Horse%20%26%20Groom",https://www.pint-prices.com/borough-results/Westminster,£6.63,2026-07-03T23:10:47+00:00
Westminster,194,"Riverside, Vauxhall",ASPALL,£6.85,6.85,"https://www.pint-prices.com/pub/House,%205%20Saint%20George%20Wharf%20Hamilton,%20London%20SW8%202LE/Riverside,%20Vauxhall",https://www.pint-prices.com/borough-results/Westminster,£6.63,2026-07-03T23:10:47+00:00
Westminster,195,The Rose,PRAVHA,£6.90,6.9,"https://www.pint-prices.com/pub/35%20Albert%20Embankment,%20London%20SE1%207TL,%20UK/The%20Rose",https://www.pint-prices.com/borough-results/Westminster,£6.63,2026-07-03T23:10:47+00:00
Westminster,196,Greencoat Boy (Victoria),ESTRELLA,£6.90,6.9,"https://www.pint-prices.com/pub/2%20Greencoat%20Place,%20SW1P%201PJ/Greencoat%20Boy%20(Victoria)",https://www.pint-prices.com/borough-results/Westminster,£6.63,2026-07-03T23:10:47+00:00
Westminster,197,Adam & Eve (St James),MADRI,£6.90,6.9,"https://www.pint-prices.com/pub/81%20Petty%20France,%20SW1H%209EX/Adam%20%26%20Eve%20(St%20James)",https://www.pint-prices.com/borough-results/Westminster,£6.63,2026-07-03T23:10:47+00:00
Westminster,198,Adam & Eve (St James),ESTRELLA,£6.90,6.9,"https://www.pint-prices.com/pub/81%20Petty%20France,%20SW1H%209EX/Adam%20%26%20Eve%20(St%20James)",https://www.pint-prices.com/borough-results/Westminster,£6.63,2026-07-03T23:10:47+00:00
Westminster,199,Coach & Horses,CORONA,£6.90,6.9,"https://www.pint-prices.com/pub/1%20Great%20Malborough%20Street,%20W1F%207HG/Coach%20%26%20Horses",https://www.pint-prices.com/borough-results/Westminster,£6.63,2026-07-03T23:10:47+00:00
Westminster,200,Duke of York,ESTRELLA,£6.90,6.9,"https://www.pint-prices.com/pub/8%20Dering%20Street,%20W1S%201AF/Duke%20of%20York",https://www.pint-prices.com/borough-results/Westminster,£6.63,2026-07-03T23:10:47+00:00
Westminster,201,Ye Olde Cock Tavern,ESTRELLA,£6.90,6.9,"https://www.pint-prices.com/pub/22%20Fleet%20Street,%20EC4Y%201AA/Ye%20Olde%20Cock%20Tavern",https://www.pint-prices.com/borough-results/Westminster,£6.63,2026-07-03T23:10:47+00:00
Westminster,202,The Devonshire,GUINNESS,£6.90,6.9,"https://www.pint-prices.com/pub/17%20Denman%20St,%20London%20W1D%207HW/The%20Devonshire",https://www.pint-prices.com/borough-results/Westminster,£6.63,2026-07-03T23:10:47+00:00
Westminster,203,The Savoy Tap,BIRRA MORETTI,£6.90,6.9,"https://www.pint-prices.com/pub/2%20Savoy%20St,%20London%20WC2R%200BA/The%20Savoy%20Tap",https://www.pint-prices.com/borough-results/Westminster,£6.63,2026-07-03T23:10:47+00:00
Westminster,204,The Market Tavern,ESTRELLA,£6.90,6.9,"https://www.pint-prices.com/pub/7%20Shepherd%20St,%20London%20W1J%207HR/The%20Market%20Tavern",https://www.pint-prices.com/borough-results/Westminster,£6.63,2026-07-03T23:10:47+00:00
Westminster,205,Boisdale of Belgravia,OSSIAN SMOOTH FLOW,£6.95,6.95,"https://www.pint-prices.com/pub/15%20Eccleston%20St,%20London%20SW1W%209LX,%20UK/Boisdale%20of%20Belgravia",https://www.pint-prices.com/borough-results/Westminster,£6.63,2026-07-03T23:10:47+00:00
Westminster,206,The Princess of Wales,CAMDEN HELLS,£6.95,6.95,"https://www.pint-prices.com/pub/27%20Villiers%20St,%20Greater,%20London%20WC2N%206ND/The%20Princess%20of%20Wales",https://www.pint-prices.com/borough-results/Westminster,£6.63,2026-07-03T23:10:47+00:00
Westminster,207,Blue Boar Pub,SOHO LAGER,£6.95,6.95,"https://www.pint-prices.com/pub/45%20Tothill%20St,%20London%20SW1H%209LQ/Blue%20Boar%20Pub",https://www.pint-prices.com/borough-results/Westminster,£6.63,2026-07-03T23:10:47+00:00
Westminster,208,Grafton Arms (Victoria),MADRI,£6.95,6.95,"https://www.pint-prices.com/pub/2%20Strutton%20Ground,%20SW1P%202HP/Grafton%20Arms%20(Victoria)",https://www.pint-prices.com/borough-results/Westminster,£6.63,2026-07-03T23:10:47+00:00
Westminster,209,Three Crowns (Picaddilly),BIRRA MORETTI,£6.95,6.95,"https://www.pint-prices.com/pub/19%20Babmaes%20Street,%20SW1Y%206HD/Three%20Crowns%20(Picaddilly)",https://www.pint-prices.com/borough-results/Westminster,£6.63,2026-07-03T23:10:47+00:00
Westminster,210,Coach & Horses,MADRI,£6.95,6.95,"https://www.pint-prices.com/pub/1%20Great%20Malborough%20Street,%20W1F%207HG/Coach%20%26%20Horses",https://www.pint-prices.com/borough-results/Westminster,£6.63,2026-07-03T23:10:47+00:00
Westminster,211,Coach & Horses,ESTRELLA,£6.95,6.95,"https://www.pint-prices.com/pub/1%20Great%20Malborough%20Street,%20W1F%207HG/Coach%20%26%20Horses",https://www.pint-prices.com/borough-results/Westminster,£6.63,2026-07-03T23:10:47+00:00
Westminster,212,City of Quebec,BIRRA MORETTI,£6.95,6.95,"https://www.pint-prices.com/pub/12%20Old%20Quebec%20Street,%20W1H%207AF/City%20of%20Quebec",https://www.pint-prices.com/borough-results/Westminster,£6.63,2026-07-03T23:10:47+00:00
Westminster,213,The Surprise,BIRRA MORETTI,£6.95,6.95,"https://www.pint-prices.com/pub/6%20Christchurch%20Terrace,%20London%20SW3%204AJ/The%20Surprise",https://www.pint-prices.com/borough-results/Westminster,£6.63,2026-07-03T23:10:47+00:00
Westminster,214,Albert (Victoria),BIRRA MORETTI,£7.00,7.0,"https://www.pint-prices.com/pub/52%20Victoria%20Street,%20SW1H%200NP/Albert%20(Victoria)",https://www.pint-prices.com/borough-results/Westminster,£6.63,2026-07-03T23:10:47+00:00
Westminster,215,Travellers Tavern (Belgravia),BIRRA MORETTI,£7.00,7.0,"https://www.pint-prices.com/pub/4%20Elizabeth%20Street,%20Belgravia,%20SW1W%209RB/Travellers%20Tavern%20(Belgravia)",https://www.pint-prices.com/borough-results/Westminster,£6.63,2026-07-03T23:10:47+00:00
Westminster,216,Shakespeare (Victoria),MADRI,£7.00,7.0,"https://www.pint-prices.com/pub/99%20Buckingham%20Palace%20Road,%20SW1W%200RP/Shakespeare%20(Victoria)",https://www.pint-prices.com/borough-results/Westminster,£6.63,2026-07-03T23:10:47+00:00
Westminster,217,Shakespeare (Victoria),BIRRA MORETTI,£7.00,7.0,"https://www.pint-prices.com/pub/99%20Buckingham%20Palace%20Road,%20SW1W%200RP/Shakespeare%20(Victoria)",https://www.pint-prices.com/borough-results/Westminster,£6.63,2026-07-03T23:10:47+00:00
Westminster,218,Shakespeare (Victoria),NECK OIL,£7.00,7.0,"https://www.pint-prices.com/pub/99%20Buckingham%20Palace%20Road,%20SW1W%200RP/Shakespeare%20(Victoria)",https://www.pint-prices.com/borough-results/Westminster,£6.63,2026-07-03T23:10:47+00:00
Westminster,219,Plumbers Arms (Belgravia),ESTRELLA,£7.00,7.0,"https://www.pint-prices.com/pub/14%20Lower%20Belgravia%20Street,%20SW1W%200LN/Plumbers%20Arms%20(Belgravia)",https://www.pint-prices.com/borough-results/Westminster,£6.63,2026-07-03T23:10:47+00:00
Westminster,220,Colonies (Victoria),MADRI,£7.00,7.0,"https://www.pint-prices.com/pub/25%20Wilfred%20Street,%20SWE1%206PR/Colonies%20(Victoria)",https://www.pint-prices.com/borough-results/Westminster,£6.63,2026-07-03T23:10:47+00:00
Westminster,221,Colonies (Victoria),ESTRELLA,£7.00,7.0,"https://www.pint-prices.com/pub/25%20Wilfred%20Street,%20SWE1%206PR/Colonies%20(Victoria)",https://www.pint-prices.com/borough-results/Westminster,£6.63,2026-07-03T23:10:47+00:00
Westminster,222,Colonies (Victoria),BIRRA MORETTI,£7.00,7.0,"https://www.pint-prices.com/pub/25%20Wilfred%20Street,%20SWE1%206PR/Colonies%20(Victoria)",https://www.pint-prices.com/borough-results/Westminster,£6.63,2026-07-03T23:10:47+00:00
Westminster,223,Greencoat Boy (Victoria),BIRRA MORETTI,£7.00,7.0,"https://www.pint-prices.com/pub/2%20Greencoat%20Place,%20SW1P%201PJ/Greencoat%20Boy%20(Victoria)",https://www.pint-prices.com/borough-results/Westminster,£6.63,2026-07-03T23:10:47+00:00
Westminster,224,Grafton Arms (Victoria),BIRRA MORETTI,£7.00,7.0,"https://www.pint-prices.com/pub/2%20Strutton%20Ground,%20SW1P%202HP/Grafton%20Arms%20(Victoria)",https://www.pint-prices.com/borough-results/Westminster,£6.63,2026-07-03T23:10:47+00:00
Westminster,225,Old Star (Westminster),ESTRELLA,£7.00,7.0,"https://www.pint-prices.com/pub/66%20Broadway,%20SW1H%200DB/Old%20Star%20(Westminster)",https://www.pint-prices.com/borough-results/Westminster,£6.63,2026-07-03T23:10:47+00:00
Westminster,226,Two Chairmen,ESTRELLA,£7.00,7.0,"https://www.pint-prices.com/pub/39%20Dartmouth%20Street,%20SW1H%209BP/Two%20Chairmen",https://www.pint-prices.com/borough-results/Westminster,£6.63,2026-07-03T23:10:47+00:00
Westminster,227,Gloucester,BIRRA MORETTI,£7.00,7.0,"https://www.pint-prices.com/pub/187%20Sloane%20Street,%20SW1X%209QR/Gloucester",https://www.pint-prices.com/borough-results/Westminster,£6.63,2026-07-03T23:10:47+00:00
Westminster,228,Duke of York,BIRRA MORETTI,£7.00,7.0,"https://www.pint-prices.com/pub/8%20Dering%20Street,%20W1S%201AF/Duke%20of%20York",https://www.pint-prices.com/borough-results/Westminster,£6.63,2026-07-03T23:10:47+00:00
Westminster,229,Three Tuns,ESTRELLA,£7.00,7.0,"https://www.pint-prices.com/pub/1%20Portman%20Mews%20South,%20W1H%206HP/Three%20Tuns",https://www.pint-prices.com/borough-results/Westminster,£6.63,2026-07-03T23:10:47+00:00
Westminster,230,City of Quebec,ESTRELLA,£7.00,7.0,"https://www.pint-prices.com/pub/12%20Old%20Quebec%20Street,%20W1H%207AF/City%20of%20Quebec",https://www.pint-prices.com/borough-results/Westminster,£6.63,2026-07-03T23:10:47+00:00
Westminster,231,Two Brewers,ESTRELLA,£7.00,7.0,"https://www.pint-prices.com/pub/40%20Monmouth%20Street,%20WC2H%209EP/Two%20Brewers",https://www.pint-prices.com/borough-results/Westminster,£6.63,2026-07-03T23:10:47+00:00
Westminster,232,Crown (Covent Garden),ESTRELLA,£7.00,7.0,"https://www.pint-prices.com/pub/43%20Monmouth%20Street,%20WC2H%209DD/Crown%20(Covent%20Garden)",https://www.pint-prices.com/borough-results/Westminster,£6.63,2026-07-03T23:10:47+00:00
Westminster,233,Ye Olde Cock Tavern,BIRRA MORETTI,£7.00,7.0,"https://www.pint-prices.com/pub/22%20Fleet%20Street,%20EC4Y%201AA/Ye%20Olde%20Cock%20Tavern",https://www.pint-prices.com/borough-results/Westminster,£6.63,2026-07-03T23:10:47+00:00
Westminster,234,The Nags Head,ADNAMS DRY HOPPED LAGER,£7.00,7.0,"https://www.pint-prices.com/pub/53%20Kinnerton%20St,%20London%20SW1X%208ED/The%20Nags%20Head",https://www.pint-prices.com/borough-results/Westminster,£6.63,2026-07-03T23:10:47+00:00
Westminster,235,The Rose & Crown,ESTRELLA,£7.00,7.0,"https://www.pint-prices.com/pub/2%20Old%20Park%20Ln,%20London%20W1K%201QN/The%20Rose%20%26%20Crown",https://www.pint-prices.com/borough-results/Westminster,£6.63,2026-07-03T23:10:47+00:00
Westminster,236,The Audley,PAGODA PILSNER,£7.00,7.0,"https://www.pint-prices.com/pub/41-43%20Mount%20St,%20London%20W1K%202RX/The%20Audley",https://www.pint-prices.com/borough-results/Westminster,£6.63,2026-07-03T23:10:47+00:00
Westminster,237,"Market Halls, Victoria",CAMDEN HELLS,£7.00,7.0,"https://www.pint-prices.com/pub/%20191%20Victoria%20St,%20London%20SW1E%205NE/Market%20Halls,%20Victoria%20",https://www.pint-prices.com/borough-results/Westminster,£6.63,2026-07-03T23:10:47+00:00
Westminster,238,Tattersalls Tavern,BIRRA MORETTI,£7.05,7.05,"https://www.pint-prices.com/pub/1%20Knightsbridge%20Green,%20SW1x%207QA/Tattersalls%20Tavern",https://www.pint-prices.com/borough-results/Westminster,£6.63,2026-07-03T23:10:47+00:00
Westminster,239,Glass Blower (Piccadilly),BIRRA MORETTI,£7.05,7.05,"https://www.pint-prices.com/pub/40-42%20Glasshouse%20Street,%20W1B%205JY/Glass%20Blower%20(Piccadilly)",https://www.pint-prices.com/borough-results/Westminster,£6.63,2026-07-03T23:10:47+00:00
Westminster,240,Masons Arms (Mayfair),NECK OIL,£7.05,7.05,"https://www.pint-prices.com/pub/Maddox%20Street,%20W1S%201PY/Masons%20Arms%20(Mayfair)",https://www.pint-prices.com/borough-results/Westminster,£6.63,2026-07-03T23:10:47+00:00
Westminster,241,Two Brewers,BIRRA MORETTI,£7.05,7.05,"https://www.pint-prices.com/pub/40%20Monmouth%20Street,%20WC2H%209EP/Two%20Brewers",https://www.pint-prices.com/borough-results/Westminster,£6.63,2026-07-03T23:10:47+00:00
Westminster,242,White Swan,LUCKY SAINT,£7.05,7.05,"https://www.pint-prices.com/pub/14%20NEW%20ROW,%20COVENT%20GARDEN,%20LONDON,%20GREATER%20LONDON,%20WC2N%204LF/White%20Swan",https://www.pint-prices.com/borough-results/Westminster,£6.63,2026-07-03T23:10:47+00:00
Westminster,243,Bag O'Nails (Victoria),MADRI,£7.10,7.1,"https://www.pint-prices.com/pub/6%20Buckingham%20Palace%20Road,%20SW1W%200PP/Bag%20O'Nails%20(Victoria)",https://www.pint-prices.com/borough-results/Westminster,£6.63,2026-07-03T23:10:47+00:00
Westminster,244,Gloucester,ESTRELLA,£7.10,7.1,"https://www.pint-prices.com/pub/187%20Sloane%20Street,%20SW1X%209QR/Gloucester",https://www.pint-prices.com/borough-results/Westminster,£6.63,2026-07-03T23:10:47+00:00
Westminster,245,Tattersalls Tavern,MADRI,£7.10,7.1,"https://www.pint-prices.com/pub/1%20Knightsbridge%20Green,%20SW1x%207QA/Tattersalls%20Tavern",https://www.pint-prices.com/borough-results/Westminster,£6.63,2026-07-03T23:10:47+00:00
Westminster,246,Blue Posts,ESTRELLA,£7.10,7.1,"https://www.pint-prices.com/pub/6%20Bennet%20Street,%20SW1A%201RP/Blue%20Posts",https://www.pint-prices.com/borough-results/Westminster,£6.63,2026-07-03T23:10:47+00:00
Westminster,247,Leicester Arms (Piccadilly),BIRRA MORETTI,£7.10,7.1,"https://www.pint-prices.com/pub/44%20Glasshouse%20Street,%20W1B%205DP/Leicester%20Arms%20(Piccadilly)",https://www.pint-prices.com/borough-results/Westminster,£6.63,2026-07-03T23:10:47+00:00
Westminster,248,Silver Cross,ESTRELLA,£7.10,7.1,"https://www.pint-prices.com/pub/33%20Whitehall,%20SW1A%202BX/Silver%20Cross",https://www.pint-prices.com/borough-results/Westminster,£6.63,2026-07-03T23:10:47+00:00
Westminster,249,Silver Cross,BIRRA MORETTI,£7.10,7.1,"https://www.pint-prices.com/pub/33%20Whitehall,%20SW1A%202BX/Silver%20Cross",https://www.pint-prices.com/borough-results/Westminster,£6.63,2026-07-03T23:10:47+00:00
Westminster,250,Sherlock Holmes,ESTRELLA,£7.10,7.1,"https://www.pint-prices.com/pub/10%20Northumberland%20Street,%20WC2N%205DB/Sherlock%20Holmes",https://www.pint-prices.com/borough-results/Westminster,£6.63,2026-07-03T23:10:47+00:00
Westminster,251,Sherlock Holmes,BIRRA MORETTI,£7.10,7.1,"https://www.pint-prices.com/pub/10%20Northumberland%20Street,%20WC2N%205DB/Sherlock%20Holmes",https://www.pint-prices.com/borough-results/Westminster,£6.63,2026-07-03T23:10:47+00:00
Westminster,252,Round Table,ESTRELLA,£7.10,7.1,"https://www.pint-prices.com/pub/26-27%20St%20Martins%20Court,%20WC2N%204AL/Round%20Table",https://www.pint-prices.com/borough-results/Westminster,£6.63,2026-07-03T23:10:47+00:00
Westminster,253,Brewmaster,MADRI,£7.10,7.1,"https://www.pint-prices.com/pub/37%20Cranbourn%20Street,%20WC2H%207AD/Brewmaster",https://www.pint-prices.com/borough-results/Westminster,£6.63,2026-07-03T23:10:47+00:00
Westminster,254,Brewmaster,ESTRELLA,£7.10,7.1,"https://www.pint-prices.com/pub/37%20Cranbourn%20Street,%20WC2H%207AD/Brewmaster",https://www.pint-prices.com/borough-results/Westminster,£6.63,2026-07-03T23:10:47+00:00
Westminster,255,Golden Lion (Soho),ESTRELLA,£7.10,7.1,"https://www.pint-prices.com/pub/51%20Dean%20Street,%20W1D%205BH/Golden%20Lion%20(Soho)",https://www.pint-prices.com/borough-results/Westminster,£6.63,2026-07-03T23:10:47+00:00
Westminster,256,Golden Lion (Soho),BIRRA MORETTI,£7.10,7.1,"https://www.pint-prices.com/pub/51%20Dean%20Street,%20W1D%205BH/Golden%20Lion%20(Soho)",https://www.pint-prices.com/borough-results/Westminster,£6.63,2026-07-03T23:10:47+00:00
Westminster,257,Prince of Wales (Covent Garden),ESTRELLA,£7.10,7.1,"https://www.pint-prices.com/pub/150%20Drury%20Lane,%20WC2B%205TD/Prince%20of%20Wales%20(Covent%20Garden)",https://www.pint-prices.com/borough-results/Westminster,£6.63,2026-07-03T23:10:47+00:00
Westminster,258,Brewdog Waterloo,LOST LAGER,£7.10,7.1,"https://www.pint-prices.com/pub/01%20The%20Sidings,%20London%20SE1%207BH/Brewdog%20Waterloo",https://www.pint-prices.com/borough-results/Westminster,£6.63,2026-07-03T23:10:47+00:00
Westminster,259,Paxtons Head,ESTRELLA,£7.15,7.15,"https://www.pint-prices.com/pub/153%20Knightsbridge,%20SW1X%207PA/Paxtons%20Head",https://www.pint-prices.com/borough-results/Westminster,£6.63,2026-07-03T23:10:47+00:00
Westminster,260,Kings Arms (Mayfair),BIRRA MORETTI,£7.15,7.15,"https://www.pint-prices.com/pub/2%20Shepherd%20MArket,%20W1J%207QA/Kings%20Arms%20(Mayfair)",https://www.pint-prices.com/borough-results/Westminster,£6.63,2026-07-03T23:10:47+00:00
Westminster,261,Leicester Arms (Piccadilly),ESTRELLA,£7.15,7.15,"https://www.pint-prices.com/pub/44%20Glasshouse%20Street,%20W1B%205DP/Leicester%20Arms%20(Piccadilly)",https://www.pint-prices.com/borough-results/Westminster,£6.63,2026-07-03T23:10:47+00:00
Westminster,262,Glass Blower (Piccadilly),ESTRELLA,£7.15,7.15,"https://www.pint-prices.com/pub/40-42%20Glasshouse%20Street,%20W1B%205JY/Glass%20Blower%20(Piccadilly)",https://www.pint-prices.com/borough-results/Westminster,£6.63,2026-07-03T23:10:47+00:00
Westminster,263,Garrick Arms,ESTRELLA,£7.15,7.15,"https://www.pint-prices.com/pub/8-10%20Charing%20Cross,%20WC2H%200HG/Garrick%20Arms",https://www.pint-prices.com/borough-results/Westminster,£6.63,2026-07-03T23:10:47+00:00
Westminster,264,Garrick Arms,BIRRA MORETTI,£7.15,7.15,"https://www.pint-prices.com/pub/8-10%20Charing%20Cross,%20WC2H%200HG/Garrick%20Arms",https://www.pint-prices.com/borough-results/Westminster,£6.63,2026-07-03T23:10:47+00:00
Westminster,265,Brewmaster,BIRRA MORETTI,£7.15,7.15,"https://www.pint-prices.com/pub/37%20Cranbourn%20Street,%20WC2H%207AD/Brewmaster",https://www.pint-prices.com/borough-results/Westminster,£6.63,2026-07-03T23:10:47+00:00
Westminster,266,Imperial,MADRI,£7.15,7.15,"https://www.pint-prices.com/pub/5%20Leicester%20Street,%20WC2H%207BL/Imperial",https://www.pint-prices.com/borough-results/Westminster,£6.63,2026-07-03T23:10:47+00:00
Westminster,267,Prince of Wales (Covent Garden),BIRRA MORETTI,£7.15,7.15,"https://www.pint-prices.com/pub/150%20Drury%20Lane,%20WC2B%205TD/Prince%20of%20Wales%20(Covent%20Garden)",https://www.pint-prices.com/borough-results/Westminster,£6.63,2026-07-03T23:10:47+00:00
Westminster,268,Plumbers Arms (Belgravia),PERONI,£7.20,7.2,"https://www.pint-prices.com/pub/14%20Lower%20Belgravia%20Street,%20SW1W%200LN/Plumbers%20Arms%20(Belgravia)",https://www.pint-prices.com/borough-results/Westminster,£6.63,2026-07-03T23:10:47+00:00
Westminster,269,Imperial,BIRRA MORETTI,£7.20,7.2,"https://www.pint-prices.com/pub/5%20Leicester%20Street,%20WC2H%207BL/Imperial",https://www.pint-prices.com/borough-results/Westminster,£6.63,2026-07-03T23:10:47+00:00
Westminster,270,Rising Sun,BIRRA MORETTI,£7.20,7.2,"https://www.pint-prices.com/pub/44-46%20Ebury%20Bridge%20Rd,%20London%20SW1W%208PZ/Rising%20Sun",https://www.pint-prices.com/borough-results/Westminster,£6.63,2026-07-03T23:10:47+00:00
Westminster,271,Rising Sun,BIRRA MORETTI,£7.20,7.2,"https://www.pint-prices.com/pub/44-46%20Ebury%20Bridge%20Rd,%20London%20SW1W%208PZ/Rising%20Sun",https://www.pint-prices.com/borough-results/Westminster,£6.63,2026-07-03T23:10:47+00:00
Westminster,272,Albert (Victoria),ASAHI,£7.25,7.25,"https://www.pint-prices.com/pub/52%20Victoria%20Street,%20SW1H%200NP/Albert%20(Victoria)",https://www.pint-prices.com/borough-results/Westminster,£6.63,2026-07-03T23:10:47+00:00
Westminster,273,Grafton Arms (Victoria),PERONI,£7.25,7.25,"https://www.pint-prices.com/pub/2%20Strutton%20Ground,%20SW1P%202HP/Grafton%20Arms%20(Victoria)",https://www.pint-prices.com/borough-results/Westminster,£6.63,2026-07-03T23:10:47+00:00
Westminster,274,Chelsea Potter,MADRI,£7.25,7.25,"https://www.pint-prices.com/pub/119%20Kings%20Road,%20SW3%204PL/Chelsea%20Potter",https://www.pint-prices.com/borough-results/Westminster,£6.63,2026-07-03T23:10:47+00:00
Westminster,275,Chelsea Potter,ESTRELLA,£7.25,7.25,"https://www.pint-prices.com/pub/119%20Kings%20Road,%20SW3%204PL/Chelsea%20Potter",https://www.pint-prices.com/borough-results/Westminster,£6.63,2026-07-03T23:10:47+00:00
Westminster,276,Tattersalls Tavern,ESTRELLA,£7.25,7.25,"https://www.pint-prices.com/pub/1%20Knightsbridge%20Green,%20SW1x%207QA/Tattersalls%20Tavern",https://www.pint-prices.com/borough-results/Westminster,£6.63,2026-07-03T23:10:47+00:00
Westminster,277,Kings Arms (Mayfair),ESTRELLA,£7.25,7.25,"https://www.pint-prices.com/pub/2%20Shepherd%20MArket,%20W1J%207QA/Kings%20Arms%20(Mayfair)",https://www.pint-prices.com/borough-results/Westminster,£6.63,2026-07-03T23:10:47+00:00
Westminster,278,Blue Posts,BIRRA MORETTI,£7.25,7.25,"https://www.pint-prices.com/pub/6%20Bennet%20Street,%20SW1A%201RP/Blue%20Posts",https://www.pint-prices.com/borough-results/Westminster,£6.63,2026-07-03T23:10:47+00:00
Westminster,279,Salisbury,BIRRA MORETTI,£7.25,7.25,"https://www.pint-prices.com/pub/90%20St%20Martins%20Lane,%20WC2N%204AP/Salisbury",https://www.pint-prices.com/borough-results/Westminster,£6.63,2026-07-03T23:10:47+00:00
Westminster,280,Round Table,BIRRA MORETTI,£7.25,7.25,"https://www.pint-prices.com/pub/26-27%20St%20Martins%20Court,%20WC2N%204AL/Round%20Table",https://www.pint-prices.com/borough-results/Westminster,£6.63,2026-07-03T23:10:47+00:00
Westminster,281,Coach & Horses,NECK OIL,£7.25,7.25,"https://www.pint-prices.com/pub/1%20Great%20Malborough%20Street,%20W1F%207HG/Coach%20%26%20Horses",https://www.pint-prices.com/borough-results/Westminster,£6.63,2026-07-03T23:10:47+00:00
Westminster,282,Coach & Horses,PERONI,£7.25,7.25,"https://www.pint-prices.com/pub/1%20Great%20Malborough%20Street,%20W1F%207HG/Coach%20%26%20Horses",https://www.pint-prices.com/borough-results/Westminster,£6.63,2026-07-03T23:10:47+00:00
Westminster,283,Duke of York,PERONI,£7.25,7.25,"https://www.pint-prices.com/pub/8%20Dering%20Street,%20W1S%201AF/Duke%20of%20York",https://www.pint-prices.com/borough-results/Westminster,£6.63,2026-07-03T23:10:47+00:00
Westminster,284,Three Tuns,PERONI,£7.25,7.25,"https://www.pint-prices.com/pub/1%20Portman%20Mews%20South,%20W1H%206HP/Three%20Tuns",https://www.pint-prices.com/borough-results/Westminster,£6.63,2026-07-03T23:10:47+00:00
Westminster,285,Ye Olde Cock Tavern,PERONI,£7.25,7.25,"https://www.pint-prices.com/pub/22%20Fleet%20Street,%20EC4Y%201AA/Ye%20Olde%20Cock%20Tavern",https://www.pint-prices.com/borough-results/Westminster,£6.63,2026-07-03T23:10:47+00:00
Westminster,286,The Nags Head,MORETTI,£7.25,7.25,"https://www.pint-prices.com/pub/10%20James%20St,%20London%20WC2E88T/The%20Nags%20Head",https://www.pint-prices.com/borough-results/Westminster,£6.63,2026-07-03T23:10:47+00:00
Westminster,287,Grafton Arms (Victoria),NECK OIL,£7.30,7.3,"https://www.pint-prices.com/pub/2%20Strutton%20Ground,%20SW1P%202HP/Grafton%20Arms%20(Victoria)",https://www.pint-prices.com/borough-results/Westminster,£6.63,2026-07-03T23:10:47+00:00
Westminster,288,Old Star (Westminster),NECK OIL,£7.30,7.3,"https://www.pint-prices.com/pub/66%20Broadway,%20SW1H%200DB/Old%20Star%20(Westminster)",https://www.pint-prices.com/borough-results/Westminster,£6.63,2026-07-03T23:10:47+00:00
Westminster,289,Two Chairmen,NECK OIL,£7.30,7.3,"https://www.pint-prices.com/pub/39%20Dartmouth%20Street,%20SW1H%209BP/Two%20Chairmen",https://www.pint-prices.com/borough-results/Westminster,£6.63,2026-07-03T23:10:47+00:00
Westminster,290,Silver Cross,NECK OIL,£7.30,7.3,"https://www.pint-prices.com/pub/33%20Whitehall,%20SW1A%202BX/Silver%20Cross",https://www.pint-prices.com/borough-results/Westminster,£6.63,2026-07-03T23:10:47+00:00
Westminster,291,City of Quebec,PERONI,£7.30,7.3,"https://www.pint-prices.com/pub/12%20Old%20Quebec%20Street,%20W1H%207AF/City%20of%20Quebec",https://www.pint-prices.com/borough-results/Westminster,£6.63,2026-07-03T23:10:47+00:00
Westminster,292,Hippodrome Casino,STELLA ARTOIS,£7.31,7.31,"https://www.pint-prices.com/pub/Cranbourn%20St,%20Leicester%20Square,%20London%20WC2H%207JH/Hippodrome%20Casino",https://www.pint-prices.com/borough-results/Westminster,£6.63,2026-07-03T23:10:47+00:00
Westminster,293,Shakespeare (Victoria),PERONI,£7.35,7.35,"https://www.pint-prices.com/pub/99%20Buckingham%20Palace%20Road,%20SW1W%200RP/Shakespeare%20(Victoria)",https://www.pint-prices.com/borough-results/Westminster,£6.63,2026-07-03T23:10:47+00:00
Westminster,294,Plumbers Arms (Belgravia),NECK OIL,£7.35,7.35,"https://www.pint-prices.com/pub/14%20Lower%20Belgravia%20Street,%20SW1W%200LN/Plumbers%20Arms%20(Belgravia)",https://www.pint-prices.com/borough-results/Westminster,£6.63,2026-07-03T23:10:47+00:00
Westminster,295,Adam & Eve (St James),PERONI,£7.35,7.35,"https://www.pint-prices.com/pub/81%20Petty%20France,%20SW1H%209EX/Adam%20%26%20Eve%20(St%20James)",https://www.pint-prices.com/borough-results/Westminster,£6.63,2026-07-03T23:10:47+00:00
Westminster,296,Old Star (Westminster),PERONI,£7.35,7.35,"https://www.pint-prices.com/pub/66%20Broadway,%20SW1H%200DB/Old%20Star%20(Westminster)",https://www.pint-prices.com/borough-results/Westminster,£6.63,2026-07-03T23:10:47+00:00
Westminster,297,Gloucester,NECK OIL,£7.35,7.35,"https://www.pint-prices.com/pub/187%20Sloane%20Street,%20SW1X%209QR/Gloucester",https://www.pint-prices.com/borough-results/Westminster,£6.63,2026-07-03T23:10:47+00:00
Westminster,298,Gloucester,PERONI,£7.35,7.35,"https://www.pint-prices.com/pub/187%20Sloane%20Street,%20SW1X%209QR/Gloucester",https://www.pint-prices.com/borough-results/Westminster,£6.63,2026-07-03T23:10:47+00:00
Westminster,299,Coach & Horse (Mayfair),ESTRELLA,£7.35,7.35,"https://www.pint-prices.com/pub/5%20Bruton%20Street,%20W1J%206PT/Coach%20%26%20Horse%20(Mayfair)",https://www.pint-prices.com/borough-results/Westminster,£6.63,2026-07-03T23:10:47+00:00
Westminster,300,Leicester Arms (Piccadilly),NECK OIL,£7.35,7.35,"https://www.pint-prices.com/pub/44%20Glasshouse%20Street,%20W1B%205DP/Leicester%20Arms%20(Piccadilly)",https://www.pint-prices.com/borough-results/Westminster,£6.63,2026-07-03T23:10:47+00:00
Westminster,301,Leicester Arms (Piccadilly),PERONI,£7.35,7.35,"https://www.pint-prices.com/pub/44%20Glasshouse%20Street,%20W1B%205DP/Leicester%20Arms%20(Piccadilly)",https://www.pint-prices.com/borough-results/Westminster,£6.63,2026-07-03T23:10:47+00:00
Westminster,302,Masons Arms (Mayfair),PERONI,£7.35,7.35,"https://www.pint-prices.com/pub/Maddox%20Street,%20W1S%201PY/Masons%20Arms%20(Mayfair)",https://www.pint-prices.com/borough-results/Westminster,£6.63,2026-07-03T23:10:47+00:00
Westminster,303,Albert (Victoria),PERONI,£7.40,7.4,"https://www.pint-prices.com/pub/52%20Victoria%20Street,%20SW1H%200NP/Albert%20(Victoria)",https://www.pint-prices.com/borough-results/Westminster,£6.63,2026-07-03T23:10:47+00:00
Westminster,304,Adam & Eve (St James),NECK OIL,£7.40,7.4,"https://www.pint-prices.com/pub/81%20Petty%20France,%20SW1H%209EX/Adam%20%26%20Eve%20(St%20James)",https://www.pint-prices.com/borough-results/Westminster,£6.63,2026-07-03T23:10:47+00:00
Westminster,305,Two Chairmen,PERONI,£7.40,7.4,"https://www.pint-prices.com/pub/39%20Dartmouth%20Street,%20SW1H%209BP/Two%20Chairmen",https://www.pint-prices.com/borough-results/Westminster,£6.63,2026-07-03T23:10:47+00:00
Westminster,306,Glass Blower (Piccadilly),PERONI,£7.40,7.4,"https://www.pint-prices.com/pub/40-42%20Glasshouse%20Street,%20W1B%205JY/Glass%20Blower%20(Piccadilly)",https://www.pint-prices.com/borough-results/Westminster,£6.63,2026-07-03T23:10:47+00:00
Westminster,307,Silver Cross,PERONI,£7.40,7.4,"https://www.pint-prices.com/pub/33%20Whitehall,%20SW1A%202BX/Silver%20Cross",https://www.pint-prices.com/borough-results/Westminster,£6.63,2026-07-03T23:10:47+00:00
Westminster,308,Sherlock Holmes,PERONI,£7.40,7.4,"https://www.pint-prices.com/pub/10%20Northumberland%20Street,%20WC2N%205DB/Sherlock%20Holmes",https://www.pint-prices.com/borough-results/Westminster,£6.63,2026-07-03T23:10:47+00:00
Westminster,309,Garrick Arms,NECK OIL,£7.40,7.4,"https://www.pint-prices.com/pub/8-10%20Charing%20Cross,%20WC2H%200HG/Garrick%20Arms",https://www.pint-prices.com/borough-results/Westminster,£6.63,2026-07-03T23:10:47+00:00
Westminster,310,Garrick Arms,PERONI,£7.40,7.4,"https://www.pint-prices.com/pub/8-10%20Charing%20Cross,%20WC2H%200HG/Garrick%20Arms",https://www.pint-prices.com/borough-results/Westminster,£6.63,2026-07-03T23:10:47+00:00
Westminster,311,Brewmaster,PERONI,£7.40,7.4,"https://www.pint-prices.com/pub/37%20Cranbourn%20Street,%20WC2H%207AD/Brewmaster",https://www.pint-prices.com/borough-results/Westminster,£6.63,2026-07-03T23:10:47+00:00
Westminster,312,Golden Lion (Soho),PERONI,£7.40,7.4,"https://www.pint-prices.com/pub/51%20Dean%20Street,%20W1D%205BH/Golden%20Lion%20(Soho)",https://www.pint-prices.com/borough-results/Westminster,£6.63,2026-07-03T23:10:47+00:00
Westminster,313,Duke of York,NECK OIL,£7.40,7.4,"https://www.pint-prices.com/pub/8%20Dering%20Street,%20W1S%201AF/Duke%20of%20York",https://www.pint-prices.com/borough-results/Westminster,£6.63,2026-07-03T23:10:47+00:00
Westminster,314,Three Tuns,NECK OIL,£7.40,7.4,"https://www.pint-prices.com/pub/1%20Portman%20Mews%20South,%20W1H%206HP/Three%20Tuns",https://www.pint-prices.com/borough-results/Westminster,£6.63,2026-07-03T23:10:47+00:00
Westminster,315,City of Quebec,NECK OIL,£7.40,7.4,"https://www.pint-prices.com/pub/12%20Old%20Quebec%20Street,%20W1H%207AF/City%20of%20Quebec",https://www.pint-prices.com/borough-results/Westminster,£6.63,2026-07-03T23:10:47+00:00
Westminster,316,Two Brewers,PERONI,£7.40,7.4,"https://www.pint-prices.com/pub/40%20Monmouth%20Street,%20WC2H%209EP/Two%20Brewers",https://www.pint-prices.com/borough-results/Westminster,£6.63,2026-07-03T23:10:47+00:00
Westminster,317,Maple Leaf,PERONI,£7.40,7.4,"https://www.pint-prices.com/pub/41%20Maiden%20Lane,%20WC2E%207LJ/Maple%20Leaf",https://www.pint-prices.com/borough-results/Westminster,£6.63,2026-07-03T23:10:47+00:00
Westminster,318,Prince of Wales (Covent Garden),PERONI,£7.40,7.4,"https://www.pint-prices.com/pub/150%20Drury%20Lane,%20WC2B%205TD/Prince%20of%20Wales%20(Covent%20Garden)",https://www.pint-prices.com/borough-results/Westminster,£6.63,2026-07-03T23:10:47+00:00
Westminster,319,Prince of Wales (Covent Garden),ASAHI,£7.40,7.4,"https://www.pint-prices.com/pub/150%20Drury%20Lane,%20WC2B%205TD/Prince%20of%20Wales%20(Covent%20Garden)",https://www.pint-prices.com/borough-results/Westminster,£6.63,2026-07-03T23:10:47+00:00
Westminster,320,Rising Sun,NECK OIL,£7.40,7.4,"https://www.pint-prices.com/pub/44-46%20Ebury%20Bridge%20Rd,%20London%20SW1W%208PZ/Rising%20Sun",https://www.pint-prices.com/borough-results/Westminster,£6.63,2026-07-03T23:10:47+00:00
Westminster,321,Rising Sun,NECK OIL,£7.40,7.4,"https://www.pint-prices.com/pub/44-46%20Ebury%20Bridge%20Rd,%20London%20SW1W%208PZ/Rising%20Sun",https://www.pint-prices.com/borough-results/Westminster,£6.63,2026-07-03T23:10:47+00:00
Westminster,322,Colonies (Victoria),NECK OIL,£7.45,7.45,"https://www.pint-prices.com/pub/25%20Wilfred%20Street,%20SWE1%206PR/Colonies%20(Victoria)",https://www.pint-prices.com/borough-results/Westminster,£6.63,2026-07-03T23:10:47+00:00
Westminster,323,Chelsea Potter,PERONI,£7.45,7.45,"https://www.pint-prices.com/pub/119%20Kings%20Road,%20SW3%204PL/Chelsea%20Potter",https://www.pint-prices.com/borough-results/Westminster,£6.63,2026-07-03T23:10:47+00:00
Westminster,324,Paxtons Head,PERONI,£7.45,7.45,"https://www.pint-prices.com/pub/153%20Knightsbridge,%20SW1X%207PA/Paxtons%20Head",https://www.pint-prices.com/borough-results/Westminster,£6.63,2026-07-03T23:10:47+00:00
Westminster,325,Tattersalls Tavern,PERONI,£7.45,7.45,"https://www.pint-prices.com/pub/1%20Knightsbridge%20Green,%20SW1x%207QA/Tattersalls%20Tavern",https://www.pint-prices.com/borough-results/Westminster,£6.63,2026-07-03T23:10:47+00:00
Westminster,326,Rose & Crown (Mayfair),ESTRELLA,£7.45,7.45,"https://www.pint-prices.com/pub/2%20Old%20Park%20Lane,%20WK1%201QN/Rose%20%26%20Crown%20(Mayfair)",https://www.pint-prices.com/borough-results/Westminster,£6.63,2026-07-03T23:10:47+00:00
Westminster,327,Kings Arms (Mayfair),PERONI,£7.45,7.45,"https://www.pint-prices.com/pub/2%20Shepherd%20MArket,%20W1J%207QA/Kings%20Arms%20(Mayfair)",https://www.pint-prices.com/borough-results/Westminster,£6.63,2026-07-03T23:10:47+00:00
Westminster,328,Blue Posts,NECK OIL,£7.45,7.45,"https://www.pint-prices.com/pub/6%20Bennet%20Street,%20SW1A%201RP/Blue%20Posts",https://www.pint-prices.com/borough-results/Westminster,£6.63,2026-07-03T23:10:47+00:00
Westminster,329,Blue Posts,PERONI,£7.45,7.45,"https://www.pint-prices.com/pub/6%20Bennet%20Street,%20SW1A%201RP/Blue%20Posts",https://www.pint-prices.com/borough-results/Westminster,£6.63,2026-07-03T23:10:47+00:00
Westminster,330,Coach & Horse (Mayfair),NECK OIL,£7.45,7.45,"https://www.pint-prices.com/pub/5%20Bruton%20Street,%20W1J%206PT/Coach%20%26%20Horse%20(Mayfair)",https://www.pint-prices.com/borough-results/Westminster,£6.63,2026-07-03T23:10:47+00:00
Westminster,331,Glass Blower (Piccadilly),NECK OIL,£7.45,7.45,"https://www.pint-prices.com/pub/40-42%20Glasshouse%20Street,%20W1B%205JY/Glass%20Blower%20(Piccadilly)",https://www.pint-prices.com/borough-results/Westminster,£6.63,2026-07-03T23:10:47+00:00
Westminster,332,Three Crowns (Picaddilly),NECK OIL,£7.45,7.45,"https://www.pint-prices.com/pub/19%20Babmaes%20Street,%20SW1Y%206HD/Three%20Crowns%20(Picaddilly)",https://www.pint-prices.com/borough-results/Westminster,£6.63,2026-07-03T23:10:47+00:00
Westminster,333,Three Crowns (Picaddilly),PERONI,£7.45,7.45,"https://www.pint-prices.com/pub/19%20Babmaes%20Street,%20SW1Y%206HD/Three%20Crowns%20(Picaddilly)",https://www.pint-prices.com/borough-results/Westminster,£6.63,2026-07-03T23:10:47+00:00
Westminster,334,Sherlock Holmes,NECK OIL,£7.45,7.45,"https://www.pint-prices.com/pub/10%20Northumberland%20Street,%20WC2N%205DB/Sherlock%20Holmes",https://www.pint-prices.com/borough-results/Westminster,£6.63,2026-07-03T23:10:47+00:00
Westminster,335,Round Table,PERONI,£7.45,7.45,"https://www.pint-prices.com/pub/26-27%20St%20Martins%20Court,%20WC2N%204AL/Round%20Table",https://www.pint-prices.com/borough-results/Westminster,£6.63,2026-07-03T23:10:47+00:00
Westminster,336,Boisdale of Belgravia,INNIS & GUN,£7.50,7.5,"https://www.pint-prices.com/pub/15%20Eccleston%20St,%20London%20SW1W%209LX,%20UK/Boisdale%20of%20Belgravia",https://www.pint-prices.com/borough-results/Westminster,£6.63,2026-07-03T23:10:47+00:00
Westminster,337,Bag O'Nails (Victoria),PERONI,£7.50,7.5,"https://www.pint-prices.com/pub/6%20Buckingham%20Palace%20Road,%20SW1W%200PP/Bag%20O'Nails%20(Victoria)",https://www.pint-prices.com/borough-results/Westminster,£6.63,2026-07-03T23:10:47+00:00
Westminster,338,Greencoat Boy (Victoria),NECK OIL,£7.50,7.5,"https://www.pint-prices.com/pub/2%20Greencoat%20Place,%20SW1P%201PJ/Greencoat%20Boy%20(Victoria)",https://www.pint-prices.com/borough-results/Westminster,£6.63,2026-07-03T23:10:47+00:00
Westminster,339,Shakespeares Head (Soho),NECK OIL,£7.50,7.5,"https://www.pint-prices.com/pub/29%20Great%20Malborough%20Street,%20W1F%207HZ/Shakespeares%20Head%20(Soho)",https://www.pint-prices.com/borough-results/Westminster,£6.63,2026-07-03T23:10:47+00:00
Westminster,340,Shakespeares Head (Soho),PERONI,£7.50,7.5,"https://www.pint-prices.com/pub/29%20Great%20Malborough%20Street,%20W1F%207HZ/Shakespeares%20Head%20(Soho)",https://www.pint-prices.com/borough-results/Westminster,£6.63,2026-07-03T23:10:47+00:00
Westminster,341,Salisbury,NECK OIL,£7.50,7.5,"https://www.pint-prices.com/pub/90%20St%20Martins%20Lane,%20WC2N%204AP/Salisbury",https://www.pint-prices.com/borough-results/Westminster,£6.63,2026-07-03T23:10:47+00:00
Westminster,342,Round Table,NECK OIL,£7.50,7.5,"https://www.pint-prices.com/pub/26-27%20St%20Martins%20Court,%20WC2N%204AL/Round%20Table",https://www.pint-prices.com/borough-results/Westminster,£6.63,2026-07-03T23:10:47+00:00
Westminster,343,Imperial,NECK OIL,£7.50,7.5,"https://www.pint-prices.com/pub/5%20Leicester%20Street,%20WC2H%207BL/Imperial",https://www.pint-prices.com/borough-results/Westminster,£6.63,2026-07-03T23:10:47+00:00
Westminster,344,Imperial,PERONI,£7.50,7.5,"https://www.pint-prices.com/pub/5%20Leicester%20Street,%20WC2H%207BL/Imperial",https://www.pint-prices.com/borough-results/Westminster,£6.63,2026-07-03T23:10:47+00:00
Westminster,345,Golden Lion (Soho),NECK OIL,£7.50,7.5,"https://www.pint-prices.com/pub/51%20Dean%20Street,%20W1D%205BH/Golden%20Lion%20(Soho)",https://www.pint-prices.com/borough-results/Westminster,£6.63,2026-07-03T23:10:47+00:00
Westminster,346,Two Brewers,NECK OIL,£7.50,7.5,"https://www.pint-prices.com/pub/40%20Monmouth%20Street,%20WC2H%209EP/Two%20Brewers",https://www.pint-prices.com/borough-results/Westminster,£6.63,2026-07-03T23:10:47+00:00
Westminster,347,Punch & Judy,ESTRELLA,£7.50,7.5,"https://www.pint-prices.com/pub/40%20The%20Market,%20WC2E%208RF/Punch%20%26%20Judy",https://www.pint-prices.com/borough-results/Westminster,£6.63,2026-07-03T23:10:47+00:00
Westminster,348,Travellers Tavern (Belgravia),NECK OIL,£7.55,7.55,"https://www.pint-prices.com/pub/4%20Elizabeth%20Street,%20Belgravia,%20SW1W%209RB/Travellers%20Tavern%20(Belgravia)",https://www.pint-prices.com/borough-results/Westminster,£6.63,2026-07-03T23:10:47+00:00
Westminster,349,Chelsea Potter,NECK OIL,£7.55,7.55,"https://www.pint-prices.com/pub/119%20Kings%20Road,%20SW3%204PL/Chelsea%20Potter",https://www.pint-prices.com/borough-results/Westminster,£6.63,2026-07-03T23:10:47+00:00
Westminster,350,Paxtons Head,NECK OIL,£7.55,7.55,"https://www.pint-prices.com/pub/153%20Knightsbridge,%20SW1X%207PA/Paxtons%20Head",https://www.pint-prices.com/borough-results/Westminster,£6.63,2026-07-03T23:10:47+00:00
Westminster,351,Tattersalls Tavern,NECK OIL,£7.55,7.55,"https://www.pint-prices.com/pub/1%20Knightsbridge%20Green,%20SW1x%207QA/Tattersalls%20Tavern",https://www.pint-prices.com/borough-results/Westminster,£6.63,2026-07-03T23:10:47+00:00
Westminster,352,Rose & Crown (Mayfair),NECK OIL,£7.55,7.55,"https://www.pint-prices.com/pub/2%20Old%20Park%20Lane,%20WK1%201QN/Rose%20%26%20Crown%20(Mayfair)",https://www.pint-prices.com/borough-results/Westminster,£6.63,2026-07-03T23:10:47+00:00
Westminster,353,Coach & Horse (Mayfair),PERONI,£7.55,7.55,"https://www.pint-prices.com/pub/5%20Bruton%20Street,%20W1J%206PT/Coach%20%26%20Horse%20(Mayfair)",https://www.pint-prices.com/borough-results/Westminster,£6.63,2026-07-03T23:10:47+00:00
Westminster,354,Shakespeares Head (Soho),ASAHI,£7.55,7.55,"https://www.pint-prices.com/pub/29%20Great%20Malborough%20Street,%20W1F%207HZ/Shakespeares%20Head%20(Soho)",https://www.pint-prices.com/borough-results/Westminster,£6.63,2026-07-03T23:10:47+00:00
Westminster,355,Salisbury,PERONI,£7.55,7.55,"https://www.pint-prices.com/pub/90%20St%20Martins%20Lane,%20WC2N%204AP/Salisbury",https://www.pint-prices.com/borough-results/Westminster,£6.63,2026-07-03T23:10:47+00:00
Westminster,356,Crown (Covent Garden),NECK OIL,£7.55,7.55,"https://www.pint-prices.com/pub/43%20Monmouth%20Street,%20WC2H%209DD/Crown%20(Covent%20Garden)",https://www.pint-prices.com/borough-results/Westminster,£6.63,2026-07-03T23:10:47+00:00
Westminster,357,Crown (Covent Garden),PERONI,£7.55,7.55,"https://www.pint-prices.com/pub/43%20Monmouth%20Street,%20WC2H%209DD/Crown%20(Covent%20Garden)",https://www.pint-prices.com/borough-results/Westminster,£6.63,2026-07-03T23:10:47+00:00
Westminster,358,Prince of Wales (Covent Garden),NECK OIL,£7.55,7.55,"https://www.pint-prices.com/pub/150%20Drury%20Lane,%20WC2B%205TD/Prince%20of%20Wales%20(Covent%20Garden)",https://www.pint-prices.com/borough-results/Westminster,£6.63,2026-07-03T23:10:47+00:00
Westminster,359,Rose & Crown (Mayfair),PERONI,£7.65,7.65,"https://www.pint-prices.com/pub/2%20Old%20Park%20Lane,%20WK1%201QN/Rose%20%26%20Crown%20(Mayfair)",https://www.pint-prices.com/borough-results/Westminster,£6.63,2026-07-03T23:10:47+00:00
Westminster,360,Punch & Judy,PERONI,£7.85,7.85,"https://www.pint-prices.com/pub/40%20The%20Market,%20WC2E%208RF/Punch%20%26%20Judy",https://www.pint-prices.com/borough-results/Westminster,£6.63,2026-07-03T23:10:47+00:00
Westminster,361,Boisdale of Belgravia,GUINNESS,£7.90,7.9,"https://www.pint-prices.com/pub/15%20Eccleston%20St,%20London%20SW1W%209LX,%20UK/Boisdale%20of%20Belgravia",https://www.pint-prices.com/borough-results/Westminster,£6.63,2026-07-03T23:10:47+00:00
Westminster,362,BrewDog Waterloo,FOOL'S GOLD,£7.95,7.95,"https://www.pint-prices.com/pub/Unit%20G,%20Waterloo%20Station,%2001%20The%20Sidings,%20London%20SE1%207BH/BrewDog%20Waterloo",https://www.pint-prices.com/borough-results/Westminster,£6.63,2026-07-03T23:10:47+00:00
Westminster,363,Punch & Judy,NECK OIL,£8.05,8.05,"https://www.pint-prices.com/pub/40%20The%20Market,%20WC2E%208RF/Punch%20%26%20Judy",https://www.pint-prices.com/borough-results/Westminster,£6.63,2026-07-03T23:10:47+00:00
Westminster,364,Bbar,BOTTLED BEER,£9.00,9.0,"https://www.pint-prices.com/pub/43%20Buckingham%20Palace%20Rd,%20London%20SW1W%200PP,%20UK/Bbar",https://www.pint-prices.com/borough-results/Westminster,£6.63,2026-07-03T23:10:47+00:00
Westminster,365,Baccarat Bar,ASPALL CYDER,£9.50,9.5,"https://www.pint-prices.com/pub/87-135%20Brompton%20Rd,%20London%20SW1X%207XL/Baccarat%20Bar",https://www.pint-prices.com/borough-results/Westminster,£6.63,2026-07-03T23:10:47+00:00
