pub_name,address,phone_number,latitude,longitude,pint_position_for_pub,pint_name,price_text,price_gbp,pub_url,scraped_at
The Black Bull Inn - JD Wetherspoon,"107 High St, Bangor LL57 1NS",,53.2245,-4.12896,1,GREENE KING IPA,£1.79,1.79,"https://www.pint-prices.com/pub/%20107%20High%20St,%20Bangor%20LL57%201NS/The%20Black%20Bull%20Inn%20-%20JD%20Wetherspoon",2026-07-03T23:10:47+00:00
Tollington Arms,"115 Hornsey Rd, London N7 6DN",,51.557,-0.112178,1,SAN MIGUEL,£5.40,5.4,"https://www.pint-prices.com/pub/%20115%20Hornsey%20Rd,%20London%20N7%206DN/Tollington%20Arms",2026-07-03T23:10:47+00:00
Tufnell Park Tavern,"162 Tufnell Pk Rd, London N7 0EE",,51.5577,-0.132228,1,VICTORIA MALAGA,£6.70,6.7,"https://www.pint-prices.com/pub/%20162%20Tufnell%20Pk%20Rd,%20London%20N7%200EE/Tufnell%20Park%20Tavern",2026-07-03T23:10:47+00:00
Salt Quay,"163 Rotherhithe St, London SE16 5QU",,51.5046,-0.0475652,1,ESTRELLA,£7.00,7.0,"https://www.pint-prices.com/pub/%20163%20Rotherhithe%20St,%20London%20SE16%205QU/Salt%20Quay",2026-07-03T23:10:47+00:00
"Market Halls, Victoria","191 Victoria St, London SW1E 5NE",,51.4964,-0.144259,1,CAMDEN HELLS,£7.00,7.0,"https://www.pint-prices.com/pub/%20191%20Victoria%20St,%20London%20SW1E%205NE/Market%20Halls,%20Victoria%20",2026-07-03T23:10:47+00:00
The Regent,"21 Chestnut Grove, London SW12 8JB",,51.4441,-0.15378,1,GUINNESS,£6.80,6.8,"https://www.pint-prices.com/pub/%2021%20Chestnut%20Grove,%20London%20SW12%208JB/The%20Regent",2026-07-03T23:10:47+00:00
The Bull & Gate,"389 Kentish Town Rd, London NW5 2TJ",,51.5518,-0.141566,1,GUINNESS,£6.95,6.95,"https://www.pint-prices.com/pub/%20389%20Kentish%20Town%20Rd,%20London%20NW5%202TJ/The%20Bull%20%26%20Gate",2026-07-03T23:10:47+00:00
Jones’ Pizza,"42 Holyhead Rd, Bangor LL57 2EU",,53.2274,-4.13416,1,TUDNO PILSNER,£5.80,5.8,"https://www.pint-prices.com/pub/%2042%20Holyhead%20Rd,%20Bangor%20LL57%202EU/Jones%E2%80%99%20Pizza",2026-07-03T23:10:47+00:00
The Anglesey Arms,"Harbour Front, Caernarfon LL55 1SG",,53.1397,-4.27838,1,WREXHAM LAGER,£5.00,5.0,"https://www.pint-prices.com/pub/%20Harbour%20Front,%20Caernarfon%20LL55%201SG/The%20Anglesey%20Arms",2026-07-03T23:10:47+00:00
Springfield Tavern,THE SPRINGFIELD TAVERN 133 BOUNDS GREEN ROAD LONDON N11 2PP,,51.6055,-0.122765,1,GUINNESS,£5.25,5.25,https://www.pint-prices.com/pub/%20THE%20SPRINGFIELD%20TAVERN%20133%20BOUNDS%20GREEN%20ROAD%20LONDON%20N11%202PP/Springfield%20Tavern,2026-07-03T23:10:47+00:00
Springfield Tavern,THE SPRINGFIELD TAVERN 133 BOUNDS GREEN ROAD LONDON N11 2PP,,51.6055,-0.122765,2,BIRRA MORETTI,£5.25,5.25,https://www.pint-prices.com/pub/%20THE%20SPRINGFIELD%20TAVERN%20133%20BOUNDS%20GREEN%20ROAD%20LONDON%20N11%202PP/Springfield%20Tavern,2026-07-03T23:10:47+00:00
Brewdog Waterloo,"01 The Sidings, London SE1 7BH",🌐 https://www.brewdog.com/uk/brewdog-waterloo 🍽️ Food available 🍹 Cocktails available ☀️ Beer garden available ⏰ Happy hour,51.5023,-0.115402,1,LOST LAGER,£7.10,7.1,"https://www.pint-prices.com/pub/01%20The%20Sidings,%20London%20SE1%207BH/Brewdog%20Waterloo",2026-07-03T23:10:47+00:00
The Britannia,"1 Allen St, London W8 6UX",🌐 https://www.britanniakensington.co.uk/ 🍽️ Food available ⚽ Live sports shown ❓ Pub quiz available,51.4986,-0.195455,1,PRAVHA,£6.10,6.1,"https://www.pint-prices.com/pub/1%20Allen%20St,%20London%20W8%206UX/The%20Britannia",2026-07-03T23:10:47+00:00
The Oyster Shed,"1 Angel Ln, London EC4R 3AB, UK",020 7256 3240 🌐 https://www.oystershed.co.uk/ 🍽️ Food available ☀️ Beer garden available 😎 Cool place,51.5099,-0.089692,1,PRAVHA,£6.20,6.2,"https://www.pint-prices.com/pub/1%20Angel%20Ln,%20London%20EC4R%203AB,%20UK/The%20Oyster%20Shed",2026-07-03T23:10:47+00:00
The Oyster Shed,"1 Angel Ln, London EC4R 3AB, UK",020 7256 3240 🌐 https://www.oystershed.co.uk/ 🍽️ Food available ☀️ Beer garden available 😎 Cool place,51.5099,-0.089692,2,CORONA,£6.80,6.8,"https://www.pint-prices.com/pub/1%20Angel%20Ln,%20London%20EC4R%203AB,%20UK/The%20Oyster%20Shed",2026-07-03T23:10:47+00:00
The Boleyn Tavern,"1 Barking Rd, London E6 1PW",🌐 https://boleyntavern.co.uk/ 🍽️ Food available ☀️ Beer garden available,51.5304,0.03809,1,PILLARS PILSNER,£5.40,5.4,"https://www.pint-prices.com/pub/1%20Barking%20Rd,%20London%20E6%201PW/The%20Boleyn%20Tavern",2026-07-03T23:10:47+00:00
The Beckton Arms,1 Beckton Road Canning Town Royal Docks E16 1PU,,51.5179,0.0132379,1,CARLSBERG,£3.60,3.6,https://www.pint-prices.com/pub/1%20Beckton%20Road%20Canning%20Town%20Royal%20Docks%20E16%201PU/The%20Beckton%20Arms,2026-07-03T23:10:47+00:00
The Saint,"1 Bow Churchyard, London EC4M 9DQ",🌐 https://www.thesaint-bow.co.uk/ 🍽️ Food available 🍹 Cocktails available ☀️ Beer garden available,51.5135,-0.0940593,1,GUINNESS,£6.95,6.95,"https://www.pint-prices.com/pub/1%20Bow%20Churchyard,%20London%20EC4M%209DQ/The%20Saint",2026-07-03T23:10:47+00:00
The Saint,"1 Bow Churchyard, London EC4M 9DQ",🌐 https://www.thesaint-bow.co.uk/ 🍽️ Food available 🍹 Cocktails available ☀️ Beer garden available,51.5135,-0.0940593,2,ASAHI,£7.40,7.4,"https://www.pint-prices.com/pub/1%20Bow%20Churchyard,%20London%20EC4M%209DQ/The%20Saint",2026-07-03T23:10:47+00:00
The Saint,"1 Bow Churchyard, London EC4M 9DQ",🌐 https://www.thesaint-bow.co.uk/ 🍽️ Food available 🍹 Cocktails available ☀️ Beer garden available,51.5135,-0.0940593,3,PERONI,£7.40,7.4,"https://www.pint-prices.com/pub/1%20Bow%20Churchyard,%20London%20EC4M%209DQ/The%20Saint",2026-07-03T23:10:47+00:00
The Belle Vue,"1 Clapham Common South Side, London SW4 7AA",2074989473 🌐 https://www.bellevueclapham.com/ 🍽️ Food available 🍹 Cocktails available ⚽ Live sports shown 🎸 Live music ❓ Pub quiz available,51.4618,-0.137634,1,AMSTEL,£6.00,6.0,"https://www.pint-prices.com/pub/1%20Clapham%20Common%20South%20Side,%20London%20SW4%207AA/The%20Belle%20Vue",2026-07-03T23:10:47+00:00
The Belle Vue,"1 Clapham Common South Side, London SW4 7AA",2074989473 🌐 https://www.bellevueclapham.com/ 🍽️ Food available 🍹 Cocktails available ⚽ Live sports shown 🎸 Live music ❓ Pub quiz available,51.4618,-0.137634,2,GUINNESS,£6.60,6.6,"https://www.pint-prices.com/pub/1%20Clapham%20Common%20South%20Side,%20London%20SW4%207AA/The%20Belle%20Vue",2026-07-03T23:10:47+00:00
Honest Burger Tower Hill,"1 Commodity Quay, London E1W 1AZ",🌐 https://www.honestburgers.co.uk/locations/st-katharine-docks/ 🍽️ Food available,51.5081,-0.0719444,1,GUINNESS,£5.80,5.8,"https://www.pint-prices.com/pub/1%20Commodity%20Quay,%20London%20E1W%201AZ/Honest%20Burger%20Tower%20Hill",2026-07-03T23:10:47+00:00
Honest Burger Tower Hill,"1 Commodity Quay, London E1W 1AZ",🌐 https://www.honestburgers.co.uk/locations/st-katharine-docks/ 🍽️ Food available,51.5081,-0.0719444,2,BROOKLYN PILSNER,£5.90,5.9,"https://www.pint-prices.com/pub/1%20Commodity%20Quay,%20London%20E1W%201AZ/Honest%20Burger%20Tower%20Hill",2026-07-03T23:10:47+00:00
Queen of Hoxton,"1 Curtain Rd, London EC2A 3JX, UK",020 7422 0958 🌐 http://www.queenofhoxton.com/ 🍽️ Food available ☀️ Beer garden available 🎸 Live music,51.5222,-0.0811459,1,AMSTEL,£6.50,6.5,"https://www.pint-prices.com/pub/1%20Curtain%20Rd,%20London%20EC2A%203JX,%20UK/Queen%20of%20Hoxton",2026-07-03T23:10:47+00:00
Red Lion,"1 Eldon Street, EC2M 7LS",🌐 https://www.greeneking.co.uk/pubs/greater-london/red-lion 🍽️ Food available 🍹 Cocktails available,51.5188,-0.0860007,1,AMSTEL,£6.15,6.15,"https://www.pint-prices.com/pub/1%20Eldon%20Street,%20EC2M%207LS/Red%20Lion",2026-07-03T23:10:47+00:00
Red Lion,"1 Eldon Street, EC2M 7LS",🌐 https://www.greeneking.co.uk/pubs/greater-london/red-lion 🍽️ Food available 🍹 Cocktails available,51.5188,-0.0860007,2,GUINNESS,£6.30,6.3,"https://www.pint-prices.com/pub/1%20Eldon%20Street,%20EC2M%207LS/Red%20Lion",2026-07-03T23:10:47+00:00
Red Lion,"1 Eldon Street, EC2M 7LS",🌐 https://www.greeneking.co.uk/pubs/greater-london/red-lion 🍽️ Food available 🍹 Cocktails available,51.5188,-0.0860007,3,ESTRELLA,£6.75,6.75,"https://www.pint-prices.com/pub/1%20Eldon%20Street,%20EC2M%207LS/Red%20Lion",2026-07-03T23:10:47+00:00
Red Lion,"1 Eldon Street, EC2M 7LS",🌐 https://www.greeneking.co.uk/pubs/greater-london/red-lion 🍽️ Food available 🍹 Cocktails available,51.5188,-0.0860007,4,BIRRA MORETTI,£7.05,7.05,"https://www.pint-prices.com/pub/1%20Eldon%20Street,%20EC2M%207LS/Red%20Lion",2026-07-03T23:10:47+00:00
Red Lion,"1 Eldon Street, EC2M 7LS",🌐 https://www.greeneking.co.uk/pubs/greater-london/red-lion 🍽️ Food available 🍹 Cocktails available,51.5188,-0.0860007,5,NECK OIL,£7.40,7.4,"https://www.pint-prices.com/pub/1%20Eldon%20Street,%20EC2M%207LS/Red%20Lion",2026-07-03T23:10:47+00:00
Red Lion,"1 Eldon Street, EC2M 7LS",🌐 https://www.greeneking.co.uk/pubs/greater-london/red-lion 🍽️ Food available 🍹 Cocktails available,51.5188,-0.0860007,6,PERONI,£7.40,7.4,"https://www.pint-prices.com/pub/1%20Eldon%20Street,%20EC2M%207LS/Red%20Lion",2026-07-03T23:10:47+00:00
The Swan,"1 Evershed Walk, 119 Acton Ln, Chiswick, London W4 5HH",🌐 https://www.theswanchiswick.co.uk/ 🍽️ Food available ☀️ Beer garden available,51.4971,-0.265808,1,ASAHI,£7.20,7.2,"https://www.pint-prices.com/pub/1%20Evershed%20Walk,%20119%20Acton%20Ln,%20Chiswick,%20London%20W4%205HH/The%20Swan",2026-07-03T23:10:47+00:00
Coach & Horses,"1 Great Malborough Street, W1F 7HG",🌐 www.greeneking.co.uk 🍽️ Food available ⚽ Live sports shown,51.5149,-0.137432,1,AMSTEL,£6.15,6.15,"https://www.pint-prices.com/pub/1%20Great%20Malborough%20Street,%20W1F%207HG/Coach%20%26%20Horses",2026-07-03T23:10:47+00:00
Coach & Horses,"1 Great Malborough Street, W1F 7HG",🌐 www.greeneking.co.uk 🍽️ Food available ⚽ Live sports shown,51.5149,-0.137432,2,GUINNESS,£6.35,6.35,"https://www.pint-prices.com/pub/1%20Great%20Malborough%20Street,%20W1F%207HG/Coach%20%26%20Horses",2026-07-03T23:10:47+00:00
Coach & Horses,"1 Great Malborough Street, W1F 7HG",🌐 www.greeneking.co.uk 🍽️ Food available ⚽ Live sports shown,51.5149,-0.137432,3,CORONA,£6.90,6.9,"https://www.pint-prices.com/pub/1%20Great%20Malborough%20Street,%20W1F%207HG/Coach%20%26%20Horses",2026-07-03T23:10:47+00:00
Coach & Horses,"1 Great Malborough Street, W1F 7HG",🌐 www.greeneking.co.uk 🍽️ Food available ⚽ Live sports shown,51.5149,-0.137432,4,MADRI,£6.95,6.95,"https://www.pint-prices.com/pub/1%20Great%20Malborough%20Street,%20W1F%207HG/Coach%20%26%20Horses",2026-07-03T23:10:47+00:00
Coach & Horses,"1 Great Malborough Street, W1F 7HG",🌐 www.greeneking.co.uk 🍽️ Food available ⚽ Live sports shown,51.5149,-0.137432,5,ESTRELLA,£6.95,6.95,"https://www.pint-prices.com/pub/1%20Great%20Malborough%20Street,%20W1F%207HG/Coach%20%26%20Horses",2026-07-03T23:10:47+00:00
Coach & Horses,"1 Great Malborough Street, W1F 7HG",🌐 www.greeneking.co.uk 🍽️ Food available ⚽ Live sports shown,51.5149,-0.137432,6,NECK OIL,£7.25,7.25,"https://www.pint-prices.com/pub/1%20Great%20Malborough%20Street,%20W1F%207HG/Coach%20%26%20Horses",2026-07-03T23:10:47+00:00
Coach & Horses,"1 Great Malborough Street, W1F 7HG",🌐 www.greeneking.co.uk 🍽️ Food available ⚽ Live sports shown,51.5149,-0.137432,7,PERONI,£7.25,7.25,"https://www.pint-prices.com/pub/1%20Great%20Malborough%20Street,%20W1F%207HG/Coach%20%26%20Horses",2026-07-03T23:10:47+00:00
The Fox On The Green,"1 Islington Grn, London N1 2XA",🌐 https://www.crafted-social.co.uk/fox-on-the-green-islington 🍽️ Food available 🍹 Cocktails available ☀️ Beer garden available ⚽ Live sports shown,51.5367,-0.103149,1,AMSTEL,£5.90,5.9,"https://www.pint-prices.com/pub/1%20Islington%20Grn,%20London%20N1%202XA/The%20Fox%20On%20The%20Green",2026-07-03T23:10:47+00:00
The Builders Arms,"1 Kensington Court Place, London W8 5BJ",🌐 https://www.thebuildersarmskensington.co.uk/#/ 🍽️ Food available 🍹 Cocktails available ☀️ Beer garden available ⚽ Live sports shown 🎸 Live music ❓ Pub quiz available 😎 Cool place,51.4994,-0.18833,1,CAMDEN HELLS,£6.80,6.8,"https://www.pint-prices.com/pub/1%20Kensington%20Court%20Place,%20London%20W8%205BJ/The%20Builders%20Arms",2026-07-03T23:10:47+00:00
The Greyhound,"1 Kensington Sqaure, London W8 5EP",🌐 https://www.greeneking.co.uk/pubs/greater-london/greyhound 🍽️ Food available 🍹 Cocktails available ☀️ Beer garden available ⚽ Live sports shown,51.5011,-0.189454,1,AMSTEL,£5.85,5.85,"https://www.pint-prices.com/pub/1%20Kensington%20Sqaure,%20London%20W8%205EP/The%20Greyhound",2026-07-03T23:10:47+00:00
Greyhound,"1 Kensington Square, W8 5EP",🌐 https://www.greeneking.co.uk/pubs/greater-london/greyhound 🍽️ Food available 🍹 Cocktails available ☀️ Beer garden available ⚽ Live sports shown,51.5011,-0.189454,1,AMSTEL,£6.20,6.2,"https://www.pint-prices.com/pub/1%20Kensington%20Square,%20W8%205EP/Greyhound",2026-07-03T23:10:47+00:00
Greyhound,"1 Kensington Square, W8 5EP",🌐 https://www.greeneking.co.uk/pubs/greater-london/greyhound 🍽️ Food available 🍹 Cocktails available ☀️ Beer garden available ⚽ Live sports shown,51.5011,-0.189454,2,GUINNESS,£6.35,6.35,"https://www.pint-prices.com/pub/1%20Kensington%20Square,%20W8%205EP/Greyhound",2026-07-03T23:10:47+00:00
Greyhound,"1 Kensington Square, W8 5EP",🌐 https://www.greeneking.co.uk/pubs/greater-london/greyhound 🍽️ Food available 🍹 Cocktails available ☀️ Beer garden available ⚽ Live sports shown,51.5011,-0.189454,3,ESTRELLA,£6.90,6.9,"https://www.pint-prices.com/pub/1%20Kensington%20Square,%20W8%205EP/Greyhound",2026-07-03T23:10:47+00:00
Greyhound,"1 Kensington Square, W8 5EP",🌐 https://www.greeneking.co.uk/pubs/greater-london/greyhound 🍽️ Food available 🍹 Cocktails available ☀️ Beer garden available ⚽ Live sports shown,51.5011,-0.189454,4,BIRRA MORETTI,£6.95,6.95,"https://www.pint-prices.com/pub/1%20Kensington%20Square,%20W8%205EP/Greyhound",2026-07-03T23:10:47+00:00
Greyhound,"1 Kensington Square, W8 5EP",🌐 https://www.greeneking.co.uk/pubs/greater-london/greyhound 🍽️ Food available 🍹 Cocktails available ☀️ Beer garden available ⚽ Live sports shown,51.5011,-0.189454,5,PERONI,£7.25,7.25,"https://www.pint-prices.com/pub/1%20Kensington%20Square,%20W8%205EP/Greyhound",2026-07-03T23:10:47+00:00
Greyhound,"1 Kensington Square, W8 5EP",🌐 https://www.greeneking.co.uk/pubs/greater-london/greyhound 🍽️ Food available 🍹 Cocktails available ☀️ Beer garden available ⚽ Live sports shown,51.5011,-0.189454,6,NECK OIL,£7.40,7.4,"https://www.pint-prices.com/pub/1%20Kensington%20Square,%20W8%205EP/Greyhound",2026-07-03T23:10:47+00:00
The Queen’s Arms,"1 Kilburn High Rd, London NW6 5SE",🌐 https://queensarmskilburn.co.uk/ 🍽️ Food available ☀️ Beer garden available ⚽ Live sports shown 🎸 Live music,51.5351,-0.189995,1,PRAVHA,£6.00,6.0,"https://www.pint-prices.com/pub/1%20Kilburn%20High%20Rd,%20London%20NW6%205SE/The%20Queen%E2%80%99s%20Arms",2026-07-03T23:10:47+00:00
Tattersalls Tavern,"1 Knightsbridge Green, SW1x 7QA",🌐 https://www.greeneking.co.uk/pubs/greater-london/tattersalls-tavern 🍽️ Food available 🍹 Cocktails available ☀️ Beer garden available ⚽ Live sports shown,51.501,-0.162467,1,GUINNESS,£6.65,6.65,"https://www.pint-prices.com/pub/1%20Knightsbridge%20Green,%20SW1x%207QA/Tattersalls%20Tavern",2026-07-03T23:10:47+00:00
Tattersalls Tavern,"1 Knightsbridge Green, SW1x 7QA",🌐 https://www.greeneking.co.uk/pubs/greater-london/tattersalls-tavern 🍽️ Food available 🍹 Cocktails available ☀️ Beer garden available ⚽ Live sports shown,51.501,-0.162467,2,BIRRA MORETTI,£7.05,7.05,"https://www.pint-prices.com/pub/1%20Knightsbridge%20Green,%20SW1x%207QA/Tattersalls%20Tavern",2026-07-03T23:10:47+00:00
Tattersalls Tavern,"1 Knightsbridge Green, SW1x 7QA",🌐 https://www.greeneking.co.uk/pubs/greater-london/tattersalls-tavern 🍽️ Food available 🍹 Cocktails available ☀️ Beer garden available ⚽ Live sports shown,51.501,-0.162467,3,MADRI,£7.10,7.1,"https://www.pint-prices.com/pub/1%20Knightsbridge%20Green,%20SW1x%207QA/Tattersalls%20Tavern",2026-07-03T23:10:47+00:00
Tattersalls Tavern,"1 Knightsbridge Green, SW1x 7QA",🌐 https://www.greeneking.co.uk/pubs/greater-london/tattersalls-tavern 🍽️ Food available 🍹 Cocktails available ☀️ Beer garden available ⚽ Live sports shown,51.501,-0.162467,4,ESTRELLA,£7.25,7.25,"https://www.pint-prices.com/pub/1%20Knightsbridge%20Green,%20SW1x%207QA/Tattersalls%20Tavern",2026-07-03T23:10:47+00:00
Tattersalls Tavern,"1 Knightsbridge Green, SW1x 7QA",🌐 https://www.greeneking.co.uk/pubs/greater-london/tattersalls-tavern 🍽️ Food available 🍹 Cocktails available ☀️ Beer garden available ⚽ Live sports shown,51.501,-0.162467,5,PERONI,£7.45,7.45,"https://www.pint-prices.com/pub/1%20Knightsbridge%20Green,%20SW1x%207QA/Tattersalls%20Tavern",2026-07-03T23:10:47+00:00
Tattersalls Tavern,"1 Knightsbridge Green, SW1x 7QA",🌐 https://www.greeneking.co.uk/pubs/greater-london/tattersalls-tavern 🍽️ Food available 🍹 Cocktails available ☀️ Beer garden available ⚽ Live sports shown,51.501,-0.162467,6,NECK OIL,£7.55,7.55,"https://www.pint-prices.com/pub/1%20Knightsbridge%20Green,%20SW1x%207QA/Tattersalls%20Tavern",2026-07-03T23:10:47+00:00
1 Lombard Street Bar & Restaurant Bank,"1 Lombard St, London EC3V 9AA, UK",020 7929 6611 🌐 https://www.1lombardstreet.com/?utm_source=GMB&utm_medium=website%20click&utm_campaign=SDM&utm_id=GM 📧events@1lombardstreet.com 🍽️ Food available 🍹 Cocktails available 😎 Cool place,51.5131,-0.0889625,1,GUINNESS,£8.00,8.0,"https://www.pint-prices.com/pub/1%20Lombard%20St,%20London%20EC3V%209AA,%20UK/1%20Lombard%20Street%20Bar%20%26%20Restaurant%20Bank",2026-07-03T23:10:47+00:00
The White Hart,"1 Mile End Rd, Bethnal Green, London E1 4TP",🌐 https://www.mcmullens.co.uk/whitehartwhitechapel 🍽️ Food available ☀️ Beer garden available,51.5202,-0.0562341,1,LONDON PILSNER,£5.20,5.2,"https://www.pint-prices.com/pub/1%20Mile%20End%20Rd,%20Bethnal%20Green,%20London%20E1%204TP/The%20White%20Hart",2026-07-03T23:10:47+00:00
Three Tuns,"1 Portman Mews South, W1H 6HP",🌐 https://www.greeneking.co.uk/pubs/greater-london/three-tuns 🍽️ Food available 🍹 Cocktails available ☀️ Beer garden available ⚽ Live sports shown,51.5145,-0.155972,1,AMSTEL,£6.15,6.15,"https://www.pint-prices.com/pub/1%20Portman%20Mews%20South,%20W1H%206HP/Three%20Tuns",2026-07-03T23:10:47+00:00
Three Tuns,"1 Portman Mews South, W1H 6HP",🌐 https://www.greeneking.co.uk/pubs/greater-london/three-tuns 🍽️ Food available 🍹 Cocktails available ☀️ Beer garden available ⚽ Live sports shown,51.5145,-0.155972,2,GUINNESS,£6.35,6.35,"https://www.pint-prices.com/pub/1%20Portman%20Mews%20South,%20W1H%206HP/Three%20Tuns",2026-07-03T23:10:47+00:00
Three Tuns,"1 Portman Mews South, W1H 6HP",🌐 https://www.greeneking.co.uk/pubs/greater-london/three-tuns 🍽️ Food available 🍹 Cocktails available ☀️ Beer garden available ⚽ Live sports shown,51.5145,-0.155972,3,ESTRELLA,£7.00,7.0,"https://www.pint-prices.com/pub/1%20Portman%20Mews%20South,%20W1H%206HP/Three%20Tuns",2026-07-03T23:10:47+00:00
Three Tuns,"1 Portman Mews South, W1H 6HP",🌐 https://www.greeneking.co.uk/pubs/greater-london/three-tuns 🍽️ Food available 🍹 Cocktails available ☀️ Beer garden available ⚽ Live sports shown,51.5145,-0.155972,4,PERONI,£7.25,7.25,"https://www.pint-prices.com/pub/1%20Portman%20Mews%20South,%20W1H%206HP/Three%20Tuns",2026-07-03T23:10:47+00:00
Three Tuns,"1 Portman Mews South, W1H 6HP",🌐 https://www.greeneking.co.uk/pubs/greater-london/three-tuns 🍽️ Food available 🍹 Cocktails available ☀️ Beer garden available ⚽ Live sports shown,51.5145,-0.155972,5,NECK OIL,£7.40,7.4,"https://www.pint-prices.com/pub/1%20Portman%20Mews%20South,%20W1H%206HP/Three%20Tuns",2026-07-03T23:10:47+00:00
The Colonel Fawcett,"1 Randolph St, London NW1 0SS",🌐 https://thecolonelfawcett.co.uk/ 🍽️ Food available 🍹 Cocktails available ☀️ Beer garden available 🎸 Live music 🎯 Darts available,51.5418,-0.135962,1,BIRRA MORETTI,£6.70,6.7,"https://www.pint-prices.com/pub/1%20Randolph%20St,%20London%20NW1%200SS/The%20Colonel%20Fawcett",2026-07-03T23:10:47+00:00
Royal Standard,"1 Sheldon St, Croydon CR0 1SS, UK",020 8680 3106 🌐 https://www.royalstandardcroydon.co.uk/ 🍽️ Food available ☀️ Beer garden available,51.3699,-0.101587,1,FOSTERS,£4.80,4.8,"https://www.pint-prices.com/pub/1%20Sheldon%20St,%20Croydon%20CR0%201SS,%20UK/Royal%20Standard",2026-07-03T23:10:47+00:00
Royal Standard,"1 Sheldon St, Croydon CR0 1SS, UK",020 8680 3106 🌐 https://www.royalstandardcroydon.co.uk/ 🍽️ Food available ☀️ Beer garden available,51.3699,-0.101587,2,LONDON PRIDE,£4.80,4.8,"https://www.pint-prices.com/pub/1%20Sheldon%20St,%20Croydon%20CR0%201SS,%20UK/Royal%20Standard",2026-07-03T23:10:47+00:00
The Slug and Lettuce,"1 St Katharine's Way, London E1W 1DD",🌐 https://www.slugandlettuce.co.uk/tower-bridge 🍽️ Food available 🍹 Cocktails available ☀️ Beer garden available,51.5085,-0.0735102,1,AMSTEL,£6.25,6.25,"https://www.pint-prices.com/pub/1%20St%20Katharine's%20Way,%20London%20E1W%201DD/The%20Slug%20and%20Lettuce",2026-07-03T23:10:47+00:00
The Slug and Lettuce,"1 St Katharine's Way, London E1W 1DD",🌐 https://www.slugandlettuce.co.uk/tower-bridge 🍽️ Food available 🍹 Cocktails available ☀️ Beer garden available,51.5085,-0.0735102,2,BIRRA MORETTI,£7.10,7.1,"https://www.pint-prices.com/pub/1%20St%20Katharine's%20Way,%20London%20E1W%201DD/The%20Slug%20and%20Lettuce",2026-07-03T23:10:47+00:00
The Navigation Inn,"1 Wharf Road, Birmingham, B30 3LS",,52.4078,-1.92679,1,GUINNESS,£3.45,3.45,"https://www.pint-prices.com/pub/1%20Wharf%20Road,%20Birmingham,%20B30%203LS/The%20Navigation%20Inn",2026-07-03T23:10:47+00:00
The Asparagus,"1-13 Falcon Rd, London SW11 2PL",🌐 https://asparagusbattersea.co.uk/ 🍽️ Food available 🍹 Cocktails available ☀️ Beer garden available 🎸 Live music,51.4699,-0.171367,1,CARLSBERG,£3.45,3.45,"https://www.pint-prices.com/pub/1-13%20Falcon%20Rd,%20London%20SW11%202PL/The%20Asparagus",2026-07-03T23:10:47+00:00
The Asparagus - JD Wetherspoon,"1-13 Falcon Road, Battersea, SW11 2PL",🍽️ Food available 🍹 Cocktails available,51.4699,-0.171367,1,BUD LIGHT,£2.66,2.66,"https://www.pint-prices.com/pub/1-13%20Falcon%20Road,%20Battersea,%20SW11%202PL/The%20Asparagus%20-%20JD%20Wetherspoon",2026-07-03T23:10:47+00:00
The Asparagus - JD Wetherspoon,"1-13 Falcon Road, Battersea, SW11 2PL",🍽️ Food available 🍹 Cocktails available,51.4699,-0.171367,2,CARLSBERG PILSNER,£3.45,3.45,"https://www.pint-prices.com/pub/1-13%20Falcon%20Road,%20Battersea,%20SW11%202PL/The%20Asparagus%20-%20JD%20Wetherspoon",2026-07-03T23:10:47+00:00
The Asparagus - JD Wetherspoon,"1-13 Falcon Road, Battersea, SW11 2PL",🍽️ Food available 🍹 Cocktails available,51.4699,-0.171367,3,GUINNESS,£3.66,3.66,"https://www.pint-prices.com/pub/1-13%20Falcon%20Road,%20Battersea,%20SW11%202PL/The%20Asparagus%20-%20JD%20Wetherspoon",2026-07-03T23:10:47+00:00
The Asparagus - JD Wetherspoon,"1-13 Falcon Road, Battersea, SW11 2PL",🍽️ Food available 🍹 Cocktails available,51.4699,-0.171367,4,CARLING,£3.86,3.86,"https://www.pint-prices.com/pub/1-13%20Falcon%20Road,%20Battersea,%20SW11%202PL/The%20Asparagus%20-%20JD%20Wetherspoon",2026-07-03T23:10:47+00:00
The Asparagus - JD Wetherspoon,"1-13 Falcon Road, Battersea, SW11 2PL",🍽️ Food available 🍹 Cocktails available,51.4699,-0.171367,5,COORS,£3.86,3.86,"https://www.pint-prices.com/pub/1-13%20Falcon%20Road,%20Battersea,%20SW11%202PL/The%20Asparagus%20-%20JD%20Wetherspoon",2026-07-03T23:10:47+00:00
The Asparagus - JD Wetherspoon,"1-13 Falcon Road, Battersea, SW11 2PL",🍽️ Food available 🍹 Cocktails available,51.4699,-0.171367,6,BUDWEISER,£4.06,4.06,"https://www.pint-prices.com/pub/1-13%20Falcon%20Road,%20Battersea,%20SW11%202PL/The%20Asparagus%20-%20JD%20Wetherspoon",2026-07-03T23:10:47+00:00
The Asparagus - JD Wetherspoon,"1-13 Falcon Road, Battersea, SW11 2PL",🍽️ Food available 🍹 Cocktails available,51.4699,-0.171367,7,STELLA ARTOIS,£4.28,4.28,"https://www.pint-prices.com/pub/1-13%20Falcon%20Road,%20Battersea,%20SW11%202PL/The%20Asparagus%20-%20JD%20Wetherspoon",2026-07-03T23:10:47+00:00
The Asparagus - JD Wetherspoon,"1-13 Falcon Road, Battersea, SW11 2PL",🍽️ Food available 🍹 Cocktails available,51.4699,-0.171367,8,CORONA,£4.40,4.4,"https://www.pint-prices.com/pub/1-13%20Falcon%20Road,%20Battersea,%20SW11%202PL/The%20Asparagus%20-%20JD%20Wetherspoon",2026-07-03T23:10:47+00:00
The Asparagus - JD Wetherspoon,"1-13 Falcon Road, Battersea, SW11 2PL",🍽️ Food available 🍹 Cocktails available,51.4699,-0.171367,9,SAN MIGUEL,£4.40,4.4,"https://www.pint-prices.com/pub/1-13%20Falcon%20Road,%20Battersea,%20SW11%202PL/The%20Asparagus%20-%20JD%20Wetherspoon",2026-07-03T23:10:47+00:00
The Asparagus - JD Wetherspoon,"1-13 Falcon Road, Battersea, SW11 2PL",🍽️ Food available 🍹 Cocktails available,51.4699,-0.171367,10,LEFFE BLONDE,£4.73,4.73,"https://www.pint-prices.com/pub/1-13%20Falcon%20Road,%20Battersea,%20SW11%202PL/The%20Asparagus%20-%20JD%20Wetherspoon",2026-07-03T23:10:47+00:00
The Old Dairy,"1-3 Crouch Hill, London N4 4AP",🌐 https://www.greeneking.co.uk/pubs/greater-london/old-dairy 🍽️ Food available 🍹 Cocktails available ⚽ Live sports shown 🎸 Live music ❓ Pub quiz available,51.5706,-0.115631,1,ASAHI,£5.95,5.95,"https://www.pint-prices.com/pub/1-3%20Crouch%20Hill,%20London%20N4%204AP/The%20Old%20Dairy",2026-07-03T23:10:47+00:00
The Army & Navy,"1-3 Matthias Rd, London N16 8NN",🌐 no websites ☀️ Beer garden available 🎸 Live music 🎯 Darts available 🎤 Karaoke available,51.5517,-0.0798203,1,AMSTEL,£5.50,5.5,"https://www.pint-prices.com/pub/1-3%20Matthias%20Rd,%20London%20N16%208NN/The%20Army%20%26%20Navy",2026-07-03T23:10:47+00:00
McGlynn’s Free House,"1-5 Whidborne St, London WC1H 8ET",🌐 no website 🍽️ Food available ☀️ Beer garden available,51.5284,-0.123315,1,GUINNESS,£5.80,5.8,"https://www.pint-prices.com/pub/1-5%20Whidborne%20St,%20London%20WC1H%208ET/McGlynn%E2%80%99s%20Free%20House",2026-07-03T23:10:47+00:00
McGlynn's Free House,"1-5 Whidborne Street, Kings Cross, London WC1H 8ET",🌐 http://www.mcglynnsfreehouse.com/ ☀️ Beer garden available,51.5284,-0.123315,1,KRONENBOURG,£5.20,5.2,"https://www.pint-prices.com/pub/1-5%20Whidborne%20Street,%20Kings%20Cross,%20London%20WC1H%208ET/McGlynn's%20Free%20House",2026-07-03T23:10:47+00:00
Hawksmoor Guildhall,"10 Basinghall St, London EC2V 5BQ, UK",020 7397 8120 🌐 http://thehawksmoor.com/locations/guildhall?y_source=1_MjQyMjUwMjgtNzE1LWxvY2F0aW9uLndlYnNpdGU%3D 🍽️ Food available,51.5155,-0.0908491,1,PALE ALE,£6.50,6.5,"https://www.pint-prices.com/pub/10%20Basinghall%20St,%20London%20EC2V%205BQ,%20UK/Hawksmoor%20Guildhall",2026-07-03T23:10:47+00:00
Hawksmoor Guildhall,"10 Basinghall St, London EC2V 5BQ, UK",020 7397 8120 🌐 http://thehawksmoor.com/locations/guildhall?y_source=1_MjQyMjUwMjgtNzE1LWxvY2F0aW9uLndlYnNpdGU%3D 🍽️ Food available,51.5155,-0.0908491,2,HOUSE LAGER,£6.75,6.75,"https://www.pint-prices.com/pub/10%20Basinghall%20St,%20London%20EC2V%205BQ,%20UK/Hawksmoor%20Guildhall",2026-07-03T23:10:47+00:00
The Dean Swift,"10 Gainsford St, London SE1 2NE",🌐 https://www.thedeanswift.com/ 🍽️ Food available ⚽ Live sports shown ❓ Pub quiz available,51.5029,-0.0751025,1,PAULANER,£6.30,6.3,"https://www.pint-prices.com/pub/10%20Gainsford%20St,%20London%20SE1%202NE/The%20Dean%20Swift",2026-07-03T23:10:47+00:00
The Dean Swift,"10 Gainsford Street London, SE1 2NE",🌐 https://www.thedeanswift.com/ 🍽️ Food available,51.5029,-0.0750945,1,PALE ALE,£6.20,6.2,"https://www.pint-prices.com/pub/10%20Gainsford%20Street%20London,%20SE1%202NE/The%20Dean%20Swift",2026-07-03T23:10:47+00:00
The Nags Head,"10 James St, London WC2E88T",020 7836 4678 🌐 nagsheadcoventgarden.co.uk 🍽️ Food available 😎 Cool place,51.5129,-0.123662,1,AMSTEL,£6.70,6.7,"https://www.pint-prices.com/pub/10%20James%20St,%20London%20WC2E88T/The%20Nags%20Head",2026-07-03T23:10:47+00:00
The Nags Head,"10 James St, London WC2E88T",020 7836 4678 🌐 nagsheadcoventgarden.co.uk 🍽️ Food available 😎 Cool place,51.5129,-0.123662,2,MORETTI,£7.25,7.25,"https://www.pint-prices.com/pub/10%20James%20St,%20London%20WC2E88T/The%20Nags%20Head",2026-07-03T23:10:47+00:00
The Alfred Tennyson,"10 Motcomb St, London SW1X 8LA",🌐 https://www.cubitthouse.co.uk/the-alfred-tennyson-belgravia/ 🍽️ Food available ☀️ Beer garden available,51.4996,-0.156429,1,STEIGL GOLDBRAÜ,£6.85,6.85,"https://www.pint-prices.com/pub/10%20Motcomb%20St,%20London%20SW1X%208LA/The%20Alfred%20Tennyson",2026-07-03T23:10:47+00:00
Sherlock Holmes,"10 Northumberland Street, WC2N 5DB",🌐 https://www.greeneking.co.uk/pubs/greater-london/sherlock-holmes 🍽️ Food available 🍹 Cocktails available ☀️ Beer garden available,51.5073,-0.125336,1,AMSTEL,£6.45,6.45,"https://www.pint-prices.com/pub/10%20Northumberland%20Street,%20WC2N%205DB/Sherlock%20Holmes",2026-07-03T23:10:47+00:00
Sherlock Holmes,"10 Northumberland Street, WC2N 5DB",🌐 https://www.greeneking.co.uk/pubs/greater-london/sherlock-holmes 🍽️ Food available 🍹 Cocktails available ☀️ Beer garden available,51.5073,-0.125336,2,GUINNESS,£6.55,6.55,"https://www.pint-prices.com/pub/10%20Northumberland%20Street,%20WC2N%205DB/Sherlock%20Holmes",2026-07-03T23:10:47+00:00
Sherlock Holmes,"10 Northumberland Street, WC2N 5DB",🌐 https://www.greeneking.co.uk/pubs/greater-london/sherlock-holmes 🍽️ Food available 🍹 Cocktails available ☀️ Beer garden available,51.5073,-0.125336,3,ESTRELLA,£7.10,7.1,"https://www.pint-prices.com/pub/10%20Northumberland%20Street,%20WC2N%205DB/Sherlock%20Holmes",2026-07-03T23:10:47+00:00
Sherlock Holmes,"10 Northumberland Street, WC2N 5DB",🌐 https://www.greeneking.co.uk/pubs/greater-london/sherlock-holmes 🍽️ Food available 🍹 Cocktails available ☀️ Beer garden available,51.5073,-0.125336,4,BIRRA MORETTI,£7.10,7.1,"https://www.pint-prices.com/pub/10%20Northumberland%20Street,%20WC2N%205DB/Sherlock%20Holmes",2026-07-03T23:10:47+00:00
Sherlock Holmes,"10 Northumberland Street, WC2N 5DB",🌐 https://www.greeneking.co.uk/pubs/greater-london/sherlock-holmes 🍽️ Food available 🍹 Cocktails available ☀️ Beer garden available,51.5073,-0.125336,5,PERONI,£7.40,7.4,"https://www.pint-prices.com/pub/10%20Northumberland%20Street,%20WC2N%205DB/Sherlock%20Holmes",2026-07-03T23:10:47+00:00
Sherlock Holmes,"10 Northumberland Street, WC2N 5DB",🌐 https://www.greeneking.co.uk/pubs/greater-london/sherlock-holmes 🍽️ Food available 🍹 Cocktails available ☀️ Beer garden available,51.5073,-0.125336,6,NECK OIL,£7.45,7.45,"https://www.pint-prices.com/pub/10%20Northumberland%20Street,%20WC2N%205DB/Sherlock%20Holmes",2026-07-03T23:10:47+00:00
Slug & Lettuce - Croydon,"10 Park Ln, Croydon CR0 1JA, UK",020 8686 1033 🌐 https://www.slugandlettuce.co.uk/croydon 🍽️ Food available ⏰ Happy hour,51.3738,-0.0970727,1,AMSTEL,£5.60,5.6,"https://www.pint-prices.com/pub/10%20Park%20Ln,%20Croydon%20CR0%201JA,%20UK/Slug%20%26%20Lettuce%20-%20Croydon",2026-07-03T23:10:47+00:00
The Kings Head,"10 Stafford St, London W1S 4RX",🌐 https://www.nicholsonspubs.co.uk/restaurants/london/thekingsheadmayfairlondon#/ 🍽️ Food available,51.5087,-0.141135,1,PRAVHA,£6.15,6.15,"https://www.pint-prices.com/pub/10%20Stafford%20St,%20London%20W1S%204RX/The%20Kings%20Head",2026-07-03T23:10:47+00:00
The Moon Under Water - JD Wetherspoon,"10 Varley Parade, Colindale, NW9 6RR",,51.5874,-0.251026,1,BUD LIGHT,£2.43,2.43,"https://www.pint-prices.com/pub/10%20Varley%20Parade,%20Colindale,%20NW9%206RR/The%20Moon%20Under%20Water%20-%20JD%20Wetherspoon",2026-07-03T23:10:47+00:00
The Moon Under Water - JD Wetherspoon,"10 Varley Parade, Colindale, NW9 6RR",,51.5874,-0.251026,2,CARLING,£2.58,2.58,"https://www.pint-prices.com/pub/10%20Varley%20Parade,%20Colindale,%20NW9%206RR/The%20Moon%20Under%20Water%20-%20JD%20Wetherspoon",2026-07-03T23:10:47+00:00
The Moon Under Water - JD Wetherspoon,"10 Varley Parade, Colindale, NW9 6RR",,51.5874,-0.251026,3,COORS,£2.58,2.58,"https://www.pint-prices.com/pub/10%20Varley%20Parade,%20Colindale,%20NW9%206RR/The%20Moon%20Under%20Water%20-%20JD%20Wetherspoon",2026-07-03T23:10:47+00:00
The Moon Under Water - JD Wetherspoon,"10 Varley Parade, Colindale, NW9 6RR",,51.5874,-0.251026,4,CARLSBERG PILSNER,£2.66,2.66,"https://www.pint-prices.com/pub/10%20Varley%20Parade,%20Colindale,%20NW9%206RR/The%20Moon%20Under%20Water%20-%20JD%20Wetherspoon",2026-07-03T23:10:47+00:00
The Moon Under Water - JD Wetherspoon,"10 Varley Parade, Colindale, NW9 6RR",,51.5874,-0.251026,5,BUDWEISER,£2.78,2.78,"https://www.pint-prices.com/pub/10%20Varley%20Parade,%20Colindale,%20NW9%206RR/The%20Moon%20Under%20Water%20-%20JD%20Wetherspoon",2026-07-03T23:10:47+00:00
The Moon Under Water - JD Wetherspoon,"10 Varley Parade, Colindale, NW9 6RR",,51.5874,-0.251026,6,GUINNESS,£3.09,3.09,"https://www.pint-prices.com/pub/10%20Varley%20Parade,%20Colindale,%20NW9%206RR/The%20Moon%20Under%20Water%20-%20JD%20Wetherspoon",2026-07-03T23:10:47+00:00
The Moon Under Water - JD Wetherspoon,"10 Varley Parade, Colindale, NW9 6RR",,51.5874,-0.251026,7,STELLA ARTOIS,£3.84,3.84,"https://www.pint-prices.com/pub/10%20Varley%20Parade,%20Colindale,%20NW9%206RR/The%20Moon%20Under%20Water%20-%20JD%20Wetherspoon",2026-07-03T23:10:47+00:00
The Moon Under Water - JD Wetherspoon,"10 Varley Parade, Colindale, NW9 6RR",,51.5874,-0.251026,8,CORONA,£3.95,3.95,"https://www.pint-prices.com/pub/10%20Varley%20Parade,%20Colindale,%20NW9%206RR/The%20Moon%20Under%20Water%20-%20JD%20Wetherspoon",2026-07-03T23:10:47+00:00
The Moon Under Water - JD Wetherspoon,"10 Varley Parade, Colindale, NW9 6RR",,51.5874,-0.251026,9,SAN MIGUEL,£3.95,3.95,"https://www.pint-prices.com/pub/10%20Varley%20Parade,%20Colindale,%20NW9%206RR/The%20Moon%20Under%20Water%20-%20JD%20Wetherspoon",2026-07-03T23:10:47+00:00
The Moon Under Water - JD Wetherspoon,"10 Varley Parade, Colindale, NW9 6RR",,51.5874,-0.251026,10,LEFFE BLONDE,£4.28,4.28,"https://www.pint-prices.com/pub/10%20Varley%20Parade,%20Colindale,%20NW9%206RR/The%20Moon%20Under%20Water%20-%20JD%20Wetherspoon",2026-07-03T23:10:47+00:00
The Bird & Barrel,"100 Barnehurst Rd, Bexleyheath DA7 6HG, UK",🌐 https://bexleybrewery.co.uk/birdbarrel 📧cameron@bexleybrewery.co.uk,51.4658,0.15818,1,BEXLEY BREWERY 'GOLDEN ACRE' PALE,£4.00,4.0,"https://www.pint-prices.com/pub/100%20Barnehurst%20Rd,%20Bexleyheath%20DA7%206HG,%20UK/The%20Bird%20%26%20Barrel",2026-07-03T23:10:47+00:00
The Bird & Barrel,"100 Barnehurst Rd, Bexleyheath DA7 6HG, UK",🌐 https://bexleybrewery.co.uk/birdbarrel 📧cameron@bexleybrewery.co.uk,51.4658,0.15818,2,THORNBRIDGE 'LORD MARPLES' BITTER,£4.20,4.2,"https://www.pint-prices.com/pub/100%20Barnehurst%20Rd,%20Bexleyheath%20DA7%206HG,%20UK/The%20Bird%20%26%20Barrel",2026-07-03T23:10:47+00:00
The Bird & Barrel,"100 Barnehurst Rd, Bexleyheath DA7 6HG, UK",🌐 https://bexleybrewery.co.uk/birdbarrel 📧cameron@bexleybrewery.co.uk,51.4658,0.15818,3,BEXLEY BREWERY 'ARNSBERG' LAGER,£4.80,4.8,"https://www.pint-prices.com/pub/100%20Barnehurst%20Rd,%20Bexleyheath%20DA7%206HG,%20UK/The%20Bird%20%26%20Barrel",2026-07-03T23:10:47+00:00
The Bird & Barrel,"100 Barnehurst Rd, Bexleyheath DA7 6HG, UK",🌐 https://bexleybrewery.co.uk/birdbarrel 📧cameron@bexleybrewery.co.uk,51.4658,0.15818,4,BEXLEY BREWERY '5 HOP' SESSION IPA,£4.80,4.8,"https://www.pint-prices.com/pub/100%20Barnehurst%20Rd,%20Bexleyheath%20DA7%206HG,%20UK/The%20Bird%20%26%20Barrel",2026-07-03T23:10:47+00:00
Camden Head,100 Camden High Street NW1 0LU,,51.5373,-0.140902,1,AMSTEL,£5.00,5.0,https://www.pint-prices.com/pub/100%20Camden%20High%20Street%20NW1%200LU/Camden%20Head,2026-07-03T23:10:47+00:00
The Westbourne,"101 Westbourne Park Villas, London W2 5ED",🌐 https://www.thewestbourne.com/ 🍽️ Food available 🍹 Cocktails available ☀️ Beer garden available,51.5194,-0.194737,1,ESTRELLA,£7.00,7.0,"https://www.pint-prices.com/pub/101%20Westbourne%20Park%20Villas,%20London%20W2%205ED/The%20Westbourne",2026-07-03T23:10:47+00:00
The Artillery Arms,"102 Bunhill Row, London EC1Y 8ND",🌐 https://www.artillery-arms.co.uk/ 🍽️ Food available 🍹 Cocktails available ⚽ Live sports shown ❓ Pub quiz available,51.5234,-0.0900622,1,ASAHI,£7.30,7.3,"https://www.pint-prices.com/pub/102%20Bunhill%20Row,%20London%20EC1Y%208ND/The%20Artillery%20Arms",2026-07-03T23:10:47+00:00
The Artillery Arms,"102 Bunhill Row, London, EC1Y 8ND",🍽️ Food available 🍹 Cocktails available ⚽ Live sports shown ❓ Pub quiz available,51.5234,-0.0900622,1,ASAHI,£7.30,7.3,"https://www.pint-prices.com/pub/102%20Bunhill%20Row,%20London,%20EC1Y%208ND/The%20Artillery%20Arms",2026-07-03T23:10:47+00:00
The Stags Head,"102 New Cavendish St, London W1W 6XW",🌐 no website 🍽️ Food available ☀️ Beer garden available ⚽ Live sports shown,51.5199,-0.143151,1,HEINEKEN,£5.95,5.95,"https://www.pint-prices.com/pub/102%20New%20Cavendish%20St,%20London%20W1W%206XW/The%20Stags%20Head",2026-07-03T23:10:47+00:00
The Stags Head,"102 New Cavendish St, London W1W 6XW",🌐 no website 🍽️ Food available ☀️ Beer garden available ⚽ Live sports shown,51.5199,-0.143151,2,MADRI,£7.40,7.4,"https://www.pint-prices.com/pub/102%20New%20Cavendish%20St,%20London%20W1W%206XW/The%20Stags%20Head",2026-07-03T23:10:47+00:00
The Clarence Tavern,"102 Stoke Newington Church St, London N16 0LA",🌐 https://www.clarencetavern.com/ 🍽️ Food available 🍹 Cocktails available ☀️ Beer garden available,51.5623,-0.0789312,1,PRAVHA,£6.50,6.5,"https://www.pint-prices.com/pub/102%20Stoke%20Newington%20Church%20St,%20London%20N16%200LA/The%20Clarence%20Tavern",2026-07-03T23:10:47+00:00
Y Dic Penderyn,"102-103 High Street, Merthyr Tydfil, CF47 8AP",,51.7474,-3.37825,1,STELLA ARTOIS,£3.75,3.75,"https://www.pint-prices.com/pub/102-103%20High%20Street,%20Merthyr%20Tydfil,%20CF47%208AP/Y%20Dic%20Penderyn",2026-07-03T23:10:47+00:00
The Eagle,"103 Wick Rd, London E9 5AE",☀️ Beer garden available ⚽ Live sports shown 🎸 Live music 🎯 Darts available 🎱 Pool available,51.5454,-0.0414617,1,FOSTERS,£4.30,4.3,"https://www.pint-prices.com/pub/103%20Wick%20Rd,%20London%20E9%205AE/The%20Eagle",2026-07-03T23:10:47+00:00
The North Star,"104 Finchley Rd, South Hampstead, London NW3 5JJ, UK",020 7435 6287 🌐 https://www.facebook.com/NorthStarPub 📧Phone them or facebook 🍽️ Food available ☀️ Beer garden available ⚽ Live sports shown,51.5459,-0.178225,1,FOSTERS,£5.00,5.0,"https://www.pint-prices.com/pub/104%20Finchley%20Rd,%20South%20Hampstead,%20London%20NW3%205JJ,%20UK/The%20North%20Star",2026-07-03T23:10:47+00:00
Frederick's,"106 Islington High St, London N1 8EG, UK",020 7359 2888 🌐 http://www.fredericks.co.uk/ 📧andreea@fredericks.co.uk 🍽️ Food available 🍹 Cocktails available,51.5343,-0.104174,1,DOOMBAR,£6.60,6.6,"https://www.pint-prices.com/pub/106%20Islington%20High%20St,%20London%20N1%208EG,%20UK/Frederick's",2026-07-03T23:10:47+00:00
The Holland Tringham - JD Wetherspoon,"107-109 Streatham High Road, Streatham, SW16 1HJ",🌐 https://www.jdwetherspoon.com/pubs/all-pubs/england/london/the-holland-tringham-streatham 🍽️ Food available,51.4301,-0.129842,1,CARLSBERG PILSNER,£2.83,2.83,"https://www.pint-prices.com/pub/107-109%20Streatham%20High%20Road,%20Streatham,%20SW16%201HJ/The%20Holland%20Tringham%20-%20JD%20Wetherspoon",2026-07-03T23:10:47+00:00
The Holland Tringham - JD Wetherspoon,"107-109 Streatham High Road, Streatham, SW16 1HJ",🌐 https://www.jdwetherspoon.com/pubs/all-pubs/england/london/the-holland-tringham-streatham 🍽️ Food available,51.4301,-0.129842,2,GUINNESS,£3.53,3.53,"https://www.pint-prices.com/pub/107-109%20Streatham%20High%20Road,%20Streatham,%20SW16%201HJ/The%20Holland%20Tringham%20-%20JD%20Wetherspoon",2026-07-03T23:10:47+00:00
The Holland Tringham - JD Wetherspoon,"107-109 Streatham High Road, Streatham, SW16 1HJ",🌐 https://www.jdwetherspoon.com/pubs/all-pubs/england/london/the-holland-tringham-streatham 🍽️ Food available,51.4301,-0.129842,3,BUD LIGHT,£3.59,3.59,"https://www.pint-prices.com/pub/107-109%20Streatham%20High%20Road,%20Streatham,%20SW16%201HJ/The%20Holland%20Tringham%20-%20JD%20Wetherspoon",2026-07-03T23:10:47+00:00
The Holland Tringham - JD Wetherspoon,"107-109 Streatham High Road, Streatham, SW16 1HJ",🌐 https://www.jdwetherspoon.com/pubs/all-pubs/england/london/the-holland-tringham-streatham 🍽️ Food available,51.4301,-0.129842,4,CARLING,£3.75,3.75,"https://www.pint-prices.com/pub/107-109%20Streatham%20High%20Road,%20Streatham,%20SW16%201HJ/The%20Holland%20Tringham%20-%20JD%20Wetherspoon",2026-07-03T23:10:47+00:00
The Holland Tringham - JD Wetherspoon,"107-109 Streatham High Road, Streatham, SW16 1HJ",🌐 https://www.jdwetherspoon.com/pubs/all-pubs/england/london/the-holland-tringham-streatham 🍽️ Food available,51.4301,-0.129842,5,COORS,£3.75,3.75,"https://www.pint-prices.com/pub/107-109%20Streatham%20High%20Road,%20Streatham,%20SW16%201HJ/The%20Holland%20Tringham%20-%20JD%20Wetherspoon",2026-07-03T23:10:47+00:00
The Holland Tringham - JD Wetherspoon,"107-109 Streatham High Road, Streatham, SW16 1HJ",🌐 https://www.jdwetherspoon.com/pubs/all-pubs/england/london/the-holland-tringham-streatham 🍽️ Food available,51.4301,-0.129842,6,BUDWEISER,£3.95,3.95,"https://www.pint-prices.com/pub/107-109%20Streatham%20High%20Road,%20Streatham,%20SW16%201HJ/The%20Holland%20Tringham%20-%20JD%20Wetherspoon",2026-07-03T23:10:47+00:00
The Holland Tringham - JD Wetherspoon,"107-109 Streatham High Road, Streatham, SW16 1HJ",🌐 https://www.jdwetherspoon.com/pubs/all-pubs/england/london/the-holland-tringham-streatham 🍽️ Food available,51.4301,-0.129842,7,STELLA ARTOIS,£4.06,4.06,"https://www.pint-prices.com/pub/107-109%20Streatham%20High%20Road,%20Streatham,%20SW16%201HJ/The%20Holland%20Tringham%20-%20JD%20Wetherspoon",2026-07-03T23:10:47+00:00
The Holland Tringham - JD Wetherspoon,"107-109 Streatham High Road, Streatham, SW16 1HJ",🌐 https://www.jdwetherspoon.com/pubs/all-pubs/england/london/the-holland-tringham-streatham 🍽️ Food available,51.4301,-0.129842,8,CORONA,£4.17,4.17,"https://www.pint-prices.com/pub/107-109%20Streatham%20High%20Road,%20Streatham,%20SW16%201HJ/The%20Holland%20Tringham%20-%20JD%20Wetherspoon",2026-07-03T23:10:47+00:00
The Holland Tringham - JD Wetherspoon,"107-109 Streatham High Road, Streatham, SW16 1HJ",🌐 https://www.jdwetherspoon.com/pubs/all-pubs/england/london/the-holland-tringham-streatham 🍽️ Food available,51.4301,-0.129842,9,SAN MIGUEL,£4.17,4.17,"https://www.pint-prices.com/pub/107-109%20Streatham%20High%20Road,%20Streatham,%20SW16%201HJ/The%20Holland%20Tringham%20-%20JD%20Wetherspoon",2026-07-03T23:10:47+00:00
The Holland Tringham - JD Wetherspoon,"107-109 Streatham High Road, Streatham, SW16 1HJ",🌐 https://www.jdwetherspoon.com/pubs/all-pubs/england/london/the-holland-tringham-streatham 🍽️ Food available,51.4301,-0.129842,10,LEFFE BLONDE,£4.55,4.55,"https://www.pint-prices.com/pub/107-109%20Streatham%20High%20Road,%20Streatham,%20SW16%201HJ/The%20Holland%20Tringham%20-%20JD%20Wetherspoon",2026-07-03T23:10:47+00:00
The Scolt Head,"107A Culford Rd, London N1 4HT",🍽️ Food available 🍹 Cocktails available ☀️ Beer garden available ⚽ Live sports shown 🎸 Live music ❓ Pub quiz available 😎 Cool place,51.5433,-0.0816437,1,PERONI,£5.90,5.9,"https://www.pint-prices.com/pub/107A%20Culford%20Rd,%20London%20N1%204HT/The%20Scolt%20Head",2026-07-03T23:10:47+00:00
The Sir Robert Peel,"108 Malden Rd, London NW5 4DA",🌐 https://sir-robert-peel.edan.io/ 🎸 Live music 🎯 Darts available 🎱 Pool available,51.5491,-0.152713,1,FOSTERS,£4.40,4.4,"https://www.pint-prices.com/pub/108%20Malden%20Rd,%20London%20NW5%204DA/The%20Sir%20Robert%20Peel",2026-07-03T23:10:47+00:00
The Captain Kidd,"108 Wapping High St, London E1W 2NE",🌐 https://thecaptainkidd.co.uk/ 🍽️ Food available ☀️ Beer garden available ❓ Pub quiz available,51.5034,-0.0580277,1,TRIPLE ALE,£4.00,4.0,"https://www.pint-prices.com/pub/108%20Wapping%20High%20St,%20London%20E1W%202NE/The%20Captain%20Kidd",2026-07-03T23:10:47+00:00
The Union,"109 Battersea Bridge Rd, London SW11 3AT",🍽️ Food available ☀️ Beer garden available ⚽ Live sports shown 🎯 Darts available 🎱 Pool available,51.477,-0.168341,1,FOSTERS,£5.10,5.1,"https://www.pint-prices.com/pub/109%20Battersea%20Bridge%20Rd,%20London%20SW11%203AT/The%20Union",2026-07-03T23:10:47+00:00
Fountains Abbey,"109 Praed Street, W2 1RL",🌐 https://www.greeneking.co.uk/pubs/greater-london/fountains-abbey 🍽️ Food available 🍹 Cocktails available ☀️ Beer garden available ⚽ Live sports shown,51.5169,-0.172934,1,AMSTEL,£6.30,6.3,"https://www.pint-prices.com/pub/109%20Praed%20Street,%20W2%201RL/Fountains%20Abbey",2026-07-03T23:10:47+00:00
Fountains Abbey,"109 Praed Street, W2 1RL",🌐 https://www.greeneking.co.uk/pubs/greater-london/fountains-abbey 🍽️ Food available 🍹 Cocktails available ☀️ Beer garden available ⚽ Live sports shown,51.5169,-0.172934,2,GUINNESS,£6.45,6.45,"https://www.pint-prices.com/pub/109%20Praed%20Street,%20W2%201RL/Fountains%20Abbey",2026-07-03T23:10:47+00:00
Fountains Abbey,"109 Praed Street, W2 1RL",🌐 https://www.greeneking.co.uk/pubs/greater-london/fountains-abbey 🍽️ Food available 🍹 Cocktails available ☀️ Beer garden available ⚽ Live sports shown,51.5169,-0.172934,3,ESTRELLA,£7.10,7.1,"https://www.pint-prices.com/pub/109%20Praed%20Street,%20W2%201RL/Fountains%20Abbey",2026-07-03T23:10:47+00:00
Fountains Abbey,"109 Praed Street, W2 1RL",🌐 https://www.greeneking.co.uk/pubs/greater-london/fountains-abbey 🍽️ Food available 🍹 Cocktails available ☀️ Beer garden available ⚽ Live sports shown,51.5169,-0.172934,4,BIRRA MORETTI,£7.10,7.1,"https://www.pint-prices.com/pub/109%20Praed%20Street,%20W2%201RL/Fountains%20Abbey",2026-07-03T23:10:47+00:00
Fountains Abbey,"109 Praed Street, W2 1RL",🌐 https://www.greeneking.co.uk/pubs/greater-london/fountains-abbey 🍽️ Food available 🍹 Cocktails available ☀️ Beer garden available ⚽ Live sports shown,51.5169,-0.172934,5,PERONI,£7.40,7.4,"https://www.pint-prices.com/pub/109%20Praed%20Street,%20W2%201RL/Fountains%20Abbey",2026-07-03T23:10:47+00:00
Fountains Abbey,"109 Praed Street, W2 1RL",🌐 https://www.greeneking.co.uk/pubs/greater-london/fountains-abbey 🍽️ Food available 🍹 Cocktails available ☀️ Beer garden available ⚽ Live sports shown,51.5169,-0.172934,6,NECK OIL,£7.55,7.55,"https://www.pint-prices.com/pub/109%20Praed%20Street,%20W2%201RL/Fountains%20Abbey",2026-07-03T23:10:47+00:00
The London & Rye - JD Wetherspoon,"109 Rushey Grn, London SE6 4AF, UK",020 8697 5028 🌐 https://www.jdwetherspoon.com/pubs/all-pubs/england/london/the-london--rye-catford 🍽️ Food available,51.4469,-0.0180813,1,BUD LIGHT,£2.43,2.43,"https://www.pint-prices.com/pub/109%20Rushey%20Grn,%20London%20SE6%204AF,%20UK/The%20London%20%26%20Rye%20-%20JD%20Wetherspoon",2026-07-03T23:10:47+00:00
The London & Rye - JD Wetherspoon,"109 Rushey Grn, London SE6 4AF, UK",020 8697 5028 🌐 https://www.jdwetherspoon.com/pubs/all-pubs/england/london/the-london--rye-catford 🍽️ Food available,51.4469,-0.0180813,2,CARLSBERG PILSNER,£2.66,2.66,"https://www.pint-prices.com/pub/109%20Rushey%20Grn,%20London%20SE6%204AF,%20UK/The%20London%20%26%20Rye%20-%20JD%20Wetherspoon",2026-07-03T23:10:47+00:00
The London & Rye - JD Wetherspoon,"109 Rushey Grn, London SE6 4AF, UK",020 8697 5028 🌐 https://www.jdwetherspoon.com/pubs/all-pubs/england/london/the-london--rye-catford 🍽️ Food available,51.4469,-0.0180813,3,CARLING,£2.99,2.99,"https://www.pint-prices.com/pub/109%20Rushey%20Grn,%20London%20SE6%204AF,%20UK/The%20London%20%26%20Rye%20-%20JD%20Wetherspoon",2026-07-03T23:10:47+00:00
The London & Rye - JD Wetherspoon,"109 Rushey Grn, London SE6 4AF, UK",020 8697 5028 🌐 https://www.jdwetherspoon.com/pubs/all-pubs/england/london/the-london--rye-catford 🍽️ Food available,51.4469,-0.0180813,4,COORS,£2.99,2.99,"https://www.pint-prices.com/pub/109%20Rushey%20Grn,%20London%20SE6%204AF,%20UK/The%20London%20%26%20Rye%20-%20JD%20Wetherspoon",2026-07-03T23:10:47+00:00
The London & Rye - JD Wetherspoon,"109 Rushey Grn, London SE6 4AF, UK",020 8697 5028 🌐 https://www.jdwetherspoon.com/pubs/all-pubs/england/london/the-london--rye-catford 🍽️ Food available,51.4469,-0.0180813,5,GUINNESS,£3.09,3.09,"https://www.pint-prices.com/pub/109%20Rushey%20Grn,%20London%20SE6%204AF,%20UK/The%20London%20%26%20Rye%20-%20JD%20Wetherspoon",2026-07-03T23:10:47+00:00
The London & Rye - JD Wetherspoon,"109 Rushey Grn, London SE6 4AF, UK",020 8697 5028 🌐 https://www.jdwetherspoon.com/pubs/all-pubs/england/london/the-london--rye-catford 🍽️ Food available,51.4469,-0.0180813,6,BUDWEISER,£3.30,3.3,"https://www.pint-prices.com/pub/109%20Rushey%20Grn,%20London%20SE6%204AF,%20UK/The%20London%20%26%20Rye%20-%20JD%20Wetherspoon",2026-07-03T23:10:47+00:00
The London & Rye - JD Wetherspoon,"109 Rushey Grn, London SE6 4AF, UK",020 8697 5028 🌐 https://www.jdwetherspoon.com/pubs/all-pubs/england/london/the-london--rye-catford 🍽️ Food available,51.4469,-0.0180813,7,STELLA ARTOIS,£3.84,3.84,"https://www.pint-prices.com/pub/109%20Rushey%20Grn,%20London%20SE6%204AF,%20UK/The%20London%20%26%20Rye%20-%20JD%20Wetherspoon",2026-07-03T23:10:47+00:00
The London & Rye - JD Wetherspoon,"109 Rushey Grn, London SE6 4AF, UK",020 8697 5028 🌐 https://www.jdwetherspoon.com/pubs/all-pubs/england/london/the-london--rye-catford 🍽️ Food available,51.4469,-0.0180813,8,CORONA,£3.95,3.95,"https://www.pint-prices.com/pub/109%20Rushey%20Grn,%20London%20SE6%204AF,%20UK/The%20London%20%26%20Rye%20-%20JD%20Wetherspoon",2026-07-03T23:10:47+00:00
The London & Rye - JD Wetherspoon,"109 Rushey Grn, London SE6 4AF, UK",020 8697 5028 🌐 https://www.jdwetherspoon.com/pubs/all-pubs/england/london/the-london--rye-catford 🍽️ Food available,51.4469,-0.0180813,9,SAN MIGUEL,£3.95,3.95,"https://www.pint-prices.com/pub/109%20Rushey%20Grn,%20London%20SE6%204AF,%20UK/The%20London%20%26%20Rye%20-%20JD%20Wetherspoon",2026-07-03T23:10:47+00:00
The London & Rye - JD Wetherspoon,"109 Rushey Grn, London SE6 4AF, UK",020 8697 5028 🌐 https://www.jdwetherspoon.com/pubs/all-pubs/england/london/the-london--rye-catford 🍽️ Food available,51.4469,-0.0180813,10,LEFFE BLONDE,£4.28,4.28,"https://www.pint-prices.com/pub/109%20Rushey%20Grn,%20London%20SE6%204AF,%20UK/The%20London%20%26%20Rye%20-%20JD%20Wetherspoon",2026-07-03T23:10:47+00:00
The Hen & Chickens,"109 St Paul's Rd, London N1 2NA",🌐 https://www.thehenandchickenstheatrebar.co.uk/#/ 🎸 Live music,51.546,-0.101999,1,PRAVHA,£5.25,5.25,"https://www.pint-prices.com/pub/109%20St%20Paul's%20Rd,%20London%20N1%202NA/The%20Hen%20%26%20Chickens",2026-07-03T23:10:47+00:00
Pitcher & Piano Richmond,"11 Bridge St, Richmond TW9 1TQ, UK",020 8332 2524 🌐 http://www.pitcherandpiano.com/bars/london-richmond?y_source=1_MjMyMjYxMzQtNzE1LWxvY2F0aW9uLndlYnNpd 📧richmond@pitcherandpiano.com 🍽️ Food available 🍹 Cocktails available ☀️ Beer garden available 😎 Cool place,51.4581,-0.306305,1,AMSTEL,£5.95,5.95,"https://www.pint-prices.com/pub/11%20Bridge%20St,%20Richmond%20TW9%201TQ,%20UK/Pitcher%20%26%20Piano%20Richmond",2026-07-03T23:10:47+00:00
Pitcher & Piano Richmond,"11 Bridge St, Richmond TW9 1TQ, UK",020 8332 2524 🌐 http://www.pitcherandpiano.com/bars/london-richmond?y_source=1_MjMyMjYxMzQtNzE1LWxvY2F0aW9uLndlYnNpd 📧richmond@pitcherandpiano.com 🍽️ Food available 🍹 Cocktails available ☀️ Beer garden available 😎 Cool place,51.4581,-0.306305,2,GUINNESS,£6.20,6.2,"https://www.pint-prices.com/pub/11%20Bridge%20St,%20Richmond%20TW9%201TQ,%20UK/Pitcher%20%26%20Piano%20Richmond",2026-07-03T23:10:47+00:00
Pitcher & Piano Richmond,"11 Bridge St, Richmond TW9 1TQ, UK",020 8332 2524 🌐 http://www.pitcherandpiano.com/bars/london-richmond?y_source=1_MjMyMjYxMzQtNzE1LWxvY2F0aW9uLndlYnNpd 📧richmond@pitcherandpiano.com 🍽️ Food available 🍹 Cocktails available ☀️ Beer garden available 😎 Cool place,51.4581,-0.306305,3,BIRRA MORETTI,£6.80,6.8,"https://www.pint-prices.com/pub/11%20Bridge%20St,%20Richmond%20TW9%201TQ,%20UK/Pitcher%20%26%20Piano%20Richmond",2026-07-03T23:10:47+00:00
Pitcher & Piano Richmond,"11 Bridge St, Richmond TW9 1TQ, UK",020 8332 2524 🌐 http://www.pitcherandpiano.com/bars/london-richmond?y_source=1_MjMyMjYxMzQtNzE1LWxvY2F0aW9uLndlYnNpd 📧richmond@pitcherandpiano.com 🍽️ Food available 🍹 Cocktails available ☀️ Beer garden available 😎 Cool place,51.4581,-0.306305,4,PERONI,£6.95,6.95,"https://www.pint-prices.com/pub/11%20Bridge%20St,%20Richmond%20TW9%201TQ,%20UK/Pitcher%20%26%20Piano%20Richmond",2026-07-03T23:10:47+00:00
Pitcher & Piano Richmond,"11 Bridge St, Richmond TW9 1TQ, UK",020 8332 2524 🌐 http://www.pitcherandpiano.com/bars/london-richmond?y_source=1_MjMyMjYxMzQtNzE1LWxvY2F0aW9uLndlYnNpd 📧richmond@pitcherandpiano.com 🍽️ Food available 🍹 Cocktails available ☀️ Beer garden available 😎 Cool place,51.4581,-0.306305,5,ESTRELLA,£7.00,7.0,"https://www.pint-prices.com/pub/11%20Bridge%20St,%20Richmond%20TW9%201TQ,%20UK/Pitcher%20%26%20Piano%20Richmond",2026-07-03T23:10:47+00:00
Pitcher & Piano Richmond,"11 Bridge St, Richmond TW9 1TQ, UK",020 8332 2524 🌐 http://www.pitcherandpiano.com/bars/london-richmond?y_source=1_MjMyMjYxMzQtNzE1LWxvY2F0aW9uLndlYnNpd 📧richmond@pitcherandpiano.com 🍽️ Food available 🍹 Cocktails available ☀️ Beer garden available 😎 Cool place,51.4581,-0.306305,6,NECK OIL,£7.20,7.2,"https://www.pint-prices.com/pub/11%20Bridge%20St,%20Richmond%20TW9%201TQ,%20UK/Pitcher%20%26%20Piano%20Richmond",2026-07-03T23:10:47+00:00
Victoria & Albert Bar,"11 Melcombe Pl, London NW1 6JJ",🍽️ Food available,51.5223,-0.163538,1,HEINEKEN,£5.05,5.05,"https://www.pint-prices.com/pub/11%20Melcombe%20Pl,%20London%20NW1%206JJ/Victoria%20%26%20Albert%20Bar",2026-07-03T23:10:47+00:00
Goodman City,"11 Old Jewry, London EC2R 8DU, UK",020 7600 8220 🌐 https://www.goodmanrestaurants.com/location/city?utm_source=google&utm_medium=local&utm_campaign=gmb 📧hello@goodmanrestaurants.com 🍽️ Food available 🍹 Cocktails available,51.5144,-0.0906784,1,LUKAS LAGER,£7.00,7.0,"https://www.pint-prices.com/pub/11%20Old%20Jewry,%20London%20EC2R%208DU,%20UK/Goodman%20City",2026-07-03T23:10:47+00:00
Goodman City,"11 Old Jewry, London EC2R 8DU, UK",020 7600 8220 🌐 https://www.goodmanrestaurants.com/location/city?utm_source=google&utm_medium=local&utm_campaign=gmb 📧hello@goodmanrestaurants.com 🍽️ Food available 🍹 Cocktails available,51.5144,-0.0906784,2,GUINNESS,£7.00,7.0,"https://www.pint-prices.com/pub/11%20Old%20Jewry,%20London%20EC2R%208DU,%20UK/Goodman%20City",2026-07-03T23:10:47+00:00
Goodman City,"11 Old Jewry, London EC2R 8DU, UK",020 7600 8220 🌐 https://www.goodmanrestaurants.com/location/city?utm_source=google&utm_medium=local&utm_campaign=gmb 📧hello@goodmanrestaurants.com 🍽️ Food available 🍹 Cocktails available,51.5144,-0.0906784,3,EMPRESS ALE,£7.50,7.5,"https://www.pint-prices.com/pub/11%20Old%20Jewry,%20London%20EC2R%208DU,%20UK/Goodman%20City",2026-07-03T23:10:47+00:00
The Tichenham Inn - JD Wetherspoon,"11 Swakeleys Road, Ickenham, UB10 8DF",🍽️ Food available 🍹 Cocktails available ☀️ Beer garden available ⚽ Live sports shown,51.5645,-0.444735,1,BUD LIGHT,£2.43,2.43,"https://www.pint-prices.com/pub/11%20Swakeleys%20Road,%20Ickenham,%20UB10%208DF/The%20Tichenham%20Inn%20-%20JD%20Wetherspoon",2026-07-03T23:10:47+00:00
The Tichenham Inn - JD Wetherspoon,"11 Swakeleys Road, Ickenham, UB10 8DF",🍽️ Food available 🍹 Cocktails available ☀️ Beer garden available ⚽ Live sports shown,51.5645,-0.444735,2,CARLSBERG PILSNER,£2.66,2.66,"https://www.pint-prices.com/pub/11%20Swakeleys%20Road,%20Ickenham,%20UB10%208DF/The%20Tichenham%20Inn%20-%20JD%20Wetherspoon",2026-07-03T23:10:47+00:00
The Tichenham Inn - JD Wetherspoon,"11 Swakeleys Road, Ickenham, UB10 8DF",🍽️ Food available 🍹 Cocktails available ☀️ Beer garden available ⚽ Live sports shown,51.5645,-0.444735,3,GUINNESS,£3.32,3.32,"https://www.pint-prices.com/pub/11%20Swakeleys%20Road,%20Ickenham,%20UB10%208DF/The%20Tichenham%20Inn%20-%20JD%20Wetherspoon",2026-07-03T23:10:47+00:00
The Tichenham Inn - JD Wetherspoon,"11 Swakeleys Road, Ickenham, UB10 8DF",🍽️ Food available 🍹 Cocktails available ☀️ Beer garden available ⚽ Live sports shown,51.5645,-0.444735,4,CARLING,£3.54,3.54,"https://www.pint-prices.com/pub/11%20Swakeleys%20Road,%20Ickenham,%20UB10%208DF/The%20Tichenham%20Inn%20-%20JD%20Wetherspoon",2026-07-03T23:10:47+00:00
The Tichenham Inn - JD Wetherspoon,"11 Swakeleys Road, Ickenham, UB10 8DF",🍽️ Food available 🍹 Cocktails available ☀️ Beer garden available ⚽ Live sports shown,51.5645,-0.444735,5,COORS,£3.54,3.54,"https://www.pint-prices.com/pub/11%20Swakeleys%20Road,%20Ickenham,%20UB10%208DF/The%20Tichenham%20Inn%20-%20JD%20Wetherspoon",2026-07-03T23:10:47+00:00
The Tichenham Inn - JD Wetherspoon,"11 Swakeleys Road, Ickenham, UB10 8DF",🍽️ Food available 🍹 Cocktails available ☀️ Beer garden available ⚽ Live sports shown,51.5645,-0.444735,6,BUDWEISER,£3.73,3.73,"https://www.pint-prices.com/pub/11%20Swakeleys%20Road,%20Ickenham,%20UB10%208DF/The%20Tichenham%20Inn%20-%20JD%20Wetherspoon",2026-07-03T23:10:47+00:00
The Tichenham Inn - JD Wetherspoon,"11 Swakeleys Road, Ickenham, UB10 8DF",🍽️ Food available 🍹 Cocktails available ☀️ Beer garden available ⚽ Live sports shown,51.5645,-0.444735,7,STELLA ARTOIS,£3.84,3.84,"https://www.pint-prices.com/pub/11%20Swakeleys%20Road,%20Ickenham,%20UB10%208DF/The%20Tichenham%20Inn%20-%20JD%20Wetherspoon",2026-07-03T23:10:47+00:00
The Tichenham Inn - JD Wetherspoon,"11 Swakeleys Road, Ickenham, UB10 8DF",🍽️ Food available 🍹 Cocktails available ☀️ Beer garden available ⚽ Live sports shown,51.5645,-0.444735,8,CORONA,£3.95,3.95,"https://www.pint-prices.com/pub/11%20Swakeleys%20Road,%20Ickenham,%20UB10%208DF/The%20Tichenham%20Inn%20-%20JD%20Wetherspoon",2026-07-03T23:10:47+00:00
The Tichenham Inn - JD Wetherspoon,"11 Swakeleys Road, Ickenham, UB10 8DF",🍽️ Food available 🍹 Cocktails available ☀️ Beer garden available ⚽ Live sports shown,51.5645,-0.444735,9,SAN MIGUEL,£3.95,3.95,"https://www.pint-prices.com/pub/11%20Swakeleys%20Road,%20Ickenham,%20UB10%208DF/The%20Tichenham%20Inn%20-%20JD%20Wetherspoon",2026-07-03T23:10:47+00:00
The Tichenham Inn - JD Wetherspoon,"11 Swakeleys Road, Ickenham, UB10 8DF",🍽️ Food available 🍹 Cocktails available ☀️ Beer garden available ⚽ Live sports shown,51.5645,-0.444735,10,LEFFE BLONDE,£4.28,4.28,"https://www.pint-prices.com/pub/11%20Swakeleys%20Road,%20Ickenham,%20UB10%208DF/The%20Tichenham%20Inn%20-%20JD%20Wetherspoon",2026-07-03T23:10:47+00:00
The Queens Arms,"11 Warwick Way, Pimlico, London SW1V 1QT, UK",020 3985 9446 🌐 https://www.thequeensarmspimlico.co.uk/ 🍽️ Food available ☀️ Beer garden available 😎 Cool place,51.4927,-0.139219,1,CASK ALE,£5.20,5.2,"https://www.pint-prices.com/pub/11%20Warwick%20Way,%20Pimlico,%20London%20SW1V%201QT,%20UK/The%20Queens%20Arms",2026-07-03T23:10:47+00:00
The Queens Arms,"11 Warwick Way, Pimlico, London SW1V 1QT, UK",020 3985 9446 🌐 https://www.thequeensarmspimlico.co.uk/ 🍽️ Food available ☀️ Beer garden available 😎 Cool place,51.4927,-0.139219,2,AMSTEL,£5.80,5.8,"https://www.pint-prices.com/pub/11%20Warwick%20Way,%20Pimlico,%20London%20SW1V%201QT,%20UK/The%20Queens%20Arms",2026-07-03T23:10:47+00:00
Hawkins Forge,"110 Battersea Rise, Greater, London SW11 1EJ",2072280349 🌐 https://www.hawkinsforge.co.uk/#/ 🍽️ Food available 🍹 Cocktails available ☀️ Beer garden available ⚽ Live sports shown 🎸 Live music ❓ Pub quiz available 🎯 Darts available,51.4607,-0.169044,1,PRAVHA,£6.50,6.5,"https://www.pint-prices.com/pub/110%20Battersea%20Rise,%20Greater,%20London%20SW11%201EJ/Hawkins%20Forge",2026-07-03T23:10:47+00:00
Hawkins Forge,"110 Battersea Rise, Greater, London SW11 1EJ",2072280349 🌐 https://www.hawkinsforge.co.uk/#/ 🍽️ Food available 🍹 Cocktails available ☀️ Beer garden available ⚽ Live sports shown 🎸 Live music ❓ Pub quiz available 🎯 Darts available,51.4607,-0.169044,2,GUINNESS,£6.55,6.55,"https://www.pint-prices.com/pub/110%20Battersea%20Rise,%20Greater,%20London%20SW11%201EJ/Hawkins%20Forge",2026-07-03T23:10:47+00:00
The Victoria,"110 Grove Rd, London E3 5TH",🌐 https://www.thevic.london/ 🍽️ Food available 🍹 Cocktails available ☀️ Beer garden available 😎 Cool place,51.5291,-0.0382569,1,PRAVHA,£6.15,6.15,"https://www.pint-prices.com/pub/110%20Grove%20Rd,%20London%20E3%205TH/The%20Victoria",2026-07-03T23:10:47+00:00
Blues Kitchen,"111-113 Camden High St, London NW1 7JN",,51.537,-0.141275,1,CAMDEN HELLS,£6.50,6.5,"https://www.pint-prices.com/pub/111-113%20Camden%20High%20St,%20London%20NW1%207JN/Blues%20Kitchen",2026-07-03T23:10:47+00:00
The Orchard,"112 Cherry Orchard Rd, Croydon CR0 6BA, UK",020 8681 6482 🍽️ Food available ☀️ Beer garden available ⚽ Live sports shown 🎱 Pool available 🎤 Karaoke available,51.379,-0.0888046,1,CARLING,£4.85,4.85,"https://www.pint-prices.com/pub/112%20Cherry%20Orchard%20Rd,%20Croydon%20CR0%206BA,%20UK/The%20Orchard",2026-07-03T23:10:47+00:00
The Black Dog,"112 Vauxhall Walk, London SE11 5ER",🌐 https://theblackdogvauxhall.co.uk/ 🍽️ Food available,51.4887,-0.120902,1,BLACK DOG LAGER,£5.80,5.8,"https://www.pint-prices.com/pub/112%20Vauxhall%20Walk,%20London%20SE11%205ER/The%20Black%20Dog",2026-07-03T23:10:47+00:00
The Black Dog,"112 Vauxhall Walk, London SE11 5ER",🌐 https://theblackdogvauxhall.co.uk/ 🍽️ Food available,51.4887,-0.120902,2,BLACK DOG LAGER,£5.80,5.8,"https://www.pint-prices.com/pub/112%20Vauxhall%20Walk,%20London%20SE11%205ER/The%20Black%20Dog",2026-07-03T23:10:47+00:00
The Duke,"112 Wood St, London E17 3HX, UK",020 8521 1361 🌐 http://www.thedukee17.com/ 📧thedukee17@gmail.com 🍽️ Food available ☀️ Beer garden available 🎸 Live music 🎤 Karaoke available,51.588,-0.0042919,1,COORS,£5.10,5.1,"https://www.pint-prices.com/pub/112%20Wood%20St,%20London%20E17%203HX,%20UK/The%20Duke",2026-07-03T23:10:47+00:00
The Duke,"112 Wood St, London E17 3HX, UK",020 8521 1361 🌐 http://www.thedukee17.com/ 📧thedukee17@gmail.com 🍽️ Food available ☀️ Beer garden available 🎸 Live music 🎤 Karaoke available,51.588,-0.0042919,2,GUINNESS,£5.50,5.5,"https://www.pint-prices.com/pub/112%20Wood%20St,%20London%20E17%203HX,%20UK/The%20Duke",2026-07-03T23:10:47+00:00
The Duke,"112 Wood St, London E17 3HX, UK",020 8521 1361 🌐 http://www.thedukee17.com/ 📧thedukee17@gmail.com 🍽️ Food available ☀️ Beer garden available 🎸 Live music 🎤 Karaoke available,51.588,-0.0042919,3,PRAVHA,£5.80,5.8,"https://www.pint-prices.com/pub/112%20Wood%20St,%20London%20E17%203HX,%20UK/The%20Duke",2026-07-03T23:10:47+00:00
The Duke,"112 Wood St, London E17 3HX, UK",020 8521 1361 🌐 http://www.thedukee17.com/ 📧thedukee17@gmail.com 🍽️ Food available ☀️ Beer garden available 🎸 Live music 🎤 Karaoke available,51.588,-0.0042919,4,NECK OIL,£6.50,6.5,"https://www.pint-prices.com/pub/112%20Wood%20St,%20London%20E17%203HX,%20UK/The%20Duke",2026-07-03T23:10:47+00:00
The Duke,"112 Wood St, London E17 3HX, UK",020 8521 1361 🌐 http://www.thedukee17.com/ 📧thedukee17@gmail.com 🍽️ Food available ☀️ Beer garden available 🎸 Live music 🎤 Karaoke available,51.588,-0.0042919,5,MADRI,£6.50,6.5,"https://www.pint-prices.com/pub/112%20Wood%20St,%20London%20E17%203HX,%20UK/The%20Duke",2026-07-03T23:10:47+00:00
De Beauvoir Arms,"113 Southgate Rd, London N1 3JS",🍽️ Food available 🍹 Cocktails available ☀️ Beer garden available 😎 Cool place,51.5417,-0.0851775,1,GUINNESS,£6.00,6.0,"https://www.pint-prices.com/pub/113%20Southgate%20Rd,%20London%20N1%203JS/De%20Beauvoir%20Arms",2026-07-03T23:10:47+00:00
Thatched House,"115 Dalling Rd, London W6 0ET, UK",020 8741 6282 🌐 http://www.thatchedhousepub.com/ 📧info@thatchedhousepub.com 🍽️ Food available ☀️ Beer garden available ⚽ Live sports shown 😎 Cool place,51.4966,-0.234812,1,CARLING,£5.75,5.75,"https://www.pint-prices.com/pub/115%20Dalling%20Rd,%20London%20W6%200ET,%20UK/Thatched%20House",2026-07-03T23:10:47+00:00
Thatched House,"115 Dalling Rd, London W6 0ET, UK",020 8741 6282 🌐 http://www.thatchedhousepub.com/ 📧info@thatchedhousepub.com 🍽️ Food available ☀️ Beer garden available ⚽ Live sports shown 😎 Cool place,51.4966,-0.234812,2,GUINNESS,£5.85,5.85,"https://www.pint-prices.com/pub/115%20Dalling%20Rd,%20London%20W6%200ET,%20UK/Thatched%20House",2026-07-03T23:10:47+00:00
Thatched House,"115 Dalling Rd, London W6 0ET, UK",020 8741 6282 🌐 http://www.thatchedhousepub.com/ 📧info@thatchedhousepub.com 🍽️ Food available ☀️ Beer garden available ⚽ Live sports shown 😎 Cool place,51.4966,-0.234812,3,BIRRA MORETTI,£6.25,6.25,"https://www.pint-prices.com/pub/115%20Dalling%20Rd,%20London%20W6%200ET,%20UK/Thatched%20House",2026-07-03T23:10:47+00:00
Thatched House,"115 Dalling Rd, London W6 0ET, UK",020 8741 6282 🌐 http://www.thatchedhousepub.com/ 📧info@thatchedhousepub.com 🍽️ Food available ☀️ Beer garden available ⚽ Live sports shown 😎 Cool place,51.4966,-0.234812,4,MADRI,£6.25,6.25,"https://www.pint-prices.com/pub/115%20Dalling%20Rd,%20London%20W6%200ET,%20UK/Thatched%20House",2026-07-03T23:10:47+00:00
The Boot,"116 Cromer St, London WC1H 8BS",🍽️ Food available ☀️ Beer garden available 🎯 Darts available 🎱 Pool available,51.5276,-0.124206,1,FOSTERS,£4.80,4.8,"https://www.pint-prices.com/pub/116%20Cromer%20St,%20London%20WC1H%208BS/The%20Boot",2026-07-03T23:10:47+00:00
Chelsea Potter,"119 Kings Road, SW3 4PL",🌐 https://www.greeneking.co.uk/pubs/greater-london/chelsea-potter 🍽️ Food available 🍹 Cocktails available ☀️ Beer garden available ⚽ Live sports shown,51.4885,-0.165884,1,AMSTEL,£6.30,6.3,"https://www.pint-prices.com/pub/119%20Kings%20Road,%20SW3%204PL/Chelsea%20Potter",2026-07-03T23:10:47+00:00
Chelsea Potter,"119 Kings Road, SW3 4PL",🌐 https://www.greeneking.co.uk/pubs/greater-london/chelsea-potter 🍽️ Food available 🍹 Cocktails available ☀️ Beer garden available ⚽ Live sports shown,51.4885,-0.165884,2,GUINNESS,£6.50,6.5,"https://www.pint-prices.com/pub/119%20Kings%20Road,%20SW3%204PL/Chelsea%20Potter",2026-07-03T23:10:47+00:00
Chelsea Potter,"119 Kings Road, SW3 4PL",🌐 https://www.greeneking.co.uk/pubs/greater-london/chelsea-potter 🍽️ Food available 🍹 Cocktails available ☀️ Beer garden available ⚽ Live sports shown,51.4885,-0.165884,3,MADRI,£7.25,7.25,"https://www.pint-prices.com/pub/119%20Kings%20Road,%20SW3%204PL/Chelsea%20Potter",2026-07-03T23:10:47+00:00
Chelsea Potter,"119 Kings Road, SW3 4PL",🌐 https://www.greeneking.co.uk/pubs/greater-london/chelsea-potter 🍽️ Food available 🍹 Cocktails available ☀️ Beer garden available ⚽ Live sports shown,51.4885,-0.165884,4,ESTRELLA,£7.25,7.25,"https://www.pint-prices.com/pub/119%20Kings%20Road,%20SW3%204PL/Chelsea%20Potter",2026-07-03T23:10:47+00:00
Chelsea Potter,"119 Kings Road, SW3 4PL",🌐 https://www.greeneking.co.uk/pubs/greater-london/chelsea-potter 🍽️ Food available 🍹 Cocktails available ☀️ Beer garden available ⚽ Live sports shown,51.4885,-0.165884,5,PERONI,£7.45,7.45,"https://www.pint-prices.com/pub/119%20Kings%20Road,%20SW3%204PL/Chelsea%20Potter",2026-07-03T23:10:47+00:00
Chelsea Potter,"119 Kings Road, SW3 4PL",🌐 https://www.greeneking.co.uk/pubs/greater-london/chelsea-potter 🍽️ Food available 🍹 Cocktails available ☀️ Beer garden available ⚽ Live sports shown,51.4885,-0.165884,6,NECK OIL,£7.55,7.55,"https://www.pint-prices.com/pub/119%20Kings%20Road,%20SW3%204PL/Chelsea%20Potter",2026-07-03T23:10:47+00:00
The Rockingham Arms,"119 Newington Causeway, Elephant and Castle, London SE1 6BN",,51.4958,-0.0996328,1,CARLSBERG,£3.33,3.33,"https://www.pint-prices.com/pub/119%20Newington%20Causeway,%20Elephant%20and%20Castle,%20London%20SE1%206BN/The%20Rockingham%20Arms",2026-07-03T23:10:47+00:00
The Rockingham Arms,"119 Newington Causeway, Elephant and Castle, London SE1 6BN",,51.4958,-0.0996328,2,PRAVHA,£4.95,4.95,"https://www.pint-prices.com/pub/119%20Newington%20Causeway,%20Elephant%20and%20Castle,%20London%20SE1%206BN/The%20Rockingham%20Arms",2026-07-03T23:10:47+00:00
The Narrowboat,"119 St Peter's St, London N1 8PZ",🌐 https://www.thenarrowboatpub.com/ 🍽️ Food available 🍹 Cocktails available ☀️ Beer garden available ⚽ Live sports shown ❓ Pub quiz available,51.5331,-0.0969101,1,PRAVHA,£6.00,6.0,"https://www.pint-prices.com/pub/119%20St%20Peter's%20St,%20London%20N1%208PZ/The%20Narrowboat",2026-07-03T23:10:47+00:00
City of Quebec,"12 Old Quebec Street, W1H 7AF",🌐 https://www.greeneking.co.uk/pubs/greater-london/city-of-quebec 🍽️ Food available 🍹 Cocktails available ☀️ Beer garden available,51.5138,-0.157988,1,GUINNESS,£6.35,6.35,"https://www.pint-prices.com/pub/12%20Old%20Quebec%20Street,%20W1H%207AF/City%20of%20Quebec",2026-07-03T23:10:47+00:00
City of Quebec,"12 Old Quebec Street, W1H 7AF",🌐 https://www.greeneking.co.uk/pubs/greater-london/city-of-quebec 🍽️ Food available 🍹 Cocktails available ☀️ Beer garden available,51.5138,-0.157988,2,STELLA ARTOIS,£6.40,6.4,"https://www.pint-prices.com/pub/12%20Old%20Quebec%20Street,%20W1H%207AF/City%20of%20Quebec",2026-07-03T23:10:47+00:00
City of Quebec,"12 Old Quebec Street, W1H 7AF",🌐 https://www.greeneking.co.uk/pubs/greater-london/city-of-quebec 🍽️ Food available 🍹 Cocktails available ☀️ Beer garden available,51.5138,-0.157988,3,SAN MIGUEL,£6.50,6.5,"https://www.pint-prices.com/pub/12%20Old%20Quebec%20Street,%20W1H%207AF/City%20of%20Quebec",2026-07-03T23:10:47+00:00
City of Quebec,"12 Old Quebec Street, W1H 7AF",🌐 https://www.greeneking.co.uk/pubs/greater-london/city-of-quebec 🍽️ Food available 🍹 Cocktails available ☀️ Beer garden available,51.5138,-0.157988,4,BIRRA MORETTI,£6.95,6.95,"https://www.pint-prices.com/pub/12%20Old%20Quebec%20Street,%20W1H%207AF/City%20of%20Quebec",2026-07-03T23:10:47+00:00
City of Quebec,"12 Old Quebec Street, W1H 7AF",🌐 https://www.greeneking.co.uk/pubs/greater-london/city-of-quebec 🍽️ Food available 🍹 Cocktails available ☀️ Beer garden available,51.5138,-0.157988,5,ESTRELLA,£7.00,7.0,"https://www.pint-prices.com/pub/12%20Old%20Quebec%20Street,%20W1H%207AF/City%20of%20Quebec",2026-07-03T23:10:47+00:00
City of Quebec,"12 Old Quebec Street, W1H 7AF",🌐 https://www.greeneking.co.uk/pubs/greater-london/city-of-quebec 🍽️ Food available 🍹 Cocktails available ☀️ Beer garden available,51.5138,-0.157988,6,PERONI,£7.30,7.3,"https://www.pint-prices.com/pub/12%20Old%20Quebec%20Street,%20W1H%207AF/City%20of%20Quebec",2026-07-03T23:10:47+00:00
City of Quebec,"12 Old Quebec Street, W1H 7AF",🌐 https://www.greeneking.co.uk/pubs/greater-london/city-of-quebec 🍽️ Food available 🍹 Cocktails available ☀️ Beer garden available,51.5138,-0.157988,7,NECK OIL,£7.40,7.4,"https://www.pint-prices.com/pub/12%20Old%20Quebec%20Street,%20W1H%207AF/City%20of%20Quebec",2026-07-03T23:10:47+00:00
The Duke of Wellington,"12 Toynbee St, London E1 7NE",🌐 https://www.duke.london/,51.5179,-0.0746179,1,GUINNESS,£6.70,6.7,"https://www.pint-prices.com/pub/12%20Toynbee%20St,%20London%20E1%207NE/The%20Duke%20of%20Wellington",2026-07-03T23:10:47+00:00
The Duke of Wellington,"12 Toynbee St, London E1 7NE",🌐 https://www.duke.london/,51.5179,-0.0746179,2,HEPCAT,£7.10,7.1,"https://www.pint-prices.com/pub/12%20Toynbee%20St,%20London%20E1%207NE/The%20Duke%20of%20Wellington",2026-07-03T23:10:47+00:00
J.J. Moon's - JD Wetherspoon,"12 Victoria Road, Ruislip Manor, HA4 0AA",🍽️ Food available 🍹 Cocktails available ☀️ Beer garden available ⚽ Live sports shown,51.5733,-0.413426,1,BUD LIGHT,£2.43,2.43,"https://www.pint-prices.com/pub/12%20Victoria%20Road,%20Ruislip%20Manor,%20HA4%200AA/J.J.%20Moon's%20-%20JD%20Wetherspoon",2026-07-03T23:10:47+00:00
J.J. Moon's - JD Wetherspoon,"12 Victoria Road, Ruislip Manor, HA4 0AA",🍽️ Food available 🍹 Cocktails available ☀️ Beer garden available ⚽ Live sports shown,51.5733,-0.413426,2,CARLSBERG PILSNER,£2.66,2.66,"https://www.pint-prices.com/pub/12%20Victoria%20Road,%20Ruislip%20Manor,%20HA4%200AA/J.J.%20Moon's%20-%20JD%20Wetherspoon",2026-07-03T23:10:47+00:00
J.J. Moon's - JD Wetherspoon,"12 Victoria Road, Ruislip Manor, HA4 0AA",🍽️ Food available 🍹 Cocktails available ☀️ Beer garden available ⚽ Live sports shown,51.5733,-0.413426,3,GUINNESS,£3.32,3.32,"https://www.pint-prices.com/pub/12%20Victoria%20Road,%20Ruislip%20Manor,%20HA4%200AA/J.J.%20Moon's%20-%20JD%20Wetherspoon",2026-07-03T23:10:47+00:00
J.J. Moon's - JD Wetherspoon,"12 Victoria Road, Ruislip Manor, HA4 0AA",🍽️ Food available 🍹 Cocktails available ☀️ Beer garden available ⚽ Live sports shown,51.5733,-0.413426,4,CARLING,£3.54,3.54,"https://www.pint-prices.com/pub/12%20Victoria%20Road,%20Ruislip%20Manor,%20HA4%200AA/J.J.%20Moon's%20-%20JD%20Wetherspoon",2026-07-03T23:10:47+00:00
J.J. Moon's - JD Wetherspoon,"12 Victoria Road, Ruislip Manor, HA4 0AA",🍽️ Food available 🍹 Cocktails available ☀️ Beer garden available ⚽ Live sports shown,51.5733,-0.413426,5,COORS,£3.54,3.54,"https://www.pint-prices.com/pub/12%20Victoria%20Road,%20Ruislip%20Manor,%20HA4%200AA/J.J.%20Moon's%20-%20JD%20Wetherspoon",2026-07-03T23:10:47+00:00
J.J. Moon's - JD Wetherspoon,"12 Victoria Road, Ruislip Manor, HA4 0AA",🍽️ Food available 🍹 Cocktails available ☀️ Beer garden available ⚽ Live sports shown,51.5733,-0.413426,6,BUDWEISER,£3.73,3.73,"https://www.pint-prices.com/pub/12%20Victoria%20Road,%20Ruislip%20Manor,%20HA4%200AA/J.J.%20Moon's%20-%20JD%20Wetherspoon",2026-07-03T23:10:47+00:00
J.J. Moon's - JD Wetherspoon,"12 Victoria Road, Ruislip Manor, HA4 0AA",🍽️ Food available 🍹 Cocktails available ☀️ Beer garden available ⚽ Live sports shown,51.5733,-0.413426,7,CORONA,£3.95,3.95,"https://www.pint-prices.com/pub/12%20Victoria%20Road,%20Ruislip%20Manor,%20HA4%200AA/J.J.%20Moon's%20-%20JD%20Wetherspoon",2026-07-03T23:10:47+00:00
J.J. Moon's - JD Wetherspoon,"12 Victoria Road, Ruislip Manor, HA4 0AA",🍽️ Food available 🍹 Cocktails available ☀️ Beer garden available ⚽ Live sports shown,51.5733,-0.413426,8,STELLA ARTOIS,£3.95,3.95,"https://www.pint-prices.com/pub/12%20Victoria%20Road,%20Ruislip%20Manor,%20HA4%200AA/J.J.%20Moon's%20-%20JD%20Wetherspoon",2026-07-03T23:10:47+00:00
J.J. Moon's - JD Wetherspoon,"12 Victoria Road, Ruislip Manor, HA4 0AA",🍽️ Food available 🍹 Cocktails available ☀️ Beer garden available ⚽ Live sports shown,51.5733,-0.413426,9,SAN MIGUEL,£3.95,3.95,"https://www.pint-prices.com/pub/12%20Victoria%20Road,%20Ruislip%20Manor,%20HA4%200AA/J.J.%20Moon's%20-%20JD%20Wetherspoon",2026-07-03T23:10:47+00:00
J.J. Moon's - JD Wetherspoon,"12 Victoria Road, Ruislip Manor, HA4 0AA",🍽️ Food available 🍹 Cocktails available ☀️ Beer garden available ⚽ Live sports shown,51.5733,-0.413426,10,LEFFE BLONDE,£4.28,4.28,"https://www.pint-prices.com/pub/12%20Victoria%20Road,%20Ruislip%20Manor,%20HA4%200AA/J.J.%20Moon's%20-%20JD%20Wetherspoon",2026-07-03T23:10:47+00:00
The Rocket,"120 Euston Rd., London NW1 2AL",🌐 https://www.therocketeustonroad.co.uk/#/ 🍽️ Food available 🍹 Cocktails available ⚽ Live sports shown 🎸 Live music,51.5282,-0.128874,1,HEINEKEN,£6.80,6.8,"https://www.pint-prices.com/pub/120%20Euston%20Rd.,%20London%20NW1%202AL/The%20Rocket",2026-07-03T23:10:47+00:00
The Plough & Harrow - JD Wetherspoon,"120-124 King St, London W6 0QU, UK",020 8735 6020 🌐 https://www.jdwetherspoon.com/pubs/all-pubs/england/london/the-plough--harrow-hammersmith?utm_source 🍽️ Food available 🍹 Cocktails available ☀️ Beer garden available ⚽ Live sports shown,51.493,-0.231403,1,BUD LIGHT,£2.77,2.77,"https://www.pint-prices.com/pub/120-124%20King%20St,%20London%20W6%200QU,%20UK/The%20Plough%20%26%20Harrow%20-%20JD%20Wetherspoon",2026-07-03T23:10:47+00:00
The Plough & Harrow - JD Wetherspoon,"120-124 King St, London W6 0QU, UK",020 8735 6020 🌐 https://www.jdwetherspoon.com/pubs/all-pubs/england/london/the-plough--harrow-hammersmith?utm_source 🍽️ Food available 🍹 Cocktails available ☀️ Beer garden available ⚽ Live sports shown,51.493,-0.231403,2,CARLSBERG PILSNER,£3.45,3.45,"https://www.pint-prices.com/pub/120-124%20King%20St,%20London%20W6%200QU,%20UK/The%20Plough%20%26%20Harrow%20-%20JD%20Wetherspoon",2026-07-03T23:10:47+00:00
The Plough & Harrow - JD Wetherspoon,"120-124 King St, London W6 0QU, UK",020 8735 6020 🌐 https://www.jdwetherspoon.com/pubs/all-pubs/england/london/the-plough--harrow-hammersmith?utm_source 🍽️ Food available 🍹 Cocktails available ☀️ Beer garden available ⚽ Live sports shown,51.493,-0.231403,3,GUINNESS,£3.89,3.89,"https://www.pint-prices.com/pub/120-124%20King%20St,%20London%20W6%200QU,%20UK/The%20Plough%20%26%20Harrow%20-%20JD%20Wetherspoon",2026-07-03T23:10:47+00:00
The Plough & Harrow - JD Wetherspoon,"120-124 King St, London W6 0QU, UK",020 8735 6020 🌐 https://www.jdwetherspoon.com/pubs/all-pubs/england/london/the-plough--harrow-hammersmith?utm_source 🍽️ Food available 🍹 Cocktails available ☀️ Beer garden available ⚽ Live sports shown,51.493,-0.231403,4,CARLING,£4.18,4.18,"https://www.pint-prices.com/pub/120-124%20King%20St,%20London%20W6%200QU,%20UK/The%20Plough%20%26%20Harrow%20-%20JD%20Wetherspoon",2026-07-03T23:10:47+00:00
The Plough & Harrow - JD Wetherspoon,"120-124 King St, London W6 0QU, UK",020 8735 6020 🌐 https://www.jdwetherspoon.com/pubs/all-pubs/england/london/the-plough--harrow-hammersmith?utm_source 🍽️ Food available 🍹 Cocktails available ☀️ Beer garden available ⚽ Live sports shown,51.493,-0.231403,5,COORS,£4.18,4.18,"https://www.pint-prices.com/pub/120-124%20King%20St,%20London%20W6%200QU,%20UK/The%20Plough%20%26%20Harrow%20-%20JD%20Wetherspoon",2026-07-03T23:10:47+00:00
The Plough & Harrow - JD Wetherspoon,"120-124 King St, London W6 0QU, UK",020 8735 6020 🌐 https://www.jdwetherspoon.com/pubs/all-pubs/england/london/the-plough--harrow-hammersmith?utm_source 🍽️ Food available 🍹 Cocktails available ☀️ Beer garden available ⚽ Live sports shown,51.493,-0.231403,6,BUDWEISER,£4.31,4.31,"https://www.pint-prices.com/pub/120-124%20King%20St,%20London%20W6%200QU,%20UK/The%20Plough%20%26%20Harrow%20-%20JD%20Wetherspoon",2026-07-03T23:10:47+00:00
The Plough & Harrow - JD Wetherspoon,"120-124 King St, London W6 0QU, UK",020 8735 6020 🌐 https://www.jdwetherspoon.com/pubs/all-pubs/england/london/the-plough--harrow-hammersmith?utm_source 🍽️ Food available 🍹 Cocktails available ☀️ Beer garden available ⚽ Live sports shown,51.493,-0.231403,7,STELLA ARTOIS,£4.55,4.55,"https://www.pint-prices.com/pub/120-124%20King%20St,%20London%20W6%200QU,%20UK/The%20Plough%20%26%20Harrow%20-%20JD%20Wetherspoon",2026-07-03T23:10:47+00:00
The Plough & Harrow - JD Wetherspoon,"120-124 King St, London W6 0QU, UK",020 8735 6020 🌐 https://www.jdwetherspoon.com/pubs/all-pubs/england/london/the-plough--harrow-hammersmith?utm_source 🍽️ Food available 🍹 Cocktails available ☀️ Beer garden available ⚽ Live sports shown,51.493,-0.231403,8,CORONA,£4.68,4.68,"https://www.pint-prices.com/pub/120-124%20King%20St,%20London%20W6%200QU,%20UK/The%20Plough%20%26%20Harrow%20-%20JD%20Wetherspoon",2026-07-03T23:10:47+00:00
The Plough & Harrow - JD Wetherspoon,"120-124 King St, London W6 0QU, UK",020 8735 6020 🌐 https://www.jdwetherspoon.com/pubs/all-pubs/england/london/the-plough--harrow-hammersmith?utm_source 🍽️ Food available 🍹 Cocktails available ☀️ Beer garden available ⚽ Live sports shown,51.493,-0.231403,9,SAN MIGUEL,£4.68,4.68,"https://www.pint-prices.com/pub/120-124%20King%20St,%20London%20W6%200QU,%20UK/The%20Plough%20%26%20Harrow%20-%20JD%20Wetherspoon",2026-07-03T23:10:47+00:00
The Plough & Harrow - JD Wetherspoon,"120-124 King St, London W6 0QU, UK",020 8735 6020 🌐 https://www.jdwetherspoon.com/pubs/all-pubs/england/london/the-plough--harrow-hammersmith?utm_source 🍽️ Food available 🍹 Cocktails available ☀️ Beer garden available ⚽ Live sports shown,51.493,-0.231403,10,LEFFE BLONDE,£5.03,5.03,"https://www.pint-prices.com/pub/120-124%20King%20St,%20London%20W6%200QU,%20UK/The%20Plough%20%26%20Harrow%20-%20JD%20Wetherspoon",2026-07-03T23:10:47+00:00
The Albion,"121 Hammersmith Rd, London W14 0QR, UK",020 7603 2826 🌐 http://www.thealbionpub.com/ 📧info@thealbionpub.com 🍽️ Food available ☀️ Beer garden available 🎸 Live music ❓ Pub quiz available,51.4943,-0.212667,1,INCH CIDER,£5.40,5.4,"https://www.pint-prices.com/pub/121%20Hammersmith%20Rd,%20London%20W14%200QR,%20UK/The%20Albion",2026-07-03T23:10:47+00:00
The Albion,"121 Hammersmith Rd, London W14 0QR, UK",020 7603 2826 🌐 http://www.thealbionpub.com/ 📧info@thealbionpub.com 🍽️ Food available ☀️ Beer garden available 🎸 Live music ❓ Pub quiz available,51.4943,-0.212667,2,AMSTEL,£5.50,5.5,"https://www.pint-prices.com/pub/121%20Hammersmith%20Rd,%20London%20W14%200QR,%20UK/The%20Albion",2026-07-03T23:10:47+00:00
The Albion,"121 Hammersmith Rd, London W14 0QR, UK",020 7603 2826 🌐 http://www.thealbionpub.com/ 📧info@thealbionpub.com 🍽️ Food available ☀️ Beer garden available 🎸 Live music ❓ Pub quiz available,51.4943,-0.212667,3,LANDLORD,£5.50,5.5,"https://www.pint-prices.com/pub/121%20Hammersmith%20Rd,%20London%20W14%200QR,%20UK/The%20Albion",2026-07-03T23:10:47+00:00
The Albion,"121 Hammersmith Rd, London W14 0QR, UK",020 7603 2826 🌐 http://www.thealbionpub.com/ 📧info@thealbionpub.com 🍽️ Food available ☀️ Beer garden available 🎸 Live music ❓ Pub quiz available,51.4943,-0.212667,4,TRIBUTE,£5.50,5.5,"https://www.pint-prices.com/pub/121%20Hammersmith%20Rd,%20London%20W14%200QR,%20UK/The%20Albion",2026-07-03T23:10:47+00:00
The Albion,"121 Hammersmith Rd, London W14 0QR, UK",020 7603 2826 🌐 http://www.thealbionpub.com/ 📧info@thealbionpub.com 🍽️ Food available ☀️ Beer garden available 🎸 Live music ❓ Pub quiz available,51.4943,-0.212667,5,HEINEKEN,£6.50,6.5,"https://www.pint-prices.com/pub/121%20Hammersmith%20Rd,%20London%20W14%200QR,%20UK/The%20Albion",2026-07-03T23:10:47+00:00
The Albion,"121 Hammersmith Rd, London W14 0QR, UK",020 7603 2826 🌐 http://www.thealbionpub.com/ 📧info@thealbionpub.com 🍽️ Food available ☀️ Beer garden available 🎸 Live music ❓ Pub quiz available,51.4943,-0.212667,6,BIRRA MORETTI,£6.50,6.5,"https://www.pint-prices.com/pub/121%20Hammersmith%20Rd,%20London%20W14%200QR,%20UK/The%20Albion",2026-07-03T23:10:47+00:00
The Albion,"121 Hammersmith Rd, London W14 0QR, UK",020 7603 2826 🌐 http://www.thealbionpub.com/ 📧info@thealbionpub.com 🍽️ Food available ☀️ Beer garden available 🎸 Live music ❓ Pub quiz available,51.4943,-0.212667,7,GUINNESS,£7.00,7.0,"https://www.pint-prices.com/pub/121%20Hammersmith%20Rd,%20London%20W14%200QR,%20UK/The%20Albion",2026-07-03T23:10:47+00:00
The Albion,"121 Hammersmith Rd, London W14 0QR, UK",020 7603 2826 🌐 http://www.thealbionpub.com/ 📧info@thealbionpub.com 🍽️ Food available ☀️ Beer garden available 🎸 Live music ❓ Pub quiz available,51.4943,-0.212667,8,LAGUNITAS IPA,£7.00,7.0,"https://www.pint-prices.com/pub/121%20Hammersmith%20Rd,%20London%20W14%200QR,%20UK/The%20Albion",2026-07-03T23:10:47+00:00
The Albion,"121 Hammersmith Rd, London W14 0QR, UK",020 7603 2826 🌐 http://www.thealbionpub.com/ 📧info@thealbionpub.com 🍽️ Food available ☀️ Beer garden available 🎸 Live music ❓ Pub quiz available,51.4943,-0.212667,9,NECK OIL,£7.50,7.5,"https://www.pint-prices.com/pub/121%20Hammersmith%20Rd,%20London%20W14%200QR,%20UK/The%20Albion",2026-07-03T23:10:47+00:00
The Albion,"121 Hammersmith Rd, London W14 0QR, UK",020 7603 2826 🌐 http://www.thealbionpub.com/ 📧info@thealbionpub.com 🍽️ Food available ☀️ Beer garden available 🎸 Live music ❓ Pub quiz available,51.4943,-0.212667,10,BRIXTON,£7.50,7.5,"https://www.pint-prices.com/pub/121%20Hammersmith%20Rd,%20London%20W14%200QR,%20UK/The%20Albion",2026-07-03T23:10:47+00:00
The White Hart Inn,"121 Kneller Rd, Twickenham TW2 7DY",🌐 https://www.whitehartinntwickenham.co.uk/ 🍽️ Food available ☀️ Beer garden available,51.4556,-0.354169,1,BIRRA MORETTI,£4.90,4.9,"https://www.pint-prices.com/pub/121%20Kneller%20Rd,%20Twickenham%20TW2%207DY/The%20White%20Hart%20Inn",2026-07-03T23:10:47+00:00
The Camel & Artichoke,"121 Lower Marsh, London SE1 7AE",🌐 https://camelandartichoke.co.uk/ 🍽️ Food available 🍹 Cocktails available ⚽ Live sports shown,51.5008,-0.113266,1,AMSTEL,£5.90,5.9,"https://www.pint-prices.com/pub/121%20Lower%20Marsh,%20London%20SE1%207AE/The%20Camel%20%26%20Artichoke",2026-07-03T23:10:47+00:00
The Yucatan Bar,"121 Stoke Newington Rd, London N16 8BT",🌐 no websites ⚽ Live sports shown 🎸 Live music 🎯 Darts available 🎱 Pool available,51.5559,-0.0747977,1,AMSTEL,£5.70,5.7,"https://www.pint-prices.com/pub/121%20Stoke%20Newington%20Rd,%20London%20N16%208BT/The%20Yucatan%20Bar",2026-07-03T23:10:47+00:00
The Two Brewers,"121 Whitecross Street, London, United Kingdom",020 7502 7591 🌐 https://www.the2brewers.com/london ⚽ Live sports shown 🎯 Darts available,51.5225,-0.0928541,1,KROENENBURG,£5.90,5.9,"https://www.pint-prices.com/pub/121%20Whitecross%20Street,%20London,%20United%20Kingdom/The%20Two%20Brewers",2026-07-03T23:10:47+00:00
The Two Brewers,"121 Whitecross Street, London, United Kingdom",020 7502 7591 🌐 https://www.the2brewers.com/london ⚽ Live sports shown 🎯 Darts available,51.5225,-0.0928541,2,KROENENBURG,£5.90,5.9,"https://www.pint-prices.com/pub/121%20Whitecross%20Street,%20London,%20United%20Kingdom/The%20Two%20Brewers",2026-07-03T23:10:47+00:00
The Roebuck,"122 Chiswick High Rd., Chiswick, London W4 1PU, UK",020 3978 2162 🌐 https://www.theroebuckchiswick.co.uk/ 🍽️ Food available ☀️ Beer garden available ❓ Pub quiz available 😎 Cool place 🎤 Karaoke available,51.4931,-0.252706,1,AMSTEL,£5.80,5.8,"https://www.pint-prices.com/pub/122%20Chiswick%20High%20Rd.,%20Chiswick,%20London%20W4%201PU,%20UK/The%20Roebuck",2026-07-03T23:10:47+00:00
The Roebuck,"122 Chiswick High Rd., Chiswick, London W4 1PU, UK",020 3978 2162 🌐 https://www.theroebuckchiswick.co.uk/ 🍽️ Food available ☀️ Beer garden available ❓ Pub quiz available 😎 Cool place 🎤 Karaoke available,51.4931,-0.252706,2,CASK ALE,£6.00,6.0,"https://www.pint-prices.com/pub/122%20Chiswick%20High%20Rd.,%20Chiswick,%20London%20W4%201PU,%20UK/The%20Roebuck",2026-07-03T23:10:47+00:00
Spotted Horse,"122 Putney High St, London SW15 1RG",2087880246 🌐 https://www.spottedhorse.co.uk/ 🍽️ Food available 🍹 Cocktails available ☀️ Beer garden available ⚽ Live sports shown ❓ Pub quiz available 😎 Cool place,51.4627,-0.216423,1,PRAVHA,£6.05,6.05,"https://www.pint-prices.com/pub/122%20Putney%20High%20St,%20London%20SW15%201RG/Spotted%20Horse",2026-07-03T23:10:47+00:00
Spotted Horse,"122 Putney High St, London SW15 1RG",2087880246 🌐 https://www.spottedhorse.co.uk/ 🍽️ Food available 🍹 Cocktails available ☀️ Beer garden available ⚽ Live sports shown ❓ Pub quiz available 😎 Cool place,51.4627,-0.216423,2,GUINNESS,£6.20,6.2,"https://www.pint-prices.com/pub/122%20Putney%20High%20St,%20London%20SW15%201RG/Spotted%20Horse",2026-07-03T23:10:47+00:00
The Horse & Stables,"122-124 Westminster Bridge Rd, London SE1 7RW",🌐 https://www.facebook.com/TheHorseAndStables 🍽️ Food available 🍹 Cocktails available 🎸 Live music,51.4992,-0.112611,1,BREW BY NUMBERS 32,£6.30,6.3,"https://www.pint-prices.com/pub/122-124%20Westminster%20Bridge%20Rd,%20London%20SE1%207RW/The%20Horse%20%26%20Stables",2026-07-03T23:10:47+00:00
The Earls Court Tavern,"123 Earls Court Rd, London SW5 9RL",🌐 https://www.greeneking.co.uk/pubs/greater-london/earls-court-tavern 🍽️ Food available 🍹 Cocktails available ⚽ Live sports shown,51.4938,-0.194585,1,ESTRELLA,£6.70,6.7,"https://www.pint-prices.com/pub/123%20Earls%20Court%20Rd,%20London%20SW5%209RL/The%20Earls%20Court%20Tavern",2026-07-03T23:10:47+00:00
Earls Court Tavern,"123 Earls Court Road, SW5 9RL",🌐 https://www.greeneking.co.uk/pubs/greater-london/earls-court-tavern 🍽️ Food available 🍹 Cocktails available ⚽ Live sports shown,51.4938,-0.194585,1,GUINNESS,£6.45,6.45,"https://www.pint-prices.com/pub/123%20Earls%20Court%20Road,%20SW5%209RL/Earls%20Court%20Tavern",2026-07-03T23:10:47+00:00
Earls Court Tavern,"123 Earls Court Road, SW5 9RL",🌐 https://www.greeneking.co.uk/pubs/greater-london/earls-court-tavern 🍽️ Food available 🍹 Cocktails available ⚽ Live sports shown,51.4938,-0.194585,2,MADRI,£7.00,7.0,"https://www.pint-prices.com/pub/123%20Earls%20Court%20Road,%20SW5%209RL/Earls%20Court%20Tavern",2026-07-03T23:10:47+00:00
Earls Court Tavern,"123 Earls Court Road, SW5 9RL",🌐 https://www.greeneking.co.uk/pubs/greater-london/earls-court-tavern 🍽️ Food available 🍹 Cocktails available ⚽ Live sports shown,51.4938,-0.194585,3,BIRRA MORETTI,£7.00,7.0,"https://www.pint-prices.com/pub/123%20Earls%20Court%20Road,%20SW5%209RL/Earls%20Court%20Tavern",2026-07-03T23:10:47+00:00
Earls Court Tavern,"123 Earls Court Road, SW5 9RL",🌐 https://www.greeneking.co.uk/pubs/greater-london/earls-court-tavern 🍽️ Food available 🍹 Cocktails available ⚽ Live sports shown,51.4938,-0.194585,4,ESTRELLA,£7.15,7.15,"https://www.pint-prices.com/pub/123%20Earls%20Court%20Road,%20SW5%209RL/Earls%20Court%20Tavern",2026-07-03T23:10:47+00:00
Earls Court Tavern,"123 Earls Court Road, SW5 9RL",🌐 https://www.greeneking.co.uk/pubs/greater-london/earls-court-tavern 🍽️ Food available 🍹 Cocktails available ⚽ Live sports shown,51.4938,-0.194585,5,PERONI,£7.40,7.4,"https://www.pint-prices.com/pub/123%20Earls%20Court%20Road,%20SW5%209RL/Earls%20Court%20Tavern",2026-07-03T23:10:47+00:00
Prince Arthur,"123 Uxbridge Rd, London W13 9AU",🍽️ Food available ☀️ Beer garden available ⚽ Live sports shown 🎸 Live music 🎤 Karaoke available,51.5114,-0.315064,1,FOSTERS,£4.60,4.6,"https://www.pint-prices.com/pub/123%20Uxbridge%20Rd,%20London%20W13%209AU/Prince%20Arthur",2026-07-03T23:10:47+00:00
The Abbey Tavern Pub | Kentish Town,"124 Kentish Town Rd, London NW1 9QB, UK",020 7267 9449 🌐 http://www.abbey-tavern.com/ 📧bookings@rosepubs.com 🍽️ Food available ☀️ Beer garden available ⚽ Live sports shown 🎸 Live music 😎 Cool place,51.5458,-0.141525,1,AMSTEL,£5.00,5.0,"https://www.pint-prices.com/pub/124%20Kentish%20Town%20Rd,%20London%20NW1%209QB,%20UK/The%20Abbey%20Tavern%20Pub%20%7C%20Kentish%20Town",2026-07-03T23:10:47+00:00
The Abbey Tavern Pub | Kentish Town,"124 Kentish Town Rd, London NW1 9QB, UK",020 7267 9449 🌐 http://www.abbey-tavern.com/ 📧bookings@rosepubs.com 🍽️ Food available ☀️ Beer garden available ⚽ Live sports shown 🎸 Live music 😎 Cool place,51.5458,-0.141525,2,HEINEKEN,£5.50,5.5,"https://www.pint-prices.com/pub/124%20Kentish%20Town%20Rd,%20London%20NW1%209QB,%20UK/The%20Abbey%20Tavern%20Pub%20%7C%20Kentish%20Town",2026-07-03T23:10:47+00:00
The Abbey Tavern Pub | Kentish Town,"124 Kentish Town Rd, London NW1 9QB, UK",020 7267 9449 🌐 http://www.abbey-tavern.com/ 📧bookings@rosepubs.com 🍽️ Food available ☀️ Beer garden available ⚽ Live sports shown 🎸 Live music 😎 Cool place,51.5458,-0.141525,3,BIRRA MORETTI,£6.50,6.5,"https://www.pint-prices.com/pub/124%20Kentish%20Town%20Rd,%20London%20NW1%209QB,%20UK/The%20Abbey%20Tavern%20Pub%20%7C%20Kentish%20Town",2026-07-03T23:10:47+00:00
The Abbey Tavern Pub | Kentish Town,"124 Kentish Town Rd, London NW1 9QB, UK",020 7267 9449 🌐 http://www.abbey-tavern.com/ 📧bookings@rosepubs.com 🍽️ Food available ☀️ Beer garden available ⚽ Live sports shown 🎸 Live music 😎 Cool place,51.5458,-0.141525,4,GUINNESS,£6.70,6.7,"https://www.pint-prices.com/pub/124%20Kentish%20Town%20Rd,%20London%20NW1%209QB,%20UK/The%20Abbey%20Tavern%20Pub%20%7C%20Kentish%20Town",2026-07-03T23:10:47+00:00
The Libertine,"125 Great Suffolk St, London SE1 1PQ",🌐 https://thelibertine.co.uk/ 🍽️ Food available 🍹 Cocktails available ⚽ Live sports shown ❓ Pub quiz available,51.5006,-0.0972332,1,HEINEKEN,£5.90,5.9,"https://www.pint-prices.com/pub/125%20Great%20Suffolk%20St,%20London%20SE1%201PQ/The%20Libertine",2026-07-03T23:10:47+00:00
The Cellar Taps,"125 Newington Green Rd, London N1 4RA",🍽️ Food available 🍹 Cocktails available ☀️ Beer garden available,51.5506,-0.0865095,1,HEINEKEN,£5.20,5.2,"https://www.pint-prices.com/pub/125%20Newington%20Green%20Rd,%20London%20N1%204RA/The%20Cellar%20Taps",2026-07-03T23:10:47+00:00
The White Lion,"125-127 Stroud Green Rd, London N4 3PX",🌐 https://www.urbanpubsandbars.com/venues/the-white-lion 🍽️ Food available 🍹 Cocktails available ☀️ Beer garden available ⚽ Live sports shown 🎸 Live music ❓ Pub quiz available ⏰ Happy hour,51.5689,-0.111779,1,AMSTEL,£5.40,5.4,"https://www.pint-prices.com/pub/125-127%20Stroud%20Green%20Rd,%20London%20N4%203PX/The%20White%20Lion",2026-07-03T23:10:47+00:00
The Wentworth Arms,"127 Eric St, London E3 4SR",🍽️ Food available 🍹 Cocktails available ☀️ Beer garden available 🎸 Live music ❓ Pub quiz available,51.5245,-0.0337128,1,MADRI,£5.60,5.6,"https://www.pint-prices.com/pub/127%20Eric%20St,%20London%20E3%204SR/The%20Wentworth%20Arms",2026-07-03T23:10:47+00:00
The Mayfair Tavern,"127 Upper Tooting Rd, London SW17 7TJ",,51.4324,-0.163634,1,GUINNESS,£5.00,5.0,"https://www.pint-prices.com/pub/127%20Upper%20Tooting%20Rd,%20London%20SW17%207TJ/The%20Mayfair%20Tavern",2026-07-03T23:10:47+00:00
The Old Hat Ealing,"128 Broadway, London W13 0SY, UK",020 8840 9430 🌐 http://www.theoldhatealing.co.uk/ 📧info@theoldhatealing.co.uk 🍽️ Food available 🍹 Cocktails available ☀️ Beer garden available ⚽ Live sports shown 🎸 Live music,51.5099,-0.326567,1,FOSTERS,£3.50,3.5,"https://www.pint-prices.com/pub/128%20Broadway,%20London%20W13%200SY,%20UK/The%20Old%20Hat%20Ealing",2026-07-03T23:10:47+00:00
The Old Hat,"128 Broadway, London W13 0SY",🌐 https://www.theoldhatealing.co.uk/ 🍽️ Food available ☀️ Beer garden available ⚽ Live sports shown 🎸 Live music,51.5099,-0.326567,1,FOSTERS,£3.50,3.5,"https://www.pint-prices.com/pub/128%20Broadway,%20London%20W13%200SY/The%20Old%20Hat",2026-07-03T23:10:47+00:00
The Cavendish Arms,"128 Hartington Rd, London SW8 2HJ",🌐 https://www.thecav.uk/ 🍽️ Food available ☀️ Beer garden available 🎸 Live music 🎤 Karaoke available,51.4765,-0.127718,1,FREEDOM LAGER,£5.75,5.75,"https://www.pint-prices.com/pub/128%20Hartington%20Rd,%20London%20SW8%202HJ/The%20Cavendish%20Arms",2026-07-03T23:10:47+00:00
Nancy Spain's,"128-130 Curtain Rd, London EC2A 3AQ",🌐 https://nancyspains.co.uk/ 🍽️ Food available 🍹 Cocktails available 🎸 Live music,51.5263,-0.0801233,1,MURPHY'S,£6.20,6.2,"https://www.pint-prices.com/pub/128-130%20Curtain%20Rd,%20London%20EC2A%203AQ/Nancy%20Spain's",2026-07-03T23:10:47+00:00
The Bollo House,"13 Bollo Lane, London W4 5LR",🌐 https://www.thebollohouse.com/ 🍽️ Food available 🍹 Cocktails available ☀️ Beer garden available 🎸 Live music,51.4957,-0.270001,1,PAULANER WEISSBIER,£6.45,6.45,"https://www.pint-prices.com/pub/13%20Bollo%20Lane,%20London%20W4%205LR/The%20Bollo%20House",2026-07-03T23:10:47+00:00
The Swimmer at the Grafton Arms,"13 Eburne Rd, London N7 6AR",🍽️ Food available ☀️ Beer garden available ⚽ Live sports shown ❓ Pub quiz available,51.5595,-0.119594,1,DOOMBAR,£5.60,5.6,"https://www.pint-prices.com/pub/13%20Eburne%20Rd,%20London%20N7%206AR/The%20Swimmer%20at%20the%20Grafton%20Arms",2026-07-03T23:10:47+00:00
The Blue Anchor,"13 Lower Mall, London W6 9DJ, UK",020 3951 0580 🌐 https://www.blueanchorlondon.com/?utm_source=gmb&utm_medium=organic&utm_campaign=homepage 🍽️ Food available ☀️ Beer garden available ⚽ Live sports shown 😎 Cool place,51.4896,-0.230774,1,AMSTEL,£6.25,6.25,"https://www.pint-prices.com/pub/13%20Lower%20Mall,%20London%20W6%209DJ,%20UK/The%20Blue%20Anchor",2026-07-03T23:10:47+00:00
The Bridge House,"13 Westbourne Terrace Rd, Greater, London W2 6NG",🍽️ Food available ⚽ Live sports shown 😎 Cool place,51.521,-0.184339,1,CAMDEN HELLS,£7.50,7.5,"https://www.pint-prices.com/pub/13%20Westbourne%20Terrace%20Rd,%20Greater,%20London%20W2%206NG/The%20Bridge%20House",2026-07-03T23:10:47+00:00
The Bridge House,"13 Westbourne Terrace Rd, London W2 6NG",🌐 https://www.thebridgehouselittlevenice.co.uk/# 🍽️ Food available 🍹 Cocktails available ⚽ Live sports shown 🎸 Live music ❓ Pub quiz available,51.521,-0.184339,1,MADRI,£6.95,6.95,"https://www.pint-prices.com/pub/13%20Westbourne%20Terrace%20Rd,%20London%20W2%206NG/The%20Bridge%20House",2026-07-03T23:10:47+00:00
The Hour Glass Pub & Hotel,"131 Beaconsfield Rd, London SE17 2BX",🍽️ Food available,51.4864,-0.0843661,1,FOSTERS,£4.40,4.4,"https://www.pint-prices.com/pub/131%20Beaconsfield%20Rd,%20London%20SE17%202BX/The%20Hour%20Glass%20Pub%20%26%20Hotel",2026-07-03T23:10:47+00:00
The Florence,"131 Dulwich Rd, London SE24 0NG, UK",020 7326 4987 🌐 https://www.florencehernehill.com/ 🍽️ Food available ☀️ Beer garden available,51.4527,-0.103112,1,ESTRELLA,£6.50,6.5,"https://www.pint-prices.com/pub/131%20Dulwich%20Rd,%20London%20SE24%200NG,%20UK/The%20Florence",2026-07-03T23:10:47+00:00
North Pole Bar and Grill,"131 Greenwich High Rd, London SE10 8JA, UK",020 8079 7465 🌐 http://www.northpolegreenwich.co.uk/ 📧info@northpolegreenwich.co.uk 🍽️ Food available 🍹 Cocktails available,51.4769,-0.0167186,1,HEINEKEN,£5.50,5.5,"https://www.pint-prices.com/pub/131%20Greenwich%20High%20Rd,%20London%20SE10%208JA,%20UK/North%20Pole%20Bar%20and%20Grill",2026-07-03T23:10:47+00:00
North Pole Bar and Grill,"131 Greenwich High Rd, London SE10 8JA, UK",020 8079 7465 🌐 http://www.northpolegreenwich.co.uk/ 📧info@northpolegreenwich.co.uk 🍽️ Food available 🍹 Cocktails available,51.4769,-0.0167186,2,CARLING,£5.50,5.5,"https://www.pint-prices.com/pub/131%20Greenwich%20High%20Rd,%20London%20SE10%208JA,%20UK/North%20Pole%20Bar%20and%20Grill",2026-07-03T23:10:47+00:00
North Pole Bar and Grill,"131 Greenwich High Rd, London SE10 8JA, UK",020 8079 7465 🌐 http://www.northpolegreenwich.co.uk/ 📧info@northpolegreenwich.co.uk 🍽️ Food available 🍹 Cocktails available,51.4769,-0.0167186,3,STELLA ARTOIS,£6.00,6.0,"https://www.pint-prices.com/pub/131%20Greenwich%20High%20Rd,%20London%20SE10%208JA,%20UK/North%20Pole%20Bar%20and%20Grill",2026-07-03T23:10:47+00:00
North Pole Bar and Grill,"131 Greenwich High Rd, London SE10 8JA, UK",020 8079 7465 🌐 http://www.northpolegreenwich.co.uk/ 📧info@northpolegreenwich.co.uk 🍽️ Food available 🍹 Cocktails available,51.4769,-0.0167186,4,GUINNESS,£6.50,6.5,"https://www.pint-prices.com/pub/131%20Greenwich%20High%20Rd,%20London%20SE10%208JA,%20UK/North%20Pole%20Bar%20and%20Grill",2026-07-03T23:10:47+00:00
North Pole Bar and Grill,"131 Greenwich High Rd, London SE10 8JA, UK",020 8079 7465 🌐 http://www.northpolegreenwich.co.uk/ 📧info@northpolegreenwich.co.uk 🍽️ Food available 🍹 Cocktails available,51.4769,-0.0167186,5,PERONI,£6.50,6.5,"https://www.pint-prices.com/pub/131%20Greenwich%20High%20Rd,%20London%20SE10%208JA,%20UK/North%20Pole%20Bar%20and%20Grill",2026-07-03T23:10:47+00:00
North Pole Bar and Grill,"131 Greenwich High Rd, London SE10 8JA, UK",020 8079 7465 🌐 http://www.northpolegreenwich.co.uk/ 📧info@northpolegreenwich.co.uk 🍽️ Food available 🍹 Cocktails available,51.4769,-0.0167186,6,MADRI,£6.50,6.5,"https://www.pint-prices.com/pub/131%20Greenwich%20High%20Rd,%20London%20SE10%208JA,%20UK/North%20Pole%20Bar%20and%20Grill",2026-07-03T23:10:47+00:00
North Pole Bar and Grill,"131 Greenwich High Rd, London SE10 8JA, UK",020 8079 7465 🌐 http://www.northpolegreenwich.co.uk/ 📧info@northpolegreenwich.co.uk 🍽️ Food available 🍹 Cocktails available,51.4769,-0.0167186,7,BIRRA MORETTI,£6.50,6.5,"https://www.pint-prices.com/pub/131%20Greenwich%20High%20Rd,%20London%20SE10%208JA,%20UK/North%20Pole%20Bar%20and%20Grill",2026-07-03T23:10:47+00:00
North Pole Bar and Grill,"131 Greenwich High Rd, London SE10 8JA, UK",020 8079 7465 🌐 http://www.northpolegreenwich.co.uk/ 📧info@northpolegreenwich.co.uk 🍽️ Food available 🍹 Cocktails available,51.4769,-0.0167186,8,NECK OIL,£6.50,6.5,"https://www.pint-prices.com/pub/131%20Greenwich%20High%20Rd,%20London%20SE10%208JA,%20UK/North%20Pole%20Bar%20and%20Grill",2026-07-03T23:10:47+00:00
The Oval Tavern,"131 Oval Rd, Croydon CR0 6BG, UK",020 8686 6023 🌐 http://www.theovaltavern.co.uk/ 🍽️ Food available ☀️ Beer garden available 🎸 Live music ❓ Pub quiz available 🎯 Darts available 🎱 Pool available,51.3781,-0.0885054,1,FOSTERS,£4.60,4.6,"https://www.pint-prices.com/pub/131%20Oval%20Rd,%20Croydon%20CR0%206BG,%20UK/The%20Oval%20Tavern",2026-07-03T23:10:47+00:00
The Red Lion,"132 Stoke Newington Church St, London N16 0JX",🌐 https://frontierpubs.co.uk/pub/the-red-lion/ 🍽️ Food available 🍹 Cocktails available ☀️ Beer garden available ⚽ Live sports shown ❓ Pub quiz available,51.5621,-0.0806733,1,GUINNESS,£5.80,5.8,"https://www.pint-prices.com/pub/132%20Stoke%20Newington%20Church%20St,%20London%20N16%200JX/The%20Red%20Lion",2026-07-03T23:10:47+00:00
The Moon Under Water - JD Wetherspoon,"1327 London Road, Norbury, SW16 4AU",🌐 https://www.jdwetherspoon.com/pubs/all-pubs/england/london/the-moon-under-water-norbury 🍽️ Food available,51.4071,-0.121533,1,BUD LIGHT,£2.43,2.43,"https://www.pint-prices.com/pub/1327%20London%20Road,%20Norbury,%20SW16%204AU/The%20Moon%20Under%20Water%20-%20JD%20Wetherspoon",2026-07-03T23:10:47+00:00
The Moon Under Water - JD Wetherspoon,"1327 London Road, Norbury, SW16 4AU",🌐 https://www.jdwetherspoon.com/pubs/all-pubs/england/london/the-moon-under-water-norbury 🍽️ Food available,51.4071,-0.121533,2,CARLSBERG PILSNER,£2.66,2.66,"https://www.pint-prices.com/pub/1327%20London%20Road,%20Norbury,%20SW16%204AU/The%20Moon%20Under%20Water%20-%20JD%20Wetherspoon",2026-07-03T23:10:47+00:00
The Moon Under Water - JD Wetherspoon,"1327 London Road, Norbury, SW16 4AU",🌐 https://www.jdwetherspoon.com/pubs/all-pubs/england/london/the-moon-under-water-norbury 🍽️ Food available,51.4071,-0.121533,3,GUINNESS,£3.32,3.32,"https://www.pint-prices.com/pub/1327%20London%20Road,%20Norbury,%20SW16%204AU/The%20Moon%20Under%20Water%20-%20JD%20Wetherspoon",2026-07-03T23:10:47+00:00
The Moon Under Water - JD Wetherspoon,"1327 London Road, Norbury, SW16 4AU",🌐 https://www.jdwetherspoon.com/pubs/all-pubs/england/london/the-moon-under-water-norbury 🍽️ Food available,51.4071,-0.121533,4,CARLING,£3.54,3.54,"https://www.pint-prices.com/pub/1327%20London%20Road,%20Norbury,%20SW16%204AU/The%20Moon%20Under%20Water%20-%20JD%20Wetherspoon",2026-07-03T23:10:47+00:00
The Moon Under Water - JD Wetherspoon,"1327 London Road, Norbury, SW16 4AU",🌐 https://www.jdwetherspoon.com/pubs/all-pubs/england/london/the-moon-under-water-norbury 🍽️ Food available,51.4071,-0.121533,5,COORS,£3.54,3.54,"https://www.pint-prices.com/pub/1327%20London%20Road,%20Norbury,%20SW16%204AU/The%20Moon%20Under%20Water%20-%20JD%20Wetherspoon",2026-07-03T23:10:47+00:00
The Moon Under Water - JD Wetherspoon,"1327 London Road, Norbury, SW16 4AU",🌐 https://www.jdwetherspoon.com/pubs/all-pubs/england/london/the-moon-under-water-norbury 🍽️ Food available,51.4071,-0.121533,6,BUDWEISER,£3.72,3.72,"https://www.pint-prices.com/pub/1327%20London%20Road,%20Norbury,%20SW16%204AU/The%20Moon%20Under%20Water%20-%20JD%20Wetherspoon",2026-07-03T23:10:47+00:00
The Moon Under Water - JD Wetherspoon,"1327 London Road, Norbury, SW16 4AU",🌐 https://www.jdwetherspoon.com/pubs/all-pubs/england/london/the-moon-under-water-norbury 🍽️ Food available,51.4071,-0.121533,7,STELLA ARTOIS,£3.84,3.84,"https://www.pint-prices.com/pub/1327%20London%20Road,%20Norbury,%20SW16%204AU/The%20Moon%20Under%20Water%20-%20JD%20Wetherspoon",2026-07-03T23:10:47+00:00
The Moon Under Water - JD Wetherspoon,"1327 London Road, Norbury, SW16 4AU",🌐 https://www.jdwetherspoon.com/pubs/all-pubs/england/london/the-moon-under-water-norbury 🍽️ Food available,51.4071,-0.121533,8,CORONA,£3.95,3.95,"https://www.pint-prices.com/pub/1327%20London%20Road,%20Norbury,%20SW16%204AU/The%20Moon%20Under%20Water%20-%20JD%20Wetherspoon",2026-07-03T23:10:47+00:00
The Moon Under Water - JD Wetherspoon,"1327 London Road, Norbury, SW16 4AU",🌐 https://www.jdwetherspoon.com/pubs/all-pubs/england/london/the-moon-under-water-norbury 🍽️ Food available,51.4071,-0.121533,9,SAN MIGUEL,£3.95,3.95,"https://www.pint-prices.com/pub/1327%20London%20Road,%20Norbury,%20SW16%204AU/The%20Moon%20Under%20Water%20-%20JD%20Wetherspoon",2026-07-03T23:10:47+00:00
The Moon Under Water - JD Wetherspoon,"1327 London Road, Norbury, SW16 4AU",🌐 https://www.jdwetherspoon.com/pubs/all-pubs/england/london/the-moon-under-water-norbury 🍽️ Food available,51.4071,-0.121533,10,LEFFE BLONDE,£4.28,4.28,"https://www.pint-prices.com/pub/1327%20London%20Road,%20Norbury,%20SW16%204AU/The%20Moon%20Under%20Water%20-%20JD%20Wetherspoon",2026-07-03T23:10:47+00:00
The Royal George,"133 Charing Cross Rd, London WC2H 0EA",🌐 https://www.theroyalgeorgewc2.co.uk/#/ 🍽️ Food available ⚽ Live sports shown 🎸 Live music,51.5152,-0.13096,1,CAMDEN HELLS,£6.60,6.6,"https://www.pint-prices.com/pub/133%20Charing%20Cross%20Rd,%20London%20WC2H%200EA/The%20Royal%20George",2026-07-03T23:10:47+00:00
The Blue Lion,"133 Grays Inn Rd, London WC1X 8TU",🌐 https://www.the-blue-lion.co.uk/bookings-private-hire/ 🍽️ Food available 🎱 Pool available,51.5239,-0.115758,1,BLUE MOON,£6.40,6.4,"https://www.pint-prices.com/pub/133%20Grays%20Inn%20Rd,%20London%20WC1X%208TU/The%20Blue%20Lion",2026-07-03T23:10:47+00:00
The Crown and Cushion,"133-135 Westminster Bridge Rd, London SE1 7HR",🌐 https://www.thecrownandcushion-london.foodanddrinksites.co.uk/ 🍽️ Food available ☀️ Beer garden available ⚽ Live sports shown,51.4995,-0.113964,1,GUINNESS,£5.40,5.4,"https://www.pint-prices.com/pub/133-135%20Westminster%20Bridge%20Rd,%20London%20SE1%207HR/The%20Crown%20and%20Cushion",2026-07-03T23:10:47+00:00
The Crown and Cushion,"133-135 Westminster Bridge Rd, London SE1 7HR",🌐 https://www.thecrownandcushion-london.foodanddrinksites.co.uk/ 🍽️ Food available ☀️ Beer garden available ⚽ Live sports shown,51.4995,-0.113964,2,GUINNESS,£5.40,5.4,"https://www.pint-prices.com/pub/133-135%20Westminster%20Bridge%20Rd,%20London%20SE1%207HR/The%20Crown%20and%20Cushion",2026-07-03T23:10:47+00:00
The Carpenters Arms,"135 Cambridge Heath Rd, London E1 5RN",🌐 https://www.carpentersarmscambridge.com/ 🍽️ Food available ☀️ Beer garden available 🎸 Live music,51.5234,-0.0552549,1,AMSTEL,£4.80,4.8,"https://www.pint-prices.com/pub/135%20Cambridge%20Heath%20Rd,%20London%20E1%205RN/The%20Carpenters%20Arms",2026-07-03T23:10:47+00:00
The Candlemaker,"136 Battersea High St, London SW11 3JR",🌐 https://candlemaker.smokd.co.uk/ 🍽️ Food available 🍹 Cocktails available ⚽ Live sports shown 🎸 Live music,51.4706,-0.172572,1,MADRI,£6.50,6.5,"https://www.pint-prices.com/pub/136%20Battersea%20High%20St,%20London%20SW11%203JR/The%20Candlemaker",2026-07-03T23:10:47+00:00
Crown & Anchor,"137 Drummond St, London NW1 2HL",🌐 https://www.thecrownandanchornw1.co.uk/ 🍽️ Food available 🍹 Cocktails available ⚽ Live sports shown,51.5269,-0.137111,1,ESTRELLA,£6.55,6.55,"https://www.pint-prices.com/pub/137%20Drummond%20St,%20London%20NW1%202HL/Crown%20%26%20Anchor",2026-07-03T23:10:47+00:00
O'Briens,"137 Uxbridge Rd, London W13 9AU",,51.5113,-0.315478,1,FOSTERS,£5.00,5.0,"https://www.pint-prices.com/pub/137%20Uxbridge%20Rd,%20London%20W13%209AU/O'Briens",2026-07-03T23:10:47+00:00
Allsop Arms,"137-143 Gloucester Place, NW1 5AL",🌐 https://www.greeneking.co.uk/pubs/greater-london/allsop-arms 🍽️ Food available 🍹 Cocktails available ⚽ Live sports shown,51.5223,-0.160162,1,GUINNESS,£6.15,6.15,"https://www.pint-prices.com/pub/137-143%20Gloucester%20Place,%20NW1%205AL/Allsop%20Arms",2026-07-03T23:10:47+00:00
Allsop Arms,"137-143 Gloucester Place, NW1 5AL",🌐 https://www.greeneking.co.uk/pubs/greater-london/allsop-arms 🍽️ Food available 🍹 Cocktails available ⚽ Live sports shown,51.5223,-0.160162,2,BIRRA MORETTI,£6.75,6.75,"https://www.pint-prices.com/pub/137-143%20Gloucester%20Place,%20NW1%205AL/Allsop%20Arms",2026-07-03T23:10:47+00:00
Allsop Arms,"137-143 Gloucester Place, NW1 5AL",🌐 https://www.greeneking.co.uk/pubs/greater-london/allsop-arms 🍽️ Food available 🍹 Cocktails available ⚽ Live sports shown,51.5223,-0.160162,3,ASAHI,£6.95,6.95,"https://www.pint-prices.com/pub/137-143%20Gloucester%20Place,%20NW1%205AL/Allsop%20Arms",2026-07-03T23:10:47+00:00
Allsop Arms,"137-143 Gloucester Place, NW1 5AL",🌐 https://www.greeneking.co.uk/pubs/greater-london/allsop-arms 🍽️ Food available 🍹 Cocktails available ⚽ Live sports shown,51.5223,-0.160162,4,NECK OIL,£7.00,7.0,"https://www.pint-prices.com/pub/137-143%20Gloucester%20Place,%20NW1%205AL/Allsop%20Arms",2026-07-03T23:10:47+00:00
The Plaquemine Lock,"139 Graham St, London N1 8LB",🌐 https://plaqlock.com/ 🍽️ Food available 🎸 Live music ⏰ Happy hour,51.5326,-0.10055,1,ESTRELLA,£6.40,6.4,"https://www.pint-prices.com/pub/139%20Graham%20St,%20London%20N1%208LB/The%20Plaquemine%20Lock",2026-07-03T23:10:47+00:00
The St George's Tavern,"14 Belgrave Rd, Greater, Pimlico, London SW1V 1QD, UK",020 7630 1116 🌐 https://www.nicholsonspubs.co.uk/restaurants/london/thestgeorgestavernvictorialondon?utm_source=goog 🍽️ Food available 😎 Cool place,51.4931,-0.145027,1,AMSTEL,£6.55,6.55,"https://www.pint-prices.com/pub/14%20Belgrave%20Rd,%20Greater,%20Pimlico,%20London%20SW1V%201QD,%20UK/The%20St%20George's%20Tavern",2026-07-03T23:10:47+00:00
The Alexandra,"14 Clapham Common South Side, London SW4 7AA",2076275102 🌐 https://www.alexandraclapham.com/ 🍽️ Food available 🍹 Cocktails available ⚽ Live sports shown 🎸 Live music 🎯 Darts available,51.4613,-0.138196,1,GUINNESS,£6.40,6.4,"https://www.pint-prices.com/pub/14%20Clapham%20Common%20South%20Side,%20London%20SW4%207AA/The%20Alexandra",2026-07-03T23:10:47+00:00
The Alexandra,"14 Clapham Common South Side, London SW4 7AA",2076275102 🌐 https://www.alexandraclapham.com/ 🍽️ Food available 🍹 Cocktails available ⚽ Live sports shown 🎸 Live music 🎯 Darts available,51.4613,-0.138196,2,ASAHI,£6.55,6.55,"https://www.pint-prices.com/pub/14%20Clapham%20Common%20South%20Side,%20London%20SW4%207AA/The%20Alexandra",2026-07-03T23:10:47+00:00
The Flask,"14 Flask Walk, London NW3 1HE",020 7435 4580 🌐 https://www.theflaskhampstead.co.uk/ 📧flask@youngs.co.uk 🍽️ Food available 🍹 Cocktails available ☀️ Beer garden available,51.5567,-0.177226,1,YOUNG'S SPECIAL,£5.80,5.8,"https://www.pint-prices.com/pub/14%20Flask%20Walk,%20London%20NW3%201HE/The%20Flask%20",2026-07-03T23:10:47+00:00
The Horse & Wig,"14 Fulwood Pl, London WC1V 6HZ",🌐 https://www.horseandwig.com/ 🍽️ Food available 🍹 Cocktails available ☀️ Beer garden available 🎸 Live music,51.5191,-0.113376,1,PRAVHA,£5.00,5.0,"https://www.pint-prices.com/pub/14%20Fulwood%20Pl,%20London%20WC1V%206HZ/The%20Horse%20%26%20Wig",2026-07-03T23:10:47+00:00
Rising Sun,14 Heathcote Road Epsom KT18 5DX England,,51.3308,-0.263292,1,HAWKSTONE PILSNER,£6.00,6.0,https://www.pint-prices.com/pub/14%20Heathcote%20Road%20Epsom%20KT18%205DX%20England/Rising%20Sun,2026-07-03T23:10:47+00:00
Plumbers Arms (Belgravia),"14 Lower Belgravia Street, SW1W 0LN",2077304067 🌐 https://www.greeneking.co.uk/pubs/greater-london/plumbers-arms 🍽️ Food available 🍹 Cocktails available ☀️ Beer garden available,51.4965,-0.147568,1,PRAVHA,£5.95,5.95,"https://www.pint-prices.com/pub/14%20Lower%20Belgravia%20Street,%20SW1W%200LN/Plumbers%20Arms%20(Belgravia)",2026-07-03T23:10:47+00:00
Plumbers Arms (Belgravia),"14 Lower Belgravia Street, SW1W 0LN",2077304067 🌐 https://www.greeneking.co.uk/pubs/greater-london/plumbers-arms 🍽️ Food available 🍹 Cocktails available ☀️ Beer garden available,51.4965,-0.147568,2,AMSTEL,£6.10,6.1,"https://www.pint-prices.com/pub/14%20Lower%20Belgravia%20Street,%20SW1W%200LN/Plumbers%20Arms%20(Belgravia)",2026-07-03T23:10:47+00:00
Plumbers Arms (Belgravia),"14 Lower Belgravia Street, SW1W 0LN",2077304067 🌐 https://www.greeneking.co.uk/pubs/greater-london/plumbers-arms 🍽️ Food available 🍹 Cocktails available ☀️ Beer garden available,51.4965,-0.147568,3,GUINNESS,£6.35,6.35,"https://www.pint-prices.com/pub/14%20Lower%20Belgravia%20Street,%20SW1W%200LN/Plumbers%20Arms%20(Belgravia)",2026-07-03T23:10:47+00:00
Plumbers Arms (Belgravia),"14 Lower Belgravia Street, SW1W 0LN",2077304067 🌐 https://www.greeneking.co.uk/pubs/greater-london/plumbers-arms 🍽️ Food available 🍹 Cocktails available ☀️ Beer garden available,51.4965,-0.147568,4,MADRI,£6.70,6.7,"https://www.pint-prices.com/pub/14%20Lower%20Belgravia%20Street,%20SW1W%200LN/Plumbers%20Arms%20(Belgravia)",2026-07-03T23:10:47+00:00
Plumbers Arms (Belgravia),"14 Lower Belgravia Street, SW1W 0LN",2077304067 🌐 https://www.greeneking.co.uk/pubs/greater-london/plumbers-arms 🍽️ Food available 🍹 Cocktails available ☀️ Beer garden available,51.4965,-0.147568,5,ESTRELLA,£7.00,7.0,"https://www.pint-prices.com/pub/14%20Lower%20Belgravia%20Street,%20SW1W%200LN/Plumbers%20Arms%20(Belgravia)",2026-07-03T23:10:47+00:00
Plumbers Arms (Belgravia),"14 Lower Belgravia Street, SW1W 0LN",2077304067 🌐 https://www.greeneking.co.uk/pubs/greater-london/plumbers-arms 🍽️ Food available 🍹 Cocktails available ☀️ Beer garden available,51.4965,-0.147568,6,PERONI,£7.20,7.2,"https://www.pint-prices.com/pub/14%20Lower%20Belgravia%20Street,%20SW1W%200LN/Plumbers%20Arms%20(Belgravia)",2026-07-03T23:10:47+00:00
Plumbers Arms (Belgravia),"14 Lower Belgravia Street, SW1W 0LN",2077304067 🌐 https://www.greeneking.co.uk/pubs/greater-london/plumbers-arms 🍽️ Food available 🍹 Cocktails available ☀️ Beer garden available,51.4965,-0.147568,7,NECK OIL,£7.35,7.35,"https://www.pint-prices.com/pub/14%20Lower%20Belgravia%20Street,%20SW1W%200LN/Plumbers%20Arms%20(Belgravia)",2026-07-03T23:10:47+00:00
The Pear Tree,"14 Margravine Rd, London W6 8HJ, UK",020 7381 1787 🌐 http://www.thepeartreefulham.com/ 📧makeabooking@thepeartreefulham.com 🍽️ Food available ☀️ Beer garden available ⚽ Live sports shown 🎸 Live music ❓ Pub quiz available 😎 Cool place,51.4869,-0.215544,1,LONDON PRIDE,£6.25,6.25,"https://www.pint-prices.com/pub/14%20Margravine%20Rd,%20London%20W6%208HJ,%20UK/The%20Pear%20Tree",2026-07-03T23:10:47+00:00
The Pear Tree,"14 Margravine Rd, London W6 8HJ, UK",020 7381 1787 🌐 http://www.thepeartreefulham.com/ 📧makeabooking@thepeartreefulham.com 🍽️ Food available ☀️ Beer garden available ⚽ Live sports shown 🎸 Live music ❓ Pub quiz available 😎 Cool place,51.4869,-0.215544,2,CHILTERN LAGER,£6.50,6.5,"https://www.pint-prices.com/pub/14%20Margravine%20Rd,%20London%20W6%208HJ,%20UK/The%20Pear%20Tree",2026-07-03T23:10:47+00:00
The Pear Tree,"14 Margravine Rd, London W6 8HJ, UK",020 7381 1787 🌐 http://www.thepeartreefulham.com/ 📧makeabooking@thepeartreefulham.com 🍽️ Food available ☀️ Beer garden available ⚽ Live sports shown 🎸 Live music ❓ Pub quiz available 😎 Cool place,51.4869,-0.215544,3,PORTOBELLO LONDON PILSNER,£6.75,6.75,"https://www.pint-prices.com/pub/14%20Margravine%20Rd,%20London%20W6%208HJ,%20UK/The%20Pear%20Tree",2026-07-03T23:10:47+00:00
The Pear Tree,"14 Margravine Rd, London W6 8HJ, UK",020 7381 1787 🌐 http://www.thepeartreefulham.com/ 📧makeabooking@thepeartreefulham.com 🍽️ Food available ☀️ Beer garden available ⚽ Live sports shown 🎸 Live music ❓ Pub quiz available 😎 Cool place,51.4869,-0.215544,4,PORTOBELLO NOTTING HELLS,£6.75,6.75,"https://www.pint-prices.com/pub/14%20Margravine%20Rd,%20London%20W6%208HJ,%20UK/The%20Pear%20Tree",2026-07-03T23:10:47+00:00
The Pear Tree,"14 Margravine Rd, London W6 8HJ, UK",020 7381 1787 🌐 http://www.thepeartreefulham.com/ 📧makeabooking@thepeartreefulham.com 🍽️ Food available ☀️ Beer garden available ⚽ Live sports shown 🎸 Live music ❓ Pub quiz available 😎 Cool place,51.4869,-0.215544,5,WYE VALLEY BUTTY BACHE,£6.75,6.75,"https://www.pint-prices.com/pub/14%20Margravine%20Rd,%20London%20W6%208HJ,%20UK/The%20Pear%20Tree",2026-07-03T23:10:47+00:00
The Pear Tree,"14 Margravine Rd, London W6 8HJ, UK",020 7381 1787 🌐 http://www.thepeartreefulham.com/ 📧makeabooking@thepeartreefulham.com 🍽️ Food available ☀️ Beer garden available ⚽ Live sports shown 🎸 Live music ❓ Pub quiz available 😎 Cool place,51.4869,-0.215544,6,SAMBROOKS SESSION IPA,£6.75,6.75,"https://www.pint-prices.com/pub/14%20Margravine%20Rd,%20London%20W6%208HJ,%20UK/The%20Pear%20Tree",2026-07-03T23:10:47+00:00
The Pear Tree,"14 Margravine Rd, London W6 8HJ, UK",020 7381 1787 🌐 http://www.thepeartreefulham.com/ 📧makeabooking@thepeartreefulham.com 🍽️ Food available ☀️ Beer garden available ⚽ Live sports shown 🎸 Live music ❓ Pub quiz available 😎 Cool place,51.4869,-0.215544,7,PORTOBELLO STIF LIP,£6.75,6.75,"https://www.pint-prices.com/pub/14%20Margravine%20Rd,%20London%20W6%208HJ,%20UK/The%20Pear%20Tree",2026-07-03T23:10:47+00:00
The Pear Tree,"14 Margravine Rd, London W6 8HJ, UK",020 7381 1787 🌐 http://www.thepeartreefulham.com/ 📧makeabooking@thepeartreefulham.com 🍽️ Food available ☀️ Beer garden available ⚽ Live sports shown 🎸 Live music ❓ Pub quiz available 😎 Cool place,51.4869,-0.215544,8,GUINNESS,£6.75,6.75,"https://www.pint-prices.com/pub/14%20Margravine%20Rd,%20London%20W6%208HJ,%20UK/The%20Pear%20Tree",2026-07-03T23:10:47+00:00
The Pear Tree,"14 Margravine Rd, London W6 8HJ, UK",020 7381 1787 🌐 http://www.thepeartreefulham.com/ 📧makeabooking@thepeartreefulham.com 🍽️ Food available ☀️ Beer garden available ⚽ Live sports shown 🎸 Live music ❓ Pub quiz available 😎 Cool place,51.4869,-0.215544,9,WESTMALE TRAPPIST,£6.95,6.95,"https://www.pint-prices.com/pub/14%20Margravine%20Rd,%20London%20W6%208HJ,%20UK/The%20Pear%20Tree",2026-07-03T23:10:47+00:00
The Pear Tree,"14 Margravine Rd, London W6 8HJ, UK",020 7381 1787 🌐 http://www.thepeartreefulham.com/ 📧makeabooking@thepeartreefulham.com 🍽️ Food available ☀️ Beer garden available ⚽ Live sports shown 🎸 Live music ❓ Pub quiz available 😎 Cool place,51.4869,-0.215544,10,FLENSBURG PILSNER,£7.25,7.25,"https://www.pint-prices.com/pub/14%20Margravine%20Rd,%20London%20W6%208HJ,%20UK/The%20Pear%20Tree",2026-07-03T23:10:47+00:00
White Swan,"14 NEW ROW, COVENT GARDEN, LONDON, GREATER LONDON, WC2N 4LF",,51.5111,-0.125528,1,LUCKY SAINT,£7.05,7.05,"https://www.pint-prices.com/pub/14%20NEW%20ROW,%20COVENT%20GARDEN,%20LONDON,%20GREATER%20LONDON,%20WC2N%204LF/White%20Swan",2026-07-03T23:10:47+00:00
The Garden Gate,"14 S End Rd, Greater, London NW3 2QE, UK",020 7435 4938 🌐 https://www.thegardengatehampstead.co.uk/contact#/ 📧Contact us form 🍽️ Food available ☀️ Beer garden available ⚽ Live sports shown,51.5546,-0.165599,1,PRAVHA,£6.25,6.25,"https://www.pint-prices.com/pub/14%20S%20End%20Rd,%20Greater,%20London%20NW3%202QE,%20UK/The%20Garden%20Gate",2026-07-03T23:10:47+00:00
Flowes of the Forest,"14 Westminster Bridge Rd, London SE1 7QX",🌐 https://flowersoftheforest.co.uk/ ☀️ Beer garden available ⚽ Live sports shown 🎱 Pool available,51.4987,-0.10653,1,FOSTERS,£4.80,4.8,"https://www.pint-prices.com/pub/14%20Westminster%20Bridge%20Rd,%20London%20SE1%207QX/Flowes%20of%20the%20Forest",2026-07-03T23:10:47+00:00
Seething Lane Tap,"14-15 Seething Ln, London EC3N 4AX",020 7042 7468 🌐 https://www.brewdog.com/uk/seething-lane 🍽️ Food available 🍹 Cocktails available ⏰ Happy hour,51.51,-0.079456,1,STIEGEL,£6.95,6.95,"https://www.pint-prices.com/pub/14-15%20Seething%20Ln,%20London%20EC3N%204AX/Seething%20Lane%20Tap",2026-07-03T23:10:47+00:00
The Rose & Crown,"140 Tooting Bec Rd, London SW17 8BH",🌐 https://frontierpubs.co.uk/pub/rose-crown/ 🍽️ Food available ☀️ Beer garden available 🎸 Live music ❓ Pub quiz available,51.433,-0.15437,1,ESTRELLA,£5.80,5.8,"https://www.pint-prices.com/pub/140%20Tooting%20Bec%20Rd,%20London%20SW17%208BH/The%20Rose%20%26%20Crown",2026-07-03T23:10:47+00:00
The Northumberland Arms,"141 King’s Cross Rd, London WC1X 9BJ",🌐 https://www.northumberlandarmskingscross.co.uk/ 🍽️ Food available ⚽ Live sports shown 🎸 Live music 🎱 Pool available 🎤 Karaoke available,51.5298,-0.11615,1,CRUZAMPO,£6.50,6.5,"https://www.pint-prices.com/pub/141%20King%E2%80%99s%20Cross%20Rd,%20London%20WC1X%209BJ/The%20Northumberland%20Arms",2026-07-03T23:10:47+00:00
Whitecross Tap,"142-146 Whitecross St, London EC1Y 8QJ",0207 4902582 🌐 https://www.crafted-social.co.uk/whitecross-tap-old-street 🍽️ Food available ☀️ Beer garden available ⚽ Live sports shown,51.5242,-0.0934981,1,AMSTEL,£6.05,6.05,"https://www.pint-prices.com/pub/142-146%20Whitecross%20St,%20London%20EC1Y%208QJ/Whitecross%20Tap",2026-07-03T23:10:47+00:00
Whitecross Tap,"142-146 Whitecross St, London EC1Y 8QJ",0207 4902582 🌐 https://www.crafted-social.co.uk/whitecross-tap-old-street 🍽️ Food available ☀️ Beer garden available ⚽ Live sports shown,51.5242,-0.0934981,2,AMSTEL,£6.05,6.05,"https://www.pint-prices.com/pub/142-146%20Whitecross%20St,%20London%20EC1Y%208QJ/Whitecross%20Tap",2026-07-03T23:10:47+00:00
Whitecross Tap,"142-146 Whitecross St, London EC1Y 8QJ",0207 4902582 🌐 https://www.crafted-social.co.uk/whitecross-tap-old-street 🍽️ Food available ☀️ Beer garden available ⚽ Live sports shown,51.5242,-0.0934981,3,GUINNESS,£6.80,6.8,"https://www.pint-prices.com/pub/142-146%20Whitecross%20St,%20London%20EC1Y%208QJ/Whitecross%20Tap",2026-07-03T23:10:47+00:00
Whitecross Tap,"142-146 Whitecross St, London EC1Y 8QJ",0207 4902582 🌐 https://www.crafted-social.co.uk/whitecross-tap-old-street 🍽️ Food available ☀️ Beer garden available ⚽ Live sports shown,51.5242,-0.0934981,4,GUINNESS,£6.80,6.8,"https://www.pint-prices.com/pub/142-146%20Whitecross%20St,%20London%20EC1Y%208QJ/Whitecross%20Tap",2026-07-03T23:10:47+00:00
The Rochester Castle - JD Wetherspoon,"143-145 Stoke Newington High St, London N16 0NY, UK",020 7249 6016 🌐 https://www.jdwetherspoon.com/pubs/all-pubs/england/london/the-rochester-castle-stoke-newington?utm_ 🍽️ Food available 🍹 Cocktails available ⚽ Live sports shown,51.5609,-0.074042,1,BUD LIGHT,£2.43,2.43,"https://www.pint-prices.com/pub/143-145%20Stoke%20Newington%20High%20St,%20London%20N16%200NY,%20UK/The%20Rochester%20Castle%20-%20JD%20Wetherspoon",2026-07-03T23:10:47+00:00
The Rochester Castle - JD Wetherspoon,"143-145 Stoke Newington High St, London N16 0NY, UK",020 7249 6016 🌐 https://www.jdwetherspoon.com/pubs/all-pubs/england/london/the-rochester-castle-stoke-newington?utm_ 🍽️ Food available 🍹 Cocktails available ⚽ Live sports shown,51.5609,-0.074042,2,CARLING,£2.58,2.58,"https://www.pint-prices.com/pub/143-145%20Stoke%20Newington%20High%20St,%20London%20N16%200NY,%20UK/The%20Rochester%20Castle%20-%20JD%20Wetherspoon",2026-07-03T23:10:47+00:00
The Rochester Castle - JD Wetherspoon,"143-145 Stoke Newington High St, London N16 0NY, UK",020 7249 6016 🌐 https://www.jdwetherspoon.com/pubs/all-pubs/england/london/the-rochester-castle-stoke-newington?utm_ 🍽️ Food available 🍹 Cocktails available ⚽ Live sports shown,51.5609,-0.074042,3,COORS,£2.58,2.58,"https://www.pint-prices.com/pub/143-145%20Stoke%20Newington%20High%20St,%20London%20N16%200NY,%20UK/The%20Rochester%20Castle%20-%20JD%20Wetherspoon",2026-07-03T23:10:47+00:00
The Rochester Castle - JD Wetherspoon,"143-145 Stoke Newington High St, London N16 0NY, UK",020 7249 6016 🌐 https://www.jdwetherspoon.com/pubs/all-pubs/england/london/the-rochester-castle-stoke-newington?utm_ 🍽️ Food available 🍹 Cocktails available ⚽ Live sports shown,51.5609,-0.074042,4,CARLSBERG PILSNER,£2.66,2.66,"https://www.pint-prices.com/pub/143-145%20Stoke%20Newington%20High%20St,%20London%20N16%200NY,%20UK/The%20Rochester%20Castle%20-%20JD%20Wetherspoon",2026-07-03T23:10:47+00:00
The Rochester Castle - JD Wetherspoon,"143-145 Stoke Newington High St, London N16 0NY, UK",020 7249 6016 🌐 https://www.jdwetherspoon.com/pubs/all-pubs/england/london/the-rochester-castle-stoke-newington?utm_ 🍽️ Food available 🍹 Cocktails available ⚽ Live sports shown,51.5609,-0.074042,5,BUDWEISER,£2.78,2.78,"https://www.pint-prices.com/pub/143-145%20Stoke%20Newington%20High%20St,%20London%20N16%200NY,%20UK/The%20Rochester%20Castle%20-%20JD%20Wetherspoon",2026-07-03T23:10:47+00:00
The Rochester Castle - JD Wetherspoon,"143-145 Stoke Newington High St, London N16 0NY, UK",020 7249 6016 🌐 https://www.jdwetherspoon.com/pubs/all-pubs/england/london/the-rochester-castle-stoke-newington?utm_ 🍽️ Food available 🍹 Cocktails available ⚽ Live sports shown,51.5609,-0.074042,6,GUINNESS,£3.09,3.09,"https://www.pint-prices.com/pub/143-145%20Stoke%20Newington%20High%20St,%20London%20N16%200NY,%20UK/The%20Rochester%20Castle%20-%20JD%20Wetherspoon",2026-07-03T23:10:47+00:00
The Rochester Castle - JD Wetherspoon,"143-145 Stoke Newington High St, London N16 0NY, UK",020 7249 6016 🌐 https://www.jdwetherspoon.com/pubs/all-pubs/england/london/the-rochester-castle-stoke-newington?utm_ 🍽️ Food available 🍹 Cocktails available ⚽ Live sports shown,51.5609,-0.074042,7,STELLA ARTOIS,£3.84,3.84,"https://www.pint-prices.com/pub/143-145%20Stoke%20Newington%20High%20St,%20London%20N16%200NY,%20UK/The%20Rochester%20Castle%20-%20JD%20Wetherspoon",2026-07-03T23:10:47+00:00
The Rochester Castle - JD Wetherspoon,"143-145 Stoke Newington High St, London N16 0NY, UK",020 7249 6016 🌐 https://www.jdwetherspoon.com/pubs/all-pubs/england/london/the-rochester-castle-stoke-newington?utm_ 🍽️ Food available 🍹 Cocktails available ⚽ Live sports shown,51.5609,-0.074042,8,CORONA,£3.95,3.95,"https://www.pint-prices.com/pub/143-145%20Stoke%20Newington%20High%20St,%20London%20N16%200NY,%20UK/The%20Rochester%20Castle%20-%20JD%20Wetherspoon",2026-07-03T23:10:47+00:00
The Rochester Castle - JD Wetherspoon,"143-145 Stoke Newington High St, London N16 0NY, UK",020 7249 6016 🌐 https://www.jdwetherspoon.com/pubs/all-pubs/england/london/the-rochester-castle-stoke-newington?utm_ 🍽️ Food available 🍹 Cocktails available ⚽ Live sports shown,51.5609,-0.074042,9,SAN MIGUEL,£3.95,3.95,"https://www.pint-prices.com/pub/143-145%20Stoke%20Newington%20High%20St,%20London%20N16%200NY,%20UK/The%20Rochester%20Castle%20-%20JD%20Wetherspoon",2026-07-03T23:10:47+00:00
The Rochester Castle - JD Wetherspoon,"143-145 Stoke Newington High St, London N16 0NY, UK",020 7249 6016 🌐 https://www.jdwetherspoon.com/pubs/all-pubs/england/london/the-rochester-castle-stoke-newington?utm_ 🍽️ Food available 🍹 Cocktails available ⚽ Live sports shown,51.5609,-0.074042,10,LEFFE BLONDE,£4.28,4.28,"https://www.pint-prices.com/pub/143-145%20Stoke%20Newington%20High%20St,%20London%20N16%200NY,%20UK/The%20Rochester%20Castle%20-%20JD%20Wetherspoon",2026-07-03T23:10:47+00:00
Franco Manca Chiswick,"144 Chiswick High Rd., Chiswick, London W4 1PU, UK",020 8747 4822 🌐 http://www.francomanca.co.uk/restaurants/chiswick/,51.493,-0.253683,1,BOTTLED BEER,£5.00,5.0,"https://www.pint-prices.com/pub/144%20Chiswick%20High%20Rd.,%20Chiswick,%20London%20W4%201PU,%20UK/Franco%20Manca%20Chiswick",2026-07-03T23:10:47+00:00
Packhorse and Talbot,"145 Chiswick High Rd., Chiswick, London W4 2DT",,51.4925,-0.254579,1,NECK OIL,£7.45,7.45,"https://www.pint-prices.com/pub/145%20Chiswick%20High%20Rd.,%20Chiswick,%20London%20W4%202DT/Packhorse%20and%20Talbot",2026-07-03T23:10:47+00:00
Packhorse & Talbot,"145 Chiswick High Road, W4 2DT",🌐 https://www.greeneking.co.uk/pubs/greater-london/packhorse-and-talbot?utm_source=g_places&utm_medium 🍽️ Food available ☀️ Beer garden available ⚽ Live sports shown,51.4925,-0.254634,1,AMSTEL,£6.15,6.15,"https://www.pint-prices.com/pub/145%20Chiswick%20High%20Road,%20W4%202DT/Packhorse%20%26%20Talbot",2026-07-03T23:10:47+00:00
Packhorse & Talbot,"145 Chiswick High Road, W4 2DT",🌐 https://www.greeneking.co.uk/pubs/greater-london/packhorse-and-talbot?utm_source=g_places&utm_medium 🍽️ Food available ☀️ Beer garden available ⚽ Live sports shown,51.4925,-0.254634,2,GUINNESS,£6.15,6.15,"https://www.pint-prices.com/pub/145%20Chiswick%20High%20Road,%20W4%202DT/Packhorse%20%26%20Talbot",2026-07-03T23:10:47+00:00
Packhorse & Talbot,"145 Chiswick High Road, W4 2DT",🌐 https://www.greeneking.co.uk/pubs/greater-london/packhorse-and-talbot?utm_source=g_places&utm_medium 🍽️ Food available ☀️ Beer garden available ⚽ Live sports shown,51.4925,-0.254634,3,BIRRA MORETTI,£6.95,6.95,"https://www.pint-prices.com/pub/145%20Chiswick%20High%20Road,%20W4%202DT/Packhorse%20%26%20Talbot",2026-07-03T23:10:47+00:00
Packhorse & Talbot,"145 Chiswick High Road, W4 2DT",🌐 https://www.greeneking.co.uk/pubs/greater-london/packhorse-and-talbot?utm_source=g_places&utm_medium 🍽️ Food available ☀️ Beer garden available ⚽ Live sports shown,51.4925,-0.254634,4,MADRI,£7.00,7.0,"https://www.pint-prices.com/pub/145%20Chiswick%20High%20Road,%20W4%202DT/Packhorse%20%26%20Talbot",2026-07-03T23:10:47+00:00
Packhorse & Talbot,"145 Chiswick High Road, W4 2DT",🌐 https://www.greeneking.co.uk/pubs/greater-london/packhorse-and-talbot?utm_source=g_places&utm_medium 🍽️ Food available ☀️ Beer garden available ⚽ Live sports shown,51.4925,-0.254634,5,PERONI,£7.20,7.2,"https://www.pint-prices.com/pub/145%20Chiswick%20High%20Road,%20W4%202DT/Packhorse%20%26%20Talbot",2026-07-03T23:10:47+00:00
Packhorse & Talbot,"145 Chiswick High Road, W4 2DT",🌐 https://www.greeneking.co.uk/pubs/greater-london/packhorse-and-talbot?utm_source=g_places&utm_medium 🍽️ Food available ☀️ Beer garden available ⚽ Live sports shown,51.4925,-0.254634,6,NECK OIL,£7.30,7.3,"https://www.pint-prices.com/pub/145%20Chiswick%20High%20Road,%20W4%202DT/Packhorse%20%26%20Talbot",2026-07-03T23:10:47+00:00
The Garden Shed,"145 Haydons Rd, London SW19 1AN, UK",020 8543 0445 🌐 http://www.thegardenshedpub.com/,51.4202,-0.186792,1,FOSTERS,£4.90,4.9,"https://www.pint-prices.com/pub/145%20Haydons%20Rd,%20London%20SW19%201AN,%20UK/The%20Garden%20Shed",2026-07-03T23:10:47+00:00
The Garden Shed,"145 Haydons Rd, London SW19 1AN, UK",020 8543 0445 🌐 http://www.thegardenshedpub.com/,51.4202,-0.186792,2,GUINNESS,£6.20,6.2,"https://www.pint-prices.com/pub/145%20Haydons%20Rd,%20London%20SW19%201AN,%20UK/The%20Garden%20Shed",2026-07-03T23:10:47+00:00
The Chequers,"145 High St, London E17 7BX, UK",020 8503 6401 🌐 http://www.chequerse17.com/ 📧INFO@CHEQUERSE17.COM 🍽️ Food available 🍹 Cocktails available ☀️ Beer garden available ⚽ Live sports shown 🎸 Live music 🎯 Darts available 🎱 Pool available,51.5834,-0.0265591,1,BRIXTON ATLANTIC PALE ALE,£6.20,6.2,"https://www.pint-prices.com/pub/145%20High%20St,%20London%20E17%207BX,%20UK/The%20Chequers",2026-07-03T23:10:47+00:00
The Clarence,"148 North End Rd, London W14 9PP",☀️ Beer garden available 🎸 Live music 🎤 Karaoke available,51.4883,-0.204392,1,FOSTERS,£4.30,4.3,"https://www.pint-prices.com/pub/148%20North%20End%20Rd,%20London%20W14%209PP/The%20Clarence",2026-07-03T23:10:47+00:00
The Duke of Clarence,"148 Old Brompton Rd, London SW5 0BE",🌐 https://www.thedukeofclarencesw5.co.uk/ 🍽️ Food available ⚽ Live sports shown 🎸 Live music,51.4909,-0.182578,1,PRAVHA,£5.80,5.8,"https://www.pint-prices.com/pub/148%20Old%20Brompton%20Rd,%20London%20SW5%200BE/The%20Duke%20of%20Clarence",2026-07-03T23:10:47+00:00
The Fox on the Hill - JD Wetherspoon,"149 Denmark Hill, Camberwell, SE5 8EH",🍽️ Food available 🍹 Cocktails available ☀️ Beer garden available,51.4657,-0.089977,1,BUD LIGHT,£2.59,2.59,"https://www.pint-prices.com/pub/149%20Denmark%20Hill,%20Camberwell,%20SE5%208EH/The%20Fox%20on%20the%20Hill%20-%20JD%20Wetherspoon",2026-07-03T23:10:47+00:00
The Fox on the Hill - JD Wetherspoon,"149 Denmark Hill, Camberwell, SE5 8EH",🍽️ Food available 🍹 Cocktails available ☀️ Beer garden available,51.4657,-0.089977,2,CARLSBERG PILSNER,£2.83,2.83,"https://www.pint-prices.com/pub/149%20Denmark%20Hill,%20Camberwell,%20SE5%208EH/The%20Fox%20on%20the%20Hill%20-%20JD%20Wetherspoon",2026-07-03T23:10:47+00:00
The Fox on the Hill - JD Wetherspoon,"149 Denmark Hill, Camberwell, SE5 8EH",🍽️ Food available 🍹 Cocktails available ☀️ Beer garden available,51.4657,-0.089977,3,GUINNESS,£4.07,4.07,"https://www.pint-prices.com/pub/149%20Denmark%20Hill,%20Camberwell,%20SE5%208EH/The%20Fox%20on%20the%20Hill%20-%20JD%20Wetherspoon",2026-07-03T23:10:47+00:00
The Fox on the Hill - JD Wetherspoon,"149 Denmark Hill, Camberwell, SE5 8EH",🍽️ Food available 🍹 Cocktails available ☀️ Beer garden available,51.4657,-0.089977,4,CARLING,£4.13,4.13,"https://www.pint-prices.com/pub/149%20Denmark%20Hill,%20Camberwell,%20SE5%208EH/The%20Fox%20on%20the%20Hill%20-%20JD%20Wetherspoon",2026-07-03T23:10:47+00:00
The Fox on the Hill - JD Wetherspoon,"149 Denmark Hill, Camberwell, SE5 8EH",🍽️ Food available 🍹 Cocktails available ☀️ Beer garden available,51.4657,-0.089977,5,COORS,£4.13,4.13,"https://www.pint-prices.com/pub/149%20Denmark%20Hill,%20Camberwell,%20SE5%208EH/The%20Fox%20on%20the%20Hill%20-%20JD%20Wetherspoon",2026-07-03T23:10:47+00:00
The Fox on the Hill - JD Wetherspoon,"149 Denmark Hill, Camberwell, SE5 8EH",🍽️ Food available 🍹 Cocktails available ☀️ Beer garden available,51.4657,-0.089977,6,BUDWEISER,£4.20,4.2,"https://www.pint-prices.com/pub/149%20Denmark%20Hill,%20Camberwell,%20SE5%208EH/The%20Fox%20on%20the%20Hill%20-%20JD%20Wetherspoon",2026-07-03T23:10:47+00:00
The Fox on the Hill - JD Wetherspoon,"149 Denmark Hill, Camberwell, SE5 8EH",🍽️ Food available 🍹 Cocktails available ☀️ Beer garden available,51.4657,-0.089977,7,STELLA ARTOIS,£4.55,4.55,"https://www.pint-prices.com/pub/149%20Denmark%20Hill,%20Camberwell,%20SE5%208EH/The%20Fox%20on%20the%20Hill%20-%20JD%20Wetherspoon",2026-07-03T23:10:47+00:00
The Fox on the Hill - JD Wetherspoon,"149 Denmark Hill, Camberwell, SE5 8EH",🍽️ Food available 🍹 Cocktails available ☀️ Beer garden available,51.4657,-0.089977,8,CORONA,£4.68,4.68,"https://www.pint-prices.com/pub/149%20Denmark%20Hill,%20Camberwell,%20SE5%208EH/The%20Fox%20on%20the%20Hill%20-%20JD%20Wetherspoon",2026-07-03T23:10:47+00:00
The Fox on the Hill - JD Wetherspoon,"149 Denmark Hill, Camberwell, SE5 8EH",🍽️ Food available 🍹 Cocktails available ☀️ Beer garden available,51.4657,-0.089977,9,SAN MIGUEL,£4.68,4.68,"https://www.pint-prices.com/pub/149%20Denmark%20Hill,%20Camberwell,%20SE5%208EH/The%20Fox%20on%20the%20Hill%20-%20JD%20Wetherspoon",2026-07-03T23:10:47+00:00
The Fox on the Hill - JD Wetherspoon,"149 Denmark Hill, Camberwell, SE5 8EH",🍽️ Food available 🍹 Cocktails available ☀️ Beer garden available,51.4657,-0.089977,10,LEFFE BLONDE,£5.03,5.03,"https://www.pint-prices.com/pub/149%20Denmark%20Hill,%20Camberwell,%20SE5%208EH/The%20Fox%20on%20the%20Hill%20-%20JD%20Wetherspoon",2026-07-03T23:10:47+00:00
The Eagle,"15 Clifton Road, London W9 1SY",🍽️ Food available ☀️ Beer garden available ⚽ Live sports shown,51.5256,-0.179254,1,TADDY LAGER,£5.70,5.7,"https://www.pint-prices.com/pub/15%20Clifton%20Road,%20London%20W9%201SY/The%20Eagle",2026-07-03T23:10:47+00:00
Crooked Billet,"15 Crooked Billet, London SW19 4RQ",020 8946 4942 🌐 https://www.thecrookedbilletwimbledon.com/food-drink 📧crookedbillet@youngs.co.uk 🍽️ Food available 🍹 Cocktails available ☀️ Beer garden available ❓ Pub quiz available,51.4214,-0.227761,1,PRAVHA,£5.95,5.95,"https://www.pint-prices.com/pub/15%20Crooked%20Billet,%20London%20SW19%204RQ/Crooked%20Billet",2026-07-03T23:10:47+00:00
Crooked Billet,"15 Crooked Billet, London SW19 4RQ",020 8946 4942 🌐 https://www.thecrookedbilletwimbledon.com/food-drink 📧crookedbillet@youngs.co.uk 🍽️ Food available 🍹 Cocktails available ☀️ Beer garden available ❓ Pub quiz available,51.4214,-0.227761,2,GUINNESS,£6.50,6.5,"https://www.pint-prices.com/pub/15%20Crooked%20Billet,%20London%20SW19%204RQ/Crooked%20Billet",2026-07-03T23:10:47+00:00
The Queen’s Head,"15 Denman St, London W1D 7HN",🌐 https://www.queensheadpiccadilly.com/ 🍹 Cocktails available ⚽ Live sports shown 🎸 Live music,51.5108,-0.135402,1,PAULANER,£5.20,5.2,"https://www.pint-prices.com/pub/15%20Denman%20St,%20London%20W1D%207HN/The%20Queen%E2%80%99s%20Head",2026-07-03T23:10:47+00:00
Boisdale of Belgravia,"15 Eccleston St, London SW1W 9LX, UK",020 7730 6922 🌐 https://www.boisdale.co.uk/belgravia/ 📧info@boisdale.co.uk 🍽️ Food available 😎 Cool place,51.4945,-0.148058,1,OSSIAN SMOOTH FLOW,£6.95,6.95,"https://www.pint-prices.com/pub/15%20Eccleston%20St,%20London%20SW1W%209LX,%20UK/Boisdale%20of%20Belgravia",2026-07-03T23:10:47+00:00
Boisdale of Belgravia,"15 Eccleston St, London SW1W 9LX, UK",020 7730 6922 🌐 https://www.boisdale.co.uk/belgravia/ 📧info@boisdale.co.uk 🍽️ Food available 😎 Cool place,51.4945,-0.148058,2,INNIS & GUN,£7.50,7.5,"https://www.pint-prices.com/pub/15%20Eccleston%20St,%20London%20SW1W%209LX,%20UK/Boisdale%20of%20Belgravia",2026-07-03T23:10:47+00:00
Boisdale of Belgravia,"15 Eccleston St, London SW1W 9LX, UK",020 7730 6922 🌐 https://www.boisdale.co.uk/belgravia/ 📧info@boisdale.co.uk 🍽️ Food available 😎 Cool place,51.4945,-0.148058,3,GUINNESS,£7.90,7.9,"https://www.pint-prices.com/pub/15%20Eccleston%20St,%20London%20SW1W%209LX,%20UK/Boisdale%20of%20Belgravia",2026-07-03T23:10:47+00:00
Railway,"15 Liverpool Street, EC2M 7NX",🌐 https://www.greeneking.co.uk/pubs/greater-london/railway 🍽️ Food available 🍹 Cocktails available ☀️ Beer garden available ⚽ Live sports shown,51.5175,-0.0833584,1,AMSTEL,£6.15,6.15,"https://www.pint-prices.com/pub/15%20Liverpool%20Street,%20EC2M%207NX/Railway",2026-07-03T23:10:47+00:00
Railway,"15 Liverpool Street, EC2M 7NX",🌐 https://www.greeneking.co.uk/pubs/greater-london/railway 🍽️ Food available 🍹 Cocktails available ☀️ Beer garden available ⚽ Live sports shown,51.5175,-0.0833584,2,GUINNESS,£6.35,6.35,"https://www.pint-prices.com/pub/15%20Liverpool%20Street,%20EC2M%207NX/Railway",2026-07-03T23:10:47+00:00
Railway,"15 Liverpool Street, EC2M 7NX",🌐 https://www.greeneking.co.uk/pubs/greater-london/railway 🍽️ Food available 🍹 Cocktails available ☀️ Beer garden available ⚽ Live sports shown,51.5175,-0.0833584,3,ESTRELLA,£6.95,6.95,"https://www.pint-prices.com/pub/15%20Liverpool%20Street,%20EC2M%207NX/Railway",2026-07-03T23:10:47+00:00
Railway,"15 Liverpool Street, EC2M 7NX",🌐 https://www.greeneking.co.uk/pubs/greater-london/railway 🍽️ Food available 🍹 Cocktails available ☀️ Beer garden available ⚽ Live sports shown,51.5175,-0.0833584,4,NECK OIL,£7.25,7.25,"https://www.pint-prices.com/pub/15%20Liverpool%20Street,%20EC2M%207NX/Railway",2026-07-03T23:10:47+00:00
Railway,"15 Liverpool Street, EC2M 7NX",🌐 https://www.greeneking.co.uk/pubs/greater-london/railway 🍽️ Food available 🍹 Cocktails available ☀️ Beer garden available ⚽ Live sports shown,51.5175,-0.0833584,5,PERONI,£7.25,7.25,"https://www.pint-prices.com/pub/15%20Liverpool%20Street,%20EC2M%207NX/Railway",2026-07-03T23:10:47+00:00
The Rutland Arms,"15 Lower Mall, London W6 9DJ",🍽️ Food available ☀️ Beer garden available 🎸 Live music ❓ Pub quiz available 🎤 Karaoke available,51.4897,-0.231097,1,PAULANER,£7.00,7.0,"https://www.pint-prices.com/pub/15%20Lower%20Mall,%20London%20W6%209DJ/The%20Rutland%20Arms",2026-07-03T23:10:47+00:00
The Nelson Arms,"15 Merton High St, London SW19 1DF, UK",020 3132 4590 🌐 http://www.nelsonarms.co.uk/,51.416,-0.186795,1,FOSTERS,£5.00,5.0,"https://www.pint-prices.com/pub/15%20Merton%20High%20St,%20London%20SW19%201DF,%20UK/The%20Nelson%20Arms",2026-07-03T23:10:47+00:00
The Nelson Arms,"15 Merton High St, London SW19 1DF, UK",020 3132 4590 🌐 http://www.nelsonarms.co.uk/,51.416,-0.186795,2,GUINNESS,£5.60,5.6,"https://www.pint-prices.com/pub/15%20Merton%20High%20St,%20London%20SW19%201DF,%20UK/The%20Nelson%20Arms",2026-07-03T23:10:47+00:00
The Anglesea Arms,"15 Selwood Terrace, London SW7 3QG",🌐 https://www.angleseaarms.com/ 🍽️ Food available 🍹 Cocktails available ☀️ Beer garden available,51.4903,-0.177094,1,ASAHI,£7.10,7.1,"https://www.pint-prices.com/pub/15%20Selwood%20Terrace,%20London%20SW7%203QG/The%20Anglesea%20Arms",2026-07-03T23:10:47+00:00
Streeties,"15 Shirley St, London E16 1HU",☀️ Beer garden available ⚽ Live sports shown 🎱 Pool available,51.513,0.0123465,1,CARLSBERG,£4.00,4.0,"https://www.pint-prices.com/pub/15%20Shirley%20St,%20London%20E16%201HU/Streeties",2026-07-03T23:10:47+00:00
BrewDog Shepherd's Bush,"15-19 Goldhawk Rd, London W12 8QQ, UK",020 8749 8094 🌐 https://www.brewdog.com/uk/brewdog-shepherds-bush 🍽️ Food available 🎸 Live music 🎱 Pool available ⏰ Happy hour,51.5029,-0.223956,1,HOUSE LAGER,£6.75,6.75,"https://www.pint-prices.com/pub/15-19%20Goldhawk%20Rd,%20London%20W12%208QQ,%20UK/BrewDog%20Shepherd's%20Bush",2026-07-03T23:10:47+00:00
The Crown,"15-19 High St, Caernarfon LL55 1RH",,53.1408,-4.2761,1,KRONENBOURG,£4.10,4.1,"https://www.pint-prices.com/pub/15-19%20High%20St,%20Caernarfon%20LL55%201RH/The%20Crown",2026-07-03T23:10:47+00:00
Prince of Wales (Covent Garden),"150 Drury Lane, WC2B 5TD",🌐 https://www.greeneking.co.uk/pubs/greater-london/prince-of-wales 🍽️ Food available 🍹 Cocktails available ☀️ Beer garden available ⚽ Live sports shown,51.5145,-0.121733,1,GUINNESS,£6.40,6.4,"https://www.pint-prices.com/pub/150%20Drury%20Lane,%20WC2B%205TD/Prince%20of%20Wales%20(Covent%20Garden)",2026-07-03T23:10:47+00:00
Prince of Wales (Covent Garden),"150 Drury Lane, WC2B 5TD",🌐 https://www.greeneking.co.uk/pubs/greater-london/prince-of-wales 🍽️ Food available 🍹 Cocktails available ☀️ Beer garden available ⚽ Live sports shown,51.5145,-0.121733,2,ESTRELLA,£7.10,7.1,"https://www.pint-prices.com/pub/150%20Drury%20Lane,%20WC2B%205TD/Prince%20of%20Wales%20(Covent%20Garden)",2026-07-03T23:10:47+00:00
Prince of Wales (Covent Garden),"150 Drury Lane, WC2B 5TD",🌐 https://www.greeneking.co.uk/pubs/greater-london/prince-of-wales 🍽️ Food available 🍹 Cocktails available ☀️ Beer garden available ⚽ Live sports shown,51.5145,-0.121733,3,BIRRA MORETTI,£7.15,7.15,"https://www.pint-prices.com/pub/150%20Drury%20Lane,%20WC2B%205TD/Prince%20of%20Wales%20(Covent%20Garden)",2026-07-03T23:10:47+00:00
Prince of Wales (Covent Garden),"150 Drury Lane, WC2B 5TD",🌐 https://www.greeneking.co.uk/pubs/greater-london/prince-of-wales 🍽️ Food available 🍹 Cocktails available ☀️ Beer garden available ⚽ Live sports shown,51.5145,-0.121733,4,PERONI,£7.40,7.4,"https://www.pint-prices.com/pub/150%20Drury%20Lane,%20WC2B%205TD/Prince%20of%20Wales%20(Covent%20Garden)",2026-07-03T23:10:47+00:00
Prince of Wales (Covent Garden),"150 Drury Lane, WC2B 5TD",🌐 https://www.greeneking.co.uk/pubs/greater-london/prince-of-wales 🍽️ Food available 🍹 Cocktails available ☀️ Beer garden available ⚽ Live sports shown,51.5145,-0.121733,5,ASAHI,£7.40,7.4,"https://www.pint-prices.com/pub/150%20Drury%20Lane,%20WC2B%205TD/Prince%20of%20Wales%20(Covent%20Garden)",2026-07-03T23:10:47+00:00
Prince of Wales (Covent Garden),"150 Drury Lane, WC2B 5TD",🌐 https://www.greeneking.co.uk/pubs/greater-london/prince-of-wales 🍽️ Food available 🍹 Cocktails available ☀️ Beer garden available ⚽ Live sports shown,51.5145,-0.121733,6,NECK OIL,£7.55,7.55,"https://www.pint-prices.com/pub/150%20Drury%20Lane,%20WC2B%205TD/Prince%20of%20Wales%20(Covent%20Garden)",2026-07-03T23:10:47+00:00
Churchills,"151 St John's Hill, London SW11 1TQ",,51.4602,-0.176569,1,AMSTEL,£4.20,4.2,"https://www.pint-prices.com/pub/151%20St%20John's%20Hill,%20London%20SW11%201TQ/Churchills",2026-07-03T23:10:47+00:00
"Churchills, Clapham","151 St John's Hill, London SW11 1TQ",☀️ Beer garden available 🎸 Live music 🎤 Karaoke available,51.4601,-0.176553,1,AMSTEL,£4.20,4.2,"https://www.pint-prices.com/pub/151%20St%20John's%20Hill,%20London%20SW11%201TQ/Churchills,%20Clapham",2026-07-03T23:10:47+00:00
"Churchills, Clapham","151 St John's Hill, London SW11 1TQ",☀️ Beer garden available 🎸 Live music 🎤 Karaoke available,51.4601,-0.176553,2,AMSTEL,£4.20,4.2,"https://www.pint-prices.com/pub/151%20St%20John's%20Hill,%20London%20SW11%201TQ/Churchills,%20Clapham",2026-07-03T23:10:47+00:00
The Churchhills,"151 St John's Hill, London SW11 1TQ",🍽️ Food available ⚽ Live sports shown 🎸 Live music 🎤 Karaoke available,51.4603,-0.176595,1,BECKS VIER,£4.10,4.1,"https://www.pint-prices.com/pub/151%20St%20John's%20Hill,%20London%20SW11%201TQ/The%20Churchhills",2026-07-03T23:10:47+00:00
The Sir Julian Huxley - JD Wetherspoon,"152-154 Addington Road, Selsdon, CR2 8LB",🌐 https://www.jdwetherspoon.com/pubs/all-pubs/england/london/the-sir-julian-huxley-selsdon 🍽️ Food available,51.3433,-0.062377,1,BUD LIGHT,£2.43,2.43,"https://www.pint-prices.com/pub/152-154%20Addington%20Road,%20Selsdon,%20CR2%208LB/The%20Sir%20Julian%20Huxley%20-%20JD%20Wetherspoon",2026-07-03T23:10:47+00:00
The Sir Julian Huxley - JD Wetherspoon,"152-154 Addington Road, Selsdon, CR2 8LB",🌐 https://www.jdwetherspoon.com/pubs/all-pubs/england/london/the-sir-julian-huxley-selsdon 🍽️ Food available,51.3433,-0.062377,2,CARLING,£2.58,2.58,"https://www.pint-prices.com/pub/152-154%20Addington%20Road,%20Selsdon,%20CR2%208LB/The%20Sir%20Julian%20Huxley%20-%20JD%20Wetherspoon",2026-07-03T23:10:47+00:00
The Sir Julian Huxley - JD Wetherspoon,"152-154 Addington Road, Selsdon, CR2 8LB",🌐 https://www.jdwetherspoon.com/pubs/all-pubs/england/london/the-sir-julian-huxley-selsdon 🍽️ Food available,51.3433,-0.062377,3,COORS,£2.58,2.58,"https://www.pint-prices.com/pub/152-154%20Addington%20Road,%20Selsdon,%20CR2%208LB/The%20Sir%20Julian%20Huxley%20-%20JD%20Wetherspoon",2026-07-03T23:10:47+00:00
The Sir Julian Huxley - JD Wetherspoon,"152-154 Addington Road, Selsdon, CR2 8LB",🌐 https://www.jdwetherspoon.com/pubs/all-pubs/england/london/the-sir-julian-huxley-selsdon 🍽️ Food available,51.3433,-0.062377,4,CARLSBERG PILSNER,£2.66,2.66,"https://www.pint-prices.com/pub/152-154%20Addington%20Road,%20Selsdon,%20CR2%208LB/The%20Sir%20Julian%20Huxley%20-%20JD%20Wetherspoon",2026-07-03T23:10:47+00:00
The Sir Julian Huxley - JD Wetherspoon,"152-154 Addington Road, Selsdon, CR2 8LB",🌐 https://www.jdwetherspoon.com/pubs/all-pubs/england/london/the-sir-julian-huxley-selsdon 🍽️ Food available,51.3433,-0.062377,5,BUDWEISER,£2.78,2.78,"https://www.pint-prices.com/pub/152-154%20Addington%20Road,%20Selsdon,%20CR2%208LB/The%20Sir%20Julian%20Huxley%20-%20JD%20Wetherspoon",2026-07-03T23:10:47+00:00
The Sir Julian Huxley - JD Wetherspoon,"152-154 Addington Road, Selsdon, CR2 8LB",🌐 https://www.jdwetherspoon.com/pubs/all-pubs/england/london/the-sir-julian-huxley-selsdon 🍽️ Food available,51.3433,-0.062377,6,GUINNESS,£3.09,3.09,"https://www.pint-prices.com/pub/152-154%20Addington%20Road,%20Selsdon,%20CR2%208LB/The%20Sir%20Julian%20Huxley%20-%20JD%20Wetherspoon",2026-07-03T23:10:47+00:00
The Sir Julian Huxley - JD Wetherspoon,"152-154 Addington Road, Selsdon, CR2 8LB",🌐 https://www.jdwetherspoon.com/pubs/all-pubs/england/london/the-sir-julian-huxley-selsdon 🍽️ Food available,51.3433,-0.062377,7,CORONA,£3.95,3.95,"https://www.pint-prices.com/pub/152-154%20Addington%20Road,%20Selsdon,%20CR2%208LB/The%20Sir%20Julian%20Huxley%20-%20JD%20Wetherspoon",2026-07-03T23:10:47+00:00
The Sir Julian Huxley - JD Wetherspoon,"152-154 Addington Road, Selsdon, CR2 8LB",🌐 https://www.jdwetherspoon.com/pubs/all-pubs/england/london/the-sir-julian-huxley-selsdon 🍽️ Food available,51.3433,-0.062377,8,STELLA ARTOIS,£3.95,3.95,"https://www.pint-prices.com/pub/152-154%20Addington%20Road,%20Selsdon,%20CR2%208LB/The%20Sir%20Julian%20Huxley%20-%20JD%20Wetherspoon",2026-07-03T23:10:47+00:00
The Sir Julian Huxley - JD Wetherspoon,"152-154 Addington Road, Selsdon, CR2 8LB",🌐 https://www.jdwetherspoon.com/pubs/all-pubs/england/london/the-sir-julian-huxley-selsdon 🍽️ Food available,51.3433,-0.062377,9,SAN MIGUEL,£3.95,3.95,"https://www.pint-prices.com/pub/152-154%20Addington%20Road,%20Selsdon,%20CR2%208LB/The%20Sir%20Julian%20Huxley%20-%20JD%20Wetherspoon",2026-07-03T23:10:47+00:00
The Sir Julian Huxley - JD Wetherspoon,"152-154 Addington Road, Selsdon, CR2 8LB",🌐 https://www.jdwetherspoon.com/pubs/all-pubs/england/london/the-sir-julian-huxley-selsdon 🍽️ Food available,51.3433,-0.062377,10,LEFFE BLONDE,£4.28,4.28,"https://www.pint-prices.com/pub/152-154%20Addington%20Road,%20Selsdon,%20CR2%208LB/The%20Sir%20Julian%20Huxley%20-%20JD%20Wetherspoon",2026-07-03T23:10:47+00:00
The Crown,"153 Dovehouse St, London SW3 6LB",🌐 no website 🍽️ Food available ☀️ Beer garden available 🎤 Karaoke available,51.4902,-0.173377,1,HEINEKEN,£6.15,6.15,"https://www.pint-prices.com/pub/153%20Dovehouse%20St,%20London%20SW3%206LB/The%20Crown",2026-07-03T23:10:47+00:00
Paxtons Head,"153 Knightsbridge, SW1X 7PA",🌐 https://www.greeneking.co.uk/pubs/greater-london/paxtons-head 🍽️ Food available 🍹 Cocktails available ☀️ Beer garden available ⚽ Live sports shown,51.5015,-0.162142,1,AMSTEL,£6.30,6.3,"https://www.pint-prices.com/pub/153%20Knightsbridge,%20SW1X%207PA/Paxtons%20Head",2026-07-03T23:10:47+00:00
Paxtons Head,"153 Knightsbridge, SW1X 7PA",🌐 https://www.greeneking.co.uk/pubs/greater-london/paxtons-head 🍽️ Food available 🍹 Cocktails available ☀️ Beer garden available ⚽ Live sports shown,51.5015,-0.162142,2,GUINNESS,£6.70,6.7,"https://www.pint-prices.com/pub/153%20Knightsbridge,%20SW1X%207PA/Paxtons%20Head",2026-07-03T23:10:47+00:00
Paxtons Head,"153 Knightsbridge, SW1X 7PA",🌐 https://www.greeneking.co.uk/pubs/greater-london/paxtons-head 🍽️ Food available 🍹 Cocktails available ☀️ Beer garden available ⚽ Live sports shown,51.5015,-0.162142,3,ESTRELLA,£7.15,7.15,"https://www.pint-prices.com/pub/153%20Knightsbridge,%20SW1X%207PA/Paxtons%20Head",2026-07-03T23:10:47+00:00
Paxtons Head,"153 Knightsbridge, SW1X 7PA",🌐 https://www.greeneking.co.uk/pubs/greater-london/paxtons-head 🍽️ Food available 🍹 Cocktails available ☀️ Beer garden available ⚽ Live sports shown,51.5015,-0.162142,4,PERONI,£7.45,7.45,"https://www.pint-prices.com/pub/153%20Knightsbridge,%20SW1X%207PA/Paxtons%20Head",2026-07-03T23:10:47+00:00
Paxtons Head,"153 Knightsbridge, SW1X 7PA",🌐 https://www.greeneking.co.uk/pubs/greater-london/paxtons-head 🍽️ Food available 🍹 Cocktails available ☀️ Beer garden available ⚽ Live sports shown,51.5015,-0.162142,5,NECK OIL,£7.55,7.55,"https://www.pint-prices.com/pub/153%20Knightsbridge,%20SW1X%207PA/Paxtons%20Head",2026-07-03T23:10:47+00:00
The King's Tun - JD Wetherspoon,"153-157 Clarence St, Kingston upon Thames KT1 1QT, UK",020 8547 3827 🌐 https://www.jdwetherspoon.com/pubs/all-pubs/england/london/the-kings-tun-kingston-upon-thames 🍽️ Food available 🍹 Cocktails available ⚽ Live sports shown,51.4116,-0.300892,1,BUD LIGHT,£2.77,2.77,"https://www.pint-prices.com/pub/153-157%20Clarence%20St,%20Kingston%20upon%20Thames%20KT1%201QT,%20UK/The%20King's%20Tun%20-%20JD%20Wetherspoon",2026-07-03T23:10:47+00:00
The King's Tun - JD Wetherspoon,"153-157 Clarence St, Kingston upon Thames KT1 1QT, UK",020 8547 3827 🌐 https://www.jdwetherspoon.com/pubs/all-pubs/england/london/the-kings-tun-kingston-upon-thames 🍽️ Food available 🍹 Cocktails available ⚽ Live sports shown,51.4116,-0.300892,2,CARLSBERG PILSNER,£3.45,3.45,"https://www.pint-prices.com/pub/153-157%20Clarence%20St,%20Kingston%20upon%20Thames%20KT1%201QT,%20UK/The%20King's%20Tun%20-%20JD%20Wetherspoon",2026-07-03T23:10:47+00:00
The King's Tun - JD Wetherspoon,"153-157 Clarence St, Kingston upon Thames KT1 1QT, UK",020 8547 3827 🌐 https://www.jdwetherspoon.com/pubs/all-pubs/england/london/the-kings-tun-kingston-upon-thames 🍽️ Food available 🍹 Cocktails available ⚽ Live sports shown,51.4116,-0.300892,3,CARLING,£4.18,4.18,"https://www.pint-prices.com/pub/153-157%20Clarence%20St,%20Kingston%20upon%20Thames%20KT1%201QT,%20UK/The%20King's%20Tun%20-%20JD%20Wetherspoon",2026-07-03T23:10:47+00:00
The King's Tun - JD Wetherspoon,"153-157 Clarence St, Kingston upon Thames KT1 1QT, UK",020 8547 3827 🌐 https://www.jdwetherspoon.com/pubs/all-pubs/england/london/the-kings-tun-kingston-upon-thames 🍽️ Food available 🍹 Cocktails available ⚽ Live sports shown,51.4116,-0.300892,4,COORS,£4.18,4.18,"https://www.pint-prices.com/pub/153-157%20Clarence%20St,%20Kingston%20upon%20Thames%20KT1%201QT,%20UK/The%20King's%20Tun%20-%20JD%20Wetherspoon",2026-07-03T23:10:47+00:00
The King's Tun - JD Wetherspoon,"153-157 Clarence St, Kingston upon Thames KT1 1QT, UK",020 8547 3827 🌐 https://www.jdwetherspoon.com/pubs/all-pubs/england/london/the-kings-tun-kingston-upon-thames 🍽️ Food available 🍹 Cocktails available ⚽ Live sports shown,51.4116,-0.300892,5,GUINNESS,£4.21,4.21,"https://www.pint-prices.com/pub/153-157%20Clarence%20St,%20Kingston%20upon%20Thames%20KT1%201QT,%20UK/The%20King's%20Tun%20-%20JD%20Wetherspoon",2026-07-03T23:10:47+00:00
The King's Tun - JD Wetherspoon,"153-157 Clarence St, Kingston upon Thames KT1 1QT, UK",020 8547 3827 🌐 https://www.jdwetherspoon.com/pubs/all-pubs/england/london/the-kings-tun-kingston-upon-thames 🍽️ Food available 🍹 Cocktails available ⚽ Live sports shown,51.4116,-0.300892,6,BUDWEISER,£4.40,4.4,"https://www.pint-prices.com/pub/153-157%20Clarence%20St,%20Kingston%20upon%20Thames%20KT1%201QT,%20UK/The%20King's%20Tun%20-%20JD%20Wetherspoon",2026-07-03T23:10:47+00:00
The King's Tun - JD Wetherspoon,"153-157 Clarence St, Kingston upon Thames KT1 1QT, UK",020 8547 3827 🌐 https://www.jdwetherspoon.com/pubs/all-pubs/england/london/the-kings-tun-kingston-upon-thames 🍽️ Food available 🍹 Cocktails available ⚽ Live sports shown,51.4116,-0.300892,7,STELLA ARTOIS,£4.62,4.62,"https://www.pint-prices.com/pub/153-157%20Clarence%20St,%20Kingston%20upon%20Thames%20KT1%201QT,%20UK/The%20King's%20Tun%20-%20JD%20Wetherspoon",2026-07-03T23:10:47+00:00
The King's Tun - JD Wetherspoon,"153-157 Clarence St, Kingston upon Thames KT1 1QT, UK",020 8547 3827 🌐 https://www.jdwetherspoon.com/pubs/all-pubs/england/london/the-kings-tun-kingston-upon-thames 🍽️ Food available 🍹 Cocktails available ⚽ Live sports shown,51.4116,-0.300892,8,CORONA,£4.72,4.72,"https://www.pint-prices.com/pub/153-157%20Clarence%20St,%20Kingston%20upon%20Thames%20KT1%201QT,%20UK/The%20King's%20Tun%20-%20JD%20Wetherspoon",2026-07-03T23:10:47+00:00
The King's Tun - JD Wetherspoon,"153-157 Clarence St, Kingston upon Thames KT1 1QT, UK",020 8547 3827 🌐 https://www.jdwetherspoon.com/pubs/all-pubs/england/london/the-kings-tun-kingston-upon-thames 🍽️ Food available 🍹 Cocktails available ⚽ Live sports shown,51.4116,-0.300892,9,SAN MIGUEL,£4.73,4.73,"https://www.pint-prices.com/pub/153-157%20Clarence%20St,%20Kingston%20upon%20Thames%20KT1%201QT,%20UK/The%20King's%20Tun%20-%20JD%20Wetherspoon",2026-07-03T23:10:47+00:00
The King's Tun - JD Wetherspoon,"153-157 Clarence St, Kingston upon Thames KT1 1QT, UK",020 8547 3827 🌐 https://www.jdwetherspoon.com/pubs/all-pubs/england/london/the-kings-tun-kingston-upon-thames 🍽️ Food available 🍹 Cocktails available ⚽ Live sports shown,51.4116,-0.300892,10,LEFFE BLONDE,£5.06,5.06,"https://www.pint-prices.com/pub/153-157%20Clarence%20St,%20Kingston%20upon%20Thames%20KT1%201QT,%20UK/The%20King's%20Tun%20-%20JD%20Wetherspoon",2026-07-03T23:10:47+00:00
Bar + Block Steakhouse London Wimbledon,"153-161 The Broadway, London SW19 1NE, UK",020 8051 2946 🌐 https://www.barandblock.co.uk/en-gb/locations/wimbledon?cid=GLBC_40538560 🍽️ Food available 🍹 Cocktails available 😎 Cool place,51.419,-0.198775,1,PRAVHA,£5.75,5.75,"https://www.pint-prices.com/pub/153-161%20The%20Broadway,%20London%20SW19%201NE,%20UK/Bar%20+%20Block%20Steakhouse%20London%20Wimbledon",2026-07-03T23:10:47+00:00
Bar + Block Steakhouse London Wimbledon,"153-161 The Broadway, London SW19 1NE, UK",020 8051 2946 🌐 https://www.barandblock.co.uk/en-gb/locations/wimbledon?cid=GLBC_40538560 🍽️ Food available 🍹 Cocktails available 😎 Cool place,51.419,-0.198775,2,GUINNESS,£5.75,5.75,"https://www.pint-prices.com/pub/153-161%20The%20Broadway,%20London%20SW19%201NE,%20UK/Bar%20+%20Block%20Steakhouse%20London%20Wimbledon",2026-07-03T23:10:47+00:00
The Earl of Derby,"155 Kilburn High Rd, London NW6 7HU",🌐 https://www.theearlderbykilburn.co.uk/sports#/ 🍽️ Food available ⚽ Live sports shown 🎤 Karaoke available,51.5406,-0.196587,1,MADRI,£4.95,4.95,"https://www.pint-prices.com/pub/155%20Kilburn%20High%20Rd,%20London%20NW6%207HU/The%20Earl%20of%20Derby",2026-07-03T23:10:47+00:00
The Kings Arms,"156 Broadway, Bexleyheath DA6 7DW, UK",020 8303 1173 🌐 http://www.thekingsarmsbexleyheath.co.uk/ 📧info@thekingsarmsbexleyheath.co.uk 🍽️ Food available ☀️ Beer garden available ❓ Pub quiz available,51.457,0.14299,1,LONDON PRIDE,£4.90,4.9,"https://www.pint-prices.com/pub/156%20Broadway,%20Bexleyheath%20DA6%207DW,%20UK/The%20Kings%20Arms",2026-07-03T23:10:47+00:00
The Kings Arms,"156 Broadway, Bexleyheath DA6 7DW, UK",020 8303 1173 🌐 http://www.thekingsarmsbexleyheath.co.uk/ 📧info@thekingsarmsbexleyheath.co.uk 🍽️ Food available ☀️ Beer garden available ❓ Pub quiz available,51.457,0.14299,2,AMSTEL,£5.50,5.5,"https://www.pint-prices.com/pub/156%20Broadway,%20Bexleyheath%20DA6%207DW,%20UK/The%20Kings%20Arms",2026-07-03T23:10:47+00:00
The Kings Arms,"156 Broadway, Bexleyheath DA6 7DW, UK",020 8303 1173 🌐 http://www.thekingsarmsbexleyheath.co.uk/ 📧info@thekingsarmsbexleyheath.co.uk 🍽️ Food available ☀️ Beer garden available ❓ Pub quiz available,51.457,0.14299,3,BIRRA MORETTI,£6.10,6.1,"https://www.pint-prices.com/pub/156%20Broadway,%20Bexleyheath%20DA6%207DW,%20UK/The%20Kings%20Arms",2026-07-03T23:10:47+00:00
The Kings Arms,"156 Broadway, Bexleyheath DA6 7DW, UK",020 8303 1173 🌐 http://www.thekingsarmsbexleyheath.co.uk/ 📧info@thekingsarmsbexleyheath.co.uk 🍽️ Food available ☀️ Beer garden available ❓ Pub quiz available,51.457,0.14299,4,GUINNESS,£6.20,6.2,"https://www.pint-prices.com/pub/156%20Broadway,%20Bexleyheath%20DA6%207DW,%20UK/The%20Kings%20Arms",2026-07-03T23:10:47+00:00
Delicio (Bexleyheath),"157 Broadway, Bexleyheath DA6 7EY, UK",020 7998 0932 🌐 https://www.deliciobexleyheath.co.uk/,51.4569,0.141497,1,PERONI,£5.45,5.45,"https://www.pint-prices.com/pub/157%20Broadway,%20Bexleyheath%20DA6%207EY,%20UK/Delicio%20(Bexleyheath)",2026-07-03T23:10:47+00:00
"The Latymers, Hammersmith","157 Hammersmith Rd, London W6 8BS, UK",020 8748 3446 🌐 https://www.latymershammersmith.co.uk/?utm_source=googlemybusiness&utm_medium=organic&utm_campaign=y 📧latymers@fullers.co.uk 🍽️ Food available ☀️ Beer garden available ⚽ Live sports shown 🎸 Live music ⏰ Happy hour 😎 Cool place,51.4932,-0.216636,1,AMSTEL,£5.75,5.75,"https://www.pint-prices.com/pub/157%20Hammersmith%20Rd,%20London%20W6%208BS,%20UK/The%20Latymers,%20Hammersmith",2026-07-03T23:10:47+00:00
"The Latymers, Hammersmith","157 Hammersmith Rd, London W6 8BS, UK",020 8748 3446 🌐 https://www.latymershammersmith.co.uk/?utm_source=googlemybusiness&utm_medium=organic&utm_campaign=y 📧latymers@fullers.co.uk 🍽️ Food available ☀️ Beer garden available ⚽ Live sports shown 🎸 Live music ⏰ Happy hour 😎 Cool place,51.4932,-0.216636,2,GUINNESS,£6.60,6.6,"https://www.pint-prices.com/pub/157%20Hammersmith%20Rd,%20London%20W6%208BS,%20UK/The%20Latymers,%20Hammersmith",2026-07-03T23:10:47+00:00
"The Latymers, Hammersmith","157 Hammersmith Rd, London W6 8BS, UK",020 8748 3446 🌐 https://www.latymershammersmith.co.uk/?utm_source=googlemybusiness&utm_medium=organic&utm_campaign=y 📧latymers@fullers.co.uk 🍽️ Food available ☀️ Beer garden available ⚽ Live sports shown 🎸 Live music ⏰ Happy hour 😎 Cool place,51.4932,-0.216636,3,PERONI,£6.95,6.95,"https://www.pint-prices.com/pub/157%20Hammersmith%20Rd,%20London%20W6%208BS,%20UK/The%20Latymers,%20Hammersmith",2026-07-03T23:10:47+00:00
"The Latymers, Hammersmith","157 Hammersmith Rd, London W6 8BS, UK",020 8748 3446 🌐 https://www.latymershammersmith.co.uk/?utm_source=googlemybusiness&utm_medium=organic&utm_campaign=y 📧latymers@fullers.co.uk 🍽️ Food available ☀️ Beer garden available ⚽ Live sports shown 🎸 Live music ⏰ Happy hour 😎 Cool place,51.4932,-0.216636,4,ASAHI,£7.05,7.05,"https://www.pint-prices.com/pub/157%20Hammersmith%20Rd,%20London%20W6%208BS,%20UK/The%20Latymers,%20Hammersmith",2026-07-03T23:10:47+00:00
Bodean's Tower Hill,"16 Byward St, London EC3R 5BA, UK",020 7488 3883 🌐 https://bodeansbbq.com/tower-hill/ 📧tower@bodeansbbq.com 🍽️ Food available ⏰ Happy hour,51.5098,-0.0790315,1,BOSS HOG,£5.50,5.5,"https://www.pint-prices.com/pub/16%20Byward%20St,%20London%20EC3R%205BA,%20UK/Bodean's%20Tower%20Hill",2026-07-03T23:10:47+00:00
Bodean's Tower Hill,"16 Byward St, London EC3R 5BA, UK",020 7488 3883 🌐 https://bodeansbbq.com/tower-hill/ 📧tower@bodeansbbq.com 🍽️ Food available ⏰ Happy hour,51.5098,-0.0790315,2,HEINEKEN,£6.25,6.25,"https://www.pint-prices.com/pub/16%20Byward%20St,%20London%20EC3R%205BA,%20UK/Bodean's%20Tower%20Hill",2026-07-03T23:10:47+00:00
Bodean's Tower Hill,"16 Byward St, London EC3R 5BA, UK",020 7488 3883 🌐 https://bodeansbbq.com/tower-hill/ 📧tower@bodeansbbq.com 🍽️ Food available ⏰ Happy hour,51.5098,-0.0790315,3,NECK OIL,£7.75,7.75,"https://www.pint-prices.com/pub/16%20Byward%20St,%20London%20EC3R%205BA,%20UK/Bodean's%20Tower%20Hill",2026-07-03T23:10:47+00:00
The Chequers Tavern,"16 Duke Street St James's, St. James's, London SW1Y 6DB",🌐 https://thechequerstavern.co.uk/ 🍽️ Food available ☀️ Beer garden available,51.5075,-0.137768,1,GUINNESS,£6.50,6.5,"https://www.pint-prices.com/pub/16%20Duke%20Street%20St%20James's,%20St.%20James's,%20London%20SW1Y%206DB/The%20Chequers%20Tavern",2026-07-03T23:10:47+00:00
The Chequers Tavern,"16 Duke Street St James's, St. James's, London SW1Y 6DB",🌐 https://thechequerstavern.co.uk/ 🍽️ Food available ☀️ Beer garden available,51.5075,-0.137768,2,GUINNESS,£6.50,6.5,"https://www.pint-prices.com/pub/16%20Duke%20Street%20St%20James's,%20St.%20James's,%20London%20SW1Y%206DB/The%20Chequers%20Tavern",2026-07-03T23:10:47+00:00
The Sutton Arms,"16 Great Sutton St, London EC1V 0DH",🍽️ Food available,51.5233,-0.100436,1,PAULANER,£6.20,6.2,"https://www.pint-prices.com/pub/16%20Great%20Sutton%20St,%20London%20EC1V%200DH/The%20Sutton%20Arms",2026-07-03T23:10:47+00:00
The Sutton Arms,"16 Great Sutton St, London EC1V 0DH",🍽️ Food available,51.5233,-0.100436,2,LONDON PRIDE,£6.25,6.25,"https://www.pint-prices.com/pub/16%20Great%20Sutton%20St,%20London%20EC1V%200DH/The%20Sutton%20Arms",2026-07-03T23:10:47+00:00
The Sutton Arms,"16 Great Sutton St, London EC1V 0DH",🍽️ Food available,51.5233,-0.100436,3,AMSTEL,£6.55,6.55,"https://www.pint-prices.com/pub/16%20Great%20Sutton%20St,%20London%20EC1V%200DH/The%20Sutton%20Arms",2026-07-03T23:10:47+00:00
The Sutton Arms,"16 Great Sutton St, London EC1V 0DH",🍽️ Food available,51.5233,-0.100436,4,GUINNESS,£7.20,7.2,"https://www.pint-prices.com/pub/16%20Great%20Sutton%20St,%20London%20EC1V%200DH/The%20Sutton%20Arms",2026-07-03T23:10:47+00:00
Turtle Bay Croydon,"16 High St, Croydon CR0 1GT, UK",020 8686 4101 🌐 https://www.turtlebay.co.uk/locations/croydon/?utm_source=ExtNet&utm_medium=Yext 🍽️ Food available 🍹 Cocktails available ⏰ Happy hour,51.3732,-0.100556,1,AMSTEL,£5.95,5.95,"https://www.pint-prices.com/pub/16%20High%20St,%20Croydon%20CR0%201GT,%20UK/Turtle%20Bay%20Croydon",2026-07-03T23:10:47+00:00
The Surprise,"16 Southville, London SW8 2PP",2076224623 🍽️ Food available ☀️ Beer garden available ⚽ Live sports shown 🎸 Live music 🎯 Darts available,51.4745,-0.13154,1,YOUNGS ORIGINAL,£5.00,5.0,"https://www.pint-prices.com/pub/16%20Southville,%20London%20SW8%202PP/The%20Surprise",2026-07-03T23:10:47+00:00
The Surprise,"16 Southville, London SW8 2PP",2076224623 🍽️ Food available ☀️ Beer garden available ⚽ Live sports shown 🎸 Live music 🎯 Darts available,51.4745,-0.13154,2,MADRI,£5.40,5.4,"https://www.pint-prices.com/pub/16%20Southville,%20London%20SW8%202PP/The%20Surprise",2026-07-03T23:10:47+00:00
The Surprise,"16 Southville, London SW8 2PP",2076224623 🍽️ Food available ☀️ Beer garden available ⚽ Live sports shown 🎸 Live music 🎯 Darts available,51.4745,-0.13154,3,GUINNESS,£5.70,5.7,"https://www.pint-prices.com/pub/16%20Southville,%20London%20SW8%202PP/The%20Surprise",2026-07-03T23:10:47+00:00
The Prince of Teck,"161 Earls Court Rd, London SW5 9RQ",🌐 https://www.crafted-social.co.uk/prince-of-teck-earls-court 🍽️ Food available,51.4928,-0.193765,1,ASAHI,£6.60,6.6,"https://www.pint-prices.com/pub/161%20Earls%20Court%20Rd,%20London%20SW5%209RQ/The%20Prince%20of%20Teck",2026-07-03T23:10:47+00:00
The Moon & Stars - JD Wetherspoon,"164-166 High Street, Penge, SE20 7QS",🌐 https://www.jdwetherspoon.com/pubs/all-pubs/england/london/the-moon--stars-penge 🍽️ Food available,51.4124,-0.0505534,1,BUD LIGHT,£2.43,2.43,"https://www.pint-prices.com/pub/164-166%20High%20Street,%20Penge,%20SE20%207QS/The%20Moon%20%26%20Stars%20-%20JD%20Wetherspoon",2026-07-03T23:10:47+00:00
The Moon & Stars - JD Wetherspoon,"164-166 High Street, Penge, SE20 7QS",🌐 https://www.jdwetherspoon.com/pubs/all-pubs/england/london/the-moon--stars-penge 🍽️ Food available,51.4124,-0.0505534,2,CARLSBERG PILSNER,£2.66,2.66,"https://www.pint-prices.com/pub/164-166%20High%20Street,%20Penge,%20SE20%207QS/The%20Moon%20%26%20Stars%20-%20JD%20Wetherspoon",2026-07-03T23:10:47+00:00
The Moon & Stars - JD Wetherspoon,"164-166 High Street, Penge, SE20 7QS",🌐 https://www.jdwetherspoon.com/pubs/all-pubs/england/london/the-moon--stars-penge 🍽️ Food available,51.4124,-0.0505534,3,BUDWEISER,£2.88,2.88,"https://www.pint-prices.com/pub/164-166%20High%20Street,%20Penge,%20SE20%207QS/The%20Moon%20%26%20Stars%20-%20JD%20Wetherspoon",2026-07-03T23:10:47+00:00
The Moon & Stars - JD Wetherspoon,"164-166 High Street, Penge, SE20 7QS",🌐 https://www.jdwetherspoon.com/pubs/all-pubs/england/london/the-moon--stars-penge 🍽️ Food available,51.4124,-0.0505534,4,CARLING,£2.88,2.88,"https://www.pint-prices.com/pub/164-166%20High%20Street,%20Penge,%20SE20%207QS/The%20Moon%20%26%20Stars%20-%20JD%20Wetherspoon",2026-07-03T23:10:47+00:00
The Moon & Stars - JD Wetherspoon,"164-166 High Street, Penge, SE20 7QS",🌐 https://www.jdwetherspoon.com/pubs/all-pubs/england/london/the-moon--stars-penge 🍽️ Food available,51.4124,-0.0505534,5,COORS,£2.88,2.88,"https://www.pint-prices.com/pub/164-166%20High%20Street,%20Penge,%20SE20%207QS/The%20Moon%20%26%20Stars%20-%20JD%20Wetherspoon",2026-07-03T23:10:47+00:00
The Moon & Stars - JD Wetherspoon,"164-166 High Street, Penge, SE20 7QS",🌐 https://www.jdwetherspoon.com/pubs/all-pubs/england/london/the-moon--stars-penge 🍽️ Food available,51.4124,-0.0505534,6,GUINNESS,£3.32,3.32,"https://www.pint-prices.com/pub/164-166%20High%20Street,%20Penge,%20SE20%207QS/The%20Moon%20%26%20Stars%20-%20JD%20Wetherspoon",2026-07-03T23:10:47+00:00
The Moon & Stars - JD Wetherspoon,"164-166 High Street, Penge, SE20 7QS",🌐 https://www.jdwetherspoon.com/pubs/all-pubs/england/london/the-moon--stars-penge 🍽️ Food available,51.4124,-0.0505534,7,STELLA ARTOIS,£3.84,3.84,"https://www.pint-prices.com/pub/164-166%20High%20Street,%20Penge,%20SE20%207QS/The%20Moon%20%26%20Stars%20-%20JD%20Wetherspoon",2026-07-03T23:10:47+00:00
The Moon & Stars - JD Wetherspoon,"164-166 High Street, Penge, SE20 7QS",🌐 https://www.jdwetherspoon.com/pubs/all-pubs/england/london/the-moon--stars-penge 🍽️ Food available,51.4124,-0.0505534,8,CORONA,£3.95,3.95,"https://www.pint-prices.com/pub/164-166%20High%20Street,%20Penge,%20SE20%207QS/The%20Moon%20%26%20Stars%20-%20JD%20Wetherspoon",2026-07-03T23:10:47+00:00
The Moon & Stars - JD Wetherspoon,"164-166 High Street, Penge, SE20 7QS",🌐 https://www.jdwetherspoon.com/pubs/all-pubs/england/london/the-moon--stars-penge 🍽️ Food available,51.4124,-0.0505534,9,SAN MIGUEL,£3.95,3.95,"https://www.pint-prices.com/pub/164-166%20High%20Street,%20Penge,%20SE20%207QS/The%20Moon%20%26%20Stars%20-%20JD%20Wetherspoon",2026-07-03T23:10:47+00:00
The Moon & Stars - JD Wetherspoon,"164-166 High Street, Penge, SE20 7QS",🌐 https://www.jdwetherspoon.com/pubs/all-pubs/england/london/the-moon--stars-penge 🍽️ Food available,51.4124,-0.0505534,10,LEFFE BLONDE,£4.28,4.28,"https://www.pint-prices.com/pub/164-166%20High%20Street,%20Penge,%20SE20%207QS/The%20Moon%20%26%20Stars%20-%20JD%20Wetherspoon",2026-07-03T23:10:47+00:00
The Stonhouse,"165 Stonhouse St, London SW4 6BJ, UK",020 7819 9312 🌐 http://www.thestonhouse.co.uk/ 🍽️ Food available 🍹 Cocktails available ☀️ Beer garden available ⚽ Live sports shown ❓ Pub quiz available ⏰ Happy hour 😎 Cool place,51.4639,-0.137001,1,AMSTEL,£5.80,5.8,"https://www.pint-prices.com/pub/165%20Stonhouse%20St,%20London%20SW4%206BJ,%20UK/The%20Stonhouse",2026-07-03T23:10:47+00:00
Yacht,"167 Long Ln, Bexleyheath DA7 5AE, UK",020 8303 4889 🌐 https://www.greeneking.co.uk/pubs/kent/yacht 📧Contact us form 🍽️ Food available ☀️ Beer garden available ⚽ Live sports shown,51.4662,0.144919,1,PERONI,£5.45,5.45,"https://www.pint-prices.com/pub/167%20Long%20Ln,%20Bexleyheath%20DA7%205AE,%20UK/Yacht",2026-07-03T23:10:47+00:00
The Old Ship,"17 Barnes St, London E14 7NW",🌐 https://www.oldship.net/ 🍽️ Food available ☀️ Beer garden available ❓ Pub quiz available,51.5136,-0.0399585,1,PRAVHA,£5.70,5.7,"https://www.pint-prices.com/pub/17%20Barnes%20St,%20London%20E14%207NW/The%20Old%20Ship",2026-07-03T23:10:47+00:00
The Devonshire,"17 Denman St, London W1D 7HW",🌐 https://www.devonshiresoho.co.uk/ 🍽️ Food available,51.5106,-0.135301,1,GUINNESS,£6.90,6.9,"https://www.pint-prices.com/pub/17%20Denman%20St,%20London%20W1D%207HW/The%20Devonshire",2026-07-03T23:10:47+00:00
Route One Sports Bar,"17 Forman St, Nottingham NG1 4AA",,52.9554,-1.14977,1,AMSTEL,£4.85,4.85,"https://www.pint-prices.com/pub/17%20Forman%20St,%20Nottingham%20NG1%204AA/Route%20One%20Sports%20Bar",2026-07-03T23:10:47+00:00
Greystoke,"17 Hanger Ln, London W5 3HH, UK",020 8997 6388 🌐 https://www.greeneking.co.uk/pubs/greater-london/greystoke?utm_source=g_places&utm_medium=locations& 🍽️ Food available 🍹 Cocktails available ☀️ Beer garden available ⚽ Live sports shown,51.5127,-0.290866,1,OLD SPECKLED HEN,£3.40,3.4,"https://www.pint-prices.com/pub/17%20Hanger%20Ln,%20London%20W5%203HH,%20UK/Greystoke",2026-07-03T23:10:47+00:00
The Kings Head,"17 Hogarth Place, London SW5 0QT",🌐 https://www.kingsheadearlscourt.co.uk/ 🍽️ Food available 🎸 Live music ❓ Pub quiz available,51.4934,-0.192728,1,AMSTEL,£5.85,5.85,"https://www.pint-prices.com/pub/17%20Hogarth%20Place,%20London%20SW5%200QT/The%20Kings%20Head",2026-07-03T23:10:47+00:00
The Admiral Codrington,"17 Mossop St, London SW3 2LY",🌐 https://butcombe.com/the-admiral-codrington-pub-chelsea/ 🍽️ Food available ☀️ Beer garden available 🎸 Live music ❓ Pub quiz available,51.4937,-0.166099,1,HEINEKEN,£5.85,5.85,"https://www.pint-prices.com/pub/17%20Mossop%20St,%20London%20SW3%202LY/The%20Admiral%20Codrington",2026-07-03T23:10:47+00:00
TânVân,"17 The Grn, London W5 5DA, UK",020 3719 7943 🌐 http://www.tanvan1951.com/ 🍽️ Food available 🍹 Cocktails available,51.5109,-0.305143,1,BOTTLED BEER,£5.00,5.0,"https://www.pint-prices.com/pub/17%20The%20Grn,%20London%20W5%205DA,%20UK/T%C3%A2nV%C3%A2n",2026-07-03T23:10:47+00:00
Farr’s Dalston,"17, 19 Dalston Ln, London E8 3DF",🌐 https://farrsschoolofdancing.co.uk/ 🍽️ Food available 🎸 Live music,51.5464,-0.0739591,1,STIFF LIP IPA,£5.10,5.1,"https://www.pint-prices.com/pub/17,%2019%20Dalston%20Ln,%20London%20E8%203DF/Farr%E2%80%99s%20Dalston",2026-07-03T23:10:47+00:00
Hop Poles,"17-19 King St, London W6 9HR, UK",020 8748 1411 🌐 https://www.crafted-social.co.uk/hop-poles-hammersmith?utm_source=gmb&utm_medium=organic&utm_campaig 🍽️ Food available ☀️ Beer garden available ⚽ Live sports shown 🎸 Live music ❓ Pub quiz available ⏰ Happy hour 😎 Cool place,51.4928,-0.225855,1,AMSTEL,£6.10,6.1,"https://www.pint-prices.com/pub/17-19%20King%20St,%20London%20W6%209HR,%20UK/Hop%20Poles",2026-07-03T23:10:47+00:00
The George - JD Wetherspoon,"17-21 George St, Croydon CR0 1LA, UK",020 8649 9077 🌐 https://www.jdwetherspoon.com/pubs/all-pubs/england/london/the-george-croydon?utm_source=google&utm_ 🍽️ Food available,51.3741,-0.0984442,1,BUD LIGHT,£2.59,2.59,"https://www.pint-prices.com/pub/17-21%20George%20St,%20Croydon%20CR0%201LA,%20UK/The%20George%20-%20JD%20Wetherspoon",2026-07-03T23:10:47+00:00
The George - JD Wetherspoon,"17-21 George St, Croydon CR0 1LA, UK",020 8649 9077 🌐 https://www.jdwetherspoon.com/pubs/all-pubs/england/london/the-george-croydon?utm_source=google&utm_ 🍽️ Food available,51.3741,-0.0984442,2,CARLSBERG PILSNER,£2.83,2.83,"https://www.pint-prices.com/pub/17-21%20George%20St,%20Croydon%20CR0%201LA,%20UK/The%20George%20-%20JD%20Wetherspoon",2026-07-03T23:10:47+00:00
The George - JD Wetherspoon,"17-21 George St, Croydon CR0 1LA, UK",020 8649 9077 🌐 https://www.jdwetherspoon.com/pubs/all-pubs/england/london/the-george-croydon?utm_source=google&utm_ 🍽️ Food available,51.3741,-0.0984442,3,GUINNESS,£3.53,3.53,"https://www.pint-prices.com/pub/17-21%20George%20St,%20Croydon%20CR0%201LA,%20UK/The%20George%20-%20JD%20Wetherspoon",2026-07-03T23:10:47+00:00
The George - JD Wetherspoon,"17-21 George St, Croydon CR0 1LA, UK",020 8649 9077 🌐 https://www.jdwetherspoon.com/pubs/all-pubs/england/london/the-george-croydon?utm_source=google&utm_ 🍽️ Food available,51.3741,-0.0984442,4,CARLING,£3.89,3.89,"https://www.pint-prices.com/pub/17-21%20George%20St,%20Croydon%20CR0%201LA,%20UK/The%20George%20-%20JD%20Wetherspoon",2026-07-03T23:10:47+00:00
The George - JD Wetherspoon,"17-21 George St, Croydon CR0 1LA, UK",020 8649 9077 🌐 https://www.jdwetherspoon.com/pubs/all-pubs/england/london/the-george-croydon?utm_source=google&utm_ 🍽️ Food available,51.3741,-0.0984442,5,COORS,£3.89,3.89,"https://www.pint-prices.com/pub/17-21%20George%20St,%20Croydon%20CR0%201LA,%20UK/The%20George%20-%20JD%20Wetherspoon",2026-07-03T23:10:47+00:00
The George - JD Wetherspoon,"17-21 George St, Croydon CR0 1LA, UK",020 8649 9077 🌐 https://www.jdwetherspoon.com/pubs/all-pubs/england/london/the-george-croydon?utm_source=google&utm_ 🍽️ Food available,51.3741,-0.0984442,6,BUDWEISER,£3.96,3.96,"https://www.pint-prices.com/pub/17-21%20George%20St,%20Croydon%20CR0%201LA,%20UK/The%20George%20-%20JD%20Wetherspoon",2026-07-03T23:10:47+00:00
The George - JD Wetherspoon,"17-21 George St, Croydon CR0 1LA, UK",020 8649 9077 🌐 https://www.jdwetherspoon.com/pubs/all-pubs/england/london/the-george-croydon?utm_source=google&utm_ 🍽️ Food available,51.3741,-0.0984442,7,STELLA ARTOIS,£4.08,4.08,"https://www.pint-prices.com/pub/17-21%20George%20St,%20Croydon%20CR0%201LA,%20UK/The%20George%20-%20JD%20Wetherspoon",2026-07-03T23:10:47+00:00
The George - JD Wetherspoon,"17-21 George St, Croydon CR0 1LA, UK",020 8649 9077 🌐 https://www.jdwetherspoon.com/pubs/all-pubs/england/london/the-george-croydon?utm_source=google&utm_ 🍽️ Food available,51.3741,-0.0984442,8,CORONA,£4.20,4.2,"https://www.pint-prices.com/pub/17-21%20George%20St,%20Croydon%20CR0%201LA,%20UK/The%20George%20-%20JD%20Wetherspoon",2026-07-03T23:10:47+00:00
The George - JD Wetherspoon,"17-21 George St, Croydon CR0 1LA, UK",020 8649 9077 🌐 https://www.jdwetherspoon.com/pubs/all-pubs/england/london/the-george-croydon?utm_source=google&utm_ 🍽️ Food available,51.3741,-0.0984442,9,SAN MIGUEL,£4.20,4.2,"https://www.pint-prices.com/pub/17-21%20George%20St,%20Croydon%20CR0%201LA,%20UK/The%20George%20-%20JD%20Wetherspoon",2026-07-03T23:10:47+00:00
The George - JD Wetherspoon,"17-21 George St, Croydon CR0 1LA, UK",020 8649 9077 🌐 https://www.jdwetherspoon.com/pubs/all-pubs/england/london/the-george-croydon?utm_source=google&utm_ 🍽️ Food available,51.3741,-0.0984442,10,LEFFE BLONDE,£4.55,4.55,"https://www.pint-prices.com/pub/17-21%20George%20St,%20Croydon%20CR0%201LA,%20UK/The%20George%20-%20JD%20Wetherspoon",2026-07-03T23:10:47+00:00
Famous Three Kings,"171 North End Rd, London W14 9AE, UK",020 7603 6071 🌐 https://www.crafted-social.co.uk/famous-three-kings-west-kensington?utm_source=gmb&utm_medium=organi 🍽️ Food available 🍹 Cocktails available ⚽ Live sports shown 🎸 Live music 🎱 Pool available 🎤 Karaoke available,51.4907,-0.206532,1,PERONI,£6.00,6.0,"https://www.pint-prices.com/pub/171%20North%20End%20Rd,%20London%20W14%209AE,%20UK/Famous%20Three%20Kings",2026-07-03T23:10:47+00:00
The Walrus,"172 Westminster Bridge Rd, London SE1 7RW",🌐 https://www.thewalrusbarandhostel.co.uk/barpage1 🍽️ Food available 🍹 Cocktails available ☀️ Beer garden available 🎸 Live music ⏰ Happy hour,51.5,-0.114439,1,AMSTEL,£5.50,5.5,"https://www.pint-prices.com/pub/172%20Westminster%20Bridge%20Rd,%20London%20SE1%207RW/The%20Walrus",2026-07-03T23:10:47+00:00
The Coach & Horses,"173 Clapham Park Rd, London SW4 7EX, UK",020 7498 6308 🌐 https://www.frontierpubs.co.uk/pub/coach-horses/?utm_source=gmb&utm_medium=organic&utm_campaign=home 🍽️ Food available ☀️ Beer garden available ⚽ Live sports shown ❓ Pub quiz available 😎 Cool place,51.4598,-0.131402,1,AMSTEL,£5.40,5.4,"https://www.pint-prices.com/pub/173%20Clapham%20Park%20Rd,%20London%20SW4%207EX,%20UK/The%20Coach%20%26%20Horses",2026-07-03T23:10:47+00:00
The Blackfriar,"174 Queen Victoria St, Greater, London EC4V 4EG, UK",020 7236 5474 🌐 https://www.nicholsonspubs.co.uk/restaurants/london/theblackfriarblackfriarslondon?utm_source=google 🍽️ Food available,51.5121,-0.103677,1,PRAVHA,£6.50,6.5,"https://www.pint-prices.com/pub/174%20Queen%20Victoria%20St,%20Greater,%20London%20EC4V%204EG,%20UK/The%20Blackfriar",2026-07-03T23:10:47+00:00
The Three Crowns,"175 Stoke Newington High St, London N16 0PE",🌐 https://threecrownsn16.com/ 🍽️ Food available 🍹 Cocktails available 🎸 Live music,51.5621,-0.0738374,1,AMSTEL,£5.00,5.0,"https://www.pint-prices.com/pub/175%20Stoke%20Newington%20High%20St,%20London%20N16%200PE/The%20Three%20Crowns",2026-07-03T23:10:47+00:00
The London Hospital Tavern,"176 Whitechapel Rd, London E1 1BJ",🌐 https://www.londonhospitaltavern.com/ 🍽️ Food available ⚽ Live sports shown 🎸 Live music,51.5192,-0.0588476,1,HEINEKEN,£6.10,6.1,"https://www.pint-prices.com/pub/176%20Whitechapel%20Rd,%20London%20E1%201BJ/The%20London%20Hospital%20Tavern",2026-07-03T23:10:47+00:00
The Stag,"177 Acton Ln, Chiswick, London W4 5DA",🌐 no website ⚽ Live sports shown 🎱 Pool available,51.4994,-0.264374,1,CARLSBERG,£4.70,4.7,"https://www.pint-prices.com/pub/177%20Acton%20Ln,%20Chiswick,%20London%20W4%205DA/The%20Stag",2026-07-03T23:10:47+00:00
The Stag,"177 Acton Ln, London W4 5DA",,51.4994,-0.264386,1,GUINNESS,£5.20,5.2,"https://www.pint-prices.com/pub/177%20Acton%20Ln,%20London%20W4%205DA/The%20Stag",2026-07-03T23:10:47+00:00
The Victoria,"177 Grove St, London SE8 3QQ",🌐 https://www.victoriapubse8.co.uk/ 🍽️ Food available 🍹 Cocktails available ☀️ Beer garden available 🎸 Live music 🎯 Darts available ⏰ Happy hour,51.4879,-0.0344775,1,PILSNER URQUELL,£5.60,5.6,"https://www.pint-prices.com/pub/177%20Grove%20St,%20London%20SE8%203QQ/The%20Victoria",2026-07-03T23:10:47+00:00
The Canton Arms,"177 South Lambeth Rd, London SW8 1XP",🌐 https://www.cantonarms.com/ 🍽️ Food available 🍹 Cocktails available ☀️ Beer garden available,51.4772,-0.12302,1,HEINEKEN,£6.50,6.5,"https://www.pint-prices.com/pub/177%20South%20Lambeth%20Rd,%20London%20SW8%201XP/The%20Canton%20Arms",2026-07-03T23:10:47+00:00
Howl at The Moon,"178 Hoxton St, London N1 5LH",🌐 https://www.hoxtonpub.com/ 🍽️ Food available 🍹 Cocktails available ☀️ Beer garden available 🎸 Live music,51.5331,-0.0798427,1,GUINNESS,£5.00,5.0,"https://www.pint-prices.com/pub/178%20Hoxton%20St,%20London%20N1%205LH/Howl%20at%20The%20Moon",2026-07-03T23:10:47+00:00
Howl at The Moon,"178 Hoxton St, London N1 5LH",🌐 https://www.hoxtonpub.com/ 🍽️ Food available 🍹 Cocktails available ☀️ Beer garden available 🎸 Live music,51.5331,-0.0798427,2,GUINNESS,£5.00,5.0,"https://www.pint-prices.com/pub/178%20Hoxton%20St,%20London%20N1%205LH/Howl%20at%20The%20Moon",2026-07-03T23:10:47+00:00
The Rose,"179 Broadway, Bexleyheath DA6 7ES, UK",020 8303 3846 🍽️ Food available ☀️ Beer garden available 🎸 Live music 🎤 Karaoke available,51.4571,0.140465,1,FOSTERS,£4.55,4.55,"https://www.pint-prices.com/pub/179%20Broadway,%20Bexleyheath%20DA6%207ES,%20UK/The%20Rose",2026-07-03T23:10:47+00:00
The Rose,"179 Broadway, Bexleyheath DA6 7ES, UK",020 8303 3846 🍽️ Food available ☀️ Beer garden available 🎸 Live music 🎤 Karaoke available,51.4571,0.140465,2,CARLSBERG,£4.55,4.55,"https://www.pint-prices.com/pub/179%20Broadway,%20Bexleyheath%20DA6%207ES,%20UK/The%20Rose",2026-07-03T23:10:47+00:00
The Dog & Duck,"18 Bateman St, London W1D 3AJ",🌐 https://www.nicholsonspubs.co.uk/restaurants/london/thedogandducksoholondon#/ 🍽️ Food available,51.514,-0.132014,1,AMSTEL,£6.05,6.05,"https://www.pint-prices.com/pub/18%20Bateman%20St,%20London%20W1D%203AJ/The%20Dog%20%26%20Duck",2026-07-03T23:10:47+00:00
The Southbank Bar,"18 Friar Lane, Nottingham NG1 6DQ",,52.9527,-1.1515,1,NECK OIL,£4.55,4.55,"https://www.pint-prices.com/pub/18%20Friar%20Lane,%20Nottingham%20NG1%206DQ/The%20Southbank%20Bar",2026-07-03T23:10:47+00:00
Fitzrovia,"18 Goodge Street, W1T 2QT",🌐 https://www.greeneking.co.uk/pubs/greater-london/fitzrovia 🍽️ Food available 🍹 Cocktails available ☀️ Beer garden available ⚽ Live sports shown,51.5199,-0.134799,1,GUINNESS,£6.35,6.35,"https://www.pint-prices.com/pub/18%20Goodge%20Street,%20W1T%202QT/Fitzrovia",2026-07-03T23:10:47+00:00
Fitzrovia,"18 Goodge Street, W1T 2QT",🌐 https://www.greeneking.co.uk/pubs/greater-london/fitzrovia 🍽️ Food available 🍹 Cocktails available ☀️ Beer garden available ⚽ Live sports shown,51.5199,-0.134799,2,ESTRELLA,£7.00,7.0,"https://www.pint-prices.com/pub/18%20Goodge%20Street,%20W1T%202QT/Fitzrovia",2026-07-03T23:10:47+00:00
Fitzrovia,"18 Goodge Street, W1T 2QT",🌐 https://www.greeneking.co.uk/pubs/greater-london/fitzrovia 🍽️ Food available 🍹 Cocktails available ☀️ Beer garden available ⚽ Live sports shown,51.5199,-0.134799,3,BIRRA MORETTI,£7.00,7.0,"https://www.pint-prices.com/pub/18%20Goodge%20Street,%20W1T%202QT/Fitzrovia",2026-07-03T23:10:47+00:00
Fitzrovia,"18 Goodge Street, W1T 2QT",🌐 https://www.greeneking.co.uk/pubs/greater-london/fitzrovia 🍽️ Food available 🍹 Cocktails available ☀️ Beer garden available ⚽ Live sports shown,51.5199,-0.134799,4,NECK OIL,£7.25,7.25,"https://www.pint-prices.com/pub/18%20Goodge%20Street,%20W1T%202QT/Fitzrovia",2026-07-03T23:10:47+00:00
Fitzrovia,"18 Goodge Street, W1T 2QT",🌐 https://www.greeneking.co.uk/pubs/greater-london/fitzrovia 🍽️ Food available 🍹 Cocktails available ☀️ Beer garden available ⚽ Live sports shown,51.5199,-0.134799,5,PERONI,£7.25,7.25,"https://www.pint-prices.com/pub/18%20Goodge%20Street,%20W1T%202QT/Fitzrovia",2026-07-03T23:10:47+00:00
Hercules Pillars,"18 Great Queen St, London WC2B 5DG",🌐 https://www.herculespillars.co.uk/ 🍽️ Food available ⚽ Live sports shown,51.5158,-0.120874,1,CASK ALE,£4.20,4.2,"https://www.pint-prices.com/pub/18%20Great%20Queen%20St,%20London%20WC2B%205DG/Hercules%20Pillars",2026-07-03T23:10:47+00:00
The Grenadier,"18 Wilton Row, London SW1X 7NR",🌐 https://www.grenadierbelgravia.com/ 🍽️ Food available ☀️ Beer garden available,51.5015,-0.154558,1,BIRRA MORETTI,£6.70,6.7,"https://www.pint-prices.com/pub/18%20Wilton%20Row,%20London%20SW1X%207NR/The%20Grenadier",2026-07-03T23:10:47+00:00
The Feathers,"18-20 Broadway, Greater, London SW1H 0BH, UK",020 7227 0921 🌐 https://www.nicholsonspubs.co.uk/restaurants/london/thefeatherswestminsterlondon?utm_source=google&u 🍽️ Food available 😎 Cool place,51.4992,-0.133103,1,PALE ALE,£6.05,6.05,"https://www.pint-prices.com/pub/18-20%20Broadway,%20Greater,%20London%20SW1H%200BH,%20UK/The%20Feathers",2026-07-03T23:10:47+00:00
The Feathers,"18-20 Broadway, Greater, London SW1H 0BH, UK",020 7227 0921 🌐 https://www.nicholsonspubs.co.uk/restaurants/london/thefeatherswestminsterlondon?utm_source=google&u 🍽️ Food available 😎 Cool place,51.4992,-0.133103,2,PRAVHA,£6.55,6.55,"https://www.pint-prices.com/pub/18-20%20Broadway,%20Greater,%20London%20SW1H%200BH,%20UK/The%20Feathers",2026-07-03T23:10:47+00:00
Tapas Brindisa London Bridge,"18-20 Southwark St, London SE1 1TJ, UK",020 7357 8880 🌐 https://www.brindisakitchens.com/restaurant/tapas-brindisa-london-bridge/ 📧hola@brindisakitchens.com 🍽️ Food available 🍹 Cocktails available,51.505,-0.0904524,1,ESTRELLA,£7.50,7.5,"https://www.pint-prices.com/pub/18-20%20Southwark%20St,%20London%20SE1%201TJ,%20UK/Tapas%20Brindisa%20London%20Bridge",2026-07-03T23:10:47+00:00
Tapas Brindisa London Bridge,"18-20 Southwark St, London SE1 1TJ, UK",020 7357 8880 🌐 https://www.brindisakitchens.com/restaurant/tapas-brindisa-london-bridge/ 📧hola@brindisakitchens.com 🍽️ Food available 🍹 Cocktails available,51.505,-0.0904524,2,BRINDISA PALE ALE,£7.50,7.5,"https://www.pint-prices.com/pub/18-20%20Southwark%20St,%20London%20SE1%201TJ,%20UK/Tapas%20Brindisa%20London%20Bridge",2026-07-03T23:10:47+00:00
Paya & Horse Pub gallery,"181 Battersea Park Rd, London SW11 4LB",2076225011 🍽️ Food available ⚽ Live sports shown 🎯 Darts available 🎱 Pool available,51.4759,-0.148893,1,FOSTERS,£5.80,5.8,"https://www.pint-prices.com/pub/181%20Battersea%20Park%20Rd,%20London%20SW11%204LB/Paya%20%26%20Horse%20Pub%20gallery",2026-07-03T23:10:47+00:00
Paya & Horse Pub gallery,"181 Battersea Park Rd, London SW11 4LB",2076225011 🍽️ Food available ⚽ Live sports shown 🎯 Darts available 🎱 Pool available,51.4759,-0.148893,2,GUINNESS,£6.80,6.8,"https://www.pint-prices.com/pub/181%20Battersea%20Park%20Rd,%20London%20SW11%204LB/Paya%20%26%20Horse%20Pub%20gallery",2026-07-03T23:10:47+00:00
The Brockley Barge - JD Wetherspoon,"184 Brockley Road, Brockley, SE4 2RR",🍽️ Food available,51.4641,-0.0364184,1,BUD LIGHT,£2.59,2.59,"https://www.pint-prices.com/pub/184%20Brockley%20Road,%20Brockley,%20SE4%202RR/The%20Brockley%20Barge%20-%20JD%20Wetherspoon",2026-07-03T23:10:47+00:00
The Brockley Barge - JD Wetherspoon,"184 Brockley Road, Brockley, SE4 2RR",🍽️ Food available,51.4641,-0.0364184,2,CARLSBERG PILSNER,£2.83,2.83,"https://www.pint-prices.com/pub/184%20Brockley%20Road,%20Brockley,%20SE4%202RR/The%20Brockley%20Barge%20-%20JD%20Wetherspoon",2026-07-03T23:10:47+00:00
The Brockley Barge - JD Wetherspoon,"184 Brockley Road, Brockley, SE4 2RR",🍽️ Food available,51.4641,-0.0364184,3,GUINNESS,£3.53,3.53,"https://www.pint-prices.com/pub/184%20Brockley%20Road,%20Brockley,%20SE4%202RR/The%20Brockley%20Barge%20-%20JD%20Wetherspoon",2026-07-03T23:10:47+00:00
The Brockley Barge - JD Wetherspoon,"184 Brockley Road, Brockley, SE4 2RR",🍽️ Food available,51.4641,-0.0364184,4,CARLING,£3.89,3.89,"https://www.pint-prices.com/pub/184%20Brockley%20Road,%20Brockley,%20SE4%202RR/The%20Brockley%20Barge%20-%20JD%20Wetherspoon",2026-07-03T23:10:47+00:00
The Brockley Barge - JD Wetherspoon,"184 Brockley Road, Brockley, SE4 2RR",🍽️ Food available,51.4641,-0.0364184,5,COORS,£3.89,3.89,"https://www.pint-prices.com/pub/184%20Brockley%20Road,%20Brockley,%20SE4%202RR/The%20Brockley%20Barge%20-%20JD%20Wetherspoon",2026-07-03T23:10:47+00:00
The Brockley Barge - JD Wetherspoon,"184 Brockley Road, Brockley, SE4 2RR",🍽️ Food available,51.4641,-0.0364184,6,BUDWEISER,£3.96,3.96,"https://www.pint-prices.com/pub/184%20Brockley%20Road,%20Brockley,%20SE4%202RR/The%20Brockley%20Barge%20-%20JD%20Wetherspoon",2026-07-03T23:10:47+00:00
The Brockley Barge - JD Wetherspoon,"184 Brockley Road, Brockley, SE4 2RR",🍽️ Food available,51.4641,-0.0364184,7,STELLA ARTOIS,£4.08,4.08,"https://www.pint-prices.com/pub/184%20Brockley%20Road,%20Brockley,%20SE4%202RR/The%20Brockley%20Barge%20-%20JD%20Wetherspoon",2026-07-03T23:10:47+00:00
The Brockley Barge - JD Wetherspoon,"184 Brockley Road, Brockley, SE4 2RR",🍽️ Food available,51.4641,-0.0364184,8,CORONA,£4.20,4.2,"https://www.pint-prices.com/pub/184%20Brockley%20Road,%20Brockley,%20SE4%202RR/The%20Brockley%20Barge%20-%20JD%20Wetherspoon",2026-07-03T23:10:47+00:00
The Brockley Barge - JD Wetherspoon,"184 Brockley Road, Brockley, SE4 2RR",🍽️ Food available,51.4641,-0.0364184,9,SAN MIGUEL,£4.20,4.2,"https://www.pint-prices.com/pub/184%20Brockley%20Road,%20Brockley,%20SE4%202RR/The%20Brockley%20Barge%20-%20JD%20Wetherspoon",2026-07-03T23:10:47+00:00
The Brockley Barge - JD Wetherspoon,"184 Brockley Road, Brockley, SE4 2RR",🍽️ Food available,51.4641,-0.0364184,10,LEFFE BLONDE,£4.55,4.55,"https://www.pint-prices.com/pub/184%20Brockley%20Road,%20Brockley,%20SE4%202RR/The%20Brockley%20Barge%20-%20JD%20Wetherspoon",2026-07-03T23:10:47+00:00
The Watchman - JD Wetherspoon,"184 High Street, New Malden, KT3 4ES",🍽️ Food available 🍹 Cocktails available ☀️ Beer garden available,51.3989,-0.255144,1,BUD LIGHT,£2.59,2.59,"https://www.pint-prices.com/pub/184%20High%20Street,%20New%20Malden,%20KT3%204ES/The%20Watchman%20-%20JD%20Wetherspoon",2026-07-03T23:10:47+00:00
The Watchman - JD Wetherspoon,"184 High Street, New Malden, KT3 4ES",🍽️ Food available 🍹 Cocktails available ☀️ Beer garden available,51.3989,-0.255144,2,CARLSBERG PILSNER,£2.83,2.83,"https://www.pint-prices.com/pub/184%20High%20Street,%20New%20Malden,%20KT3%204ES/The%20Watchman%20-%20JD%20Wetherspoon",2026-07-03T23:10:47+00:00
The Watchman - JD Wetherspoon,"184 High Street, New Malden, KT3 4ES",🍽️ Food available 🍹 Cocktails available ☀️ Beer garden available,51.3989,-0.255144,3,GUINNESS,£3.53,3.53,"https://www.pint-prices.com/pub/184%20High%20Street,%20New%20Malden,%20KT3%204ES/The%20Watchman%20-%20JD%20Wetherspoon",2026-07-03T23:10:47+00:00
The Watchman - JD Wetherspoon,"184 High Street, New Malden, KT3 4ES",🍽️ Food available 🍹 Cocktails available ☀️ Beer garden available,51.3989,-0.255144,4,CARLING,£3.89,3.89,"https://www.pint-prices.com/pub/184%20High%20Street,%20New%20Malden,%20KT3%204ES/The%20Watchman%20-%20JD%20Wetherspoon",2026-07-03T23:10:47+00:00
The Watchman - JD Wetherspoon,"184 High Street, New Malden, KT3 4ES",🍽️ Food available 🍹 Cocktails available ☀️ Beer garden available,51.3989,-0.255144,5,COORS,£3.89,3.89,"https://www.pint-prices.com/pub/184%20High%20Street,%20New%20Malden,%20KT3%204ES/The%20Watchman%20-%20JD%20Wetherspoon",2026-07-03T23:10:47+00:00
The Watchman - JD Wetherspoon,"184 High Street, New Malden, KT3 4ES",🍽️ Food available 🍹 Cocktails available ☀️ Beer garden available,51.3989,-0.255144,6,BUDWEISER,£3.96,3.96,"https://www.pint-prices.com/pub/184%20High%20Street,%20New%20Malden,%20KT3%204ES/The%20Watchman%20-%20JD%20Wetherspoon",2026-07-03T23:10:47+00:00
The Watchman - JD Wetherspoon,"184 High Street, New Malden, KT3 4ES",🍽️ Food available 🍹 Cocktails available ☀️ Beer garden available,51.3989,-0.255144,7,STELLA ARTOIS,£4.08,4.08,"https://www.pint-prices.com/pub/184%20High%20Street,%20New%20Malden,%20KT3%204ES/The%20Watchman%20-%20JD%20Wetherspoon",2026-07-03T23:10:47+00:00
The Watchman - JD Wetherspoon,"184 High Street, New Malden, KT3 4ES",🍽️ Food available 🍹 Cocktails available ☀️ Beer garden available,51.3989,-0.255144,8,CORONA,£4.20,4.2,"https://www.pint-prices.com/pub/184%20High%20Street,%20New%20Malden,%20KT3%204ES/The%20Watchman%20-%20JD%20Wetherspoon",2026-07-03T23:10:47+00:00
The Watchman - JD Wetherspoon,"184 High Street, New Malden, KT3 4ES",🍽️ Food available 🍹 Cocktails available ☀️ Beer garden available,51.3989,-0.255144,9,SAN MIGUEL,£4.20,4.2,"https://www.pint-prices.com/pub/184%20High%20Street,%20New%20Malden,%20KT3%204ES/The%20Watchman%20-%20JD%20Wetherspoon",2026-07-03T23:10:47+00:00
The Watchman - JD Wetherspoon,"184 High Street, New Malden, KT3 4ES",🍽️ Food available 🍹 Cocktails available ☀️ Beer garden available,51.3989,-0.255144,10,LEFFE BLONDE,£4.55,4.55,"https://www.pint-prices.com/pub/184%20High%20Street,%20New%20Malden,%20KT3%204ES/The%20Watchman%20-%20JD%20Wetherspoon",2026-07-03T23:10:47+00:00
The Surrey Docks,"185 Lower Rd, London SE16 2LW",🌐 https://www.jdwetherspoon.com/pubs/all-pubs/england/london/the-surrey-docks-rotherhithe 🍽️ Food available ☀️ Beer garden available 🎸 Live music,51.493,-0.0464756,1,SAN MIGUEL,£3.82,3.82,"https://www.pint-prices.com/pub/185%20Lower%20Rd,%20London%20SE16%202LW/The%20Surrey%20Docks",2026-07-03T23:10:47+00:00
The Surrey Docks - JD Wetherspoon,"185 Lower Road, Rotherhithe, SE16 2LW",🍽️ Food available 🍹 Cocktails available ☀️ Beer garden available ⚽ Live sports shown,51.493,-0.0464756,1,BUD LIGHT,£2.59,2.59,"https://www.pint-prices.com/pub/185%20Lower%20Road,%20Rotherhithe,%20SE16%202LW/The%20Surrey%20Docks%20-%20JD%20Wetherspoon",2026-07-03T23:10:47+00:00
The Surrey Docks - JD Wetherspoon,"185 Lower Road, Rotherhithe, SE16 2LW",🍽️ Food available 🍹 Cocktails available ☀️ Beer garden available ⚽ Live sports shown,51.493,-0.0464756,2,CARLSBERG PILSNER,£2.83,2.83,"https://www.pint-prices.com/pub/185%20Lower%20Road,%20Rotherhithe,%20SE16%202LW/The%20Surrey%20Docks%20-%20JD%20Wetherspoon",2026-07-03T23:10:47+00:00
The Surrey Docks - JD Wetherspoon,"185 Lower Road, Rotherhithe, SE16 2LW",🍽️ Food available 🍹 Cocktails available ☀️ Beer garden available ⚽ Live sports shown,51.493,-0.0464756,3,GUINNESS,£3.53,3.53,"https://www.pint-prices.com/pub/185%20Lower%20Road,%20Rotherhithe,%20SE16%202LW/The%20Surrey%20Docks%20-%20JD%20Wetherspoon",2026-07-03T23:10:47+00:00
The Surrey Docks - JD Wetherspoon,"185 Lower Road, Rotherhithe, SE16 2LW",🍽️ Food available 🍹 Cocktails available ☀️ Beer garden available ⚽ Live sports shown,51.493,-0.0464756,4,CARLING,£3.89,3.89,"https://www.pint-prices.com/pub/185%20Lower%20Road,%20Rotherhithe,%20SE16%202LW/The%20Surrey%20Docks%20-%20JD%20Wetherspoon",2026-07-03T23:10:47+00:00
The Surrey Docks - JD Wetherspoon,"185 Lower Road, Rotherhithe, SE16 2LW",🍽️ Food available 🍹 Cocktails available ☀️ Beer garden available ⚽ Live sports shown,51.493,-0.0464756,5,COORS,£3.89,3.89,"https://www.pint-prices.com/pub/185%20Lower%20Road,%20Rotherhithe,%20SE16%202LW/The%20Surrey%20Docks%20-%20JD%20Wetherspoon",2026-07-03T23:10:47+00:00
The Surrey Docks - JD Wetherspoon,"185 Lower Road, Rotherhithe, SE16 2LW",🍽️ Food available 🍹 Cocktails available ☀️ Beer garden available ⚽ Live sports shown,51.493,-0.0464756,6,BUDWEISER,£3.96,3.96,"https://www.pint-prices.com/pub/185%20Lower%20Road,%20Rotherhithe,%20SE16%202LW/The%20Surrey%20Docks%20-%20JD%20Wetherspoon",2026-07-03T23:10:47+00:00
The Surrey Docks - JD Wetherspoon,"185 Lower Road, Rotherhithe, SE16 2LW",🍽️ Food available 🍹 Cocktails available ☀️ Beer garden available ⚽ Live sports shown,51.493,-0.0464756,7,STELLA ARTOIS,£4.08,4.08,"https://www.pint-prices.com/pub/185%20Lower%20Road,%20Rotherhithe,%20SE16%202LW/The%20Surrey%20Docks%20-%20JD%20Wetherspoon",2026-07-03T23:10:47+00:00
The Surrey Docks - JD Wetherspoon,"185 Lower Road, Rotherhithe, SE16 2LW",🍽️ Food available 🍹 Cocktails available ☀️ Beer garden available ⚽ Live sports shown,51.493,-0.0464756,8,CORONA,£4.20,4.2,"https://www.pint-prices.com/pub/185%20Lower%20Road,%20Rotherhithe,%20SE16%202LW/The%20Surrey%20Docks%20-%20JD%20Wetherspoon",2026-07-03T23:10:47+00:00
The Surrey Docks - JD Wetherspoon,"185 Lower Road, Rotherhithe, SE16 2LW",🍽️ Food available 🍹 Cocktails available ☀️ Beer garden available ⚽ Live sports shown,51.493,-0.0464756,9,SAN MIGUEL,£4.20,4.2,"https://www.pint-prices.com/pub/185%20Lower%20Road,%20Rotherhithe,%20SE16%202LW/The%20Surrey%20Docks%20-%20JD%20Wetherspoon",2026-07-03T23:10:47+00:00
The Surrey Docks - JD Wetherspoon,"185 Lower Road, Rotherhithe, SE16 2LW",🍽️ Food available 🍹 Cocktails available ☀️ Beer garden available ⚽ Live sports shown,51.493,-0.0464756,10,LEFFE BLONDE,£4.55,4.55,"https://www.pint-prices.com/pub/185%20Lower%20Road,%20Rotherhithe,%20SE16%202LW/The%20Surrey%20Docks%20-%20JD%20Wetherspoon",2026-07-03T23:10:47+00:00
The Two Bridges,"186 Tooley St, London SE1 2TZ",🌐 https://www.thetwobridges.co.uk/index 🍽️ Food available 🍹 Cocktails available ⚽ Live sports shown 🎸 Live music,51.5032,-0.0794439,1,HEINEKEN,£6.10,6.1,"https://www.pint-prices.com/pub/186%20Tooley%20St,%20London%20SE1%202TZ/The%20Two%20Bridges",2026-07-03T23:10:47+00:00
The Courtfield,"187 Earls Court Rd, London SW5 9AN",🌐 https://www.greeneking.co.uk/pubs/greater-london/courtfield 🍽️ Food available ☀️ Beer garden available ⚽ Live sports shown 🎸 Live music,51.4922,-0.192558,1,ESTRELLA,£6.50,6.5,"https://www.pint-prices.com/pub/187%20Earls%20Court%20Rd,%20London%20SW5%209AN/The%20Courtfield",2026-07-03T23:10:47+00:00
Courtfield,"187 Earls Court Road, SW5 9AN",🌐 https://www.greeneking.co.uk/pubs/greater-london/courtfield 🍽️ Food available 🍹 Cocktails available ☀️ Beer garden available ⚽ Live sports shown,51.4922,-0.192558,1,AMSTEL,£6.20,6.2,"https://www.pint-prices.com/pub/187%20Earls%20Court%20Road,%20SW5%209AN/Courtfield",2026-07-03T23:10:47+00:00
Courtfield,"187 Earls Court Road, SW5 9AN",🌐 https://www.greeneking.co.uk/pubs/greater-london/courtfield 🍽️ Food available 🍹 Cocktails available ☀️ Beer garden available ⚽ Live sports shown,51.4922,-0.192558,2,GUINNESS,£6.35,6.35,"https://www.pint-prices.com/pub/187%20Earls%20Court%20Road,%20SW5%209AN/Courtfield",2026-07-03T23:10:47+00:00
Courtfield,"187 Earls Court Road, SW5 9AN",🌐 https://www.greeneking.co.uk/pubs/greater-london/courtfield 🍽️ Food available 🍹 Cocktails available ☀️ Beer garden available ⚽ Live sports shown,51.4922,-0.192558,3,ESTRELLA,£7.05,7.05,"https://www.pint-prices.com/pub/187%20Earls%20Court%20Road,%20SW5%209AN/Courtfield",2026-07-03T23:10:47+00:00
Courtfield,"187 Earls Court Road, SW5 9AN",🌐 https://www.greeneking.co.uk/pubs/greater-london/courtfield 🍽️ Food available 🍹 Cocktails available ☀️ Beer garden available ⚽ Live sports shown,51.4922,-0.192558,4,MADRI,£7.05,7.05,"https://www.pint-prices.com/pub/187%20Earls%20Court%20Road,%20SW5%209AN/Courtfield",2026-07-03T23:10:47+00:00
Courtfield,"187 Earls Court Road, SW5 9AN",🌐 https://www.greeneking.co.uk/pubs/greater-london/courtfield 🍽️ Food available 🍹 Cocktails available ☀️ Beer garden available ⚽ Live sports shown,51.4922,-0.192558,5,PERONI,£7.40,7.4,"https://www.pint-prices.com/pub/187%20Earls%20Court%20Road,%20SW5%209AN/Courtfield",2026-07-03T23:10:47+00:00
Old Deer Park Sports Grounds,"187 Kew Rd, Richmond TW9 2AZ, UK",020 8332 6696 🌐 http://www.olddeerpark.co.uk/ 📧enquiries@olddeerpark.co.uk ☀️ Beer garden available,51.4679,-0.296551,1,LONDON PRIDE,£6.00,6.0,"https://www.pint-prices.com/pub/187%20Kew%20Rd,%20Richmond%20TW9%202AZ,%20UK/Old%20Deer%20Park%20Sports%20Grounds",2026-07-03T23:10:47+00:00
Old Deer Park Sports Grounds,"187 Kew Rd, Richmond TW9 2AZ, UK",020 8332 6696 🌐 http://www.olddeerpark.co.uk/ 📧enquiries@olddeerpark.co.uk ☀️ Beer garden available,51.4679,-0.296551,2,WELSH PALE ALE,£6.00,6.0,"https://www.pint-prices.com/pub/187%20Kew%20Rd,%20Richmond%20TW9%202AZ,%20UK/Old%20Deer%20Park%20Sports%20Grounds",2026-07-03T23:10:47+00:00
Gloucester,"187 Sloane Street, SW1X 9QR",🌐 https://www.greeneking.co.uk/pubs/greater-london/gloucester-arms 🍽️ Food available 🍹 Cocktails available ☀️ Beer garden available ⚽ Live sports shown,51.5,-0.159413,1,AMSTEL,£6.10,6.1,"https://www.pint-prices.com/pub/187%20Sloane%20Street,%20SW1X%209QR/Gloucester",2026-07-03T23:10:47+00:00
Gloucester,"187 Sloane Street, SW1X 9QR",🌐 https://www.greeneking.co.uk/pubs/greater-london/gloucester-arms 🍽️ Food available 🍹 Cocktails available ☀️ Beer garden available ⚽ Live sports shown,51.5,-0.159413,2,GUINNESS,£6.40,6.4,"https://www.pint-prices.com/pub/187%20Sloane%20Street,%20SW1X%209QR/Gloucester",2026-07-03T23:10:47+00:00
Gloucester,"187 Sloane Street, SW1X 9QR",🌐 https://www.greeneking.co.uk/pubs/greater-london/gloucester-arms 🍽️ Food available 🍹 Cocktails available ☀️ Beer garden available ⚽ Live sports shown,51.5,-0.159413,3,BIRRA MORETTI,£7.00,7.0,"https://www.pint-prices.com/pub/187%20Sloane%20Street,%20SW1X%209QR/Gloucester",2026-07-03T23:10:47+00:00
Gloucester,"187 Sloane Street, SW1X 9QR",🌐 https://www.greeneking.co.uk/pubs/greater-london/gloucester-arms 🍽️ Food available 🍹 Cocktails available ☀️ Beer garden available ⚽ Live sports shown,51.5,-0.159413,4,ESTRELLA,£7.10,7.1,"https://www.pint-prices.com/pub/187%20Sloane%20Street,%20SW1X%209QR/Gloucester",2026-07-03T23:10:47+00:00
Gloucester,"187 Sloane Street, SW1X 9QR",🌐 https://www.greeneking.co.uk/pubs/greater-london/gloucester-arms 🍽️ Food available 🍹 Cocktails available ☀️ Beer garden available ⚽ Live sports shown,51.5,-0.159413,5,NECK OIL,£7.35,7.35,"https://www.pint-prices.com/pub/187%20Sloane%20Street,%20SW1X%209QR/Gloucester",2026-07-03T23:10:47+00:00
Gloucester,"187 Sloane Street, SW1X 9QR",🌐 https://www.greeneking.co.uk/pubs/greater-london/gloucester-arms 🍽️ Food available 🍹 Cocktails available ☀️ Beer garden available ⚽ Live sports shown,51.5,-0.159413,6,PERONI,£7.35,7.35,"https://www.pint-prices.com/pub/187%20Sloane%20Street,%20SW1X%209QR/Gloucester",2026-07-03T23:10:47+00:00
Three Crowns (Picaddilly),"19 Babmaes Street, SW1Y 6HD",🌐 https://www.greeneking.co.uk/pubs/greater-london/three-crowns 🍽️ Food available 🍹 Cocktails available ⚽ Live sports shown,51.5086,-0.135065,1,AMSTEL,£6.15,6.15,"https://www.pint-prices.com/pub/19%20Babmaes%20Street,%20SW1Y%206HD/Three%20Crowns%20(Picaddilly)",2026-07-03T23:10:47+00:00
Three Crowns (Picaddilly),"19 Babmaes Street, SW1Y 6HD",🌐 https://www.greeneking.co.uk/pubs/greater-london/three-crowns 🍽️ Food available 🍹 Cocktails available ⚽ Live sports shown,51.5086,-0.135065,2,GUINNESS,£6.40,6.4,"https://www.pint-prices.com/pub/19%20Babmaes%20Street,%20SW1Y%206HD/Three%20Crowns%20(Picaddilly)",2026-07-03T23:10:47+00:00
Three Crowns (Picaddilly),"19 Babmaes Street, SW1Y 6HD",🌐 https://www.greeneking.co.uk/pubs/greater-london/three-crowns 🍽️ Food available 🍹 Cocktails available ⚽ Live sports shown,51.5086,-0.135065,3,BIRRA MORETTI,£6.95,6.95,"https://www.pint-prices.com/pub/19%20Babmaes%20Street,%20SW1Y%206HD/Three%20Crowns%20(Picaddilly)",2026-07-03T23:10:47+00:00
Three Crowns (Picaddilly),"19 Babmaes Street, SW1Y 6HD",🌐 https://www.greeneking.co.uk/pubs/greater-london/three-crowns 🍽️ Food available 🍹 Cocktails available ⚽ Live sports shown,51.5086,-0.135065,4,NECK OIL,£7.45,7.45,"https://www.pint-prices.com/pub/19%20Babmaes%20Street,%20SW1Y%206HD/Three%20Crowns%20(Picaddilly)",2026-07-03T23:10:47+00:00
Three Crowns (Picaddilly),"19 Babmaes Street, SW1Y 6HD",🌐 https://www.greeneking.co.uk/pubs/greater-london/three-crowns 🍽️ Food available 🍹 Cocktails available ⚽ Live sports shown,51.5086,-0.135065,5,PERONI,£7.45,7.45,"https://www.pint-prices.com/pub/19%20Babmaes%20Street,%20SW1Y%206HD/Three%20Crowns%20(Picaddilly)",2026-07-03T23:10:47+00:00
"The Toucan,","19 Carlisle St, London W1D 3BY",🌐 https://www.thetoucansoho.co.uk/ 🎸 Live music,51.5151,-0.133154,1,GUINNESS,£6.50,6.5,"https://www.pint-prices.com/pub/19%20Carlisle%20St,%20London%20W1D%203BY/The%20Toucan,",2026-07-03T23:10:47+00:00
The Rugby Tavern,"19 Great James St, London WC1N 3ES",🌐 https://rugbytavern.co.uk/ 🍽️ Food available ☀️ Beer garden available ⚽ Live sports shown,51.5219,-0.117325,1,CRUZCAMPO,£6.50,6.5,"https://www.pint-prices.com/pub/19%20Great%20James%20St,%20London%20WC1N%203ES/The%20Rugby%20Tavern",2026-07-03T23:10:47+00:00
The Faltering Fullback,"19 Perth Rd, Finsbury Park, London N4 3HB",🌐 https://falteringfullback.com/ 🍽️ Food available 🍹 Cocktails available ☀️ Beer garden available 🎸 Live music,51.5687,-0.10811,1,GUINNESS,£5.80,5.8,"https://www.pint-prices.com/pub/19%20Perth%20Rd,%20Finsbury%20Park,%20London%20N4%203HB/The%20Faltering%20Fullback",2026-07-03T23:10:47+00:00
Oz Bar,"19 St James's St, Nottingham NG1 6FH",,52.9527,-1.15274,1,AMSTEL,£4.85,4.85,"https://www.pint-prices.com/pub/19%20St%20James's%20St,%20Nottingham%20NG1%206FH/Oz%20Bar",2026-07-03T23:10:47+00:00
The Dove,"19 Upper Mall, London W6 9TA",🍽️ Food available ☀️ Beer garden available,51.4905,-0.234857,1,ASAHI,£7.25,7.25,"https://www.pint-prices.com/pub/19%20Upper%20Mall,%20London%20W6%209TA/The%20Dove",2026-07-03T23:10:47+00:00
The Old Bank of England,"194 Fleet St, London EC4A 2LT",🌐 https://www.oldbankofengland.com/ 🍽️ Food available 😎 Cool place,51.5139,-0.11152,1,GUINNESS,£6.80,6.8,"https://www.pint-prices.com/pub/194%20Fleet%20St,%20London%20EC4A%202LT/The%20Old%20Bank%20of%20England",2026-07-03T23:10:47+00:00
The Hunter S,"194 Southgate Rd, London N1 3HT, UK",020 7249 7191 🌐 http://thehunter-s-pub.co.uk/ 🍽️ Food available,51.5459,-0.083469,1,GUINNESS,£5.80,5.8,"https://www.pint-prices.com/pub/194%20Southgate%20Rd,%20London%20N1%203HT,%20UK/The%20Hunter%20S",2026-07-03T23:10:47+00:00
The Artful Duke Pub (Bromley),"196-198 High St, Bromley BR1 1HE, UK",020 3925 4876 🌐 http://theartfulduke.co.uk/ 📧events@livelyhood.co.uk - I think thats a chain email. will have to clarify which pub we're talking 🍽️ Food available ☀️ Beer garden available ⚽ Live sports shown,51.4057,0.0138016,1,PRAVHA,£5.60,5.6,"https://www.pint-prices.com/pub/196-198%20High%20St,%20Bromley%20BR1%201HE,%20UK/The%20Artful%20Duke%20Pub%20(Bromley)",2026-07-03T23:10:47+00:00
"The Beehive, Wandsworth","197 St John's Hill, London SW11 1TH, UK",020 7450 1756 🌐 https://www.beehivewandsworth.co.uk/ 📧info@beehivewandsworth.co.uk 🍽️ Food available 🍹 Cocktails available ☀️ Beer garden available ⚽ Live sports shown ❓ Pub quiz available,51.4598,-0.178243,1,LONDON PRIDE,£5.50,5.5,"https://www.pint-prices.com/pub/197%20St%20John's%20Hill,%20London%20SW11%201TH,%20UK/The%20Beehive,%20Wandsworth",2026-07-03T23:10:47+00:00
"The Beehive, Wandsworth","197 St John's Hill, London SW11 1TH, UK",020 7450 1756 🌐 https://www.beehivewandsworth.co.uk/ 📧info@beehivewandsworth.co.uk 🍽️ Food available 🍹 Cocktails available ☀️ Beer garden available ⚽ Live sports shown ❓ Pub quiz available,51.4598,-0.178243,2,GROLSCH,£6.20,6.2,"https://www.pint-prices.com/pub/197%20St%20John's%20Hill,%20London%20SW11%201TH,%20UK/The%20Beehive,%20Wandsworth",2026-07-03T23:10:47+00:00
"The Beehive, Wandsworth","197 St John's Hill, London SW11 1TH, UK",020 7450 1756 🌐 https://www.beehivewandsworth.co.uk/ 📧info@beehivewandsworth.co.uk 🍽️ Food available 🍹 Cocktails available ☀️ Beer garden available ⚽ Live sports shown ❓ Pub quiz available,51.4598,-0.178243,3,ASAHI,£6.50,6.5,"https://www.pint-prices.com/pub/197%20St%20John's%20Hill,%20London%20SW11%201TH,%20UK/The%20Beehive,%20Wandsworth",2026-07-03T23:10:47+00:00
"The Beehive, Wandsworth","197 St John's Hill, London SW11 1TH, UK",020 7450 1756 🌐 https://www.beehivewandsworth.co.uk/ 📧info@beehivewandsworth.co.uk 🍽️ Food available 🍹 Cocktails available ☀️ Beer garden available ⚽ Live sports shown ❓ Pub quiz available,51.4598,-0.178243,4,PERONI,£6.85,6.85,"https://www.pint-prices.com/pub/197%20St%20John's%20Hill,%20London%20SW11%201TH,%20UK/The%20Beehive,%20Wandsworth",2026-07-03T23:10:47+00:00
"The Beehive, Wandsworth","197 St John's Hill, London SW11 1TH, UK",020 7450 1756 🌐 https://www.beehivewandsworth.co.uk/ 📧info@beehivewandsworth.co.uk 🍽️ Food available 🍹 Cocktails available ☀️ Beer garden available ⚽ Live sports shown ❓ Pub quiz available,51.4598,-0.178243,5,NECK OIL,£6.95,6.95,"https://www.pint-prices.com/pub/197%20St%20John's%20Hill,%20London%20SW11%201TH,%20UK/The%20Beehive,%20Wandsworth",2026-07-03T23:10:47+00:00
The Collab: Signature Brew & We Serve Humans,"198 Hoe St, London E17 4BF, UK",020 8521 2948 🌐 http://www.thecollablondon.com/ 📧INFO@THECOLLABLONDON.COM 🍽️ Food available 🎸 Live music ❓ Pub quiz available,51.5854,-0.0198011,1,WINTER BITTER,£5.00,5.0,"https://www.pint-prices.com/pub/198%20Hoe%20St,%20London%20E17%204BF,%20UK/The%20Collab:%20Signature%20Brew%20%26%20We%20Serve%20Humans",2026-07-03T23:10:47+00:00
The Collab: Signature Brew & We Serve Humans,"198 Hoe St, London E17 4BF, UK",020 8521 2948 🌐 http://www.thecollablondon.com/ 📧INFO@THECOLLABLONDON.COM 🍽️ Food available 🎸 Live music ❓ Pub quiz available,51.5854,-0.0198011,2,STUDIO LAGER,£5.90,5.9,"https://www.pint-prices.com/pub/198%20Hoe%20St,%20London%20E17%204BF,%20UK/The%20Collab:%20Signature%20Brew%20%26%20We%20Serve%20Humans",2026-07-03T23:10:47+00:00
The Red Cow,"198 Windmill Lane, EN8 9AF",,51.7029,-0.025469,1,JOHN SMITHS,£4.00,4.0,"https://www.pint-prices.com/pub/198%20Windmill%20Lane,%20EN8%209AF/The%20Red%20Cow",2026-07-03T23:10:47+00:00
The Red Cow,"198 Windmill Lane, EN8 9AF",,51.7029,-0.025469,2,FOSTERS,£4.45,4.45,"https://www.pint-prices.com/pub/198%20Windmill%20Lane,%20EN8%209AF/The%20Red%20Cow",2026-07-03T23:10:47+00:00
The Red Cow,"198 Windmill Lane, EN8 9AF",,51.7029,-0.025469,3,GUINNESS,£4.70,4.7,"https://www.pint-prices.com/pub/198%20Windmill%20Lane,%20EN8%209AF/The%20Red%20Cow",2026-07-03T23:10:47+00:00
The Red Cow,"198 Windmill Lane, EN8 9AF",,51.7029,-0.025469,4,BIRRA MORETTI,£5.25,5.25,"https://www.pint-prices.com/pub/198%20Windmill%20Lane,%20EN8%209AF/The%20Red%20Cow",2026-07-03T23:10:47+00:00
The Watch House - JD Wetherspoon,"198-204 High Street, Lewisham, SE13 6JP",🍽️ Food available,51.4599,-0.0120774,1,BUD LIGHT,£2.59,2.59,"https://www.pint-prices.com/pub/198-204%20High%20Street,%20Lewisham,%20SE13%206JP/The%20Watch%20House%20-%20JD%20Wetherspoon",2026-07-03T23:10:47+00:00
The Watch House - JD Wetherspoon,"198-204 High Street, Lewisham, SE13 6JP",🍽️ Food available,51.4599,-0.0120774,2,CARLSBERG PILSNER,£2.83,2.83,"https://www.pint-prices.com/pub/198-204%20High%20Street,%20Lewisham,%20SE13%206JP/The%20Watch%20House%20-%20JD%20Wetherspoon",2026-07-03T23:10:47+00:00
The Watch House - JD Wetherspoon,"198-204 High Street, Lewisham, SE13 6JP",🍽️ Food available,51.4599,-0.0120774,3,GUINNESS,£3.53,3.53,"https://www.pint-prices.com/pub/198-204%20High%20Street,%20Lewisham,%20SE13%206JP/The%20Watch%20House%20-%20JD%20Wetherspoon",2026-07-03T23:10:47+00:00
The Watch House - JD Wetherspoon,"198-204 High Street, Lewisham, SE13 6JP",🍽️ Food available,51.4599,-0.0120774,4,CARLING,£3.66,3.66,"https://www.pint-prices.com/pub/198-204%20High%20Street,%20Lewisham,%20SE13%206JP/The%20Watch%20House%20-%20JD%20Wetherspoon",2026-07-03T23:10:47+00:00
The Watch House - JD Wetherspoon,"198-204 High Street, Lewisham, SE13 6JP",🍽️ Food available,51.4599,-0.0120774,5,COORS,£3.66,3.66,"https://www.pint-prices.com/pub/198-204%20High%20Street,%20Lewisham,%20SE13%206JP/The%20Watch%20House%20-%20JD%20Wetherspoon",2026-07-03T23:10:47+00:00
The Watch House - JD Wetherspoon,"198-204 High Street, Lewisham, SE13 6JP",🍽️ Food available,51.4599,-0.0120774,6,BUDWEISER,£3.96,3.96,"https://www.pint-prices.com/pub/198-204%20High%20Street,%20Lewisham,%20SE13%206JP/The%20Watch%20House%20-%20JD%20Wetherspoon",2026-07-03T23:10:47+00:00
The Watch House - JD Wetherspoon,"198-204 High Street, Lewisham, SE13 6JP",🍽️ Food available,51.4599,-0.0120774,7,STELLA ARTOIS,£4.08,4.08,"https://www.pint-prices.com/pub/198-204%20High%20Street,%20Lewisham,%20SE13%206JP/The%20Watch%20House%20-%20JD%20Wetherspoon",2026-07-03T23:10:47+00:00
The Watch House - JD Wetherspoon,"198-204 High Street, Lewisham, SE13 6JP",🍽️ Food available,51.4599,-0.0120774,8,CORONA,£4.20,4.2,"https://www.pint-prices.com/pub/198-204%20High%20Street,%20Lewisham,%20SE13%206JP/The%20Watch%20House%20-%20JD%20Wetherspoon",2026-07-03T23:10:47+00:00
The Watch House - JD Wetherspoon,"198-204 High Street, Lewisham, SE13 6JP",🍽️ Food available,51.4599,-0.0120774,9,SAN MIGUEL,£4.20,4.2,"https://www.pint-prices.com/pub/198-204%20High%20Street,%20Lewisham,%20SE13%206JP/The%20Watch%20House%20-%20JD%20Wetherspoon",2026-07-03T23:10:47+00:00
The Watch House - JD Wetherspoon,"198-204 High Street, Lewisham, SE13 6JP",🍽️ Food available,51.4599,-0.0120774,10,LEFFE BLONDE,£4.55,4.55,"https://www.pint-prices.com/pub/198-204%20High%20Street,%20Lewisham,%20SE13%206JP/The%20Watch%20House%20-%20JD%20Wetherspoon",2026-07-03T23:10:47+00:00
The Three Colts Tavern,"199 Cambridge Heath Rd, London E2 0EL",🌐 https://www.threecoltstavern.co.uk/ 🍽️ Food available 🍹 Cocktails available ☀️ Beer garden available ⚽ Live sports shown ❓ Pub quiz available,51.5248,-0.0548784,1,EXALE ZORC GOLDEN LAGER,£5.80,5.8,"https://www.pint-prices.com/pub/199%20Cambridge%20Heath%20Rd,%20London%20E2%200EL/The%20Three%20Colts%20Tavern",2026-07-03T23:10:47+00:00
"The White Ferry, Victoria (PUBLOVE)","1A Sutherland St, Pimlico, London SW1V 4LD, UK",020 7233 6133 🌐 http://www.publove.co.uk/white-ferry-victoria 🍽️ Food available,51.4889,-0.146621,1,PRAVHA,£6.10,6.1,"https://www.pint-prices.com/pub/1A%20Sutherland%20St,%20Pimlico,%20London%20SW1V%204LD,%20UK/The%20White%20Ferry,%20Victoria%20(PUBLOVE)",2026-07-03T23:10:47+00:00
Tabard,"2 Bath Road, W4 1LW",🌐 https://www.greeneking.co.uk/pubs/greater-london/tabard 🍽️ Food available 🍹 Cocktails available ☀️ Beer garden available,51.4958,-0.25434,1,AMSTEL,£6.15,6.15,"https://www.pint-prices.com/pub/2%20Bath%20Road,%20W4%201LW/Tabard",2026-07-03T23:10:47+00:00
Tabard,"2 Bath Road, W4 1LW",🌐 https://www.greeneking.co.uk/pubs/greater-london/tabard 🍽️ Food available 🍹 Cocktails available ☀️ Beer garden available,51.4958,-0.25434,2,GUINNESS,£6.25,6.25,"https://www.pint-prices.com/pub/2%20Bath%20Road,%20W4%201LW/Tabard",2026-07-03T23:10:47+00:00
Tabard,"2 Bath Road, W4 1LW",🌐 https://www.greeneking.co.uk/pubs/greater-london/tabard 🍽️ Food available 🍹 Cocktails available ☀️ Beer garden available,51.4958,-0.25434,3,MADRI,£6.70,6.7,"https://www.pint-prices.com/pub/2%20Bath%20Road,%20W4%201LW/Tabard",2026-07-03T23:10:47+00:00
Tabard,"2 Bath Road, W4 1LW",🌐 https://www.greeneking.co.uk/pubs/greater-london/tabard 🍽️ Food available 🍹 Cocktails available ☀️ Beer garden available,51.4958,-0.25434,4,NECK OIL,£7.25,7.25,"https://www.pint-prices.com/pub/2%20Bath%20Road,%20W4%201LW/Tabard",2026-07-03T23:10:47+00:00
Tabard,"2 Bath Road, W4 1LW",🌐 https://www.greeneking.co.uk/pubs/greater-london/tabard 🍽️ Food available 🍹 Cocktails available ☀️ Beer garden available,51.4958,-0.25434,5,PERONI,£7.25,7.25,"https://www.pint-prices.com/pub/2%20Bath%20Road,%20W4%201LW/Tabard",2026-07-03T23:10:47+00:00
Prince Albert,"2 Broadway, Bexleyheath DA6 7LE, UK",020 3674 9255 🌐 https://www.princealbertbexleyheath.co.uk/ 📧info@princealbertbexleyheath.co.uk 🍽️ Food available ☀️ Beer garden available 🎤 Karaoke available,51.4555,0.152797,1,SPITFIRE,£4.90,4.9,"https://www.pint-prices.com/pub/2%20Broadway,%20Bexleyheath%20DA6%207LE,%20UK/Prince%20Albert",2026-07-03T23:10:47+00:00
Zetland Arms,"2 Bute Street, SW7 3EX",🌐 https://www.greeneking.co.uk/pubs/greater-london/zetland-arms 🍽️ Food available 🍹 Cocktails available,51.4934,-0.175884,1,GUINNESS,£6.50,6.5,"https://www.pint-prices.com/pub/2%20Bute%20Street,%20SW7%203EX/Zetland%20Arms",2026-07-03T23:10:47+00:00
Zetland Arms,"2 Bute Street, SW7 3EX",🌐 https://www.greeneking.co.uk/pubs/greater-london/zetland-arms 🍽️ Food available 🍹 Cocktails available,51.4934,-0.175884,2,BIRRA MORETTI,£7.00,7.0,"https://www.pint-prices.com/pub/2%20Bute%20Street,%20SW7%203EX/Zetland%20Arms",2026-07-03T23:10:47+00:00
Zetland Arms,"2 Bute Street, SW7 3EX",🌐 https://www.greeneking.co.uk/pubs/greater-london/zetland-arms 🍽️ Food available 🍹 Cocktails available,51.4934,-0.175884,3,PERONI,£7.30,7.3,"https://www.pint-prices.com/pub/2%20Bute%20Street,%20SW7%203EX/Zetland%20Arms",2026-07-03T23:10:47+00:00
Zetland Arms,"2 Bute Street, SW7 3EX",🌐 https://www.greeneking.co.uk/pubs/greater-london/zetland-arms 🍽️ Food available 🍹 Cocktails available,51.4934,-0.175884,4,NECK OIL,£7.60,7.6,"https://www.pint-prices.com/pub/2%20Bute%20Street,%20SW7%203EX/Zetland%20Arms",2026-07-03T23:10:47+00:00
Camden Head,"2 Camden Walk, N1 8DY",🌐 https://www.greeneking.co.uk/pubs/greater-london/camden-head 🍽️ Food available 🍹 Cocktails available ☀️ Beer garden available,51.5356,-0.102893,1,AMSTEL,£6.00,6.0,"https://www.pint-prices.com/pub/2%20Camden%20Walk,%20N1%208DY/Camden%20Head",2026-07-03T23:10:47+00:00
Camden Head,"2 Camden Walk, N1 8DY",🌐 https://www.greeneking.co.uk/pubs/greater-london/camden-head 🍽️ Food available 🍹 Cocktails available ☀️ Beer garden available,51.5356,-0.102893,2,GUINNESS,£6.30,6.3,"https://www.pint-prices.com/pub/2%20Camden%20Walk,%20N1%208DY/Camden%20Head",2026-07-03T23:10:47+00:00
Camden Head,"2 Camden Walk, N1 8DY",🌐 https://www.greeneking.co.uk/pubs/greater-london/camden-head 🍽️ Food available 🍹 Cocktails available ☀️ Beer garden available,51.5356,-0.102893,3,ESTRELLA,£6.90,6.9,"https://www.pint-prices.com/pub/2%20Camden%20Walk,%20N1%208DY/Camden%20Head",2026-07-03T23:10:47+00:00
Camden Head,"2 Camden Walk, N1 8DY",🌐 https://www.greeneking.co.uk/pubs/greater-london/camden-head 🍽️ Food available 🍹 Cocktails available ☀️ Beer garden available,51.5356,-0.102893,4,PERONI,£7.35,7.35,"https://www.pint-prices.com/pub/2%20Camden%20Walk,%20N1%208DY/Camden%20Head",2026-07-03T23:10:47+00:00
Camden Head,"2 Camden Walk, N1 8DY",🌐 https://www.greeneking.co.uk/pubs/greater-london/camden-head 🍽️ Food available 🍹 Cocktails available ☀️ Beer garden available,51.5356,-0.102893,5,NECK OIL,£7.40,7.4,"https://www.pint-prices.com/pub/2%20Camden%20Walk,%20N1%208DY/Camden%20Head",2026-07-03T23:10:47+00:00
Galvanisers Union,"2 Devas St, London E3 3LL, UK",020 7537 1158 🌐 https://galvanisersunion.com/ 📧galvanisers@anticlondon.com 🍽️ Food available,51.5235,-0.0122371,1,CARLING,£3.50,3.5,"https://www.pint-prices.com/pub/2%20Devas%20St,%20London%20E3%203LL,%20UK/Galvanisers%20Union",2026-07-03T23:10:47+00:00
Galvanisers Union,"2 Devas St, London E3 3LL, UK",020 7537 1158 🌐 https://galvanisersunion.com/ 📧galvanisers@anticlondon.com 🍽️ Food available,51.5235,-0.0122371,2,PRAVHA,£4.90,4.9,"https://www.pint-prices.com/pub/2%20Devas%20St,%20London%20E3%203LL,%20UK/Galvanisers%20Union",2026-07-03T23:10:47+00:00
Galvanisers Union,"2 Devas St, London E3 3LL, UK",020 7537 1158 🌐 https://galvanisersunion.com/ 📧galvanisers@anticlondon.com 🍽️ Food available,51.5235,-0.0122371,3,MADRI,£5.75,5.75,"https://www.pint-prices.com/pub/2%20Devas%20St,%20London%20E3%203LL,%20UK/Galvanisers%20Union",2026-07-03T23:10:47+00:00
Galvanisers Union,"2 Devas St, London E3 3LL, UK",020 7537 1158 🌐 https://galvanisersunion.com/ 📧galvanisers@anticlondon.com 🍽️ Food available,51.5235,-0.0122371,4,STAROPRAMEN,£5.75,5.75,"https://www.pint-prices.com/pub/2%20Devas%20St,%20London%20E3%203LL,%20UK/Galvanisers%20Union",2026-07-03T23:10:47+00:00
Galvanisers Union,"2 Devas St, London E3 3LL, UK",020 7537 1158 🌐 https://galvanisersunion.com/ 📧galvanisers@anticlondon.com 🍽️ Food available,51.5235,-0.0122371,5,GUINNESS,£5.95,5.95,"https://www.pint-prices.com/pub/2%20Devas%20St,%20London%20E3%203LL,%20UK/Galvanisers%20Union",2026-07-03T23:10:47+00:00
Galvanisers Union,"2 Devas St, London E3 3LL, UK",020 7537 1158 🌐 https://galvanisersunion.com/ 📧galvanisers@anticlondon.com 🍽️ Food available,51.5235,-0.0122371,6,NECK OIL,£6.55,6.55,"https://www.pint-prices.com/pub/2%20Devas%20St,%20London%20E3%203LL,%20UK/Galvanisers%20Union",2026-07-03T23:10:47+00:00
Jolly Farmers,"2 Enfield Rd, Enfield EN2 7QS, UK",020 8363 1917 🌐 https://www.chickenandgrillpubs.co.uk/jolly_farmers/ 🍽️ Food available 🍹 Cocktails available ☀️ Beer garden available ⚽ Live sports shown 🎸 Live music ⏰ Happy hour,51.6548,-0.107791,1,FOSTERS,£4.65,4.65,"https://www.pint-prices.com/pub/2%20Enfield%20Rd,%20Enfield%20EN2%207QS,%20UK/Jolly%20Farmers",2026-07-03T23:10:47+00:00
The Shakespeare,"2 Goswell Rd., Golden Lane Estate, London EC1M 7AA",🌐 https://www.theshakespearebarbican.co.uk/ 🍽️ Food available 🍹 Cocktails available ⚽ Live sports shown ⏰ Happy hour,51.5221,-0.0971779,1,BIRRA MORETTI,£6.70,6.7,"https://www.pint-prices.com/pub/2%20Goswell%20Rd.,%20Golden%20Lane%20Estate,%20London%20EC1M%207AA/The%20Shakespeare",2026-07-03T23:10:47+00:00
Greencoat Boy (Victoria),"2 Greencoat Place, SW1P 1PJ",🌐 https://www.greeneking.co.uk/pubs/greater-london/greencoat-boy 🍽️ Food available 🍹 Cocktails available ☀️ Beer garden available,51.4963,-0.135839,1,GUINNESS,£6.35,6.35,"https://www.pint-prices.com/pub/2%20Greencoat%20Place,%20SW1P%201PJ/Greencoat%20Boy%20(Victoria)",2026-07-03T23:10:47+00:00
Greencoat Boy (Victoria),"2 Greencoat Place, SW1P 1PJ",🌐 https://www.greeneking.co.uk/pubs/greater-london/greencoat-boy 🍽️ Food available 🍹 Cocktails available ☀️ Beer garden available,51.4963,-0.135839,2,ESTRELLA,£6.90,6.9,"https://www.pint-prices.com/pub/2%20Greencoat%20Place,%20SW1P%201PJ/Greencoat%20Boy%20(Victoria)",2026-07-03T23:10:47+00:00
Greencoat Boy (Victoria),"2 Greencoat Place, SW1P 1PJ",🌐 https://www.greeneking.co.uk/pubs/greater-london/greencoat-boy 🍽️ Food available 🍹 Cocktails available ☀️ Beer garden available,51.4963,-0.135839,3,BIRRA MORETTI,£7.00,7.0,"https://www.pint-prices.com/pub/2%20Greencoat%20Place,%20SW1P%201PJ/Greencoat%20Boy%20(Victoria)",2026-07-03T23:10:47+00:00
Greencoat Boy (Victoria),"2 Greencoat Place, SW1P 1PJ",🌐 https://www.greeneking.co.uk/pubs/greater-london/greencoat-boy 🍽️ Food available 🍹 Cocktails available ☀️ Beer garden available,51.4963,-0.135839,4,NECK OIL,£7.50,7.5,"https://www.pint-prices.com/pub/2%20Greencoat%20Place,%20SW1P%201PJ/Greencoat%20Boy%20(Victoria)",2026-07-03T23:10:47+00:00
The Ship & Whale,"2 Gulliver St, London SE16 7LT",🌐 no website 🍽️ Food available ☀️ Beer garden available ❓ Pub quiz available,51.4969,-0.0341033,1,SAN MIGUEL,£6.20,6.2,"https://www.pint-prices.com/pub/2%20Gulliver%20St,%20London%20SE16%207LT/The%20Ship%20%26%20Whale",2026-07-03T23:10:47+00:00
Prince of Wales,"2 Hartfield Rd, London SW19 3TA",020 8946 5369 🌐 greeneking.co.uk 📧https://www.greeneking.co.uk/pubs/greater-london/prince-of-wales-wimbledon/find-us 🍽️ Food available ☀️ Beer garden available ⚽ Live sports shown ❓ Pub quiz available,51.4205,-0.206258,1,AMSTEL,£6.00,6.0,"https://www.pint-prices.com/pub/2%20Hartfield%20Rd,%20London%20SW19%203TA/Prince%20of%20Wales",2026-07-03T23:10:47+00:00
Prince of Wales (Wimbledon),"2 Hartfield Road, SW19 3TA",🌐 https://www.greeneking.co.uk/pubs/greater-london/prince-of-wales-wimbledon 🍽️ Food available 🍹 Cocktails available ☀️ Beer garden available ⚽ Live sports shown,51.4205,-0.206258,1,AMSTEL,£6.00,6.0,"https://www.pint-prices.com/pub/2%20Hartfield%20Road,%20SW19%203TA/Prince%20of%20Wales%20(Wimbledon)",2026-07-03T23:10:47+00:00
Prince of Wales (Wimbledon),"2 Hartfield Road, SW19 3TA",🌐 https://www.greeneking.co.uk/pubs/greater-london/prince-of-wales-wimbledon 🍽️ Food available 🍹 Cocktails available ☀️ Beer garden available ⚽ Live sports shown,51.4205,-0.206258,2,GUINNESS,£6.25,6.25,"https://www.pint-prices.com/pub/2%20Hartfield%20Road,%20SW19%203TA/Prince%20of%20Wales%20(Wimbledon)",2026-07-03T23:10:47+00:00
Prince of Wales (Wimbledon),"2 Hartfield Road, SW19 3TA",🌐 https://www.greeneking.co.uk/pubs/greater-london/prince-of-wales-wimbledon 🍽️ Food available 🍹 Cocktails available ☀️ Beer garden available ⚽ Live sports shown,51.4205,-0.206258,3,MADRI,£6.75,6.75,"https://www.pint-prices.com/pub/2%20Hartfield%20Road,%20SW19%203TA/Prince%20of%20Wales%20(Wimbledon)",2026-07-03T23:10:47+00:00
Prince of Wales (Wimbledon),"2 Hartfield Road, SW19 3TA",🌐 https://www.greeneking.co.uk/pubs/greater-london/prince-of-wales-wimbledon 🍽️ Food available 🍹 Cocktails available ☀️ Beer garden available ⚽ Live sports shown,51.4205,-0.206258,4,ESTRELLA,£6.95,6.95,"https://www.pint-prices.com/pub/2%20Hartfield%20Road,%20SW19%203TA/Prince%20of%20Wales%20(Wimbledon)",2026-07-03T23:10:47+00:00
Prince of Wales (Wimbledon),"2 Hartfield Road, SW19 3TA",🌐 https://www.greeneking.co.uk/pubs/greater-london/prince-of-wales-wimbledon 🍽️ Food available 🍹 Cocktails available ☀️ Beer garden available ⚽ Live sports shown,51.4205,-0.206258,5,NECK OIL,£7.35,7.35,"https://www.pint-prices.com/pub/2%20Hartfield%20Road,%20SW19%203TA/Prince%20of%20Wales%20(Wimbledon)",2026-07-03T23:10:47+00:00
Prince of Wales (Wimbledon),"2 Hartfield Road, SW19 3TA",🌐 https://www.greeneking.co.uk/pubs/greater-london/prince-of-wales-wimbledon 🍽️ Food available 🍹 Cocktails available ☀️ Beer garden available ⚽ Live sports shown,51.4205,-0.206258,6,PERONI,£7.35,7.35,"https://www.pint-prices.com/pub/2%20Hartfield%20Road,%20SW19%203TA/Prince%20of%20Wales%20(Wimbledon)",2026-07-03T23:10:47+00:00
The Swan,2 Hutton Road Ash Vale Surrey. GU12 5HA,🌐 https://www.chefandbrewer.com/pubs/surrey/swan?utm_source=g_places&utm_medium=locations&utm_campaign 🍽️ Food available ☀️ Beer garden available 🎸 Live music,51.2669,-0.719092,1,BLUE MOON,£5.35,5.35,https://www.pint-prices.com/pub/2%20Hutton%20Road%20Ash%20Vale%20Surrey.%20GU12%205HA/The%20Swan,2026-07-03T23:10:47+00:00
The Swan,2 Hutton Road Ash Vale Surrey. GU12 5HA,🌐 https://www.chefandbrewer.com/pubs/surrey/swan?utm_source=g_places&utm_medium=locations&utm_campaign 🍽️ Food available ☀️ Beer garden available 🎸 Live music,51.2669,-0.719092,2,GAMMA RAY,£5.75,5.75,https://www.pint-prices.com/pub/2%20Hutton%20Road%20Ash%20Vale%20Surrey.%20GU12%205HA/The%20Swan,2026-07-03T23:10:47+00:00
Windsor Fenchurch,"2 New London St, London EC3R 7NA, UK",020 7265 0233 🌐 https://www.greatukpubs.co.uk/windsor-fenchurch-place?utm_source=gmb&utm_medium=organic&utm_campaign 🍽️ Food available ⚽ Live sports shown 🎸 Live music 🎤 Karaoke available,51.5115,-0.0792067,1,DOOMBAR,£4.20,4.2,"https://www.pint-prices.com/pub/2%20New%20London%20St,%20London%20EC3R%207NA,%20UK/Windsor%20Fenchurch",2026-07-03T23:10:47+00:00
Windsor Fenchurch,"2 New London St, London EC3R 7NA, UK",020 7265 0233 🌐 https://www.greatukpubs.co.uk/windsor-fenchurch-place?utm_source=gmb&utm_medium=organic&utm_campaign 🍽️ Food available ⚽ Live sports shown 🎸 Live music 🎤 Karaoke available,51.5115,-0.0792067,2,FOSTERS,£5.00,5.0,"https://www.pint-prices.com/pub/2%20New%20London%20St,%20London%20EC3R%207NA,%20UK/Windsor%20Fenchurch",2026-07-03T23:10:47+00:00
The Northcote,"2 Northcote Rd, London SW11 1NT",🌐 https://www.thenorthcote.co.uk/ 🍽️ Food available 🍹 Cocktails available ⚽ Live sports shown,51.4607,-0.16717,1,ESTRELLA,£6.00,6.0,"https://www.pint-prices.com/pub/2%20Northcote%20Rd,%20London%20SW11%201NT/The%20Northcote",2026-07-03T23:10:47+00:00
Rose & Crown (Mayfair),"2 Old Park Lane, WK1 1QN",🌐 https://www.greeneking.co.uk/pubs/greater-london/rose-and-crown 🍽️ Food available 🍹 Cocktails available ☀️ Beer garden available ⚽ Live sports shown,51.5042,-0.148979,1,AMSTEL,£6.35,6.35,"https://www.pint-prices.com/pub/2%20Old%20Park%20Lane,%20WK1%201QN/Rose%20%26%20Crown%20(Mayfair)",2026-07-03T23:10:47+00:00
Rose & Crown (Mayfair),"2 Old Park Lane, WK1 1QN",🌐 https://www.greeneking.co.uk/pubs/greater-london/rose-and-crown 🍽️ Food available 🍹 Cocktails available ☀️ Beer garden available ⚽ Live sports shown,51.5042,-0.148979,2,GUINNESS,£6.70,6.7,"https://www.pint-prices.com/pub/2%20Old%20Park%20Lane,%20WK1%201QN/Rose%20%26%20Crown%20(Mayfair)",2026-07-03T23:10:47+00:00
Rose & Crown (Mayfair),"2 Old Park Lane, WK1 1QN",🌐 https://www.greeneking.co.uk/pubs/greater-london/rose-and-crown 🍽️ Food available 🍹 Cocktails available ☀️ Beer garden available ⚽ Live sports shown,51.5042,-0.148979,3,ESTRELLA,£7.45,7.45,"https://www.pint-prices.com/pub/2%20Old%20Park%20Lane,%20WK1%201QN/Rose%20%26%20Crown%20(Mayfair)",2026-07-03T23:10:47+00:00
Rose & Crown (Mayfair),"2 Old Park Lane, WK1 1QN",🌐 https://www.greeneking.co.uk/pubs/greater-london/rose-and-crown 🍽️ Food available 🍹 Cocktails available ☀️ Beer garden available ⚽ Live sports shown,51.5042,-0.148979,4,NECK OIL,£7.55,7.55,"https://www.pint-prices.com/pub/2%20Old%20Park%20Lane,%20WK1%201QN/Rose%20%26%20Crown%20(Mayfair)",2026-07-03T23:10:47+00:00
Rose & Crown (Mayfair),"2 Old Park Lane, WK1 1QN",🌐 https://www.greeneking.co.uk/pubs/greater-london/rose-and-crown 🍽️ Food available 🍹 Cocktails available ☀️ Beer garden available ⚽ Live sports shown,51.5042,-0.148979,5,PERONI,£7.65,7.65,"https://www.pint-prices.com/pub/2%20Old%20Park%20Lane,%20WK1%201QN/Rose%20%26%20Crown%20(Mayfair)",2026-07-03T23:10:47+00:00
The Rose & Crown,"2 Old Park Ln, London W1K 1QN",🌐 https://www.greeneking.co.uk/pubs/greater-london/rose-and-crown 🍽️ Food available 🍹 Cocktails available ☀️ Beer garden available ⚽ Live sports shown,51.5042,-0.148979,1,ESTRELLA,£7.00,7.0,"https://www.pint-prices.com/pub/2%20Old%20Park%20Ln,%20London%20W1K%201QN/The%20Rose%20%26%20Crown",2026-07-03T23:10:47+00:00
Black Lion,"2 S Black Lion Ln, London W6 9TJ",🌐 https://www.blacklion.london/ 🍽️ Food available ☀️ Beer garden available,51.4905,-0.24209,1,BIRRA MORETTI,£7.45,7.45,"https://www.pint-prices.com/pub/2%20S%20Black%20Lion%20Ln,%20London%20W6%209TJ/Black%20Lion",2026-07-03T23:10:47+00:00
Black Lion,"2 S Black Lion Ln, London W6 9TJ",🌐 https://www.blacklion.london/ 🍽️ Food available ☀️ Beer garden available,51.4905,-0.24209,2,BIRRA MORETTI,£7.45,7.45,"https://www.pint-prices.com/pub/2%20S%20Black%20Lion%20Ln,%20London%20W6%209TJ/Black%20Lion",2026-07-03T23:10:47+00:00
The Savoy Tap,"2 Savoy St, London WC2R 0BA",🌐 https://www.savoytap.co.uk/ 🍽️ Food available ⚽ Live sports shown 🎸 Live music,51.511,-0.119731,1,BIRRA MORETTI,£6.90,6.9,"https://www.pint-prices.com/pub/2%20Savoy%20St,%20London%20WC2R%200BA/The%20Savoy%20Tap",2026-07-03T23:10:47+00:00
Kings Arms (Mayfair),"2 Shepherd MArket, W1J 7QA",🌐 https://www.greeneking.co.uk/pubs/greater-london/kings-arms-mayfair 🍽️ Food available 🍹 Cocktails available ☀️ Beer garden available ⚽ Live sports shown,51.5063,-0.146138,1,GUINNESS,£6.50,6.5,"https://www.pint-prices.com/pub/2%20Shepherd%20MArket,%20W1J%207QA/Kings%20Arms%20(Mayfair)",2026-07-03T23:10:47+00:00
Kings Arms (Mayfair),"2 Shepherd MArket, W1J 7QA",🌐 https://www.greeneking.co.uk/pubs/greater-london/kings-arms-mayfair 🍽️ Food available 🍹 Cocktails available ☀️ Beer garden available ⚽ Live sports shown,51.5063,-0.146138,2,BIRRA MORETTI,£7.15,7.15,"https://www.pint-prices.com/pub/2%20Shepherd%20MArket,%20W1J%207QA/Kings%20Arms%20(Mayfair)",2026-07-03T23:10:47+00:00
Kings Arms (Mayfair),"2 Shepherd MArket, W1J 7QA",🌐 https://www.greeneking.co.uk/pubs/greater-london/kings-arms-mayfair 🍽️ Food available 🍹 Cocktails available ☀️ Beer garden available ⚽ Live sports shown,51.5063,-0.146138,3,ESTRELLA,£7.25,7.25,"https://www.pint-prices.com/pub/2%20Shepherd%20MArket,%20W1J%207QA/Kings%20Arms%20(Mayfair)",2026-07-03T23:10:47+00:00
Kings Arms (Mayfair),"2 Shepherd MArket, W1J 7QA",🌐 https://www.greeneking.co.uk/pubs/greater-london/kings-arms-mayfair 🍽️ Food available 🍹 Cocktails available ☀️ Beer garden available ⚽ Live sports shown,51.5063,-0.146138,4,PERONI,£7.45,7.45,"https://www.pint-prices.com/pub/2%20Shepherd%20MArket,%20W1J%207QA/Kings%20Arms%20(Mayfair)",2026-07-03T23:10:47+00:00
The Kings Arms,"2 Shepherd Market, London W1J 7QA",🌐 https://www.greeneking.co.uk/pubs/greater-london/kings-arms-mayfair 🍽️ Food available 🍹 Cocktails available ☀️ Beer garden available ⚽ Live sports shown,51.5063,-0.146138,1,LONDON PILSNER,£6.70,6.7,"https://www.pint-prices.com/pub/2%20Shepherd%20Market,%20London%20W1J%207QA/The%20Kings%20Arms",2026-07-03T23:10:47+00:00
The Eagle,"2 Shepherdess Walk, Greater, London N1 7LB, UK",020 7250 0507 🌐 https://www.theeaglehoxton.co.uk/?utm_source=google&utm_medium=organic&utm_campaign=gmb 🍽️ Food available,51.5286,-0.0916478,1,PRAVHA,£6.25,6.25,"https://www.pint-prices.com/pub/2%20Shepherdess%20Walk,%20Greater,%20London%20N1%207LB,%20UK/The%20Eagle",2026-07-03T23:10:47+00:00
The Rosemary Branch,"2 Shepperton Rd, London N1 3DT",🌐 https://www.rosemarybranchtheatre.co.uk/ 🍽️ Food available ☀️ Beer garden available 🎸 Live music,51.5376,-0.0869576,1,PILLARS PILSNER,£5.90,5.9,"https://www.pint-prices.com/pub/2%20Shepperton%20Rd,%20London%20N1%203DT/The%20Rosemary%20Branch",2026-07-03T23:10:47+00:00
The Duke of York,"2 St Ann's Terrace, London NW8 6PJ",🌐 https://thedukeofyork.com/ 🍽️ Food available 🍹 Cocktails available ☀️ Beer garden available 🎸 Live music,51.5342,-0.171252,1,BIRRA MORETTI,£7.00,7.0,"https://www.pint-prices.com/pub/2%20St%20Ann's%20Terrace,%20London%20NW8%206PJ/The%20Duke%20of%20York",2026-07-03T23:10:47+00:00
The Falcon,"2 St John's Hill, Greater, London SW11 1RU",2072282076 🌐 https://www.thefalconclapham.co.uk/#/ 🍽️ Food available 🍹 Cocktails available ⚽ Live sports shown ❓ Pub quiz available,51.4638,-0.168032,1,PRAVHA,£6.15,6.15,"https://www.pint-prices.com/pub/2%20St%20John's%20Hill,%20Greater,%20London%20SW11%201RU/The%20Falcon",2026-07-03T23:10:47+00:00
The Falcon,"2 St John's Hill, Greater, London SW11 1RU",2072282076 🌐 https://www.thefalconclapham.co.uk/#/ 🍽️ Food available 🍹 Cocktails available ⚽ Live sports shown ❓ Pub quiz available,51.4638,-0.168032,2,GUINNESS,£6.40,6.4,"https://www.pint-prices.com/pub/2%20St%20John's%20Hill,%20Greater,%20London%20SW11%201RU/The%20Falcon",2026-07-03T23:10:47+00:00
The Railway Tavern,"2 St Jude St, London N16 8JT",🌐 https://www.railwaytavernn16.co.uk/ 🍽️ Food available ☀️ Beer garden available ❓ Pub quiz available,51.5487,-0.0793167,1,ASAHI,£5.00,5.0,"https://www.pint-prices.com/pub/2%20St%20Jude%20St,%20London%20N16%208JT/The%20Railway%20Tavern",2026-07-03T23:10:47+00:00
Stratford Haven,"2 Stratford Road, Nottingham, NG2 6BA",,52.9336,-1.12962,1,STAROPRAMEN,£5.80,5.8,"https://www.pint-prices.com/pub/2%20Stratford%20Road,%20Nottingham,%20NG2%206BA/Stratford%20Haven",2026-07-03T23:10:47+00:00
Grafton Arms (Victoria),"2 Strutton Ground, SW1P 2HP",🌐 https://www.greeneking.co.uk/pubs/greater-london/grafton-arms 🍽️ Food available 🍹 Cocktails available ⚽ Live sports shown,51.4975,-0.134059,1,AMSTEL,£6.15,6.15,"https://www.pint-prices.com/pub/2%20Strutton%20Ground,%20SW1P%202HP/Grafton%20Arms%20(Victoria)",2026-07-03T23:10:47+00:00
Grafton Arms (Victoria),"2 Strutton Ground, SW1P 2HP",🌐 https://www.greeneking.co.uk/pubs/greater-london/grafton-arms 🍽️ Food available 🍹 Cocktails available ⚽ Live sports shown,51.4975,-0.134059,2,GUINNESS,£6.35,6.35,"https://www.pint-prices.com/pub/2%20Strutton%20Ground,%20SW1P%202HP/Grafton%20Arms%20(Victoria)",2026-07-03T23:10:47+00:00
Grafton Arms (Victoria),"2 Strutton Ground, SW1P 2HP",🌐 https://www.greeneking.co.uk/pubs/greater-london/grafton-arms 🍽️ Food available 🍹 Cocktails available ⚽ Live sports shown,51.4975,-0.134059,3,MADRI,£6.95,6.95,"https://www.pint-prices.com/pub/2%20Strutton%20Ground,%20SW1P%202HP/Grafton%20Arms%20(Victoria)",2026-07-03T23:10:47+00:00
Grafton Arms (Victoria),"2 Strutton Ground, SW1P 2HP",🌐 https://www.greeneking.co.uk/pubs/greater-london/grafton-arms 🍽️ Food available 🍹 Cocktails available ⚽ Live sports shown,51.4975,-0.134059,4,BIRRA MORETTI,£7.00,7.0,"https://www.pint-prices.com/pub/2%20Strutton%20Ground,%20SW1P%202HP/Grafton%20Arms%20(Victoria)",2026-07-03T23:10:47+00:00
Grafton Arms (Victoria),"2 Strutton Ground, SW1P 2HP",🌐 https://www.greeneking.co.uk/pubs/greater-london/grafton-arms 🍽️ Food available 🍹 Cocktails available ⚽ Live sports shown,51.4975,-0.134059,5,PERONI,£7.25,7.25,"https://www.pint-prices.com/pub/2%20Strutton%20Ground,%20SW1P%202HP/Grafton%20Arms%20(Victoria)",2026-07-03T23:10:47+00:00
Grafton Arms (Victoria),"2 Strutton Ground, SW1P 2HP",🌐 https://www.greeneking.co.uk/pubs/greater-london/grafton-arms 🍽️ Food available 🍹 Cocktails available ⚽ Live sports shown,51.4975,-0.134059,6,NECK OIL,£7.30,7.3,"https://www.pint-prices.com/pub/2%20Strutton%20Ground,%20SW1P%202HP/Grafton%20Arms%20(Victoria)",2026-07-03T23:10:47+00:00
The Yorkshire Grey,"2 Theobalds Rd, London WC1X 8PN",🍽️ Food available 🍹 Cocktails available ⚽ Live sports shown,51.5216,-0.11359,1,ASAHI,£7.00,7.0,"https://www.pint-prices.com/pub/2%20Theobalds%20Rd,%20London%20WC1X%208PN/The%20Yorkshire%20Grey",2026-07-03T23:10:47+00:00
The Wheatsheaf,"2 Upper Tooting Rd, Tooting Bec, London SW17 7TS",🌐 https://www.urbanpubsandbars.com/venues/the-wheatsheaf#menus 🍽️ Food available ⚽ Live sports shown 🎸 Live music ❓ Pub quiz available,51.4357,-0.159913,1,BIRRA MORETTI,£6.80,6.8,"https://www.pint-prices.com/pub/2%20Upper%20Tooting%20Rd,%20Tooting%20Bec,%20London%20SW17%207TS/The%20Wheatsheaf",2026-07-03T23:10:47+00:00
The Stapleton Tavern,"2-4 Crouch Hill, London N4 4AU",🌐 https://stapletontavern.com/ 🍽️ Food available ⚽ Live sports shown ❓ Pub quiz available,51.5708,-0.115337,1,AMSTEL,£5.25,5.25,"https://www.pint-prices.com/pub/2-4%20Crouch%20Hill,%20London%20N4%204AU/The%20Stapleton%20Tavern",2026-07-03T23:10:47+00:00
The Friend at Hand,"2-4 Herbrand St, London WC1N 1HX",🌐 https://www.greeneking.co.uk/pubs/greater-london/friend-at-hand 🍽️ Food available 🍹 Cocktails available ⚽ Live sports shown,51.5229,-0.124576,1,AMSTEL,£5.80,5.8,"https://www.pint-prices.com/pub/2-4%20Herbrand%20St,%20London%20WC1N%201HX/The%20Friend%20at%20Hand",2026-07-03T23:10:47+00:00
Friend At Hand,"2-4 Herbrand Street, WC1N 1HX",🌐 https://www.greeneking.co.uk/pubs/greater-london/friend-at-hand 🍽️ Food available 🍹 Cocktails available ⚽ Live sports shown,51.5229,-0.124576,1,FOSTERS,£6.00,6.0,"https://www.pint-prices.com/pub/2-4%20Herbrand%20Street,%20WC1N%201HX/Friend%20At%20Hand",2026-07-03T23:10:47+00:00
Friend At Hand,"2-4 Herbrand Street, WC1N 1HX",🌐 https://www.greeneking.co.uk/pubs/greater-london/friend-at-hand 🍽️ Food available 🍹 Cocktails available ⚽ Live sports shown,51.5229,-0.124576,2,AMSTEL,£6.15,6.15,"https://www.pint-prices.com/pub/2-4%20Herbrand%20Street,%20WC1N%201HX/Friend%20At%20Hand",2026-07-03T23:10:47+00:00
Friend At Hand,"2-4 Herbrand Street, WC1N 1HX",🌐 https://www.greeneking.co.uk/pubs/greater-london/friend-at-hand 🍽️ Food available 🍹 Cocktails available ⚽ Live sports shown,51.5229,-0.124576,3,GUINNESS,£6.30,6.3,"https://www.pint-prices.com/pub/2-4%20Herbrand%20Street,%20WC1N%201HX/Friend%20At%20Hand",2026-07-03T23:10:47+00:00
Friend At Hand,"2-4 Herbrand Street, WC1N 1HX",🌐 https://www.greeneking.co.uk/pubs/greater-london/friend-at-hand 🍽️ Food available 🍹 Cocktails available ⚽ Live sports shown,51.5229,-0.124576,4,BIRRA MORETTI,£6.85,6.85,"https://www.pint-prices.com/pub/2-4%20Herbrand%20Street,%20WC1N%201HX/Friend%20At%20Hand",2026-07-03T23:10:47+00:00
Friend At Hand,"2-4 Herbrand Street, WC1N 1HX",🌐 https://www.greeneking.co.uk/pubs/greater-london/friend-at-hand 🍽️ Food available 🍹 Cocktails available ⚽ Live sports shown,51.5229,-0.124576,5,ESTRELLA,£6.90,6.9,"https://www.pint-prices.com/pub/2-4%20Herbrand%20Street,%20WC1N%201HX/Friend%20At%20Hand",2026-07-03T23:10:47+00:00
Friend At Hand,"2-4 Herbrand Street, WC1N 1HX",🌐 https://www.greeneking.co.uk/pubs/greater-london/friend-at-hand 🍽️ Food available 🍹 Cocktails available ⚽ Live sports shown,51.5229,-0.124576,6,NECK OIL,£7.35,7.35,"https://www.pint-prices.com/pub/2-4%20Herbrand%20Street,%20WC1N%201HX/Friend%20At%20Hand",2026-07-03T23:10:47+00:00
Friend At Hand,"2-4 Herbrand Street, WC1N 1HX",🌐 https://www.greeneking.co.uk/pubs/greater-london/friend-at-hand 🍽️ Food available 🍹 Cocktails available ⚽ Live sports shown,51.5229,-0.124576,7,PERONI,£7.35,7.35,"https://www.pint-prices.com/pub/2-4%20Herbrand%20Street,%20WC1N%201HX/Friend%20At%20Hand",2026-07-03T23:10:47+00:00
The William Morris - JD Wetherspoon,"2-4 King St, London W6 0DZ, UK",020 8741 7175 🌐 https://www.jdwetherspoon.com/pubs/all-pubs/england/london/the-william-morris-hammersmith 🍽️ Food available 🍹 Cocktails available ☀️ Beer garden available ⚽ Live sports shown,51.493,-0.22517,1,BUD LIGHT,£3.18,3.18,"https://www.pint-prices.com/pub/2-4%20King%20St,%20London%20W6%200DZ,%20UK/The%20William%20Morris%20-%20JD%20Wetherspoon",2026-07-03T23:10:47+00:00
The William Morris - JD Wetherspoon,"2-4 King St, London W6 0DZ, UK",020 8741 7175 🌐 https://www.jdwetherspoon.com/pubs/all-pubs/england/london/the-william-morris-hammersmith 🍽️ Food available 🍹 Cocktails available ☀️ Beer garden available ⚽ Live sports shown,51.493,-0.22517,2,CARLSBERG PILSNER,£3.66,3.66,"https://www.pint-prices.com/pub/2-4%20King%20St,%20London%20W6%200DZ,%20UK/The%20William%20Morris%20-%20JD%20Wetherspoon",2026-07-03T23:10:47+00:00
The William Morris - JD Wetherspoon,"2-4 King St, London W6 0DZ, UK",020 8741 7175 🌐 https://www.jdwetherspoon.com/pubs/all-pubs/england/london/the-william-morris-hammersmith 🍽️ Food available 🍹 Cocktails available ☀️ Beer garden available ⚽ Live sports shown,51.493,-0.22517,3,GUINNESS,£4.48,4.48,"https://www.pint-prices.com/pub/2-4%20King%20St,%20London%20W6%200DZ,%20UK/The%20William%20Morris%20-%20JD%20Wetherspoon",2026-07-03T23:10:47+00:00
The William Morris - JD Wetherspoon,"2-4 King St, London W6 0DZ, UK",020 8741 7175 🌐 https://www.jdwetherspoon.com/pubs/all-pubs/england/london/the-william-morris-hammersmith 🍽️ Food available 🍹 Cocktails available ☀️ Beer garden available ⚽ Live sports shown,51.493,-0.22517,4,CARLING,£4.83,4.83,"https://www.pint-prices.com/pub/2-4%20King%20St,%20London%20W6%200DZ,%20UK/The%20William%20Morris%20-%20JD%20Wetherspoon",2026-07-03T23:10:47+00:00
The William Morris - JD Wetherspoon,"2-4 King St, London W6 0DZ, UK",020 8741 7175 🌐 https://www.jdwetherspoon.com/pubs/all-pubs/england/london/the-william-morris-hammersmith 🍽️ Food available 🍹 Cocktails available ☀️ Beer garden available ⚽ Live sports shown,51.493,-0.22517,5,COORS,£4.83,4.83,"https://www.pint-prices.com/pub/2-4%20King%20St,%20London%20W6%200DZ,%20UK/The%20William%20Morris%20-%20JD%20Wetherspoon",2026-07-03T23:10:47+00:00
The William Morris - JD Wetherspoon,"2-4 King St, London W6 0DZ, UK",020 8741 7175 🌐 https://www.jdwetherspoon.com/pubs/all-pubs/england/london/the-william-morris-hammersmith 🍽️ Food available 🍹 Cocktails available ☀️ Beer garden available ⚽ Live sports shown,51.493,-0.22517,6,BUDWEISER,£4.91,4.91,"https://www.pint-prices.com/pub/2-4%20King%20St,%20London%20W6%200DZ,%20UK/The%20William%20Morris%20-%20JD%20Wetherspoon",2026-07-03T23:10:47+00:00
The William Morris - JD Wetherspoon,"2-4 King St, London W6 0DZ, UK",020 8741 7175 🌐 https://www.jdwetherspoon.com/pubs/all-pubs/england/london/the-william-morris-hammersmith 🍽️ Food available 🍹 Cocktails available ☀️ Beer garden available ⚽ Live sports shown,51.493,-0.22517,7,STELLA ARTOIS,£5.15,5.15,"https://www.pint-prices.com/pub/2-4%20King%20St,%20London%20W6%200DZ,%20UK/The%20William%20Morris%20-%20JD%20Wetherspoon",2026-07-03T23:10:47+00:00
The William Morris - JD Wetherspoon,"2-4 King St, London W6 0DZ, UK",020 8741 7175 🌐 https://www.jdwetherspoon.com/pubs/all-pubs/england/london/the-william-morris-hammersmith 🍽️ Food available 🍹 Cocktails available ☀️ Beer garden available ⚽ Live sports shown,51.493,-0.22517,8,CORONA,£5.26,5.26,"https://www.pint-prices.com/pub/2-4%20King%20St,%20London%20W6%200DZ,%20UK/The%20William%20Morris%20-%20JD%20Wetherspoon",2026-07-03T23:10:47+00:00
The William Morris - JD Wetherspoon,"2-4 King St, London W6 0DZ, UK",020 8741 7175 🌐 https://www.jdwetherspoon.com/pubs/all-pubs/england/london/the-william-morris-hammersmith 🍽️ Food available 🍹 Cocktails available ☀️ Beer garden available ⚽ Live sports shown,51.493,-0.22517,9,SAN MIGUEL,£5.26,5.26,"https://www.pint-prices.com/pub/2-4%20King%20St,%20London%20W6%200DZ,%20UK/The%20William%20Morris%20-%20JD%20Wetherspoon",2026-07-03T23:10:47+00:00
The William Morris - JD Wetherspoon,"2-4 King St, London W6 0DZ, UK",020 8741 7175 🌐 https://www.jdwetherspoon.com/pubs/all-pubs/england/london/the-william-morris-hammersmith 🍽️ Food available 🍹 Cocktails available ☀️ Beer garden available ⚽ Live sports shown,51.493,-0.22517,10,LEFFE BLONDE,£5.62,5.62,"https://www.pint-prices.com/pub/2-4%20King%20St,%20London%20W6%200DZ,%20UK/The%20William%20Morris%20-%20JD%20Wetherspoon",2026-07-03T23:10:47+00:00
The Old Fields,"20 Replingham Rd, London SW18 5LS",020 8874 9370 📧https://www.greeneking.co.uk/pubs/greater-london/old-fields/find-us 🍽️ Food available ☀️ Beer garden available ⚽ Live sports shown 🎸 Live music ❓ Pub quiz available,51.4446,-0.205128,1,AMSTEL,£6.10,6.1,"https://www.pint-prices.com/pub/20%20Replingham%20Rd,%20London%20SW18%205LS/The%20Old%20Fields",2026-07-03T23:10:47+00:00
Old Fields (Southfields),"20 Replingham Road, SW18 5LS",🌐 https://www.greeneking.co.uk/pubs/greater-london/old-fields 🍽️ Food available 🍹 Cocktails available ☀️ Beer garden available ⚽ Live sports shown,51.4446,-0.205128,1,AMSTEL,£6.10,6.1,"https://www.pint-prices.com/pub/20%20Replingham%20Road,%20SW18%205LS/Old%20Fields%20(Southfields)",2026-07-03T23:10:47+00:00
Old Fields (Southfields),"20 Replingham Road, SW18 5LS",🌐 https://www.greeneking.co.uk/pubs/greater-london/old-fields 🍽️ Food available 🍹 Cocktails available ☀️ Beer garden available ⚽ Live sports shown,51.4446,-0.205128,2,GUINNESS,£6.30,6.3,"https://www.pint-prices.com/pub/20%20Replingham%20Road,%20SW18%205LS/Old%20Fields%20(Southfields)",2026-07-03T23:10:47+00:00
Old Fields (Southfields),"20 Replingham Road, SW18 5LS",🌐 https://www.greeneking.co.uk/pubs/greater-london/old-fields 🍽️ Food available 🍹 Cocktails available ☀️ Beer garden available ⚽ Live sports shown,51.4446,-0.205128,3,BIRRA MORETTI,£6.90,6.9,"https://www.pint-prices.com/pub/20%20Replingham%20Road,%20SW18%205LS/Old%20Fields%20(Southfields)",2026-07-03T23:10:47+00:00
Old Fields (Southfields),"20 Replingham Road, SW18 5LS",🌐 https://www.greeneking.co.uk/pubs/greater-london/old-fields 🍽️ Food available 🍹 Cocktails available ☀️ Beer garden available ⚽ Live sports shown,51.4446,-0.205128,4,NECK OIL,£7.30,7.3,"https://www.pint-prices.com/pub/20%20Replingham%20Road,%20SW18%205LS/Old%20Fields%20(Southfields)",2026-07-03T23:10:47+00:00
Old Fields (Southfields),"20 Replingham Road, SW18 5LS",🌐 https://www.greeneking.co.uk/pubs/greater-london/old-fields 🍽️ Food available 🍹 Cocktails available ☀️ Beer garden available ⚽ Live sports shown,51.4446,-0.205128,5,PERONI,£7.30,7.3,"https://www.pint-prices.com/pub/20%20Replingham%20Road,%20SW18%205LS/Old%20Fields%20(Southfields)",2026-07-03T23:10:47+00:00
The Mitre,"20 St Mary's Grove, Richmond TW9 1UY, UK",020 8940 1336 🌐 https://www.themitretw9.co.uk/ 📧hello@themitretw9.co.uk 🍽️ Food available ☀️ Beer garden available 🎸 Live music 😎 Cool place,51.4631,-0.291475,1,GUINNESS,£6.25,6.25,"https://www.pint-prices.com/pub/20%20St%20Mary's%20Grove,%20Richmond%20TW9%201UY,%20UK/The%20Mitre",2026-07-03T23:10:47+00:00
The Mitre,"20 St Mary's Grove, Richmond TW9 1UY, UK",020 8940 1336 🌐 https://www.themitretw9.co.uk/ 📧hello@themitretw9.co.uk 🍽️ Food available ☀️ Beer garden available 🎸 Live music 😎 Cool place,51.4631,-0.291475,2,PERONI,£7.00,7.0,"https://www.pint-prices.com/pub/20%20St%20Mary's%20Grove,%20Richmond%20TW9%201UY,%20UK/The%20Mitre",2026-07-03T23:10:47+00:00
The Old Nick,"20-22 Sandland St, London WC1R 4PZ",🌐 https://www.oldnickholborn.co.uk/ 🍽️ Food available 🍹 Cocktails available,51.5191,-0.11637,1,AMSTEL,£6.05,6.05,"https://www.pint-prices.com/pub/20-22%20Sandland%20St,%20London%20WC1R%204PZ/The%20Old%20Nick",2026-07-03T23:10:47+00:00
The Regent,"201-203 Liverpool Rd, London N1 1LX, UK",020 7700 2725 🌐 http://theregentpub.com/ 📧contact@theregentpub.com 🍽️ Food available 🍹 Cocktails available ⚽ Live sports shown ❓ Pub quiz available ⏰ Happy hour,51.539,-0.106883,1,LANTERNA LAGER,£5.90,5.9,"https://www.pint-prices.com/pub/201-203%20Liverpool%20Rd,%20London%20N1%201LX,%20UK/The%20Regent",2026-07-03T23:10:47+00:00
The Regent,"201-203 Liverpool Rd, London N1 1LX, UK",020 7700 2725 🌐 http://theregentpub.com/ 📧contact@theregentpub.com 🍽️ Food available 🍹 Cocktails available ⚽ Live sports shown ❓ Pub quiz available ⏰ Happy hour,51.539,-0.106883,2,GUINNESS,£6.40,6.4,"https://www.pint-prices.com/pub/201-203%20Liverpool%20Rd,%20London%20N1%201LX,%20UK/The%20Regent",2026-07-03T23:10:47+00:00
The Regent,"201-203 Liverpool Rd, London N1 1LX, UK",020 7700 2725 🌐 http://theregentpub.com/ 📧contact@theregentpub.com 🍽️ Food available 🍹 Cocktails available ⚽ Live sports shown ❓ Pub quiz available ⏰ Happy hour,51.539,-0.106883,3,CAMDEN HELLS,£6.50,6.5,"https://www.pint-prices.com/pub/201-203%20Liverpool%20Rd,%20London%20N1%201LX,%20UK/The%20Regent",2026-07-03T23:10:47+00:00
The Regent,"201-203 Liverpool Rd, London N1 1LX, UK",020 7700 2725 🌐 http://theregentpub.com/ 📧contact@theregentpub.com 🍽️ Food available 🍹 Cocktails available ⚽ Live sports shown ❓ Pub quiz available ⏰ Happy hour,51.539,-0.106883,4,MAHOU,£7.30,7.3,"https://www.pint-prices.com/pub/201-203%20Liverpool%20Rd,%20London%20N1%201LX,%20UK/The%20Regent",2026-07-03T23:10:47+00:00
The Railway Pub Putney,"202 Upper Richmond Rd, London SW15 6TD",2081610446 🌐 https://www.urbanpubsandbars.com/venues/the-railway 🍽️ Food available 🍹 Cocktails available ☀️ Beer garden available ⚽ Live sports shown 🎸 Live music,51.461,-0.218451,1,AMSTEL,£5.60,5.6,"https://www.pint-prices.com/pub/202%20Upper%20Richmond%20Rd,%20London%20SW15%206TD/The%20Railway%20Pub%20Putney",2026-07-03T23:10:47+00:00
The Railway Pub Putney,"202 Upper Richmond Rd, London SW15 6TD",2081610446 🌐 https://www.urbanpubsandbars.com/venues/the-railway 🍽️ Food available 🍹 Cocktails available ☀️ Beer garden available ⚽ Live sports shown 🎸 Live music,51.461,-0.218451,2,GUINNESS,£6.50,6.5,"https://www.pint-prices.com/pub/202%20Upper%20Richmond%20Rd,%20London%20SW15%206TD/The%20Railway%20Pub%20Putney",2026-07-03T23:10:47+00:00
The Trinity,"202-206 Borough High St, London SE1 1JX",🌐 https://www.thetrinity.co.uk/ 🍽️ Food available 🍹 Cocktails available ⚽ Live sports shown ❓ Pub quiz available,51.5011,-0.0940767,1,AMSTEL,£5.60,5.6,"https://www.pint-prices.com/pub/202-206%20Borough%20High%20St,%20London%20SE1%201JX/The%20Trinity",2026-07-03T23:10:47+00:00
The Victoria Tavern,"203 Holloway Rd, London N7 8DL",🌐 https://frontierpubs.co.uk/pub/victoria-tavern/ 🍽️ Food available 🍹 Cocktails available 🎸 Live music,51.5508,-0.110398,1,ESTRELLA,£5.80,5.8,"https://www.pint-prices.com/pub/203%20Holloway%20Rd,%20London%20N7%208DL/The%20Victoria%20Tavern",2026-07-03T23:10:47+00:00
The Bridge,"204 Castelnau, London SW13 9DW, UK",020 8563 9811 🌐 http://www.thebridgeinbarnes.com/ 📧info@thebridgeinbarnes.co.uk 🍽️ Food available ☀️ Beer garden available ⚽ Live sports shown 🎸 Live music ❓ Pub quiz available 😎 Cool place,51.486,-0.232416,1,LONDON PRIDE,£5.55,5.55,"https://www.pint-prices.com/pub/204%20Castelnau,%20London%20SW13%209DW,%20UK/The%20Bridge",2026-07-03T23:10:47+00:00
The Bridge,"204 Castelnau, London SW13 9DW, UK",020 8563 9811 🌐 http://www.thebridgeinbarnes.com/ 📧info@thebridgeinbarnes.co.uk 🍽️ Food available ☀️ Beer garden available ⚽ Live sports shown 🎸 Live music ❓ Pub quiz available 😎 Cool place,51.486,-0.232416,2,AMSTEL,£6.00,6.0,"https://www.pint-prices.com/pub/204%20Castelnau,%20London%20SW13%209DW,%20UK/The%20Bridge",2026-07-03T23:10:47+00:00
The Bridge,"204 Castelnau, London SW13 9DW, UK",020 8563 9811 🌐 http://www.thebridgeinbarnes.com/ 📧info@thebridgeinbarnes.co.uk 🍽️ Food available ☀️ Beer garden available ⚽ Live sports shown 🎸 Live music ❓ Pub quiz available 😎 Cool place,51.486,-0.232416,3,GUINNESS,£6.70,6.7,"https://www.pint-prices.com/pub/204%20Castelnau,%20London%20SW13%209DW,%20UK/The%20Bridge",2026-07-03T23:10:47+00:00
The Bridge,"204 Castelnau, London SW13 9DW, UK",020 8563 9811 🌐 http://www.thebridgeinbarnes.com/ 📧info@thebridgeinbarnes.co.uk 🍽️ Food available ☀️ Beer garden available ⚽ Live sports shown 🎸 Live music ❓ Pub quiz available 😎 Cool place,51.486,-0.232416,4,BIRRA MORETTI,£7.00,7.0,"https://www.pint-prices.com/pub/204%20Castelnau,%20London%20SW13%209DW,%20UK/The%20Bridge",2026-07-03T23:10:47+00:00
The Bridge,"204 Castelnau, London SW13 9DW, UK",020 8563 9811 🌐 http://www.thebridgeinbarnes.com/ 📧info@thebridgeinbarnes.co.uk 🍽️ Food available ☀️ Beer garden available ⚽ Live sports shown 🎸 Live music ❓ Pub quiz available 😎 Cool place,51.486,-0.232416,5,NECK OIL,£7.00,7.0,"https://www.pint-prices.com/pub/204%20Castelnau,%20London%20SW13%209DW,%20UK/The%20Bridge",2026-07-03T23:10:47+00:00
The Greyhound - JD Wetherspoon,"205 High St, Bromley BR1 1NY, UK",020 8315 0250 🌐 https://www.jdwetherspoon.com/pubs/all-pubs/england/london/the-greyhound-bromley 🍽️ Food available,51.4065,0.0133752,1,BUD LIGHT,£2.55,2.55,"https://www.pint-prices.com/pub/205%20High%20St,%20Bromley%20BR1%201NY,%20UK/The%20Greyhound%20-%20JD%20Wetherspoon",2026-07-03T23:10:47+00:00
The Greyhound - JD Wetherspoon,"205 High St, Bromley BR1 1NY, UK",020 8315 0250 🌐 https://www.jdwetherspoon.com/pubs/all-pubs/england/london/the-greyhound-bromley 🍽️ Food available,51.4065,0.0133752,2,CARLSBERG PILSNER,£2.83,2.83,"https://www.pint-prices.com/pub/205%20High%20St,%20Bromley%20BR1%201NY,%20UK/The%20Greyhound%20-%20JD%20Wetherspoon",2026-07-03T23:10:47+00:00
The Greyhound - JD Wetherspoon,"205 High St, Bromley BR1 1NY, UK",020 8315 0250 🌐 https://www.jdwetherspoon.com/pubs/all-pubs/england/london/the-greyhound-bromley 🍽️ Food available,51.4065,0.0133752,3,BUDWEISER,£3.84,3.84,"https://www.pint-prices.com/pub/205%20High%20St,%20Bromley%20BR1%201NY,%20UK/The%20Greyhound%20-%20JD%20Wetherspoon",2026-07-03T23:10:47+00:00
The Greyhound - JD Wetherspoon,"205 High St, Bromley BR1 1NY, UK",020 8315 0250 🌐 https://www.jdwetherspoon.com/pubs/all-pubs/england/london/the-greyhound-bromley 🍽️ Food available,51.4065,0.0133752,4,CARLING,£3.88,3.88,"https://www.pint-prices.com/pub/205%20High%20St,%20Bromley%20BR1%201NY,%20UK/The%20Greyhound%20-%20JD%20Wetherspoon",2026-07-03T23:10:47+00:00
The Greyhound - JD Wetherspoon,"205 High St, Bromley BR1 1NY, UK",020 8315 0250 🌐 https://www.jdwetherspoon.com/pubs/all-pubs/england/london/the-greyhound-bromley 🍽️ Food available,51.4065,0.0133752,5,COORS,£3.88,3.88,"https://www.pint-prices.com/pub/205%20High%20St,%20Bromley%20BR1%201NY,%20UK/The%20Greyhound%20-%20JD%20Wetherspoon",2026-07-03T23:10:47+00:00
The Greyhound - JD Wetherspoon,"205 High St, Bromley BR1 1NY, UK",020 8315 0250 🌐 https://www.jdwetherspoon.com/pubs/all-pubs/england/london/the-greyhound-bromley 🍽️ Food available,51.4065,0.0133752,6,GUINNESS,£3.88,3.88,"https://www.pint-prices.com/pub/205%20High%20St,%20Bromley%20BR1%201NY,%20UK/The%20Greyhound%20-%20JD%20Wetherspoon",2026-07-03T23:10:47+00:00
The Greyhound - JD Wetherspoon,"205 High St, Bromley BR1 1NY, UK",020 8315 0250 🌐 https://www.jdwetherspoon.com/pubs/all-pubs/england/london/the-greyhound-bromley 🍽️ Food available,51.4065,0.0133752,7,STELLA ARTOIS,£4.28,4.28,"https://www.pint-prices.com/pub/205%20High%20St,%20Bromley%20BR1%201NY,%20UK/The%20Greyhound%20-%20JD%20Wetherspoon",2026-07-03T23:10:47+00:00
The Greyhound - JD Wetherspoon,"205 High St, Bromley BR1 1NY, UK",020 8315 0250 🌐 https://www.jdwetherspoon.com/pubs/all-pubs/england/london/the-greyhound-bromley 🍽️ Food available,51.4065,0.0133752,8,CORONA,£4.40,4.4,"https://www.pint-prices.com/pub/205%20High%20St,%20Bromley%20BR1%201NY,%20UK/The%20Greyhound%20-%20JD%20Wetherspoon",2026-07-03T23:10:47+00:00
The Greyhound - JD Wetherspoon,"205 High St, Bromley BR1 1NY, UK",020 8315 0250 🌐 https://www.jdwetherspoon.com/pubs/all-pubs/england/london/the-greyhound-bromley 🍽️ Food available,51.4065,0.0133752,9,SAN MIGUEL,£4.40,4.4,"https://www.pint-prices.com/pub/205%20High%20St,%20Bromley%20BR1%201NY,%20UK/The%20Greyhound%20-%20JD%20Wetherspoon",2026-07-03T23:10:47+00:00
The Greyhound - JD Wetherspoon,"205 High St, Bromley BR1 1NY, UK",020 8315 0250 🌐 https://www.jdwetherspoon.com/pubs/all-pubs/england/london/the-greyhound-bromley 🍽️ Food available,51.4065,0.0133752,10,LEFFE BLONDE,£4.73,4.73,"https://www.pint-prices.com/pub/205%20High%20St,%20Bromley%20BR1%201NY,%20UK/The%20Greyhound%20-%20JD%20Wetherspoon",2026-07-03T23:10:47+00:00
Old Swan (Kensington),"206 Kensington Church Street, W8 4DP",🌐 https://www.greeneking.co.uk/pubs/greater-london/old-swan 🍽️ Food available 🍹 Cocktails available ⚽ Live sports shown,51.509,-0.195021,1,AMSTEL,£6.30,6.3,"https://www.pint-prices.com/pub/206%20Kensington%20Church%20Street,%20W8%204DP/Old%20Swan%20(Kensington)",2026-07-03T23:10:47+00:00
Old Swan (Kensington),"206 Kensington Church Street, W8 4DP",🌐 https://www.greeneking.co.uk/pubs/greater-london/old-swan 🍽️ Food available 🍹 Cocktails available ⚽ Live sports shown,51.509,-0.195021,2,GUINNESS,£6.45,6.45,"https://www.pint-prices.com/pub/206%20Kensington%20Church%20Street,%20W8%204DP/Old%20Swan%20(Kensington)",2026-07-03T23:10:47+00:00
Old Swan (Kensington),"206 Kensington Church Street, W8 4DP",🌐 https://www.greeneking.co.uk/pubs/greater-london/old-swan 🍽️ Food available 🍹 Cocktails available ⚽ Live sports shown,51.509,-0.195021,3,ESTRELLA,£7.15,7.15,"https://www.pint-prices.com/pub/206%20Kensington%20Church%20Street,%20W8%204DP/Old%20Swan%20(Kensington)",2026-07-03T23:10:47+00:00
Old Swan (Kensington),"206 Kensington Church Street, W8 4DP",🌐 https://www.greeneking.co.uk/pubs/greater-london/old-swan 🍽️ Food available 🍹 Cocktails available ⚽ Live sports shown,51.509,-0.195021,4,BIRRA MORETTI,£7.15,7.15,"https://www.pint-prices.com/pub/206%20Kensington%20Church%20Street,%20W8%204DP/Old%20Swan%20(Kensington)",2026-07-03T23:10:47+00:00
Old Swan (Kensington),"206 Kensington Church Street, W8 4DP",🌐 https://www.greeneking.co.uk/pubs/greater-london/old-swan 🍽️ Food available 🍹 Cocktails available ⚽ Live sports shown,51.509,-0.195021,5,PERONI,£7.40,7.4,"https://www.pint-prices.com/pub/206%20Kensington%20Church%20Street,%20W8%204DP/Old%20Swan%20(Kensington)",2026-07-03T23:10:47+00:00
Old Swan (Kensington),"206 Kensington Church Street, W8 4DP",🌐 https://www.greeneking.co.uk/pubs/greater-london/old-swan 🍽️ Food available 🍹 Cocktails available ⚽ Live sports shown,51.509,-0.195021,6,NECK OIL,£7.55,7.55,"https://www.pint-prices.com/pub/206%20Kensington%20Church%20Street,%20W8%204DP/Old%20Swan%20(Kensington)",2026-07-03T23:10:47+00:00
Hope & Anchor,"207 Upper St, London N1 1RL",🌐 https://hopeandanchor.info/ 🍽️ Food available ☀️ Beer garden available 🎸 Live music,51.5433,-0.103518,1,CAMDEN HELLS,£6.45,6.45,"https://www.pint-prices.com/pub/207%20Upper%20St,%20London%20N1%201RL/Hope%20%26%20Anchor",2026-07-03T23:10:47+00:00
Hope & Anchor,"207 Upper Street, N1 1RL",🌐 https://www.greeneking.co.uk/pubs/greater-london/hope-and-anchor 🍽️ Food available 🍹 Cocktails available 🎸 Live music,51.5433,-0.103518,1,AMSTEL,£5.90,5.9,"https://www.pint-prices.com/pub/207%20Upper%20Street,%20N1%201RL/Hope%20%26%20Anchor",2026-07-03T23:10:47+00:00
Hope & Anchor,"207 Upper Street, N1 1RL",🌐 https://www.greeneking.co.uk/pubs/greater-london/hope-and-anchor 🍽️ Food available 🍹 Cocktails available 🎸 Live music,51.5433,-0.103518,2,GUINNESS,£6.10,6.1,"https://www.pint-prices.com/pub/207%20Upper%20Street,%20N1%201RL/Hope%20%26%20Anchor",2026-07-03T23:10:47+00:00
Hope & Anchor,"207 Upper Street, N1 1RL",🌐 https://www.greeneking.co.uk/pubs/greater-london/hope-and-anchor 🍽️ Food available 🍹 Cocktails available 🎸 Live music,51.5433,-0.103518,3,PERONI,£7.10,7.1,"https://www.pint-prices.com/pub/207%20Upper%20Street,%20N1%201RL/Hope%20%26%20Anchor",2026-07-03T23:10:47+00:00
The Blackbird,"209 Earls Court Road, London SW5 9AN",🌐 https://www.blackbirdearlscourt.co.uk/ 🍽️ Food available 🍹 Cocktails available,51.4918,-0.192143,1,AMSTEL,£5.85,5.85,"https://www.pint-prices.com/pub/209%20Earls%20Court%20Road,%20London%20SW5%209AN/The%20Blackbird",2026-07-03T23:10:47+00:00
The Spit & Sawdust,"21 Bartholomew St, London SE1 4AL",🌐 https://www.spitandsawdust.pub/ 🍽️ Food available ☀️ Beer garden available 🎸 Live music,51.4949,-0.0887035,1,UTOPIAN LAGER,£6.20,6.2,"https://www.pint-prices.com/pub/21%20Bartholomew%20St,%20London%20SE1%204AL/The%20Spit%20%26%20Sawdust",2026-07-03T23:10:47+00:00
The Marquis of Wellington,"21 Druid St, London SE1 2HH",🍽️ Food available 🍹 Cocktails available ☀️ Beer garden available ⚽ Live sports shown ⏰ Happy hour,51.4991,-0.073671,1,AMSTEL,£6.20,6.2,"https://www.pint-prices.com/pub/21%20Druid%20St,%20London%20SE1%202HH/The%20Marquis%20of%20Wellington",2026-07-03T23:10:47+00:00
Swan London,"21 New Globe Walk, Bankside, London SE1 9DT, UK",020 7928 9444 🌐 https://www.swanlondon.co.uk/?utm_source=google&utm_medium=local&utm_campaign=1&utm_content=primary 📧reservations@swanlondon.co.uk 🍽️ Food available 🍹 Cocktails available,51.5083,-0.096599,1,SAXON LAGER,£6.50,6.5,"https://www.pint-prices.com/pub/21%20New%20Globe%20Walk,%20Bankside,%20London%20SE1%209DT,%20UK/Swan%20London",2026-07-03T23:10:47+00:00
Swan London,"21 New Globe Walk, Bankside, London SE1 9DT, UK",020 7928 9444 🌐 https://www.swanlondon.co.uk/?utm_source=google&utm_medium=local&utm_campaign=1&utm_content=primary 📧reservations@swanlondon.co.uk 🍽️ Food available 🍹 Cocktails available,51.5083,-0.096599,2,CRAZY HORSE APA,£6.50,6.5,"https://www.pint-prices.com/pub/21%20New%20Globe%20Walk,%20Bankside,%20London%20SE1%209DT,%20UK/Swan%20London",2026-07-03T23:10:47+00:00
The Maxwell,"21 Station Rd, Orpington BR6 0RZ",🍽️ Food available ☀️ Beer garden available,51.3726,0.0946226,1,GUINNESS,£5.00,5.0,"https://www.pint-prices.com/pub/21%20Station%20Rd,%20Orpington%20BR6%200RZ/The%20Maxwell",2026-07-03T23:10:47+00:00
The Woodins Shades,"212 Bishopsgate, London EC2M 4PT",🌐 https://www.nicholsonspubs.co.uk/restaurants/london/thewoodinsshadesbishopsgatelondon#/ 🍽️ Food available ⚽ Live sports shown,51.5182,-0.079367,1,AMSTEL,£6.30,6.3,"https://www.pint-prices.com/pub/212%20Bishopsgate,%20London%20EC2M%204PT/The%20Woodins%20Shades",2026-07-03T23:10:47+00:00
The Commercial,"212 Railton Rd, London SE24 0JT, UK",020 7733 8783 🌐 https://www.thecommercialhernehill.co.uk/?utm_source=google&utm_medium=organic&utm_campaign=gmb 🍽️ Food available 🍹 Cocktails available ☀️ Beer garden available ⚽ Live sports shown 🎸 Live music ❓ Pub quiz available,51.453,-0.102634,1,MADRI,£6.50,6.5,"https://www.pint-prices.com/pub/212%20Railton%20Rd,%20London%20SE24%200JT,%20UK/The%20Commercial",2026-07-03T23:10:47+00:00
The Half Moon - JD Wetherspoon,"213-223 Mile End Rd, Bethnal Green, London E1 4AA, UK",020 7790 6810 🌐 https://www.jdwetherspoon.com/pubs/all-pubs/england/london/the-half-moon-mile-end 🍽️ Food available 🍹 Cocktails available ⚽ Live sports shown,51.5222,-0.0454656,1,BUD LIGHT,£2.66,2.66,"https://www.pint-prices.com/pub/213-223%20Mile%20End%20Rd,%20Bethnal%20Green,%20London%20E1%204AA,%20UK/The%20Half%20Moon%20-%20JD%20Wetherspoon",2026-07-03T23:10:47+00:00
The Half Moon - JD Wetherspoon,"213-223 Mile End Rd, Bethnal Green, London E1 4AA, UK",020 7790 6810 🌐 https://www.jdwetherspoon.com/pubs/all-pubs/england/london/the-half-moon-mile-end 🍽️ Food available 🍹 Cocktails available ⚽ Live sports shown,51.5222,-0.0454656,2,GUINNESS,£3.09,3.09,"https://www.pint-prices.com/pub/213-223%20Mile%20End%20Rd,%20Bethnal%20Green,%20London%20E1%204AA,%20UK/The%20Half%20Moon%20-%20JD%20Wetherspoon",2026-07-03T23:10:47+00:00
The Half Moon - JD Wetherspoon,"213-223 Mile End Rd, Bethnal Green, London E1 4AA, UK",020 7790 6810 🌐 https://www.jdwetherspoon.com/pubs/all-pubs/england/london/the-half-moon-mile-end 🍽️ Food available 🍹 Cocktails available ⚽ Live sports shown,51.5222,-0.0454656,3,CARLSBERG PILSNER,£3.45,3.45,"https://www.pint-prices.com/pub/213-223%20Mile%20End%20Rd,%20Bethnal%20Green,%20London%20E1%204AA,%20UK/The%20Half%20Moon%20-%20JD%20Wetherspoon",2026-07-03T23:10:47+00:00
The Half Moon - JD Wetherspoon,"213-223 Mile End Rd, Bethnal Green, London E1 4AA, UK",020 7790 6810 🌐 https://www.jdwetherspoon.com/pubs/all-pubs/england/london/the-half-moon-mile-end 🍽️ Food available 🍹 Cocktails available ⚽ Live sports shown,51.5222,-0.0454656,4,CARLING,£3.49,3.49,"https://www.pint-prices.com/pub/213-223%20Mile%20End%20Rd,%20Bethnal%20Green,%20London%20E1%204AA,%20UK/The%20Half%20Moon%20-%20JD%20Wetherspoon",2026-07-03T23:10:47+00:00
The Half Moon - JD Wetherspoon,"213-223 Mile End Rd, Bethnal Green, London E1 4AA, UK",020 7790 6810 🌐 https://www.jdwetherspoon.com/pubs/all-pubs/england/london/the-half-moon-mile-end 🍽️ Food available 🍹 Cocktails available ⚽ Live sports shown,51.5222,-0.0454656,5,COORS,£3.49,3.49,"https://www.pint-prices.com/pub/213-223%20Mile%20End%20Rd,%20Bethnal%20Green,%20London%20E1%204AA,%20UK/The%20Half%20Moon%20-%20JD%20Wetherspoon",2026-07-03T23:10:47+00:00
The Half Moon - JD Wetherspoon,"213-223 Mile End Rd, Bethnal Green, London E1 4AA, UK",020 7790 6810 🌐 https://www.jdwetherspoon.com/pubs/all-pubs/england/london/the-half-moon-mile-end 🍽️ Food available 🍹 Cocktails available ⚽ Live sports shown,51.5222,-0.0454656,6,BUDWEISER,£3.61,3.61,"https://www.pint-prices.com/pub/213-223%20Mile%20End%20Rd,%20Bethnal%20Green,%20London%20E1%204AA,%20UK/The%20Half%20Moon%20-%20JD%20Wetherspoon",2026-07-03T23:10:47+00:00
The Half Moon - JD Wetherspoon,"213-223 Mile End Rd, Bethnal Green, London E1 4AA, UK",020 7790 6810 🌐 https://www.jdwetherspoon.com/pubs/all-pubs/england/london/the-half-moon-mile-end 🍽️ Food available 🍹 Cocktails available ⚽ Live sports shown,51.5222,-0.0454656,7,STELLA ARTOIS,£4.73,4.73,"https://www.pint-prices.com/pub/213-223%20Mile%20End%20Rd,%20Bethnal%20Green,%20London%20E1%204AA,%20UK/The%20Half%20Moon%20-%20JD%20Wetherspoon",2026-07-03T23:10:47+00:00
The Half Moon - JD Wetherspoon,"213-223 Mile End Rd, Bethnal Green, London E1 4AA, UK",020 7790 6810 🌐 https://www.jdwetherspoon.com/pubs/all-pubs/england/london/the-half-moon-mile-end 🍽️ Food available 🍹 Cocktails available ⚽ Live sports shown,51.5222,-0.0454656,8,CORONA,£4.84,4.84,"https://www.pint-prices.com/pub/213-223%20Mile%20End%20Rd,%20Bethnal%20Green,%20London%20E1%204AA,%20UK/The%20Half%20Moon%20-%20JD%20Wetherspoon",2026-07-03T23:10:47+00:00
The Half Moon - JD Wetherspoon,"213-223 Mile End Rd, Bethnal Green, London E1 4AA, UK",020 7790 6810 🌐 https://www.jdwetherspoon.com/pubs/all-pubs/england/london/the-half-moon-mile-end 🍽️ Food available 🍹 Cocktails available ⚽ Live sports shown,51.5222,-0.0454656,9,SAN MIGUEL,£4.84,4.84,"https://www.pint-prices.com/pub/213-223%20Mile%20End%20Rd,%20Bethnal%20Green,%20London%20E1%204AA,%20UK/The%20Half%20Moon%20-%20JD%20Wetherspoon",2026-07-03T23:10:47+00:00
The Half Moon - JD Wetherspoon,"213-223 Mile End Rd, Bethnal Green, London E1 4AA, UK",020 7790 6810 🌐 https://www.jdwetherspoon.com/pubs/all-pubs/england/london/the-half-moon-mile-end 🍽️ Food available 🍹 Cocktails available ⚽ Live sports shown,51.5222,-0.0454656,10,LEFFE BLONDE,£5.18,5.18,"https://www.pint-prices.com/pub/213-223%20Mile%20End%20Rd,%20Bethnal%20Green,%20London%20E1%204AA,%20UK/The%20Half%20Moon%20-%20JD%20Wetherspoon",2026-07-03T23:10:47+00:00
Drink At Bob's,"214 Hither Green Ln, London SE13 6RT, UK",07938 399095 🍽️ Food available 🍹 Cocktails available 🎸 Live music,51.4509,-0.006252,1,HOUSE LAGER,£5.00,5.0,"https://www.pint-prices.com/pub/214%20Hither%20Green%20Ln,%20London%20SE13%206RT,%20UK/Drink%20At%20Bob's",2026-07-03T23:10:47+00:00
The Eagle,"215 Askew Rd, London W12 9AZ, UK",020 8746 0046 🌐 https://www.theeaglew12.co.uk/ 🍽️ Food available 🍹 Cocktails available ☀️ Beer garden available ⚽ Live sports shown ❓ Pub quiz available 😎 Cool place,51.5006,-0.239333,1,PRAVHA,£5.90,5.9,"https://www.pint-prices.com/pub/215%20Askew%20Rd,%20London%20W12%209AZ,%20UK/The%20Eagle",2026-07-03T23:10:47+00:00
The Farriers Arms,"215 Lower Rd, London SE8 5DJ",🌐 https://thefarriersarmspub.co.uk/ ☀️ Beer garden available ⚽ Live sports shown 🎯 Darts available 🎱 Pool available,51.4926,-0.045719,1,MADRI,£5.10,5.1,"https://www.pint-prices.com/pub/215%20Lower%20Rd,%20London%20SE8%205DJ/The%20Farriers%20Arms",2026-07-03T23:10:47+00:00
The Princess Alexandra,"219 Barking Rd, London E16 4HH",☀️ Beer garden available ⚽ Live sports shown 🎸 Live music,51.5195,0.0160202,1,FOSTERS,£4.00,4.0,"https://www.pint-prices.com/pub/219%20Barking%20Rd,%20London%20E16%204HH/The%20Princess%20Alexandra",2026-07-03T23:10:47+00:00
Sir Sydney Smith,"22 Dock St, Tower Hill, London E1 8JP",🌐 https://www.sirsydneysmith.com/ 🍽️ Food available 🎯 Darts available,51.5099,-0.068273,1,GUINNESS,£5.80,5.8,"https://www.pint-prices.com/pub/22%20Dock%20St,%20Tower%20Hill,%20London%20E1%208JP/Sir%20Sydney%20Smith",2026-07-03T23:10:47+00:00
Sir Sydney Smith,"22 Dock St, Tower Hill, London E1 8JP",🌐 https://www.sirsydneysmith.com/ 🍽️ Food available 🎯 Darts available,51.5099,-0.068273,2,CAMDEN HELLS,£5.90,5.9,"https://www.pint-prices.com/pub/22%20Dock%20St,%20Tower%20Hill,%20London%20E1%208JP/Sir%20Sydney%20Smith",2026-07-03T23:10:47+00:00
Sir Sydney Smith,"22 Dock St, Tower Hill, London E1 8JP",🌐 https://www.sirsydneysmith.com/ 🍽️ Food available 🎯 Darts available,51.5099,-0.068273,3,ESTRELLA GALICIA,£6.00,6.0,"https://www.pint-prices.com/pub/22%20Dock%20St,%20Tower%20Hill,%20London%20E1%208JP/Sir%20Sydney%20Smith",2026-07-03T23:10:47+00:00
Sir Sydney Smith,"22 Dock St, Tower Hill, London E1 8JP",🌐 https://www.sirsydneysmith.com/ 🍽️ Food available 🎯 Darts available,51.5099,-0.068273,4,NECK OIL,£6.40,6.4,"https://www.pint-prices.com/pub/22%20Dock%20St,%20Tower%20Hill,%20London%20E1%208JP/Sir%20Sydney%20Smith",2026-07-03T23:10:47+00:00
Ye Olde Cock Tavern,"22 Fleet Street, EC4Y 1AA",🌐 https://www.greeneking.co.uk/pubs/greater-london/ye-olde-cock-tavern 🍽️ Food available 🍹 Cocktails available,51.5137,-0.110492,1,GUINNESS,£6.35,6.35,"https://www.pint-prices.com/pub/22%20Fleet%20Street,%20EC4Y%201AA/Ye%20Olde%20Cock%20Tavern",2026-07-03T23:10:47+00:00
Ye Olde Cock Tavern,"22 Fleet Street, EC4Y 1AA",🌐 https://www.greeneking.co.uk/pubs/greater-london/ye-olde-cock-tavern 🍽️ Food available 🍹 Cocktails available,51.5137,-0.110492,2,NECK OIL,£6.40,6.4,"https://www.pint-prices.com/pub/22%20Fleet%20Street,%20EC4Y%201AA/Ye%20Olde%20Cock%20Tavern",2026-07-03T23:10:47+00:00
Ye Olde Cock Tavern,"22 Fleet Street, EC4Y 1AA",🌐 https://www.greeneking.co.uk/pubs/greater-london/ye-olde-cock-tavern 🍽️ Food available 🍹 Cocktails available,51.5137,-0.110492,3,MADRI,£6.60,6.6,"https://www.pint-prices.com/pub/22%20Fleet%20Street,%20EC4Y%201AA/Ye%20Olde%20Cock%20Tavern",2026-07-03T23:10:47+00:00
Ye Olde Cock Tavern,"22 Fleet Street, EC4Y 1AA",🌐 https://www.greeneking.co.uk/pubs/greater-london/ye-olde-cock-tavern 🍽️ Food available 🍹 Cocktails available,51.5137,-0.110492,4,ESTRELLA,£6.90,6.9,"https://www.pint-prices.com/pub/22%20Fleet%20Street,%20EC4Y%201AA/Ye%20Olde%20Cock%20Tavern",2026-07-03T23:10:47+00:00
Ye Olde Cock Tavern,"22 Fleet Street, EC4Y 1AA",🌐 https://www.greeneking.co.uk/pubs/greater-london/ye-olde-cock-tavern 🍽️ Food available 🍹 Cocktails available,51.5137,-0.110492,5,BIRRA MORETTI,£7.00,7.0,"https://www.pint-prices.com/pub/22%20Fleet%20Street,%20EC4Y%201AA/Ye%20Olde%20Cock%20Tavern",2026-07-03T23:10:47+00:00
Ye Olde Cock Tavern,"22 Fleet Street, EC4Y 1AA",🌐 https://www.greeneking.co.uk/pubs/greater-london/ye-olde-cock-tavern 🍽️ Food available 🍹 Cocktails available,51.5137,-0.110492,6,PERONI,£7.25,7.25,"https://www.pint-prices.com/pub/22%20Fleet%20Street,%20EC4Y%201AA/Ye%20Olde%20Cock%20Tavern",2026-07-03T23:10:47+00:00
Shepherd and Flock,"22 Moor Park Ln, Farnham GU9 9JB",🌐 https://theshepherdandflock.com/# 🍽️ Food available ☀️ Beer garden available,51.2196,-0.779403,1,FOSTERS,£4.30,4.3,"https://www.pint-prices.com/pub/22%20Moor%20Park%20Ln,%20Farnham%20GU9%209JB/Shepherd%20and%20Flock",2026-07-03T23:10:47+00:00
The Dog & Duck,"222 Chingford Rd, London E17 5AL, UK",020 8523 3111 🌐 https://www.dogandduck-e17.co.uk/ 📧dogandduckeast17@gmail.com 🍽️ Food available ☀️ Beer garden available ❓ Pub quiz available,51.5977,-0.0150991,1,BECKS,£5.20,5.2,"https://www.pint-prices.com/pub/222%20Chingford%20Rd,%20London%20E17%205AL,%20UK/The%20Dog%20%26%20Duck",2026-07-03T23:10:47+00:00
The Dog & Duck,"222 Chingford Rd, London E17 5AL, UK",020 8523 3111 🌐 https://www.dogandduck-e17.co.uk/ 📧dogandduckeast17@gmail.com 🍽️ Food available ☀️ Beer garden available ❓ Pub quiz available,51.5977,-0.0150991,2,CORONA,£5.40,5.4,"https://www.pint-prices.com/pub/222%20Chingford%20Rd,%20London%20E17%205AL,%20UK/The%20Dog%20%26%20Duck",2026-07-03T23:10:47+00:00
The Dog & Duck,"222 Chingford Rd, London E17 5AL, UK",020 8523 3111 🌐 https://www.dogandduck-e17.co.uk/ 📧dogandduckeast17@gmail.com 🍽️ Food available ☀️ Beer garden available ❓ Pub quiz available,51.5977,-0.0150991,3,STELLA ARTOIS,£5.70,5.7,"https://www.pint-prices.com/pub/222%20Chingford%20Rd,%20London%20E17%205AL,%20UK/The%20Dog%20%26%20Duck",2026-07-03T23:10:47+00:00
The Woodman Pub,"222 Durnsford Rd, London SW19 8DR",020 8286 4158 🌐 https://www.thewoodman.co/ 📧woodmansw19@gmail.com 🍽️ Food available 🍹 Cocktails available ☀️ Beer garden available ⚽ Live sports shown ⏰ Happy hour,51.4347,-0.196361,1,CORONA,£4.50,4.5,"https://www.pint-prices.com/pub/222%20Durnsford%20Rd,%20London%20SW19%208DR/The%20Woodman%20Pub",2026-07-03T23:10:47+00:00
The Woodman Pub,"222 Durnsford Rd, London SW19 8DR",020 8286 4158 🌐 https://www.thewoodman.co/ 📧woodmansw19@gmail.com 🍽️ Food available 🍹 Cocktails available ☀️ Beer garden available ⚽ Live sports shown ⏰ Happy hour,51.4347,-0.196361,2,THE WOODMAN,£4.90,4.9,"https://www.pint-prices.com/pub/222%20Durnsford%20Rd,%20London%20SW19%208DR/The%20Woodman%20Pub",2026-07-03T23:10:47+00:00
The Woodman Pub,"222 Durnsford Rd, London SW19 8DR",020 8286 4158 🌐 https://www.thewoodman.co/ 📧woodmansw19@gmail.com 🍽️ Food available 🍹 Cocktails available ☀️ Beer garden available ⚽ Live sports shown ⏰ Happy hour,51.4347,-0.196361,3,STELLA ARTOIS,£5.60,5.6,"https://www.pint-prices.com/pub/222%20Durnsford%20Rd,%20London%20SW19%208DR/The%20Woodman%20Pub",2026-07-03T23:10:47+00:00
The Woodman Pub,"222 Durnsford Rd, London SW19 8DR",020 8286 4158 🌐 https://www.thewoodman.co/ 📧woodmansw19@gmail.com 🍽️ Food available 🍹 Cocktails available ☀️ Beer garden available ⚽ Live sports shown ⏰ Happy hour,51.4347,-0.196361,4,MADRI,£5.70,5.7,"https://www.pint-prices.com/pub/222%20Durnsford%20Rd,%20London%20SW19%208DR/The%20Woodman%20Pub",2026-07-03T23:10:47+00:00
The Queens Head,"222 Shoreditch High St, London E1 6PJ",🌐 https://www.urbanpubsandbars.com/venues/queens-head-shoreditch 🍽️ Food available 🍹 Cocktails available ⚽ Live sports shown 🎸 Live music,51.5227,-0.0780131,1,BIRRA MORETTI,£6.20,6.2,"https://www.pint-prices.com/pub/222%20Shoreditch%20High%20St,%20London%20E1%206PJ/The%20Queens%20Head",2026-07-03T23:10:47+00:00
The Crown,"223 Grove Rd., London E3 5SN",🌐 https://www.thecrownbow.co.uk/ 🍽️ Food available 🍹 Cocktails available ☀️ Beer garden available ⚽ Live sports shown,51.533,-0.0417301,1,PRAVHA,£5.90,5.9,"https://www.pint-prices.com/pub/223%20Grove%20Rd.,%20London%20E3%205SN/The%20Crown",2026-07-03T23:10:47+00:00
Ramble Inn,"223 Mitcham Rd, London SW17 9JG",☀️ Beer garden available,51.4227,-0.160098,1,GUINNESS,£4.90,4.9,"https://www.pint-prices.com/pub/223%20Mitcham%20Rd,%20London%20SW17%209JG/Ramble%20Inn",2026-07-03T23:10:47+00:00
The Elephants Head,"224 Camden High St, London NW1 8QR, UK",020 3643 3965 🌐 http://www.elephantsheadcamden.com/ 📧info@elephantsheadcamden.com ⚽ Live sports shown 😎 Cool place,51.5407,-0.143967,1,FOSTERS,£5.00,5.0,"https://www.pint-prices.com/pub/224%20Camden%20High%20St,%20London%20NW1%208QR,%20UK/The%20Elephants%20Head",2026-07-03T23:10:47+00:00
The Elephants Head,"224 Camden High St, London NW1 8QR, UK",020 3643 3965 🌐 http://www.elephantsheadcamden.com/ 📧info@elephantsheadcamden.com ⚽ Live sports shown 😎 Cool place,51.5407,-0.143967,2,LONDON PRIDE,£5.15,5.15,"https://www.pint-prices.com/pub/224%20Camden%20High%20St,%20London%20NW1%208QR,%20UK/The%20Elephants%20Head",2026-07-03T23:10:47+00:00
The Elephants Head,"224 Camden High St, London NW1 8QR, UK",020 3643 3965 🌐 http://www.elephantsheadcamden.com/ 📧info@elephantsheadcamden.com ⚽ Live sports shown 😎 Cool place,51.5407,-0.143967,3,AMSTEL,£5.45,5.45,"https://www.pint-prices.com/pub/224%20Camden%20High%20St,%20London%20NW1%208QR,%20UK/The%20Elephants%20Head",2026-07-03T23:10:47+00:00
The Elephants Head,"224 Camden High St, London NW1 8QR, UK",020 3643 3965 🌐 http://www.elephantsheadcamden.com/ 📧info@elephantsheadcamden.com ⚽ Live sports shown 😎 Cool place,51.5407,-0.143967,4,GUINNESS,£6.15,6.15,"https://www.pint-prices.com/pub/224%20Camden%20High%20St,%20London%20NW1%208QR,%20UK/The%20Elephants%20Head",2026-07-03T23:10:47+00:00
The Elephants Head,"224 Camden High St, London NW1 8QR, UK",020 3643 3965 🌐 http://www.elephantsheadcamden.com/ 📧info@elephantsheadcamden.com ⚽ Live sports shown 😎 Cool place,51.5407,-0.143967,5,PERONI,£6.45,6.45,"https://www.pint-prices.com/pub/224%20Camden%20High%20St,%20London%20NW1%208QR,%20UK/The%20Elephants%20Head",2026-07-03T23:10:47+00:00
The Elephants Head,"224 Camden High St, London NW1 8QR, UK",020 3643 3965 🌐 http://www.elephantsheadcamden.com/ 📧info@elephantsheadcamden.com ⚽ Live sports shown 😎 Cool place,51.5407,-0.143967,6,ASAHI,£6.45,6.45,"https://www.pint-prices.com/pub/224%20Camden%20High%20St,%20London%20NW1%208QR,%20UK/The%20Elephants%20Head",2026-07-03T23:10:47+00:00
The Elephants Head,"224 Camden High St, London NW1 8QR, UK",020 3643 3965 🌐 http://www.elephantsheadcamden.com/ 📧info@elephantsheadcamden.com ⚽ Live sports shown 😎 Cool place,51.5407,-0.143967,7,NECK OIL,£6.70,6.7,"https://www.pint-prices.com/pub/224%20Camden%20High%20St,%20London%20NW1%208QR,%20UK/The%20Elephants%20Head",2026-07-03T23:10:47+00:00
Duke of Cambridge,"228 Battersea Bridge Rd, London SW11 3AA",2072235662 🌐 https://www.thedukeofcambridge.com/ 🍽️ Food available 🍹 Cocktails available ⚽ Live sports shown ❓ Pub quiz available,51.4729,-0.166067,1,PRAVHA,£6.05,6.05,"https://www.pint-prices.com/pub/228%20Battersea%20Bridge%20Rd,%20London%20SW11%203AA/Duke%20of%20Cambridge",2026-07-03T23:10:47+00:00
Duke of Cambridge,"228 Battersea Bridge Rd, London SW11 3AA",2072235662 🌐 https://www.thedukeofcambridge.com/ 🍽️ Food available 🍹 Cocktails available ⚽ Live sports shown ❓ Pub quiz available,51.4729,-0.166067,2,GUINNESS,£6.70,6.7,"https://www.pint-prices.com/pub/228%20Battersea%20Bridge%20Rd,%20London%20SW11%203AA/Duke%20of%20Cambridge",2026-07-03T23:10:47+00:00
Finery,"23 Great Castle Street, W1G 0JA",🌐 https://www.greeneking.co.uk/pubs/greater-london/finery 🍽️ Food available 🍹 Cocktails available ☀️ Beer garden available ⚽ Live sports shown,51.5159,-0.142948,1,GUINNESS,£6.50,6.5,"https://www.pint-prices.com/pub/23%20Great%20Castle%20Street,%20W1G%200JA/Finery",2026-07-03T23:10:47+00:00
Finery,"23 Great Castle Street, W1G 0JA",🌐 https://www.greeneking.co.uk/pubs/greater-london/finery 🍽️ Food available 🍹 Cocktails available ☀️ Beer garden available ⚽ Live sports shown,51.5159,-0.142948,2,BIRRA MORETTI,£7.00,7.0,"https://www.pint-prices.com/pub/23%20Great%20Castle%20Street,%20W1G%200JA/Finery",2026-07-03T23:10:47+00:00
Finery,"23 Great Castle Street, W1G 0JA",🌐 https://www.greeneking.co.uk/pubs/greater-london/finery 🍽️ Food available 🍹 Cocktails available ☀️ Beer garden available ⚽ Live sports shown,51.5159,-0.142948,3,MADRI,£7.05,7.05,"https://www.pint-prices.com/pub/23%20Great%20Castle%20Street,%20W1G%200JA/Finery",2026-07-03T23:10:47+00:00
Finery,"23 Great Castle Street, W1G 0JA",🌐 https://www.greeneking.co.uk/pubs/greater-london/finery 🍽️ Food available 🍹 Cocktails available ☀️ Beer garden available ⚽ Live sports shown,51.5159,-0.142948,4,ESTRELLA,£7.05,7.05,"https://www.pint-prices.com/pub/23%20Great%20Castle%20Street,%20W1G%200JA/Finery",2026-07-03T23:10:47+00:00
Finery,"23 Great Castle Street, W1G 0JA",🌐 https://www.greeneking.co.uk/pubs/greater-london/finery 🍽️ Food available 🍹 Cocktails available ☀️ Beer garden available ⚽ Live sports shown,51.5159,-0.142948,5,NECK OIL,£7.40,7.4,"https://www.pint-prices.com/pub/23%20Great%20Castle%20Street,%20W1G%200JA/Finery",2026-07-03T23:10:47+00:00
Finery,"23 Great Castle Street, W1G 0JA",🌐 https://www.greeneking.co.uk/pubs/greater-london/finery 🍽️ Food available 🍹 Cocktails available ☀️ Beer garden available ⚽ Live sports shown,51.5159,-0.142948,6,PERONI,£7.40,7.4,"https://www.pint-prices.com/pub/23%20Great%20Castle%20Street,%20W1G%200JA/Finery",2026-07-03T23:10:47+00:00
The Trafalgar,"23 High Path, London SW19 2JY",020 3437 0874 📧TRAFALGARARMS@YOUNGS.CO.UK 🍽️ Food available,51.4139,-0.18919,1,YOUNG'S ORIGINAL,£5.65,5.65,"https://www.pint-prices.com/pub/23%20High%20Path,%20London%20SW19%202JY/The%20Trafalgar",2026-07-03T23:10:47+00:00
The Trafalgar,"23 High Path, London SW19 2JY",020 3437 0874 📧TRAFALGARARMS@YOUNGS.CO.UK 🍽️ Food available,51.4139,-0.18919,2,PRAVHA,£6.05,6.05,"https://www.pint-prices.com/pub/23%20High%20Path,%20London%20SW19%202JY/The%20Trafalgar",2026-07-03T23:10:47+00:00
The Trafalgar,"23 High Path, London SW19 2JY",020 3437 0874 📧TRAFALGARARMS@YOUNGS.CO.UK 🍽️ Food available,51.4139,-0.18919,3,GUINNESS,£6.60,6.6,"https://www.pint-prices.com/pub/23%20High%20Path,%20London%20SW19%202JY/The%20Trafalgar",2026-07-03T23:10:47+00:00
The Trafalgar,"23 High Path, London SW19 2JY",020 3437 0874 📧TRAFALGARARMS@YOUNGS.CO.UK 🍽️ Food available,51.4139,-0.18919,4,ESTRELLA,£6.75,6.75,"https://www.pint-prices.com/pub/23%20High%20Path,%20London%20SW19%202JY/The%20Trafalgar",2026-07-03T23:10:47+00:00
The Trafalgar,"23 High Path, London SW19 2JY",020 3437 0874 📧TRAFALGARARMS@YOUNGS.CO.UK 🍽️ Food available,51.4139,-0.18919,5,PERONI,£6.85,6.85,"https://www.pint-prices.com/pub/23%20High%20Path,%20London%20SW19%202JY/The%20Trafalgar",2026-07-03T23:10:47+00:00
The Trafalgar,"23 High Path, London SW19 2JY",020 3437 0874 📧TRAFALGARARMS@YOUNGS.CO.UK 🍽️ Food available,51.4139,-0.18919,6,NECK OIL,£7.10,7.1,"https://www.pint-prices.com/pub/23%20High%20Path,%20London%20SW19%202JY/The%20Trafalgar",2026-07-03T23:10:47+00:00
The Cock Tavern,"23 Phoenix Rd, London NW1 1HB",☀️ Beer garden available 🎯 Darts available 🎱 Pool available,51.5312,-0.131416,1,FOSTERS,£4.30,4.3,"https://www.pint-prices.com/pub/23%20Phoenix%20Rd,%20London%20NW1%201HB/The%20Cock%20Tavern",2026-07-03T23:10:47+00:00
The Phoenix,"23 Smith St, London SW3 4EW",🌐 https://www.thephoenixchelsea.co.uk/ 🍽️ Food available ❓ Pub quiz available,51.4886,-0.16263,1,ESTRELLA,£6.70,6.7,"https://www.pint-prices.com/pub/23%20Smith%20St,%20London%20SW3%204EW/The%20Phoenix",2026-07-03T23:10:47+00:00
Surrey Cricketers - Croydon,"23 West St, Croydon CR0 1DJ, UK",020 8288 1781 🍽️ Food available ⚽ Live sports shown 🎸 Live music 🎯 Darts available,51.368,-0.101489,1,HOUSE BITTER,£4.80,4.8,"https://www.pint-prices.com/pub/23%20West%20St,%20Croydon%20CR0%201DJ,%20UK/Surrey%20Cricketers%20-%20Croydon",2026-07-03T23:10:47+00:00
Surrey Cricketers - Croydon,"23 West St, Croydon CR0 1DJ, UK",020 8288 1781 🍽️ Food available ⚽ Live sports shown 🎸 Live music 🎯 Darts available,51.368,-0.101489,2,HOUSE LAGER,£5.00,5.0,"https://www.pint-prices.com/pub/23%20West%20St,%20Croydon%20CR0%201DJ,%20UK/Surrey%20Cricketers%20-%20Croydon",2026-07-03T23:10:47+00:00
The Merchant of Battersea,"23-25 Battersea Rise, London SW11 1HG",2072284187 🌐 https://www.themerchantbattersea.com/ 🍽️ Food available 🍹 Cocktails available ⚽ Live sports shown 🎸 Live music ❓ Pub quiz available,51.4608,-0.163517,1,ROSA BLANCA,£5.50,5.5,"https://www.pint-prices.com/pub/23-25%20Battersea%20Rise,%20London%20SW11%201HG/The%20Merchant%20of%20Battersea",2026-07-03T23:10:47+00:00
The Merchant of Battersea,"23-25 Battersea Rise, London SW11 1HG",2072284187 🌐 https://www.themerchantbattersea.com/ 🍽️ Food available 🍹 Cocktails available ⚽ Live sports shown 🎸 Live music ❓ Pub quiz available,51.4608,-0.163517,2,ESTRELLA,£6.00,6.0,"https://www.pint-prices.com/pub/23-25%20Battersea%20Rise,%20London%20SW11%201HG/The%20Merchant%20of%20Battersea",2026-07-03T23:10:47+00:00
The Merchant of Battersea,"23-25 Battersea Rise, London SW11 1HG",2072284187 🌐 https://www.themerchantbattersea.com/ 🍽️ Food available 🍹 Cocktails available ⚽ Live sports shown 🎸 Live music ❓ Pub quiz available,51.4608,-0.163517,3,ASAHI,£6.40,6.4,"https://www.pint-prices.com/pub/23-25%20Battersea%20Rise,%20London%20SW11%201HG/The%20Merchant%20of%20Battersea",2026-07-03T23:10:47+00:00
The Magic Garden,"231 Battersea Park Rd, London SW11 4LG",2076224844 🌐 https://www.magicgardenpub.com/ 🍽️ Food available ☀️ Beer garden available 🎸 Live music,51.4753,-0.150836,1,GUINNESS,£6.55,6.55,"https://www.pint-prices.com/pub/231%20Battersea%20Park%20Rd,%20London%20SW11%204LG/The%20Magic%20Garden",2026-07-03T23:10:47+00:00
The Magic Garden,"231 Battersea Park Rd, London SW11 4LG",2076224844 🌐 https://www.magicgardenpub.com/ 🍽️ Food available ☀️ Beer garden available 🎸 Live music,51.4753,-0.150836,2,PRAVHA,£6.95,6.95,"https://www.pint-prices.com/pub/231%20Battersea%20Park%20Rd,%20London%20SW11%204LG/The%20Magic%20Garden",2026-07-03T23:10:47+00:00
"Nags Head, Peckham","231 Rye Ln, London SE15 4TP",🌐 https://www.craftunionpubs.com/nags-head-peckham/blog 🍽️ Food available ⚽ Live sports shown 🎸 Live music,51.4671,-0.065845,1,JOHN SMITHS,£2.90,2.9,"https://www.pint-prices.com/pub/231%20Rye%20Ln,%20London%20SE15%204TP/Nags%20Head,%20Peckham",2026-07-03T23:10:47+00:00
"Nags Head, Peckham","231 Rye Ln, London SE15 4TP",🌐 https://www.craftunionpubs.com/nags-head-peckham/blog 🍽️ Food available ⚽ Live sports shown 🎸 Live music,51.4671,-0.065845,2,STRONGBOW,£3.40,3.4,"https://www.pint-prices.com/pub/231%20Rye%20Ln,%20London%20SE15%204TP/Nags%20Head,%20Peckham",2026-07-03T23:10:47+00:00
"Nags Head, Peckham","231 Rye Ln, London SE15 4TP",🌐 https://www.craftunionpubs.com/nags-head-peckham/blog 🍽️ Food available ⚽ Live sports shown 🎸 Live music,51.4671,-0.065845,3,GUINNESS,£3.85,3.85,"https://www.pint-prices.com/pub/231%20Rye%20Ln,%20London%20SE15%204TP/Nags%20Head,%20Peckham",2026-07-03T23:10:47+00:00
"Nags Head, Peckham","231 Rye Ln, London SE15 4TP",🌐 https://www.craftunionpubs.com/nags-head-peckham/blog 🍽️ Food available ⚽ Live sports shown 🎸 Live music,51.4671,-0.065845,4,STELLA ARTOIS,£4.05,4.05,"https://www.pint-prices.com/pub/231%20Rye%20Ln,%20London%20SE15%204TP/Nags%20Head,%20Peckham",2026-07-03T23:10:47+00:00
The Wrong Un - JD Wetherspoon,"234-236 Broadway, Bexleyheath DA6 8AS, UK",020 8298 0439 🌐 https://www.jdwetherspoon.com/pubs/all-pubs/england/london/the-wrong-un-bexleyheath 📧spoons - check app 🍽️ Food available,51.4579,0.13741,1,BUD LIGHT,£2.59,2.59,"https://www.pint-prices.com/pub/234-236%20Broadway,%20Bexleyheath%20DA6%208AS,%20UK/The%20Wrong%20Un%20-%20JD%20Wetherspoon",2026-07-03T23:10:47+00:00
The Wrong Un - JD Wetherspoon,"234-236 Broadway, Bexleyheath DA6 8AS, UK",020 8298 0439 🌐 https://www.jdwetherspoon.com/pubs/all-pubs/england/london/the-wrong-un-bexleyheath 📧spoons - check app 🍽️ Food available,51.4579,0.13741,2,CARLSBERG PILSNER,£2.83,2.83,"https://www.pint-prices.com/pub/234-236%20Broadway,%20Bexleyheath%20DA6%208AS,%20UK/The%20Wrong%20Un%20-%20JD%20Wetherspoon",2026-07-03T23:10:47+00:00
The Wrong Un - JD Wetherspoon,"234-236 Broadway, Bexleyheath DA6 8AS, UK",020 8298 0439 🌐 https://www.jdwetherspoon.com/pubs/all-pubs/england/london/the-wrong-un-bexleyheath 📧spoons - check app 🍽️ Food available,51.4579,0.13741,3,BUDWEISER,£3.06,3.06,"https://www.pint-prices.com/pub/234-236%20Broadway,%20Bexleyheath%20DA6%208AS,%20UK/The%20Wrong%20Un%20-%20JD%20Wetherspoon",2026-07-03T23:10:47+00:00
The Wrong Un - JD Wetherspoon,"234-236 Broadway, Bexleyheath DA6 8AS, UK",020 8298 0439 🌐 https://www.jdwetherspoon.com/pubs/all-pubs/england/london/the-wrong-un-bexleyheath 📧spoons - check app 🍽️ Food available,51.4579,0.13741,4,CARLING,£3.06,3.06,"https://www.pint-prices.com/pub/234-236%20Broadway,%20Bexleyheath%20DA6%208AS,%20UK/The%20Wrong%20Un%20-%20JD%20Wetherspoon",2026-07-03T23:10:47+00:00
The Wrong Un - JD Wetherspoon,"234-236 Broadway, Bexleyheath DA6 8AS, UK",020 8298 0439 🌐 https://www.jdwetherspoon.com/pubs/all-pubs/england/london/the-wrong-un-bexleyheath 📧spoons - check app 🍽️ Food available,51.4579,0.13741,5,COORS,£3.06,3.06,"https://www.pint-prices.com/pub/234-236%20Broadway,%20Bexleyheath%20DA6%208AS,%20UK/The%20Wrong%20Un%20-%20JD%20Wetherspoon",2026-07-03T23:10:47+00:00
The Wrong Un - JD Wetherspoon,"234-236 Broadway, Bexleyheath DA6 8AS, UK",020 8298 0439 🌐 https://www.jdwetherspoon.com/pubs/all-pubs/england/london/the-wrong-un-bexleyheath 📧spoons - check app 🍽️ Food available,51.4579,0.13741,6,GUINNESS,£3.53,3.53,"https://www.pint-prices.com/pub/234-236%20Broadway,%20Bexleyheath%20DA6%208AS,%20UK/The%20Wrong%20Un%20-%20JD%20Wetherspoon",2026-07-03T23:10:47+00:00
The Wrong Un - JD Wetherspoon,"234-236 Broadway, Bexleyheath DA6 8AS, UK",020 8298 0439 🌐 https://www.jdwetherspoon.com/pubs/all-pubs/england/london/the-wrong-un-bexleyheath 📧spoons - check app 🍽️ Food available,51.4579,0.13741,7,STELLA ARTOIS,£4.08,4.08,"https://www.pint-prices.com/pub/234-236%20Broadway,%20Bexleyheath%20DA6%208AS,%20UK/The%20Wrong%20Un%20-%20JD%20Wetherspoon",2026-07-03T23:10:47+00:00
The Wrong Un - JD Wetherspoon,"234-236 Broadway, Bexleyheath DA6 8AS, UK",020 8298 0439 🌐 https://www.jdwetherspoon.com/pubs/all-pubs/england/london/the-wrong-un-bexleyheath 📧spoons - check app 🍽️ Food available,51.4579,0.13741,8,CORONA,£4.20,4.2,"https://www.pint-prices.com/pub/234-236%20Broadway,%20Bexleyheath%20DA6%208AS,%20UK/The%20Wrong%20Un%20-%20JD%20Wetherspoon",2026-07-03T23:10:47+00:00
The Wrong Un - JD Wetherspoon,"234-236 Broadway, Bexleyheath DA6 8AS, UK",020 8298 0439 🌐 https://www.jdwetherspoon.com/pubs/all-pubs/england/london/the-wrong-un-bexleyheath 📧spoons - check app 🍽️ Food available,51.4579,0.13741,9,SAN MIGUEL,£4.20,4.2,"https://www.pint-prices.com/pub/234-236%20Broadway,%20Bexleyheath%20DA6%208AS,%20UK/The%20Wrong%20Un%20-%20JD%20Wetherspoon",2026-07-03T23:10:47+00:00
The Wrong Un - JD Wetherspoon,"234-236 Broadway, Bexleyheath DA6 8AS, UK",020 8298 0439 🌐 https://www.jdwetherspoon.com/pubs/all-pubs/england/london/the-wrong-un-bexleyheath 📧spoons - check app 🍽️ Food available,51.4579,0.13741,10,LEFFE BLONDE,£4.55,4.55,"https://www.pint-prices.com/pub/234-236%20Broadway,%20Bexleyheath%20DA6%208AS,%20UK/The%20Wrong%20Un%20-%20JD%20Wetherspoon",2026-07-03T23:10:47+00:00
The Library,"235 Upper St, London N1 1RU",,51.5447,-0.10365,1,CAMDEN HELLS,£6.60,6.6,"https://www.pint-prices.com/pub/235%20Upper%20St,%20London%20N1%201RU/The%20Library",2026-07-03T23:10:47+00:00
The Dog & Fox,"24 High Street Wimbledon, London SW19 5EA",,51.4251,-0.217733,1,ESTRELLA,£6.95,6.95,"https://www.pint-prices.com/pub/24%20High%20Street%20Wimbledon,%20London%20SW19%205EA/The%20Dog%20%26%20Fox",2026-07-03T23:10:47+00:00
The William Webb Ellis - JD Wetherspoon,"24 London Road, Twickenham, TW1 3RR",🍽️ Food available,51.4477,-0.328174,1,BUD LIGHT,£2.77,2.77,"https://www.pint-prices.com/pub/24%20London%20Road,%20Twickenham,%20TW1%203RR/The%20William%20Webb%20Ellis%20-%20JD%20Wetherspoon",2026-07-03T23:10:47+00:00
The William Webb Ellis - JD Wetherspoon,"24 London Road, Twickenham, TW1 3RR",🍽️ Food available,51.4477,-0.328174,2,CARLING,£2.77,2.77,"https://www.pint-prices.com/pub/24%20London%20Road,%20Twickenham,%20TW1%203RR/The%20William%20Webb%20Ellis%20-%20JD%20Wetherspoon",2026-07-03T23:10:47+00:00
The William Webb Ellis - JD Wetherspoon,"24 London Road, Twickenham, TW1 3RR",🍽️ Food available,51.4477,-0.328174,3,CARLSBERG PILSNER,£3.45,3.45,"https://www.pint-prices.com/pub/24%20London%20Road,%20Twickenham,%20TW1%203RR/The%20William%20Webb%20Ellis%20-%20JD%20Wetherspoon",2026-07-03T23:10:47+00:00
The William Webb Ellis - JD Wetherspoon,"24 London Road, Twickenham, TW1 3RR",🍽️ Food available,51.4477,-0.328174,4,GUINNESS,£3.88,3.88,"https://www.pint-prices.com/pub/24%20London%20Road,%20Twickenham,%20TW1%203RR/The%20William%20Webb%20Ellis%20-%20JD%20Wetherspoon",2026-07-03T23:10:47+00:00
The William Webb Ellis - JD Wetherspoon,"24 London Road, Twickenham, TW1 3RR",🍽️ Food available,51.4477,-0.328174,5,COORS,£3.92,3.92,"https://www.pint-prices.com/pub/24%20London%20Road,%20Twickenham,%20TW1%203RR/The%20William%20Webb%20Ellis%20-%20JD%20Wetherspoon",2026-07-03T23:10:47+00:00
The William Webb Ellis - JD Wetherspoon,"24 London Road, Twickenham, TW1 3RR",🍽️ Food available,51.4477,-0.328174,6,BUDWEISER,£4.11,4.11,"https://www.pint-prices.com/pub/24%20London%20Road,%20Twickenham,%20TW1%203RR/The%20William%20Webb%20Ellis%20-%20JD%20Wetherspoon",2026-07-03T23:10:47+00:00
The William Webb Ellis - JD Wetherspoon,"24 London Road, Twickenham, TW1 3RR",🍽️ Food available,51.4477,-0.328174,7,STELLA ARTOIS,£4.62,4.62,"https://www.pint-prices.com/pub/24%20London%20Road,%20Twickenham,%20TW1%203RR/The%20William%20Webb%20Ellis%20-%20JD%20Wetherspoon",2026-07-03T23:10:47+00:00
The William Webb Ellis - JD Wetherspoon,"24 London Road, Twickenham, TW1 3RR",🍽️ Food available,51.4477,-0.328174,8,CORONA,£4.73,4.73,"https://www.pint-prices.com/pub/24%20London%20Road,%20Twickenham,%20TW1%203RR/The%20William%20Webb%20Ellis%20-%20JD%20Wetherspoon",2026-07-03T23:10:47+00:00
The William Webb Ellis - JD Wetherspoon,"24 London Road, Twickenham, TW1 3RR",🍽️ Food available,51.4477,-0.328174,9,SAN MIGUEL,£4.73,4.73,"https://www.pint-prices.com/pub/24%20London%20Road,%20Twickenham,%20TW1%203RR/The%20William%20Webb%20Ellis%20-%20JD%20Wetherspoon",2026-07-03T23:10:47+00:00
The William Webb Ellis - JD Wetherspoon,"24 London Road, Twickenham, TW1 3RR",🍽️ Food available,51.4477,-0.328174,10,LEFFE BLONDE,£5.06,5.06,"https://www.pint-prices.com/pub/24%20London%20Road,%20Twickenham,%20TW1%203RR/The%20William%20Webb%20Ellis%20-%20JD%20Wetherspoon",2026-07-03T23:10:47+00:00
Dog & Bull,"24 Surrey St, Croydon CR0 1RG, UK",020 3971 5747 🌐 https://dogandbullcroydon.co.uk/ 🍽️ Food available ☀️ Beer garden available ⚽ Live sports shown,51.3729,-0.101456,1,FOSTERS,£5.45,5.45,"https://www.pint-prices.com/pub/24%20Surrey%20St,%20Croydon%20CR0%201RG,%20UK/Dog%20%26%20Bull",2026-07-03T23:10:47+00:00
Hungerford Arms,"240 Commercial Rd, London E1 2NB",🎱 Pool available,51.5144,-0.0579739,1,FOSTERS,£3.80,3.8,"https://www.pint-prices.com/pub/240%20Commercial%20Rd,%20London%20E1%202NB/Hungerford%20Arms",2026-07-03T23:10:47+00:00
The Albany,"240 Great Portland St, Greater, London W1W 5QU",🌐 https://www.thealbanyw1w.co.uk/#/ 🍽️ Food available 🍹 Cocktails available ⚽ Live sports shown 🎸 Live music,51.5233,-0.14396,1,ASAHI,£7.15,7.15,"https://www.pint-prices.com/pub/240%20Great%20Portland%20St,%20Greater,%20London%20W1W%205QU/The%20Albany",2026-07-03T23:10:47+00:00
Crown & Pepper Croydon,"242 High St, Croydon CR0 1NF, UK",020 8688 7507 🌐 http://www.crownandpepper.co.uk/croydon.php 🍽️ Food available ⚽ Live sports shown,51.369,-0.0998628,1,COORS,£4.95,4.95,"https://www.pint-prices.com/pub/242%20High%20St,%20Croydon%20CR0%201NF,%20UK/Crown%20%26%20Pepper%20Croydon",2026-07-03T23:10:47+00:00
Lucas Arms,"245A Grays Inn Road, WC1X 8QY",🌐 https://www.greeneking.co.uk/pubs/greater-london/lucas-arms 🍽️ Food available 🍹 Cocktails available ☀️ Beer garden available,51.5285,-0.119905,1,AMSTEL,£6.05,6.05,"https://www.pint-prices.com/pub/245A%20Grays%20Inn%20Road,%20WC1X%208QY/Lucas%20Arms",2026-07-03T23:10:47+00:00
Lucas Arms,"245A Grays Inn Road, WC1X 8QY",🌐 https://www.greeneking.co.uk/pubs/greater-london/lucas-arms 🍽️ Food available 🍹 Cocktails available ☀️ Beer garden available,51.5285,-0.119905,2,GUINNESS,£6.05,6.05,"https://www.pint-prices.com/pub/245A%20Grays%20Inn%20Road,%20WC1X%208QY/Lucas%20Arms",2026-07-03T23:10:47+00:00
Lucas Arms,"245A Grays Inn Road, WC1X 8QY",🌐 https://www.greeneking.co.uk/pubs/greater-london/lucas-arms 🍽️ Food available 🍹 Cocktails available ☀️ Beer garden available,51.5285,-0.119905,3,NECK OIL,£6.55,6.55,"https://www.pint-prices.com/pub/245A%20Grays%20Inn%20Road,%20WC1X%208QY/Lucas%20Arms",2026-07-03T23:10:47+00:00
Lucas Arms,"245A Grays Inn Road, WC1X 8QY",🌐 https://www.greeneking.co.uk/pubs/greater-london/lucas-arms 🍽️ Food available 🍹 Cocktails available ☀️ Beer garden available,51.5285,-0.119905,4,BIRRA MORETTI,£6.60,6.6,"https://www.pint-prices.com/pub/245A%20Grays%20Inn%20Road,%20WC1X%208QY/Lucas%20Arms",2026-07-03T23:10:47+00:00
Lucas Arms,"245A Grays Inn Road, WC1X 8QY",🌐 https://www.greeneking.co.uk/pubs/greater-london/lucas-arms 🍽️ Food available 🍹 Cocktails available ☀️ Beer garden available,51.5285,-0.119905,5,ESTRELLA,£6.75,6.75,"https://www.pint-prices.com/pub/245A%20Grays%20Inn%20Road,%20WC1X%208QY/Lucas%20Arms",2026-07-03T23:10:47+00:00
Lucas Arms,"245A Grays Inn Road, WC1X 8QY",🌐 https://www.greeneking.co.uk/pubs/greater-london/lucas-arms 🍽️ Food available 🍹 Cocktails available ☀️ Beer garden available,51.5285,-0.119905,6,PERONI,£6.90,6.9,"https://www.pint-prices.com/pub/245A%20Grays%20Inn%20Road,%20WC1X%208QY/Lucas%20Arms",2026-07-03T23:10:47+00:00
The Pilgrim Pub,"247 Kennington Ln, London SE11 5QU",🌐 https://www.thepilgrimpub.com/ 🍽️ Food available ☀️ Beer garden available ⚽ Live sports shown 🎸 Live music ❓ Pub quiz available ⏰ Happy hour 😎 Cool place 🎤 Karaoke available,51.4868,-0.113836,1,HOBGOBLIN,£6.20,6.2,"https://www.pint-prices.com/pub/247%20Kennington%20Ln,%20London%20SE11%205QU/The%20Pilgrim%20Pub",2026-07-03T23:10:47+00:00
The Chancellors,"25 Crisp Rd, London W6 9RL, UK",020 8748 2600 🍽️ Food available ☀️ Beer garden available ⚽ Live sports shown 🎸 Live music 😎 Cool place,51.4886,-0.226919,1,FOSTERS,£4.80,4.8,"https://www.pint-prices.com/pub/25%20Crisp%20Rd,%20London%20W6%209RL,%20UK/The%20Chancellors",2026-07-03T23:10:47+00:00
The Chancellors,"25 Crisp Rd, London W6 9RL",🌐 no website 🍽️ Food available,51.4886,-0.226919,1,MADRI,£6.10,6.1,"https://www.pint-prices.com/pub/25%20Crisp%20Rd,%20London%20W6%209RL/The%20Chancellors",2026-07-03T23:10:47+00:00
The Earl of Essex,"25 Danbury St, London N1 8LE, UK",020 7424 5828 🌐 https://www.earlofessex.net/ 📧earl@earlofessex.net 🍽️ Food available 🍹 Cocktails available ☀️ Beer garden available,51.5339,-0.0996896,1,MARBLE BEERS,£6.00,6.0,"https://www.pint-prices.com/pub/25%20Danbury%20St,%20London%20N1%208LE,%20UK/The%20Earl%20of%20Essex",2026-07-03T23:10:47+00:00
The Earl of Essex,"25 Danbury St, London N1 8LE",🌐 https://www.earlofessex.net/ 🍽️ Food available ☀️ Beer garden available,51.5339,-0.0996896,1,KERNAL KOHATU PILS,£7.60,7.6,"https://www.pint-prices.com/pub/25%20Danbury%20St,%20London%20N1%208LE/The%20Earl%20of%20Essex",2026-07-03T23:10:47+00:00
The Holland,"25 Earls Court Rd, London W8 6EB",🌐 https://thehollandkensington.co.uk/ 🍽️ Food available 🍹 Cocktails available 😎 Cool place,51.4982,-0.197886,1,BIRRA MORETTI,£7.50,7.5,"https://www.pint-prices.com/pub/25%20Earls%20Court%20Rd,%20London%20W8%206EB/The%20Holland",2026-07-03T23:10:47+00:00
Pogo,"25 Goose Gate, Nottingham NG1 1FE",,52.9538,-1.14274,1,CAMDEN HELLS,£5.80,5.8,"https://www.pint-prices.com/pub/25%20Goose%20Gate,%20Nottingham%20NG1%201FE/Pogo",2026-07-03T23:10:47+00:00
Dickens Tavern,"25 London Street, W2 1HH",🌐 https://www.greeneking.co.uk/pubs/greater-london/dickens-tavern 🍽️ Food available 🍹 Cocktails available ☀️ Beer garden available 🎱 Pool available,51.5158,-0.174467,1,AMSTEL,£6.20,6.2,"https://www.pint-prices.com/pub/25%20London%20Street,%20W2%201HH/Dickens%20Tavern",2026-07-03T23:10:47+00:00
Dickens Tavern,"25 London Street, W2 1HH",🌐 https://www.greeneking.co.uk/pubs/greater-london/dickens-tavern 🍽️ Food available 🍹 Cocktails available ☀️ Beer garden available 🎱 Pool available,51.5158,-0.174467,2,GUINNESS,£6.40,6.4,"https://www.pint-prices.com/pub/25%20London%20Street,%20W2%201HH/Dickens%20Tavern",2026-07-03T23:10:47+00:00
Dickens Tavern,"25 London Street, W2 1HH",🌐 https://www.greeneking.co.uk/pubs/greater-london/dickens-tavern 🍽️ Food available 🍹 Cocktails available ☀️ Beer garden available 🎱 Pool available,51.5158,-0.174467,3,MADRI,£7.00,7.0,"https://www.pint-prices.com/pub/25%20London%20Street,%20W2%201HH/Dickens%20Tavern",2026-07-03T23:10:47+00:00
Dickens Tavern,"25 London Street, W2 1HH",🌐 https://www.greeneking.co.uk/pubs/greater-london/dickens-tavern 🍽️ Food available 🍹 Cocktails available ☀️ Beer garden available 🎱 Pool available,51.5158,-0.174467,4,PERONI,£7.40,7.4,"https://www.pint-prices.com/pub/25%20London%20Street,%20W2%201HH/Dickens%20Tavern",2026-07-03T23:10:47+00:00
Dickens Tavern,"25 London Street, W2 1HH",🌐 https://www.greeneking.co.uk/pubs/greater-london/dickens-tavern 🍽️ Food available 🍹 Cocktails available ☀️ Beer garden available 🎱 Pool available,51.5158,-0.174467,5,NECK OIL,£7.55,7.55,"https://www.pint-prices.com/pub/25%20London%20Street,%20W2%201HH/Dickens%20Tavern",2026-07-03T23:10:47+00:00
The Whispering Moon - JD Wetherspoon,"25 Ross Parade, Wallington, SM6 8QF",🍽️ Food available,51.36,-0.149679,1,BUD LIGHT,£2.43,2.43,"https://www.pint-prices.com/pub/25%20Ross%20Parade,%20Wallington,%20SM6%208QF/The%20Whispering%20Moon%20-%20JD%20Wetherspoon",2026-07-03T23:10:47+00:00
The Whispering Moon - JD Wetherspoon,"25 Ross Parade, Wallington, SM6 8QF",🍽️ Food available,51.36,-0.149679,2,CARLING,£2.58,2.58,"https://www.pint-prices.com/pub/25%20Ross%20Parade,%20Wallington,%20SM6%208QF/The%20Whispering%20Moon%20-%20JD%20Wetherspoon",2026-07-03T23:10:47+00:00
The Whispering Moon - JD Wetherspoon,"25 Ross Parade, Wallington, SM6 8QF",🍽️ Food available,51.36,-0.149679,3,COORS,£2.58,2.58,"https://www.pint-prices.com/pub/25%20Ross%20Parade,%20Wallington,%20SM6%208QF/The%20Whispering%20Moon%20-%20JD%20Wetherspoon",2026-07-03T23:10:47+00:00
The Whispering Moon - JD Wetherspoon,"25 Ross Parade, Wallington, SM6 8QF",🍽️ Food available,51.36,-0.149679,4,CARLSBERG PILSNER,£2.66,2.66,"https://www.pint-prices.com/pub/25%20Ross%20Parade,%20Wallington,%20SM6%208QF/The%20Whispering%20Moon%20-%20JD%20Wetherspoon",2026-07-03T23:10:47+00:00
The Whispering Moon - JD Wetherspoon,"25 Ross Parade, Wallington, SM6 8QF",🍽️ Food available,51.36,-0.149679,5,BUDWEISER,£2.78,2.78,"https://www.pint-prices.com/pub/25%20Ross%20Parade,%20Wallington,%20SM6%208QF/The%20Whispering%20Moon%20-%20JD%20Wetherspoon",2026-07-03T23:10:47+00:00
The Whispering Moon - JD Wetherspoon,"25 Ross Parade, Wallington, SM6 8QF",🍽️ Food available,51.36,-0.149679,6,GUINNESS,£3.09,3.09,"https://www.pint-prices.com/pub/25%20Ross%20Parade,%20Wallington,%20SM6%208QF/The%20Whispering%20Moon%20-%20JD%20Wetherspoon",2026-07-03T23:10:47+00:00
The Whispering Moon - JD Wetherspoon,"25 Ross Parade, Wallington, SM6 8QF",🍽️ Food available,51.36,-0.149679,7,STELLA ARTOIS,£3.84,3.84,"https://www.pint-prices.com/pub/25%20Ross%20Parade,%20Wallington,%20SM6%208QF/The%20Whispering%20Moon%20-%20JD%20Wetherspoon",2026-07-03T23:10:47+00:00
The Whispering Moon - JD Wetherspoon,"25 Ross Parade, Wallington, SM6 8QF",🍽️ Food available,51.36,-0.149679,8,CORONA,£3.95,3.95,"https://www.pint-prices.com/pub/25%20Ross%20Parade,%20Wallington,%20SM6%208QF/The%20Whispering%20Moon%20-%20JD%20Wetherspoon",2026-07-03T23:10:47+00:00
The Whispering Moon - JD Wetherspoon,"25 Ross Parade, Wallington, SM6 8QF",🍽️ Food available,51.36,-0.149679,9,SAN MIGUEL,£3.95,3.95,"https://www.pint-prices.com/pub/25%20Ross%20Parade,%20Wallington,%20SM6%208QF/The%20Whispering%20Moon%20-%20JD%20Wetherspoon",2026-07-03T23:10:47+00:00
The Whispering Moon - JD Wetherspoon,"25 Ross Parade, Wallington, SM6 8QF",🍽️ Food available,51.36,-0.149679,10,LEFFE BLONDE,£4.28,4.28,"https://www.pint-prices.com/pub/25%20Ross%20Parade,%20Wallington,%20SM6%208QF/The%20Whispering%20Moon%20-%20JD%20Wetherspoon",2026-07-03T23:10:47+00:00
The Lord Napier Star,"25 White Post Ln, London E9 5ER",🌐 https://lordnapierstar.co.uk/ 🍽️ Food available 🍹 Cocktails available ☀️ Beer garden available ⚽ Live sports shown 🎸 Live music ❓ Pub quiz available 🎤 Karaoke available,51.5431,-0.0252103,1,PAULANER,£5.90,5.9,"https://www.pint-prices.com/pub/25%20White%20Post%20Ln,%20London%20E9%205ER/The%20Lord%20Napier%20Star",2026-07-03T23:10:47+00:00
Colonies (Victoria),"25 Wilfred Street, SWE1 6PR",🌐 https://www.greeneking.co.uk/pubs/greater-london/colonies 🍽️ Food available 🍹 Cocktails available ☀️ Beer garden available,51.4987,-0.139541,1,AMSTEL,£6.20,6.2,"https://www.pint-prices.com/pub/25%20Wilfred%20Street,%20SWE1%206PR/Colonies%20(Victoria)",2026-07-03T23:10:47+00:00
Colonies (Victoria),"25 Wilfred Street, SWE1 6PR",🌐 https://www.greeneking.co.uk/pubs/greater-london/colonies 🍽️ Food available 🍹 Cocktails available ☀️ Beer garden available,51.4987,-0.139541,2,GUINNESS,£6.35,6.35,"https://www.pint-prices.com/pub/25%20Wilfred%20Street,%20SWE1%206PR/Colonies%20(Victoria)",2026-07-03T23:10:47+00:00
Colonies (Victoria),"25 Wilfred Street, SWE1 6PR",🌐 https://www.greeneking.co.uk/pubs/greater-london/colonies 🍽️ Food available 🍹 Cocktails available ☀️ Beer garden available,51.4987,-0.139541,3,MADRI,£7.00,7.0,"https://www.pint-prices.com/pub/25%20Wilfred%20Street,%20SWE1%206PR/Colonies%20(Victoria)",2026-07-03T23:10:47+00:00
Colonies (Victoria),"25 Wilfred Street, SWE1 6PR",🌐 https://www.greeneking.co.uk/pubs/greater-london/colonies 🍽️ Food available 🍹 Cocktails available ☀️ Beer garden available,51.4987,-0.139541,4,ESTRELLA,£7.00,7.0,"https://www.pint-prices.com/pub/25%20Wilfred%20Street,%20SWE1%206PR/Colonies%20(Victoria)",2026-07-03T23:10:47+00:00
Colonies (Victoria),"25 Wilfred Street, SWE1 6PR",🌐 https://www.greeneking.co.uk/pubs/greater-london/colonies 🍽️ Food available 🍹 Cocktails available ☀️ Beer garden available,51.4987,-0.139541,5,BIRRA MORETTI,£7.00,7.0,"https://www.pint-prices.com/pub/25%20Wilfred%20Street,%20SWE1%206PR/Colonies%20(Victoria)",2026-07-03T23:10:47+00:00
Colonies (Victoria),"25 Wilfred Street, SWE1 6PR",🌐 https://www.greeneking.co.uk/pubs/greater-london/colonies 🍽️ Food available 🍹 Cocktails available ☀️ Beer garden available,51.4987,-0.139541,6,NECK OIL,£7.45,7.45,"https://www.pint-prices.com/pub/25%20Wilfred%20Street,%20SWE1%206PR/Colonies%20(Victoria)",2026-07-03T23:10:47+00:00
The Willow Walk - JD Wetherspoon,"25 Wilton Road, Victoria, SW1V 1LW",🌐 https://www.jdwetherspoon.com/pubs/all-pubs/england/london/the-willow-walk-victoria 🍽️ Food available,51.4951,-0.142282,1,BUD LIGHT,£4.39,4.39,"https://www.pint-prices.com/pub/25%20Wilton%20Road,%20Victoria,%20SW1V%201LW/The%20Willow%20Walk%20-%20JD%20Wetherspoon",2026-07-03T23:10:47+00:00
The Willow Walk - JD Wetherspoon,"25 Wilton Road, Victoria, SW1V 1LW",🌐 https://www.jdwetherspoon.com/pubs/all-pubs/england/london/the-willow-walk-victoria 🍽️ Food available,51.4951,-0.142282,2,CARLSBERG PILSNER,£5.38,5.38,"https://www.pint-prices.com/pub/25%20Wilton%20Road,%20Victoria,%20SW1V%201LW/The%20Willow%20Walk%20-%20JD%20Wetherspoon",2026-07-03T23:10:47+00:00
The Willow Walk - JD Wetherspoon,"25 Wilton Road, Victoria, SW1V 1LW",🌐 https://www.jdwetherspoon.com/pubs/all-pubs/england/london/the-willow-walk-victoria 🍽️ Food available,51.4951,-0.142282,3,CARLING,£5.82,5.82,"https://www.pint-prices.com/pub/25%20Wilton%20Road,%20Victoria,%20SW1V%201LW/The%20Willow%20Walk%20-%20JD%20Wetherspoon",2026-07-03T23:10:47+00:00
The Willow Walk - JD Wetherspoon,"25 Wilton Road, Victoria, SW1V 1LW",🌐 https://www.jdwetherspoon.com/pubs/all-pubs/england/london/the-willow-walk-victoria 🍽️ Food available,51.4951,-0.142282,4,COORS,£5.82,5.82,"https://www.pint-prices.com/pub/25%20Wilton%20Road,%20Victoria,%20SW1V%201LW/The%20Willow%20Walk%20-%20JD%20Wetherspoon",2026-07-03T23:10:47+00:00
The Willow Walk - JD Wetherspoon,"25 Wilton Road, Victoria, SW1V 1LW",🌐 https://www.jdwetherspoon.com/pubs/all-pubs/england/london/the-willow-walk-victoria 🍽️ Food available,51.4951,-0.142282,5,BUDWEISER,£5.89,5.89,"https://www.pint-prices.com/pub/25%20Wilton%20Road,%20Victoria,%20SW1V%201LW/The%20Willow%20Walk%20-%20JD%20Wetherspoon",2026-07-03T23:10:47+00:00
The Willow Walk - JD Wetherspoon,"25 Wilton Road, Victoria, SW1V 1LW",🌐 https://www.jdwetherspoon.com/pubs/all-pubs/england/london/the-willow-walk-victoria 🍽️ Food available,51.4951,-0.142282,6,STELLA ARTOIS,£6.33,6.33,"https://www.pint-prices.com/pub/25%20Wilton%20Road,%20Victoria,%20SW1V%201LW/The%20Willow%20Walk%20-%20JD%20Wetherspoon",2026-07-03T23:10:47+00:00
The Willow Walk - JD Wetherspoon,"25 Wilton Road, Victoria, SW1V 1LW",🌐 https://www.jdwetherspoon.com/pubs/all-pubs/england/london/the-willow-walk-victoria 🍽️ Food available,51.4951,-0.142282,7,CORONA,£6.44,6.44,"https://www.pint-prices.com/pub/25%20Wilton%20Road,%20Victoria,%20SW1V%201LW/The%20Willow%20Walk%20-%20JD%20Wetherspoon",2026-07-03T23:10:47+00:00
The Willow Walk - JD Wetherspoon,"25 Wilton Road, Victoria, SW1V 1LW",🌐 https://www.jdwetherspoon.com/pubs/all-pubs/england/london/the-willow-walk-victoria 🍽️ Food available,51.4951,-0.142282,8,SAN MIGUEL,£6.44,6.44,"https://www.pint-prices.com/pub/25%20Wilton%20Road,%20Victoria,%20SW1V%201LW/The%20Willow%20Walk%20-%20JD%20Wetherspoon",2026-07-03T23:10:47+00:00
The Willow Walk - JD Wetherspoon,"25 Wilton Road, Victoria, SW1V 1LW",🌐 https://www.jdwetherspoon.com/pubs/all-pubs/england/london/the-willow-walk-victoria 🍽️ Food available,51.4951,-0.142282,9,STAROPRAMEN,£6.44,6.44,"https://www.pint-prices.com/pub/25%20Wilton%20Road,%20Victoria,%20SW1V%201LW/The%20Willow%20Walk%20-%20JD%20Wetherspoon",2026-07-03T23:10:47+00:00
The Willow Walk - JD Wetherspoon,"25 Wilton Road, Victoria, SW1V 1LW",🌐 https://www.jdwetherspoon.com/pubs/all-pubs/england/london/the-willow-walk-victoria 🍽️ Food available,51.4951,-0.142282,10,LEFFE BLONDE,£6.77,6.77,"https://www.pint-prices.com/pub/25%20Wilton%20Road,%20Victoria,%20SW1V%201LW/The%20Willow%20Walk%20-%20JD%20Wetherspoon",2026-07-03T23:10:47+00:00
"Hand and Racquet, Wimbledon","25-27 Wimbledon Hill Rd, London SW19 7NE",🌐 https://www.greeneking.co.uk/pubs/greater-london/hand-and-racquet 🍽️ Food available 🍹 Cocktails available ⚽ Live sports shown,51.4218,-0.207886,1,CASK ALE,£5.30,5.3,"https://www.pint-prices.com/pub/25-27%20Wimbledon%20Hill%20Rd,%20London%20SW19%207NE/Hand%20and%20Racquet,%20Wimbledon",2026-07-03T23:10:47+00:00
"Hand and Racquet, Wimbledon","25-27 Wimbledon Hill Rd, London SW19 7NE",🌐 https://www.greeneking.co.uk/pubs/greater-london/hand-and-racquet 🍽️ Food available 🍹 Cocktails available ⚽ Live sports shown,51.4218,-0.207886,2,AMSTEL,£5.80,5.8,"https://www.pint-prices.com/pub/25-27%20Wimbledon%20Hill%20Rd,%20London%20SW19%207NE/Hand%20and%20Racquet,%20Wimbledon",2026-07-03T23:10:47+00:00
"Hand and Racquet, Wimbledon","25-27 Wimbledon Hill Rd, London SW19 7NE",🌐 https://www.greeneking.co.uk/pubs/greater-london/hand-and-racquet 🍽️ Food available 🍹 Cocktails available ⚽ Live sports shown,51.4218,-0.207886,3,MADRI,£6.75,6.75,"https://www.pint-prices.com/pub/25-27%20Wimbledon%20Hill%20Rd,%20London%20SW19%207NE/Hand%20and%20Racquet,%20Wimbledon",2026-07-03T23:10:47+00:00
Hand & Racquet (Wimbledon),"25-27 Wimbledon Hill, SW19 7NE",🌐 https://www.greeneking.co.uk/pubs/greater-london/hand-and-racquet 🍽️ Food available 🍹 Cocktails available ⚽ Live sports shown,51.4218,-0.207886,1,AMSTEL,£5.80,5.8,"https://www.pint-prices.com/pub/25-27%20Wimbledon%20Hill,%20SW19%207NE/Hand%20%26%20Racquet%20(Wimbledon)",2026-07-03T23:10:47+00:00
Hand & Racquet (Wimbledon),"25-27 Wimbledon Hill, SW19 7NE",🌐 https://www.greeneking.co.uk/pubs/greater-london/hand-and-racquet 🍽️ Food available 🍹 Cocktails available ⚽ Live sports shown,51.4218,-0.207886,2,GUINNESS,£6.15,6.15,"https://www.pint-prices.com/pub/25-27%20Wimbledon%20Hill,%20SW19%207NE/Hand%20%26%20Racquet%20(Wimbledon)",2026-07-03T23:10:47+00:00
Hand & Racquet (Wimbledon),"25-27 Wimbledon Hill, SW19 7NE",🌐 https://www.greeneking.co.uk/pubs/greater-london/hand-and-racquet 🍽️ Food available 🍹 Cocktails available ⚽ Live sports shown,51.4218,-0.207886,3,BIRRA MORETTI,£6.65,6.65,"https://www.pint-prices.com/pub/25-27%20Wimbledon%20Hill,%20SW19%207NE/Hand%20%26%20Racquet%20(Wimbledon)",2026-07-03T23:10:47+00:00
Hand & Racquet (Wimbledon),"25-27 Wimbledon Hill, SW19 7NE",🌐 https://www.greeneking.co.uk/pubs/greater-london/hand-and-racquet 🍽️ Food available 🍹 Cocktails available ⚽ Live sports shown,51.4218,-0.207886,4,MADRI,£6.75,6.75,"https://www.pint-prices.com/pub/25-27%20Wimbledon%20Hill,%20SW19%207NE/Hand%20%26%20Racquet%20(Wimbledon)",2026-07-03T23:10:47+00:00
Hand & Racquet (Wimbledon),"25-27 Wimbledon Hill, SW19 7NE",🌐 https://www.greeneking.co.uk/pubs/greater-london/hand-and-racquet 🍽️ Food available 🍹 Cocktails available ⚽ Live sports shown,51.4218,-0.207886,5,PERONI,£7.00,7.0,"https://www.pint-prices.com/pub/25-27%20Wimbledon%20Hill,%20SW19%207NE/Hand%20%26%20Racquet%20(Wimbledon)",2026-07-03T23:10:47+00:00
Canova Hall,"250 Ferndale Rd, London SW9 8BQ, UK",020 7733 8356 🌐 https://www.canovahall.com/ 📧bookings@canovahall.com 🍽️ Food available 🍹 Cocktails available,51.4641,-0.11527,1,CANOVA LAGER,£6.00,6.0,"https://www.pint-prices.com/pub/250%20Ferndale%20Rd,%20London%20SW9%208BQ,%20UK/Canova%20Hall",2026-07-03T23:10:47+00:00
The Moon and Sixpence - JD Wetherspoon,"250 Uxbridge Road, Hatch End, HA5 4HS",🍽️ Food available 🍹 Cocktails available ☀️ Beer garden available ⚽ Live sports shown,51.6084,-0.372743,1,BUD LIGHT,£2.43,2.43,"https://www.pint-prices.com/pub/250%20Uxbridge%20Road,%20Hatch%20End,%20HA5%204HS/The%20Moon%20and%20Sixpence%20-%20JD%20Wetherspoon",2026-07-03T23:10:47+00:00
The Moon and Sixpence - JD Wetherspoon,"250 Uxbridge Road, Hatch End, HA5 4HS",🍽️ Food available 🍹 Cocktails available ☀️ Beer garden available ⚽ Live sports shown,51.6084,-0.372743,2,CARLSBERG PILSNER,£2.66,2.66,"https://www.pint-prices.com/pub/250%20Uxbridge%20Road,%20Hatch%20End,%20HA5%204HS/The%20Moon%20and%20Sixpence%20-%20JD%20Wetherspoon",2026-07-03T23:10:47+00:00
The Moon and Sixpence - JD Wetherspoon,"250 Uxbridge Road, Hatch End, HA5 4HS",🍽️ Food available 🍹 Cocktails available ☀️ Beer garden available ⚽ Live sports shown,51.6084,-0.372743,3,GUINNESS,£3.53,3.53,"https://www.pint-prices.com/pub/250%20Uxbridge%20Road,%20Hatch%20End,%20HA5%204HS/The%20Moon%20and%20Sixpence%20-%20JD%20Wetherspoon",2026-07-03T23:10:47+00:00
The Moon and Sixpence - JD Wetherspoon,"250 Uxbridge Road, Hatch End, HA5 4HS",🍽️ Food available 🍹 Cocktails available ☀️ Beer garden available ⚽ Live sports shown,51.6084,-0.372743,4,CARLING,£3.64,3.64,"https://www.pint-prices.com/pub/250%20Uxbridge%20Road,%20Hatch%20End,%20HA5%204HS/The%20Moon%20and%20Sixpence%20-%20JD%20Wetherspoon",2026-07-03T23:10:47+00:00
The Moon and Sixpence - JD Wetherspoon,"250 Uxbridge Road, Hatch End, HA5 4HS",🍽️ Food available 🍹 Cocktails available ☀️ Beer garden available ⚽ Live sports shown,51.6084,-0.372743,5,COORS,£3.64,3.64,"https://www.pint-prices.com/pub/250%20Uxbridge%20Road,%20Hatch%20End,%20HA5%204HS/The%20Moon%20and%20Sixpence%20-%20JD%20Wetherspoon",2026-07-03T23:10:47+00:00
The Moon and Sixpence - JD Wetherspoon,"250 Uxbridge Road, Hatch End, HA5 4HS",🍽️ Food available 🍹 Cocktails available ☀️ Beer garden available ⚽ Live sports shown,51.6084,-0.372743,6,BUDWEISER,£3.84,3.84,"https://www.pint-prices.com/pub/250%20Uxbridge%20Road,%20Hatch%20End,%20HA5%204HS/The%20Moon%20and%20Sixpence%20-%20JD%20Wetherspoon",2026-07-03T23:10:47+00:00
The Moon and Sixpence - JD Wetherspoon,"250 Uxbridge Road, Hatch End, HA5 4HS",🍽️ Food available 🍹 Cocktails available ☀️ Beer garden available ⚽ Live sports shown,51.6084,-0.372743,7,STELLA ARTOIS,£4.17,4.17,"https://www.pint-prices.com/pub/250%20Uxbridge%20Road,%20Hatch%20End,%20HA5%204HS/The%20Moon%20and%20Sixpence%20-%20JD%20Wetherspoon",2026-07-03T23:10:47+00:00
The Moon and Sixpence - JD Wetherspoon,"250 Uxbridge Road, Hatch End, HA5 4HS",🍽️ Food available 🍹 Cocktails available ☀️ Beer garden available ⚽ Live sports shown,51.6084,-0.372743,8,CORONA,£4.28,4.28,"https://www.pint-prices.com/pub/250%20Uxbridge%20Road,%20Hatch%20End,%20HA5%204HS/The%20Moon%20and%20Sixpence%20-%20JD%20Wetherspoon",2026-07-03T23:10:47+00:00
The Moon and Sixpence - JD Wetherspoon,"250 Uxbridge Road, Hatch End, HA5 4HS",🍽️ Food available 🍹 Cocktails available ☀️ Beer garden available ⚽ Live sports shown,51.6084,-0.372743,9,SAN MIGUEL,£4.28,4.28,"https://www.pint-prices.com/pub/250%20Uxbridge%20Road,%20Hatch%20End,%20HA5%204HS/The%20Moon%20and%20Sixpence%20-%20JD%20Wetherspoon",2026-07-03T23:10:47+00:00
The Moon and Sixpence - JD Wetherspoon,"250 Uxbridge Road, Hatch End, HA5 4HS",🍽️ Food available 🍹 Cocktails available ☀️ Beer garden available ⚽ Live sports shown,51.6084,-0.372743,10,LEFFE BLONDE,£4.62,4.62,"https://www.pint-prices.com/pub/250%20Uxbridge%20Road,%20Hatch%20End,%20HA5%204HS/The%20Moon%20and%20Sixpence%20-%20JD%20Wetherspoon",2026-07-03T23:10:47+00:00
The Calthorpe Arms,"252 Grays Inn Rd, London WC1X 8JR",🌐 https://www.calthorpearmswc1.co.uk/ 🍽️ Food available ⚽ Live sports shown 🎸 Live music ❓ Pub quiz available,51.5248,-0.116153,1,MADRI,£5.60,5.6,"https://www.pint-prices.com/pub/252%20Grays%20Inn%20Rd,%20London%20WC1X%208JR/The%20Calthorpe%20Arms",2026-07-03T23:10:47+00:00
Lord Palmerston,"252-254 Forest Rd, London E17 5JN, UK",🌐 https://www.craftunionpubs.com/lord-palmerston-walthamstow?utm_source=gmb&utm_medium=organic&utm_cam 🍽️ Food available,51.5888,-0.0302852,1,JOHN SMITHS,£3.40,3.4,"https://www.pint-prices.com/pub/252-254%20Forest%20Rd,%20London%20E17%205JN,%20UK/Lord%20Palmerston",2026-07-03T23:10:47+00:00
The Botwell Inn - JD Wetherspoon,"2529 Coldharbour Lane, Hayes, UB3 3EB",🍽️ Food available 🍹 Cocktails available ☀️ Beer garden available ⚽ Live sports shown,51.5082,-0.416653,1,BUD LIGHT,£2.43,2.43,"https://www.pint-prices.com/pub/2529%20Coldharbour%20Lane,%20Hayes,%20UB3%203EB/The%20Botwell%20Inn%20-%20JD%20Wetherspoon",2026-07-03T23:10:47+00:00
The Botwell Inn - JD Wetherspoon,"2529 Coldharbour Lane, Hayes, UB3 3EB",🍽️ Food available 🍹 Cocktails available ☀️ Beer garden available ⚽ Live sports shown,51.5082,-0.416653,2,CARLING,£2.58,2.58,"https://www.pint-prices.com/pub/2529%20Coldharbour%20Lane,%20Hayes,%20UB3%203EB/The%20Botwell%20Inn%20-%20JD%20Wetherspoon",2026-07-03T23:10:47+00:00
The Botwell Inn - JD Wetherspoon,"2529 Coldharbour Lane, Hayes, UB3 3EB",🍽️ Food available 🍹 Cocktails available ☀️ Beer garden available ⚽ Live sports shown,51.5082,-0.416653,3,CARLSBERG PILSNER,£2.66,2.66,"https://www.pint-prices.com/pub/2529%20Coldharbour%20Lane,%20Hayes,%20UB3%203EB/The%20Botwell%20Inn%20-%20JD%20Wetherspoon",2026-07-03T23:10:47+00:00
The Botwell Inn - JD Wetherspoon,"2529 Coldharbour Lane, Hayes, UB3 3EB",🍽️ Food available 🍹 Cocktails available ☀️ Beer garden available ⚽ Live sports shown,51.5082,-0.416653,4,BUDWEISER,£2.78,2.78,"https://www.pint-prices.com/pub/2529%20Coldharbour%20Lane,%20Hayes,%20UB3%203EB/The%20Botwell%20Inn%20-%20JD%20Wetherspoon",2026-07-03T23:10:47+00:00
The Botwell Inn - JD Wetherspoon,"2529 Coldharbour Lane, Hayes, UB3 3EB",🍽️ Food available 🍹 Cocktails available ☀️ Beer garden available ⚽ Live sports shown,51.5082,-0.416653,5,COORS,£2.88,2.88,"https://www.pint-prices.com/pub/2529%20Coldharbour%20Lane,%20Hayes,%20UB3%203EB/The%20Botwell%20Inn%20-%20JD%20Wetherspoon",2026-07-03T23:10:47+00:00
The Botwell Inn - JD Wetherspoon,"2529 Coldharbour Lane, Hayes, UB3 3EB",🍽️ Food available 🍹 Cocktails available ☀️ Beer garden available ⚽ Live sports shown,51.5082,-0.416653,6,GUINNESS,£3.09,3.09,"https://www.pint-prices.com/pub/2529%20Coldharbour%20Lane,%20Hayes,%20UB3%203EB/The%20Botwell%20Inn%20-%20JD%20Wetherspoon",2026-07-03T23:10:47+00:00
The Botwell Inn - JD Wetherspoon,"2529 Coldharbour Lane, Hayes, UB3 3EB",🍽️ Food available 🍹 Cocktails available ☀️ Beer garden available ⚽ Live sports shown,51.5082,-0.416653,7,STELLA ARTOIS,£3.84,3.84,"https://www.pint-prices.com/pub/2529%20Coldharbour%20Lane,%20Hayes,%20UB3%203EB/The%20Botwell%20Inn%20-%20JD%20Wetherspoon",2026-07-03T23:10:47+00:00
The Botwell Inn - JD Wetherspoon,"2529 Coldharbour Lane, Hayes, UB3 3EB",🍽️ Food available 🍹 Cocktails available ☀️ Beer garden available ⚽ Live sports shown,51.5082,-0.416653,8,CORONA,£4.06,4.06,"https://www.pint-prices.com/pub/2529%20Coldharbour%20Lane,%20Hayes,%20UB3%203EB/The%20Botwell%20Inn%20-%20JD%20Wetherspoon",2026-07-03T23:10:47+00:00
The Botwell Inn - JD Wetherspoon,"2529 Coldharbour Lane, Hayes, UB3 3EB",🍽️ Food available 🍹 Cocktails available ☀️ Beer garden available ⚽ Live sports shown,51.5082,-0.416653,9,SAN MIGUEL,£4.06,4.06,"https://www.pint-prices.com/pub/2529%20Coldharbour%20Lane,%20Hayes,%20UB3%203EB/The%20Botwell%20Inn%20-%20JD%20Wetherspoon",2026-07-03T23:10:47+00:00
The Botwell Inn - JD Wetherspoon,"2529 Coldharbour Lane, Hayes, UB3 3EB",🍽️ Food available 🍹 Cocktails available ☀️ Beer garden available ⚽ Live sports shown,51.5082,-0.416653,10,LEFFE BLONDE,£4.17,4.17,"https://www.pint-prices.com/pub/2529%20Coldharbour%20Lane,%20Hayes,%20UB3%203EB/The%20Botwell%20Inn%20-%20JD%20Wetherspoon",2026-07-03T23:10:47+00:00
The Elgin,"255 Elgin Ave., London W9 1NJ",🌐 https://www.theelgin.com/ 🍽️ Food available 🍹 Cocktails available 🎸 Live music ❓ Pub quiz available,51.5304,-0.185432,1,ELGIN LAGER,£5.90,5.9,"https://www.pint-prices.com/pub/255%20Elgin%20Ave.,%20London%20W9%201NJ/The%20Elgin",2026-07-03T23:10:47+00:00
The White Swan - JD Wetherspoon,"255-256 Upper St, London N1 1RY, UK",020 7288 9050 🌐 https://api.jdwetherspoon.com/pubs/all-pubs/england/london/the-white-swan-islington 🍽️ Food available 🍹 Cocktails available ⚽ Live sports shown,51.5457,-0.103411,1,BUD LIGHT,£2.66,2.66,"https://www.pint-prices.com/pub/255-256%20Upper%20St,%20London%20N1%201RY,%20UK/The%20White%20Swan%20-%20JD%20Wetherspoon",2026-07-03T23:10:47+00:00
The White Swan - JD Wetherspoon,"255-256 Upper St, London N1 1RY, UK",020 7288 9050 🌐 https://api.jdwetherspoon.com/pubs/all-pubs/england/london/the-white-swan-islington 🍽️ Food available 🍹 Cocktails available ⚽ Live sports shown,51.5457,-0.103411,2,CARLSBERG PILSNER,£3.45,3.45,"https://www.pint-prices.com/pub/255-256%20Upper%20St,%20London%20N1%201RY,%20UK/The%20White%20Swan%20-%20JD%20Wetherspoon",2026-07-03T23:10:47+00:00
The White Swan - JD Wetherspoon,"255-256 Upper St, London N1 1RY, UK",020 7288 9050 🌐 https://api.jdwetherspoon.com/pubs/all-pubs/england/london/the-white-swan-islington 🍽️ Food available 🍹 Cocktails available ⚽ Live sports shown,51.5457,-0.103411,3,CORONA,£3.84,3.84,"https://www.pint-prices.com/pub/255-256%20Upper%20St,%20London%20N1%201RY,%20UK/The%20White%20Swan%20-%20JD%20Wetherspoon",2026-07-03T23:10:47+00:00
The White Swan - JD Wetherspoon,"255-256 Upper St, London N1 1RY, UK",020 7288 9050 🌐 https://api.jdwetherspoon.com/pubs/all-pubs/england/london/the-white-swan-islington 🍽️ Food available 🍹 Cocktails available ⚽ Live sports shown,51.5457,-0.103411,4,CARLING,£4.07,4.07,"https://www.pint-prices.com/pub/255-256%20Upper%20St,%20London%20N1%201RY,%20UK/The%20White%20Swan%20-%20JD%20Wetherspoon",2026-07-03T23:10:47+00:00
The White Swan - JD Wetherspoon,"255-256 Upper St, London N1 1RY, UK",020 7288 9050 🌐 https://api.jdwetherspoon.com/pubs/all-pubs/england/london/the-white-swan-islington 🍽️ Food available 🍹 Cocktails available ⚽ Live sports shown,51.5457,-0.103411,5,COORS,£4.07,4.07,"https://www.pint-prices.com/pub/255-256%20Upper%20St,%20London%20N1%201RY,%20UK/The%20White%20Swan%20-%20JD%20Wetherspoon",2026-07-03T23:10:47+00:00
The White Swan - JD Wetherspoon,"255-256 Upper St, London N1 1RY, UK",020 7288 9050 🌐 https://api.jdwetherspoon.com/pubs/all-pubs/england/london/the-white-swan-islington 🍽️ Food available 🍹 Cocktails available ⚽ Live sports shown,51.5457,-0.103411,6,GUINNESS,£4.21,4.21,"https://www.pint-prices.com/pub/255-256%20Upper%20St,%20London%20N1%201RY,%20UK/The%20White%20Swan%20-%20JD%20Wetherspoon",2026-07-03T23:10:47+00:00
The White Swan - JD Wetherspoon,"255-256 Upper St, London N1 1RY, UK",020 7288 9050 🌐 https://api.jdwetherspoon.com/pubs/all-pubs/england/london/the-white-swan-islington 🍽️ Food available 🍹 Cocktails available ⚽ Live sports shown,51.5457,-0.103411,7,BUDWEISER,£4.28,4.28,"https://www.pint-prices.com/pub/255-256%20Upper%20St,%20London%20N1%201RY,%20UK/The%20White%20Swan%20-%20JD%20Wetherspoon",2026-07-03T23:10:47+00:00
The White Swan - JD Wetherspoon,"255-256 Upper St, London N1 1RY, UK",020 7288 9050 🌐 https://api.jdwetherspoon.com/pubs/all-pubs/england/london/the-white-swan-islington 🍽️ Food available 🍹 Cocktails available ⚽ Live sports shown,51.5457,-0.103411,8,STELLA ARTOIS,£4.73,4.73,"https://www.pint-prices.com/pub/255-256%20Upper%20St,%20London%20N1%201RY,%20UK/The%20White%20Swan%20-%20JD%20Wetherspoon",2026-07-03T23:10:47+00:00
The White Swan - JD Wetherspoon,"255-256 Upper St, London N1 1RY, UK",020 7288 9050 🌐 https://api.jdwetherspoon.com/pubs/all-pubs/england/london/the-white-swan-islington 🍽️ Food available 🍹 Cocktails available ⚽ Live sports shown,51.5457,-0.103411,9,SAN MIGUEL,£4.84,4.84,"https://www.pint-prices.com/pub/255-256%20Upper%20St,%20London%20N1%201RY,%20UK/The%20White%20Swan%20-%20JD%20Wetherspoon",2026-07-03T23:10:47+00:00
The White Swan - JD Wetherspoon,"255-256 Upper St, London N1 1RY, UK",020 7288 9050 🌐 https://api.jdwetherspoon.com/pubs/all-pubs/england/london/the-white-swan-islington 🍽️ Food available 🍹 Cocktails available ⚽ Live sports shown,51.5457,-0.103411,10,LEFFE BLONDE,£5.18,5.18,"https://www.pint-prices.com/pub/255-256%20Upper%20St,%20London%20N1%201RY,%20UK/The%20White%20Swan%20-%20JD%20Wetherspoon",2026-07-03T23:10:47+00:00
The White Swan,"255-256 Upper St, London N1 1RY",,51.5457,-0.103411,1,CARLSBERG,£3.33,3.33,"https://www.pint-prices.com/pub/255-256%20Upper%20St,%20London%20N1%201RY/The%20White%20Swan",2026-07-03T23:10:47+00:00
"The Nott, Vauxhall","257 Wandsworth Rd, London SW8 2NB",🍽️ Food available ⚽ Live sports shown 🎯 Darts available,51.4787,-0.128744,1,AMSTEL,£4.00,4.0,"https://www.pint-prices.com/pub/257%20Wandsworth%20Rd,%20London%20SW8%202NB/The%20Nott,%20Vauxhall",2026-07-03T23:10:47+00:00
"The Nott, Vauxhall","257 Wandsworth Rd, London SW8 2NB",🍽️ Food available ⚽ Live sports shown 🎯 Darts available,51.4787,-0.128744,2,JOHN SMITHS,£4.20,4.2,"https://www.pint-prices.com/pub/257%20Wandsworth%20Rd,%20London%20SW8%202NB/The%20Nott,%20Vauxhall",2026-07-03T23:10:47+00:00
"The Nott, Vauxhall","257 Wandsworth Rd, London SW8 2NB",🍽️ Food available ⚽ Live sports shown 🎯 Darts available,51.4787,-0.128744,3,FOSTERS,£4.45,4.45,"https://www.pint-prices.com/pub/257%20Wandsworth%20Rd,%20London%20SW8%202NB/The%20Nott,%20Vauxhall",2026-07-03T23:10:47+00:00
"The Nott, Vauxhall","257 Wandsworth Rd, London SW8 2NB",🍽️ Food available ⚽ Live sports shown 🎯 Darts available,51.4787,-0.128744,4,GUINNESS,£4.50,4.5,"https://www.pint-prices.com/pub/257%20Wandsworth%20Rd,%20London%20SW8%202NB/The%20Nott,%20Vauxhall",2026-07-03T23:10:47+00:00
"The Nott, Vauxhall","257 Wandsworth Rd, London SW8 2NB",🍽️ Food available ⚽ Live sports shown 🎯 Darts available,51.4787,-0.128744,5,CRUZCAMPO,£4.50,4.5,"https://www.pint-prices.com/pub/257%20Wandsworth%20Rd,%20London%20SW8%202NB/The%20Nott,%20Vauxhall",2026-07-03T23:10:47+00:00
The Famous Cock,"259 Upper St, London N1 1RU",🌐 https://www.crafted-social.co.uk/famous-cock-tavern-islington 🍽️ Food available 🍹 Cocktails available ☀️ Beer garden available ⚽ Live sports shown,51.546,-0.103461,1,PILSNER URQUELL,£6.75,6.75,"https://www.pint-prices.com/pub/259%20Upper%20St,%20London%20N1%201RU/The%20Famous%20Cock",2026-07-03T23:10:47+00:00
The Stewart Arms,"26 Norland Rd, London W11 4TR",🍽️ Food available ☀️ Beer garden available ⚽ Live sports shown 🎸 Live music 🎯 Darts available,51.5056,-0.216089,1,KRONENBOURG,£5.50,5.5,"https://www.pint-prices.com/pub/26%20Norland%20Rd,%20London%20W11%204TR/The%20Stewart%20Arms",2026-07-03T23:10:47+00:00
Wenlock Arms,"26 Wenlock Rd, London N1 7TA",🌐 http://wenlockarms.com/ 🍽️ Food available 🎸 Live music 🎯 Darts available,51.5314,-0.0939456,1,HOPHEAD,£4.80,4.8,"https://www.pint-prices.com/pub/26%20Wenlock%20Rd,%20London%20N1%207TA/Wenlock%20Arms",2026-07-03T23:10:47+00:00
Round Table,"26-27 St Martins Court, WC2N 4AL",🌐 https://www.greeneking.co.uk/pubs/greater-london/round-table 🍽️ Food available 🍹 Cocktails available ☀️ Beer garden available,51.5111,-0.127863,1,AMSTEL,£6.30,6.3,"https://www.pint-prices.com/pub/26-27%20St%20Martins%20Court,%20WC2N%204AL/Round%20Table",2026-07-03T23:10:47+00:00
Round Table,"26-27 St Martins Court, WC2N 4AL",🌐 https://www.greeneking.co.uk/pubs/greater-london/round-table 🍽️ Food available 🍹 Cocktails available ☀️ Beer garden available,51.5111,-0.127863,2,GUINNESS,£6.30,6.3,"https://www.pint-prices.com/pub/26-27%20St%20Martins%20Court,%20WC2N%204AL/Round%20Table",2026-07-03T23:10:47+00:00
Round Table,"26-27 St Martins Court, WC2N 4AL",🌐 https://www.greeneking.co.uk/pubs/greater-london/round-table 🍽️ Food available 🍹 Cocktails available ☀️ Beer garden available,51.5111,-0.127863,3,ESTRELLA,£7.10,7.1,"https://www.pint-prices.com/pub/26-27%20St%20Martins%20Court,%20WC2N%204AL/Round%20Table",2026-07-03T23:10:47+00:00
Round Table,"26-27 St Martins Court, WC2N 4AL",🌐 https://www.greeneking.co.uk/pubs/greater-london/round-table 🍽️ Food available 🍹 Cocktails available ☀️ Beer garden available,51.5111,-0.127863,4,BIRRA MORETTI,£7.25,7.25,"https://www.pint-prices.com/pub/26-27%20St%20Martins%20Court,%20WC2N%204AL/Round%20Table",2026-07-03T23:10:47+00:00
Round Table,"26-27 St Martins Court, WC2N 4AL",🌐 https://www.greeneking.co.uk/pubs/greater-london/round-table 🍽️ Food available 🍹 Cocktails available ☀️ Beer garden available,51.5111,-0.127863,5,PERONI,£7.45,7.45,"https://www.pint-prices.com/pub/26-27%20St%20Martins%20Court,%20WC2N%204AL/Round%20Table",2026-07-03T23:10:47+00:00
Round Table,"26-27 St Martins Court, WC2N 4AL",🌐 https://www.greeneking.co.uk/pubs/greater-london/round-table 🍽️ Food available 🍹 Cocktails available ☀️ Beer garden available,51.5111,-0.127863,6,NECK OIL,£7.50,7.5,"https://www.pint-prices.com/pub/26-27%20St%20Martins%20Court,%20WC2N%204AL/Round%20Table",2026-07-03T23:10:47+00:00
The Toll Gate,"26-30 Turnpike Ln, London N8 0PS",🌐 https://www.jdwetherspoon.com/pub-histories/england/london/the-toll-gate-harringay,51.59,-0.105241,1,STELLA ARTOIS,£3.80,3.8,"https://www.pint-prices.com/pub/26-30%20Turnpike%20Ln,%20London%20N8%200PS/The%20Toll%20Gate",2026-07-03T23:10:47+00:00
Swan and Mitre,"260-262 High St, Bromley BR1 1PG, UK",020 8460 5617 🌐 https://www.greeneking.co.uk/pubs/kent/swan-and-mitre 📧Contact us form 🍽️ Food available ☀️ Beer garden available ⚽ Live sports shown,51.4071,0.0116178,1,CARLING,£4.75,4.75,"https://www.pint-prices.com/pub/260-262%20High%20St,%20Bromley%20BR1%201PG,%20UK/Swan%20and%20Mitre",2026-07-03T23:10:47+00:00
The Oxford Arms,"265 Camden High St, London NW1 7BU, UK",020 7267 4945 🌐 http://www.oxfordarmscamden.co.uk/ ⚽ Live sports shown 🎸 Live music,51.5406,-0.144258,1,DOOMBAR,£5.57,5.57,"https://www.pint-prices.com/pub/265%20Camden%20High%20St,%20London%20NW1%207BU,%20UK/The%20Oxford%20Arms",2026-07-03T23:10:47+00:00
The Oxford Arms,"265 Camden High St, London NW1 7BU, UK",020 7267 4945 🌐 http://www.oxfordarmscamden.co.uk/ ⚽ Live sports shown 🎸 Live music,51.5406,-0.144258,2,LONDON PRIDE,£5.75,5.75,"https://www.pint-prices.com/pub/265%20Camden%20High%20St,%20London%20NW1%207BU,%20UK/The%20Oxford%20Arms",2026-07-03T23:10:47+00:00
The Askew,"269 Uxbridge Rd, London W12 9DS",🌐 https://www.askewshepherdsbush.co.uk/ 🍽️ Food available 🍹 Cocktails available ☀️ Beer garden available 🎸 Live music 🎤 Karaoke available,51.5066,-0.244877,1,FOSTERS,£4.20,4.2,"https://www.pint-prices.com/pub/269%20Uxbridge%20Rd,%20London%20W12%209DS/The%20Askew",2026-07-03T23:10:47+00:00
The Lord Clyde,"27 Clennam St, London SE1 1ER",🍽️ Food available ⚽ Live sports shown 🎯 Darts available,51.5028,-0.0955317,1,AMSTEL,£6.10,6.1,"https://www.pint-prices.com/pub/27%20Clennam%20St,%20London%20SE1%201ER/The%20Lord%20Clyde",2026-07-03T23:10:47+00:00
Plough,"27 Museum Street, WC1A 1LH",🌐 https://www.greeneking.co.uk/pubs/greater-london/plough 🍽️ Food available 🍹 Cocktails available ☀️ Beer garden available ⚽ Live sports shown,51.5177,-0.12582,1,AMSTEL,£6.15,6.15,"https://www.pint-prices.com/pub/27%20Museum%20Street,%20WC1A%201LH/Plough",2026-07-03T23:10:47+00:00
Plough,"27 Museum Street, WC1A 1LH",🌐 https://www.greeneking.co.uk/pubs/greater-london/plough 🍽️ Food available 🍹 Cocktails available ☀️ Beer garden available ⚽ Live sports shown,51.5177,-0.12582,2,GUINNESS,£6.40,6.4,"https://www.pint-prices.com/pub/27%20Museum%20Street,%20WC1A%201LH/Plough",2026-07-03T23:10:47+00:00
Plough,"27 Museum Street, WC1A 1LH",🌐 https://www.greeneking.co.uk/pubs/greater-london/plough 🍽️ Food available 🍹 Cocktails available ☀️ Beer garden available ⚽ Live sports shown,51.5177,-0.12582,3,MADRI,£6.65,6.65,"https://www.pint-prices.com/pub/27%20Museum%20Street,%20WC1A%201LH/Plough",2026-07-03T23:10:47+00:00
Plough,"27 Museum Street, WC1A 1LH",🌐 https://www.greeneking.co.uk/pubs/greater-london/plough 🍽️ Food available 🍹 Cocktails available ☀️ Beer garden available ⚽ Live sports shown,51.5177,-0.12582,4,ESTRELLA,£7.00,7.0,"https://www.pint-prices.com/pub/27%20Museum%20Street,%20WC1A%201LH/Plough",2026-07-03T23:10:47+00:00
Plough,"27 Museum Street, WC1A 1LH",🌐 https://www.greeneking.co.uk/pubs/greater-london/plough 🍽️ Food available 🍹 Cocktails available ☀️ Beer garden available ⚽ Live sports shown,51.5177,-0.12582,5,BIRRA MORETTI,£7.10,7.1,"https://www.pint-prices.com/pub/27%20Museum%20Street,%20WC1A%201LH/Plough",2026-07-03T23:10:47+00:00
Plough,"27 Museum Street, WC1A 1LH",🌐 https://www.greeneking.co.uk/pubs/greater-london/plough 🍽️ Food available 🍹 Cocktails available ☀️ Beer garden available ⚽ Live sports shown,51.5177,-0.12582,6,PERONI,£7.40,7.4,"https://www.pint-prices.com/pub/27%20Museum%20Street,%20WC1A%201LH/Plough",2026-07-03T23:10:47+00:00
Plough,"27 Museum Street, WC1A 1LH",🌐 https://www.greeneking.co.uk/pubs/greater-london/plough 🍽️ Food available 🍹 Cocktails available ☀️ Beer garden available ⚽ Live sports shown,51.5177,-0.12582,7,NECK OIL,£7.55,7.55,"https://www.pint-prices.com/pub/27%20Museum%20Street,%20WC1A%201LH/Plough",2026-07-03T23:10:47+00:00
The Princess of Wales,"27 Villiers St, Greater, London WC2N 6ND",🌐 https://lovetheprincess.com/ 🍽️ Food available ☀️ Beer garden available,51.5082,-0.123767,1,CAMDEN HELLS,£6.95,6.95,"https://www.pint-prices.com/pub/27%20Villiers%20St,%20Greater,%20London%20WC2N%206ND/The%20Princess%20of%20Wales",2026-07-03T23:10:47+00:00
The Princess of Wales,"27 Villiers St, London WC2N 6ND",🌐 https://www.nicholsonspubs.co.uk/restaurants/london/theprincessofwalescharingcrosslondon#/ 🍽️ Food available,51.5082,-0.123767,1,PRAVHA,£5.85,5.85,"https://www.pint-prices.com/pub/27%20Villiers%20St,%20London%20WC2N%206ND/The%20Princess%20of%20Wales",2026-07-03T23:10:47+00:00
Kings Arms,"27 Wormwood St, London EC2M 1RP",,51.5165,-0.0826307,1,GUINNESS,£6.50,6.5,"https://www.pint-prices.com/pub/27%20Wormwood%20St,%20London%20EC2M%201RP/Kings%20Arms",2026-07-03T23:10:47+00:00
Kings Arms,"27-28 Wormwood Street, EC2M 1RP",🌐 https://www.greeneking.co.uk/pubs/greater-london/kings-arms 🍽️ Food available 🍹 Cocktails available ☀️ Beer garden available ⚽ Live sports shown 🎱 Pool available,51.5164,-0.082628,1,AMSTEL,£6.15,6.15,"https://www.pint-prices.com/pub/27-28%20Wormwood%20Street,%20EC2M%201RP/Kings%20Arms",2026-07-03T23:10:47+00:00
Kings Arms,"27-28 Wormwood Street, EC2M 1RP",🌐 https://www.greeneking.co.uk/pubs/greater-london/kings-arms 🍽️ Food available 🍹 Cocktails available ☀️ Beer garden available ⚽ Live sports shown 🎱 Pool available,51.5164,-0.082628,2,GUINNESS,£6.35,6.35,"https://www.pint-prices.com/pub/27-28%20Wormwood%20Street,%20EC2M%201RP/Kings%20Arms",2026-07-03T23:10:47+00:00
Kings Arms,"27-28 Wormwood Street, EC2M 1RP",🌐 https://www.greeneking.co.uk/pubs/greater-london/kings-arms 🍽️ Food available 🍹 Cocktails available ☀️ Beer garden available ⚽ Live sports shown 🎱 Pool available,51.5164,-0.082628,3,MADRI,£6.95,6.95,"https://www.pint-prices.com/pub/27-28%20Wormwood%20Street,%20EC2M%201RP/Kings%20Arms",2026-07-03T23:10:47+00:00
Kings Arms,"27-28 Wormwood Street, EC2M 1RP",🌐 https://www.greeneking.co.uk/pubs/greater-london/kings-arms 🍽️ Food available 🍹 Cocktails available ☀️ Beer garden available ⚽ Live sports shown 🎱 Pool available,51.5164,-0.082628,4,ESTRELLA,£7.00,7.0,"https://www.pint-prices.com/pub/27-28%20Wormwood%20Street,%20EC2M%201RP/Kings%20Arms",2026-07-03T23:10:47+00:00
Kings Arms,"27-28 Wormwood Street, EC2M 1RP",🌐 https://www.greeneking.co.uk/pubs/greater-london/kings-arms 🍽️ Food available 🍹 Cocktails available ☀️ Beer garden available ⚽ Live sports shown 🎱 Pool available,51.5164,-0.082628,5,BIRRA MORETTI,£7.00,7.0,"https://www.pint-prices.com/pub/27-28%20Wormwood%20Street,%20EC2M%201RP/Kings%20Arms",2026-07-03T23:10:47+00:00
Kings Arms,"27-28 Wormwood Street, EC2M 1RP",🌐 https://www.greeneking.co.uk/pubs/greater-london/kings-arms 🍽️ Food available 🍹 Cocktails available ☀️ Beer garden available ⚽ Live sports shown 🎱 Pool available,51.5164,-0.082628,6,PERONI,£7.35,7.35,"https://www.pint-prices.com/pub/27-28%20Wormwood%20Street,%20EC2M%201RP/Kings%20Arms",2026-07-03T23:10:47+00:00
Kings Arms,"27-28 Wormwood Street, EC2M 1RP",🌐 https://www.greeneking.co.uk/pubs/greater-london/kings-arms 🍽️ Food available 🍹 Cocktails available ☀️ Beer garden available ⚽ Live sports shown 🎱 Pool available,51.5164,-0.082628,7,NECK OIL,£7.55,7.55,"https://www.pint-prices.com/pub/27-28%20Wormwood%20Street,%20EC2M%201RP/Kings%20Arms",2026-07-03T23:10:47+00:00
Fire Stables,"27-29 Church Rd, London SW19 5DQ",020 8946 3197 🌐 firestables.co.uk 📧firestables@youngs.co.uk 🍽️ Food available 🍹 Cocktails available ❓ Pub quiz available,51.4261,-0.217166,1,PRAVHA,£6.05,6.05,"https://www.pint-prices.com/pub/27-29%20Church%20Rd,%20London%20SW19%205DQ/Fire%20Stables",2026-07-03T23:10:47+00:00
Fire Stables,"27-29 Church Rd, London SW19 5DQ",020 8946 3197 🌐 firestables.co.uk 📧firestables@youngs.co.uk 🍽️ Food available 🍹 Cocktails available ❓ Pub quiz available,51.4261,-0.217166,2,GUINNESS,£6.60,6.6,"https://www.pint-prices.com/pub/27-29%20Church%20Rd,%20London%20SW19%205DQ/Fire%20Stables",2026-07-03T23:10:47+00:00
Fire Stables,"27-29 Church Rd, London SW19 5DQ",020 8946 3197 🌐 firestables.co.uk 📧firestables@youngs.co.uk 🍽️ Food available 🍹 Cocktails available ❓ Pub quiz available,51.4261,-0.217166,3,PERONI,£6.95,6.95,"https://www.pint-prices.com/pub/27-29%20Church%20Rd,%20London%20SW19%205DQ/Fire%20Stables",2026-07-03T23:10:47+00:00
Fire Stables,"27-29 Church Rd, London SW19 5DQ",020 8946 3197 🌐 firestables.co.uk 📧firestables@youngs.co.uk 🍽️ Food available 🍹 Cocktails available ❓ Pub quiz available,51.4261,-0.217166,4,NECK OIL,£7.10,7.1,"https://www.pint-prices.com/pub/27-29%20Church%20Rd,%20London%20SW19%205DQ/Fire%20Stables",2026-07-03T23:10:47+00:00
O'Neill's Bromley,"27-29 East St, Bromley BR1 1QE, UK",020 8460 8975 🌐 https://www.oneills.co.uk/contact-us#/ 📧Contact us form 🍽️ Food available ⚽ Live sports shown,51.4071,0.0155671,1,CARLING,£4.40,4.4,"https://www.pint-prices.com/pub/27-29%20East%20St,%20Bromley%20BR1%201QE,%20UK/O'Neill's%20Bromley",2026-07-03T23:10:47+00:00
The Brownswood,"271 Green Lanes, London N4 2EX",🌐 https://thebrownswood.co.uk/ 🍽️ Food available ☀️ Beer garden available ❓ Pub quiz available,51.564,-0.0927414,1,AMSTEL,£5.30,5.3,"https://www.pint-prices.com/pub/271%20Green%20Lanes,%20London%20N4%202EX/The%20Brownswood",2026-07-03T23:10:47+00:00
The London and South Western - JD Wetherspoon,"276-288 Lavender Hill, Clapham Junction, Battersea, SW11 1LJ",🌐 https://www.jdwetherspoon.com/pubs/all-pubs/england/london/the-london-and-south-western 🍽️ Food available ☀️ Beer garden available,51.464,-0.167474,1,BUD LIGHT,£3.18,3.18,"https://www.pint-prices.com/pub/276-288%20Lavender%20Hill,%20Clapham%20Junction,%20Battersea,%20SW11%201LJ/The%20London%20and%20South%20Western%20-%20JD%20Wetherspoon",2026-07-03T23:10:47+00:00
The London and South Western - JD Wetherspoon,"276-288 Lavender Hill, Clapham Junction, Battersea, SW11 1LJ",🌐 https://www.jdwetherspoon.com/pubs/all-pubs/england/london/the-london-and-south-western 🍽️ Food available ☀️ Beer garden available,51.464,-0.167474,2,CARLSBERG PILSNER,£3.66,3.66,"https://www.pint-prices.com/pub/276-288%20Lavender%20Hill,%20Clapham%20Junction,%20Battersea,%20SW11%201LJ/The%20London%20and%20South%20Western%20-%20JD%20Wetherspoon",2026-07-03T23:10:47+00:00
The London and South Western - JD Wetherspoon,"276-288 Lavender Hill, Clapham Junction, Battersea, SW11 1LJ",🌐 https://www.jdwetherspoon.com/pubs/all-pubs/england/london/the-london-and-south-western 🍽️ Food available ☀️ Beer garden available,51.464,-0.167474,3,GUINNESS,£4.48,4.48,"https://www.pint-prices.com/pub/276-288%20Lavender%20Hill,%20Clapham%20Junction,%20Battersea,%20SW11%201LJ/The%20London%20and%20South%20Western%20-%20JD%20Wetherspoon",2026-07-03T23:10:47+00:00
The London and South Western - JD Wetherspoon,"276-288 Lavender Hill, Clapham Junction, Battersea, SW11 1LJ",🌐 https://www.jdwetherspoon.com/pubs/all-pubs/england/london/the-london-and-south-western 🍽️ Food available ☀️ Beer garden available,51.464,-0.167474,4,CARLING,£4.83,4.83,"https://www.pint-prices.com/pub/276-288%20Lavender%20Hill,%20Clapham%20Junction,%20Battersea,%20SW11%201LJ/The%20London%20and%20South%20Western%20-%20JD%20Wetherspoon",2026-07-03T23:10:47+00:00
The London and South Western - JD Wetherspoon,"276-288 Lavender Hill, Clapham Junction, Battersea, SW11 1LJ",🌐 https://www.jdwetherspoon.com/pubs/all-pubs/england/london/the-london-and-south-western 🍽️ Food available ☀️ Beer garden available,51.464,-0.167474,5,COORS,£4.83,4.83,"https://www.pint-prices.com/pub/276-288%20Lavender%20Hill,%20Clapham%20Junction,%20Battersea,%20SW11%201LJ/The%20London%20and%20South%20Western%20-%20JD%20Wetherspoon",2026-07-03T23:10:47+00:00
The London and South Western - JD Wetherspoon,"276-288 Lavender Hill, Clapham Junction, Battersea, SW11 1LJ",🌐 https://www.jdwetherspoon.com/pubs/all-pubs/england/london/the-london-and-south-western 🍽️ Food available ☀️ Beer garden available,51.464,-0.167474,6,BUDWEISER,£4.91,4.91,"https://www.pint-prices.com/pub/276-288%20Lavender%20Hill,%20Clapham%20Junction,%20Battersea,%20SW11%201LJ/The%20London%20and%20South%20Western%20-%20JD%20Wetherspoon",2026-07-03T23:10:47+00:00
The London and South Western - JD Wetherspoon,"276-288 Lavender Hill, Clapham Junction, Battersea, SW11 1LJ",🌐 https://www.jdwetherspoon.com/pubs/all-pubs/england/london/the-london-and-south-western 🍽️ Food available ☀️ Beer garden available,51.464,-0.167474,7,STELLA ARTOIS,£5.15,5.15,"https://www.pint-prices.com/pub/276-288%20Lavender%20Hill,%20Clapham%20Junction,%20Battersea,%20SW11%201LJ/The%20London%20and%20South%20Western%20-%20JD%20Wetherspoon",2026-07-03T23:10:47+00:00
The London and South Western - JD Wetherspoon,"276-288 Lavender Hill, Clapham Junction, Battersea, SW11 1LJ",🌐 https://www.jdwetherspoon.com/pubs/all-pubs/england/london/the-london-and-south-western 🍽️ Food available ☀️ Beer garden available,51.464,-0.167474,8,CORONA,£5.26,5.26,"https://www.pint-prices.com/pub/276-288%20Lavender%20Hill,%20Clapham%20Junction,%20Battersea,%20SW11%201LJ/The%20London%20and%20South%20Western%20-%20JD%20Wetherspoon",2026-07-03T23:10:47+00:00
The London and South Western - JD Wetherspoon,"276-288 Lavender Hill, Clapham Junction, Battersea, SW11 1LJ",🌐 https://www.jdwetherspoon.com/pubs/all-pubs/england/london/the-london-and-south-western 🍽️ Food available ☀️ Beer garden available,51.464,-0.167474,9,SAN MIGUEL,£5.26,5.26,"https://www.pint-prices.com/pub/276-288%20Lavender%20Hill,%20Clapham%20Junction,%20Battersea,%20SW11%201LJ/The%20London%20and%20South%20Western%20-%20JD%20Wetherspoon",2026-07-03T23:10:47+00:00
The London and South Western - JD Wetherspoon,"276-288 Lavender Hill, Clapham Junction, Battersea, SW11 1LJ",🌐 https://www.jdwetherspoon.com/pubs/all-pubs/england/london/the-london-and-south-western 🍽️ Food available ☀️ Beer garden available,51.464,-0.167474,10,LEFFE BLONDE,£5.62,5.62,"https://www.pint-prices.com/pub/276-288%20Lavender%20Hill,%20Clapham%20Junction,%20Battersea,%20SW11%201LJ/The%20London%20and%20South%20Western%20-%20JD%20Wetherspoon",2026-07-03T23:10:47+00:00
Leather Bottle,"277 Kingston Rd, London SW19 3NW, UK",020 8542 7490 🌐 https://www.greeneking.co.uk/pubs/greater-london/leather-bottle?utm_source=g_places&utm_medium=locat 🍽️ Food available ☀️ Beer garden available ⚽ Live sports shown ❓ Pub quiz available,51.4112,-0.209037,1,THATCHERS GOLD,£5.10,5.1,"https://www.pint-prices.com/pub/277%20Kingston%20Rd,%20London%20SW19%203NW,%20UK/Leather%20Bottle",2026-07-03T23:10:47+00:00
Leather Bottle,"277 Kingston Road, SW19 3NW",🌐 https://www.greeneking.co.uk/pubs/greater-london/leather-bottle 🍽️ Food available 🍹 Cocktails available ☀️ Beer garden available ⚽ Live sports shown,51.4112,-0.209037,1,GUINNESS,£5.40,5.4,"https://www.pint-prices.com/pub/277%20Kingston%20Road,%20SW19%203NW/Leather%20Bottle",2026-07-03T23:10:47+00:00
Leather Bottle,"277 Kingston Road, SW19 3NW",🌐 https://www.greeneking.co.uk/pubs/greater-london/leather-bottle 🍽️ Food available 🍹 Cocktails available ☀️ Beer garden available ⚽ Live sports shown,51.4112,-0.209037,2,AMSTEL,£5.65,5.65,"https://www.pint-prices.com/pub/277%20Kingston%20Road,%20SW19%203NW/Leather%20Bottle",2026-07-03T23:10:47+00:00
Leather Bottle,"277 Kingston Road, SW19 3NW",🌐 https://www.greeneking.co.uk/pubs/greater-london/leather-bottle 🍽️ Food available 🍹 Cocktails available ☀️ Beer garden available ⚽ Live sports shown,51.4112,-0.209037,3,MADRI,£6.25,6.25,"https://www.pint-prices.com/pub/277%20Kingston%20Road,%20SW19%203NW/Leather%20Bottle",2026-07-03T23:10:47+00:00
Leather Bottle,"277 Kingston Road, SW19 3NW",🌐 https://www.greeneking.co.uk/pubs/greater-london/leather-bottle 🍽️ Food available 🍹 Cocktails available ☀️ Beer garden available ⚽ Live sports shown,51.4112,-0.209037,4,ESTRELLA,£6.35,6.35,"https://www.pint-prices.com/pub/277%20Kingston%20Road,%20SW19%203NW/Leather%20Bottle",2026-07-03T23:10:47+00:00
Leather Bottle,"277 Kingston Road, SW19 3NW",🌐 https://www.greeneking.co.uk/pubs/greater-london/leather-bottle 🍽️ Food available 🍹 Cocktails available ☀️ Beer garden available ⚽ Live sports shown,51.4112,-0.209037,5,BIRRA MORETTI,£6.55,6.55,"https://www.pint-prices.com/pub/277%20Kingston%20Road,%20SW19%203NW/Leather%20Bottle",2026-07-03T23:10:47+00:00
Leather Bottle,"277 Kingston Road, SW19 3NW",🌐 https://www.greeneking.co.uk/pubs/greater-london/leather-bottle 🍽️ Food available 🍹 Cocktails available ☀️ Beer garden available ⚽ Live sports shown,51.4112,-0.209037,6,NECK OIL,£6.65,6.65,"https://www.pint-prices.com/pub/277%20Kingston%20Road,%20SW19%203NW/Leather%20Bottle",2026-07-03T23:10:47+00:00
Leather Bottle,"277 Kingston Road, SW19 3NW",🌐 https://www.greeneking.co.uk/pubs/greater-london/leather-bottle 🍽️ Food available 🍹 Cocktails available ☀️ Beer garden available ⚽ Live sports shown,51.4112,-0.209037,7,PERONI,£6.75,6.75,"https://www.pint-prices.com/pub/277%20Kingston%20Road,%20SW19%203NW/Leather%20Bottle",2026-07-03T23:10:47+00:00
Tootoomoo Islington,"278 St Paul's Rd, London N1 2LH, UK",020 3971 8141 🌐 https://www.tootoomoo.co.uk/islington 📧info@tootoomoo.co.uk 🍽️ Food available 🍹 Cocktails available,51.5464,-0.100685,1,MEANTIME GREENWICH LAGER,£5.95,5.95,"https://www.pint-prices.com/pub/278%20St%20Paul's%20Rd,%20London%20N1%202LH,%20UK/Tootoomoo%20Islington",2026-07-03T23:10:47+00:00
Tootoomoo Islington,"278 St Paul's Rd, London N1 2LH, UK",020 3971 8141 🌐 https://www.tootoomoo.co.uk/islington 📧info@tootoomoo.co.uk 🍽️ Food available 🍹 Cocktails available,51.5464,-0.100685,2,ASAHI,£6.50,6.5,"https://www.pint-prices.com/pub/278%20St%20Paul's%20Rd,%20London%20N1%202LH,%20UK/Tootoomoo%20Islington",2026-07-03T23:10:47+00:00
Tootoomoo Islington,"278 St Paul's Rd, London N1 2LH, UK",020 3971 8141 🌐 https://www.tootoomoo.co.uk/islington 📧info@tootoomoo.co.uk 🍽️ Food available 🍹 Cocktails available,51.5464,-0.100685,3,MEANTIME IPA,£6.50,6.5,"https://www.pint-prices.com/pub/278%20St%20Paul's%20Rd,%20London%20N1%202LH,%20UK/Tootoomoo%20Islington",2026-07-03T23:10:47+00:00
The Harrison,"28 Harrison St, London WC1H 8JF",🌐 https://harrisonbar.co.uk/ 🍽️ Food available ☀️ Beer garden available 🎸 Live music ❓ Pub quiz available,51.5276,-0.120545,1,AMSTEL,£5.00,5.0,"https://www.pint-prices.com/pub/28%20Harrison%20St,%20London%20WC1H%208JF/The%20Harrison",2026-07-03T23:10:47+00:00
The George IV,"28 Portugal St, London WC2A 2HE",🌐 https://info.lse.ac.uk/staff/services/catering/outlets/george-iv-pub 🍽️ Food available,51.5147,-0.116868,1,CAMDEN HELLS,£6.30,6.3,"https://www.pint-prices.com/pub/28%20Portugal%20St,%20London%20WC2A%202HE/The%20George%20IV",2026-07-03T23:10:47+00:00
"The Prince's Head, Richmond","28 The Green, Richmond TW9 1LX, UK",020 8940 1572 🌐 https://www.princeshead.co.uk/?utm_source=googlemybusiness&utm_medium=organic&utm_campaign=yext&utm_ 📧princeshead@fullers.co.uk 🍽️ Food available ⚽ Live sports shown 🎸 Live music 😎 Cool place,51.4604,-0.306342,1,LONDON PRIDE,£5.50,5.5,"https://www.pint-prices.com/pub/28%20The%20Green,%20Richmond%20TW9%201LX,%20UK/The%20Prince's%20Head,%20Richmond",2026-07-03T23:10:47+00:00
"The Prince's Head, Richmond","28 The Green, Richmond TW9 1LX, UK",020 8940 1572 🌐 https://www.princeshead.co.uk/?utm_source=googlemybusiness&utm_medium=organic&utm_campaign=yext&utm_ 📧princeshead@fullers.co.uk 🍽️ Food available ⚽ Live sports shown 🎸 Live music 😎 Cool place,51.4604,-0.306342,2,AMSTEL,£5.75,5.75,"https://www.pint-prices.com/pub/28%20The%20Green,%20Richmond%20TW9%201LX,%20UK/The%20Prince's%20Head,%20Richmond",2026-07-03T23:10:47+00:00
"The Prince's Head, Richmond","28 The Green, Richmond TW9 1LX, UK",020 8940 1572 🌐 https://www.princeshead.co.uk/?utm_source=googlemybusiness&utm_medium=organic&utm_campaign=yext&utm_ 📧princeshead@fullers.co.uk 🍽️ Food available ⚽ Live sports shown 🎸 Live music 😎 Cool place,51.4604,-0.306342,3,PERONI,£6.95,6.95,"https://www.pint-prices.com/pub/28%20The%20Green,%20Richmond%20TW9%201LX,%20UK/The%20Prince's%20Head,%20Richmond",2026-07-03T23:10:47+00:00
"The Prince's Head, Richmond","28 The Green, Richmond TW9 1LX, UK",020 8940 1572 🌐 https://www.princeshead.co.uk/?utm_source=googlemybusiness&utm_medium=organic&utm_campaign=yext&utm_ 📧princeshead@fullers.co.uk 🍽️ Food available ⚽ Live sports shown 🎸 Live music 😎 Cool place,51.4604,-0.306342,4,NECK OIL,£7.05,7.05,"https://www.pint-prices.com/pub/28%20The%20Green,%20Richmond%20TW9%201LX,%20UK/The%20Prince's%20Head,%20Richmond",2026-07-03T23:10:47+00:00
"The Prince's Head, Richmond","28 The Green, Richmond TW9 1LX, UK",020 8940 1572 🌐 https://www.princeshead.co.uk/?utm_source=googlemybusiness&utm_medium=organic&utm_campaign=yext&utm_ 📧princeshead@fullers.co.uk 🍽️ Food available ⚽ Live sports shown 🎸 Live music 😎 Cool place,51.4604,-0.306342,5,ASAHI,£7.05,7.05,"https://www.pint-prices.com/pub/28%20The%20Green,%20Richmond%20TW9%201LX,%20UK/The%20Prince's%20Head,%20Richmond",2026-07-03T23:10:47+00:00
"The Turk's Head, Twickenham","28 Winchester Rd, St Margarets, Twickenham TW1 1LF, UK",020 8892 1972 🌐 https://www.turksheadtwickenham.co.uk/?utm_source=googlemybusiness&utm_medium=organic&utm_campaign=y 📧turkshead@fullers.co.uk 🍽️ Food available 🍹 Cocktails available ☀️ Beer garden available ⚽ Live sports shown 🎸 Live music ❓ Pub quiz available,51.4564,-0.323045,1,CASK ALE,£5.50,5.5,"https://www.pint-prices.com/pub/28%20Winchester%20Rd,%20St%20Margarets,%20Twickenham%20TW1%201LF,%20UK/The%20Turk's%20Head,%20Twickenham",2026-07-03T23:10:47+00:00
"The Turk's Head, Twickenham","28 Winchester Rd, St Margarets, Twickenham TW1 1LF, UK",020 8892 1972 🌐 https://www.turksheadtwickenham.co.uk/?utm_source=googlemybusiness&utm_medium=organic&utm_campaign=y 📧turkshead@fullers.co.uk 🍽️ Food available 🍹 Cocktails available ☀️ Beer garden available ⚽ Live sports shown 🎸 Live music ❓ Pub quiz available,51.4564,-0.323045,2,ALE,£5.50,5.5,"https://www.pint-prices.com/pub/28%20Winchester%20Rd,%20St%20Margarets,%20Twickenham%20TW1%201LF,%20UK/The%20Turk's%20Head,%20Twickenham",2026-07-03T23:10:47+00:00
Eat 17 Restaurant,"28-30 Orford Rd, London E17 9NJ, UK",020 8521 5279 🌐 http://www.eat17.co.uk/restaurant,51.5826,-0.0130119,1,HOUSE LAGER,£5.75,5.75,"https://www.pint-prices.com/pub/28-30%20Orford%20Rd,%20London%20E17%209NJ,%20UK/Eat%2017%20Restaurant",2026-07-03T23:10:47+00:00
Eat 17 Restaurant,"28-30 Orford Rd, London E17 9NJ, UK",020 8521 5279 🌐 http://www.eat17.co.uk/restaurant,51.5826,-0.0130119,2,WILDCARD IPA,£6.50,6.5,"https://www.pint-prices.com/pub/28-30%20Orford%20Rd,%20London%20E17%209NJ,%20UK/Eat%2017%20Restaurant",2026-07-03T23:10:47+00:00
The Red Lion & Pineapple - JD Wetherspoon,"281 High Street, Acton, W3 9BP",🍽️ Food available 🍹 Cocktails available ☀️ Beer garden available ⚽ Live sports shown,51.5082,-0.276589,1,BUD LIGHT,£2.55,2.55,"https://www.pint-prices.com/pub/281%20High%20Street,%20Acton,%20W3%209BP/The%20Red%20Lion%20%26%20Pineapple%20-%20JD%20Wetherspoon",2026-07-03T23:10:47+00:00
The Red Lion & Pineapple - JD Wetherspoon,"281 High Street, Acton, W3 9BP",🍽️ Food available 🍹 Cocktails available ☀️ Beer garden available ⚽ Live sports shown,51.5082,-0.276589,2,CARLSBERG PILSNER,£2.79,2.79,"https://www.pint-prices.com/pub/281%20High%20Street,%20Acton,%20W3%209BP/The%20Red%20Lion%20%26%20Pineapple%20-%20JD%20Wetherspoon",2026-07-03T23:10:47+00:00
The Red Lion & Pineapple - JD Wetherspoon,"281 High Street, Acton, W3 9BP",🍽️ Food available 🍹 Cocktails available ☀️ Beer garden available ⚽ Live sports shown,51.5082,-0.276589,3,GUINNESS,£3.49,3.49,"https://www.pint-prices.com/pub/281%20High%20Street,%20Acton,%20W3%209BP/The%20Red%20Lion%20%26%20Pineapple%20-%20JD%20Wetherspoon",2026-07-03T23:10:47+00:00
The Red Lion & Pineapple - JD Wetherspoon,"281 High Street, Acton, W3 9BP",🍽️ Food available 🍹 Cocktails available ☀️ Beer garden available ⚽ Live sports shown,51.5082,-0.276589,4,CARLING,£3.82,3.82,"https://www.pint-prices.com/pub/281%20High%20Street,%20Acton,%20W3%209BP/The%20Red%20Lion%20%26%20Pineapple%20-%20JD%20Wetherspoon",2026-07-03T23:10:47+00:00
The Red Lion & Pineapple - JD Wetherspoon,"281 High Street, Acton, W3 9BP",🍽️ Food available 🍹 Cocktails available ☀️ Beer garden available ⚽ Live sports shown,51.5082,-0.276589,5,COORS,£3.82,3.82,"https://www.pint-prices.com/pub/281%20High%20Street,%20Acton,%20W3%209BP/The%20Red%20Lion%20%26%20Pineapple%20-%20JD%20Wetherspoon",2026-07-03T23:10:47+00:00
The Red Lion & Pineapple - JD Wetherspoon,"281 High Street, Acton, W3 9BP",🍽️ Food available 🍹 Cocktails available ☀️ Beer garden available ⚽ Live sports shown,51.5082,-0.276589,6,BUDWEISER,£4.03,4.03,"https://www.pint-prices.com/pub/281%20High%20Street,%20Acton,%20W3%209BP/The%20Red%20Lion%20%26%20Pineapple%20-%20JD%20Wetherspoon",2026-07-03T23:10:47+00:00
The Red Lion & Pineapple - JD Wetherspoon,"281 High Street, Acton, W3 9BP",🍽️ Food available 🍹 Cocktails available ☀️ Beer garden available ⚽ Live sports shown,51.5082,-0.276589,7,STELLA ARTOIS,£4.15,4.15,"https://www.pint-prices.com/pub/281%20High%20Street,%20Acton,%20W3%209BP/The%20Red%20Lion%20%26%20Pineapple%20-%20JD%20Wetherspoon",2026-07-03T23:10:47+00:00
The Red Lion & Pineapple - JD Wetherspoon,"281 High Street, Acton, W3 9BP",🍽️ Food available 🍹 Cocktails available ☀️ Beer garden available ⚽ Live sports shown,51.5082,-0.276589,8,CORONA,£4.26,4.26,"https://www.pint-prices.com/pub/281%20High%20Street,%20Acton,%20W3%209BP/The%20Red%20Lion%20%26%20Pineapple%20-%20JD%20Wetherspoon",2026-07-03T23:10:47+00:00
The Red Lion & Pineapple - JD Wetherspoon,"281 High Street, Acton, W3 9BP",🍽️ Food available 🍹 Cocktails available ☀️ Beer garden available ⚽ Live sports shown,51.5082,-0.276589,9,SAN MIGUEL,£4.26,4.26,"https://www.pint-prices.com/pub/281%20High%20Street,%20Acton,%20W3%209BP/The%20Red%20Lion%20%26%20Pineapple%20-%20JD%20Wetherspoon",2026-07-03T23:10:47+00:00
The Red Lion & Pineapple - JD Wetherspoon,"281 High Street, Acton, W3 9BP",🍽️ Food available 🍹 Cocktails available ☀️ Beer garden available ⚽ Live sports shown,51.5082,-0.276589,10,LEFFE BLONDE,£4.62,4.62,"https://www.pint-prices.com/pub/281%20High%20Street,%20Acton,%20W3%209BP/The%20Red%20Lion%20%26%20Pineapple%20-%20JD%20Wetherspoon",2026-07-03T23:10:47+00:00
Rayan's,"282 Northfield Ave, London W5 4UB",,51.4984,-0.314041,1,GUINESS,£4.90,4.9,"https://www.pint-prices.com/pub/282%20Northfield%20Ave,%20London%20W5%204UB/Rayan's",2026-07-03T23:10:47+00:00
Ryan's,"282 Northfield Ave, London W5 4UB",🍽️ Food available 🍹 Cocktails available ☀️ Beer garden available ⚽ Live sports shown,51.4984,-0.314023,1,FOSTERS,£4.80,4.8,"https://www.pint-prices.com/pub/282%20Northfield%20Ave,%20London%20W5%204UB/Ryan's",2026-07-03T23:10:47+00:00
The Black Stock,"284 Seven Sisters Rd, Finsbury Park, London N4 2HY",🍽️ Food available 🍹 Cocktails available ⚽ Live sports shown,51.5645,-0.104425,1,AMSTEL,£6.00,6.0,"https://www.pint-prices.com/pub/284%20Seven%20Sisters%20Rd,%20Finsbury%20Park,%20London%20N4%202HY/The%20Black%20Stock",2026-07-03T23:10:47+00:00
The Arab Boy,"289 Upper Richmond Rd, London SW15 6SP",2087885154 🌐 https://www.thearabboy.net/ 🍽️ Food available 🍹 Cocktails available ☀️ Beer garden available 🎸 Live music,51.4628,-0.226666,1,CARLSBERG,£5.40,5.4,"https://www.pint-prices.com/pub/289%20Upper%20Richmond%20Rd,%20London%20SW15%206SP/The%20Arab%20Boy",2026-07-03T23:10:47+00:00
The Arab Boy,"289 Upper Richmond Rd, London SW15 6SP",2087885154 🌐 https://www.thearabboy.net/ 🍽️ Food available 🍹 Cocktails available ☀️ Beer garden available 🎸 Live music,51.4628,-0.226666,2,GUINNESS,£6.40,6.4,"https://www.pint-prices.com/pub/289%20Upper%20Richmond%20Rd,%20London%20SW15%206SP/The%20Arab%20Boy",2026-07-03T23:10:47+00:00
The Curtains Up,"28A Comeragh Rd, London W14 9HR",🌐 https://www.thecurtainsup.co.uk/ 🍽️ Food available,51.4894,-0.209519,1,PERONI,£7.15,7.15,"https://www.pint-prices.com/pub/28A%20Comeragh%20Rd,%20London%20W14%209HR/The%20Curtains%20Up",2026-07-03T23:10:47+00:00
The Curtains Up,"28A Comeragh Rd, London W14 9HR",🌐 https://www.thecurtainsup.co.uk/ 🍽️ Food available,51.4894,-0.209519,2,CAMDEN HELLS,£7.15,7.15,"https://www.pint-prices.com/pub/28A%20Comeragh%20Rd,%20London%20W14%209HR/The%20Curtains%20Up",2026-07-03T23:10:47+00:00
The Curtains Up,"28A Comeragh Rd, London W14 9HR",🌐 https://www.thecurtainsup.co.uk/ 🍽️ Food available,51.4894,-0.209519,3,PERONI,£7.15,7.15,"https://www.pint-prices.com/pub/28A%20Comeragh%20Rd,%20London%20W14%209HR/The%20Curtains%20Up",2026-07-03T23:10:47+00:00
The Curtains Up,"28A Comeragh Rd, London W14 9HR",🌐 https://www.thecurtainsup.co.uk/ 🍽️ Food available,51.4894,-0.209519,4,CAMDEN HELLS,£7.15,7.15,"https://www.pint-prices.com/pub/28A%20Comeragh%20Rd,%20London%20W14%209HR/The%20Curtains%20Up",2026-07-03T23:10:47+00:00
The Curtains Up,"28A Comeragh Rd, London W14 9HR",🌐 https://www.thecurtainsup.co.uk/ 🍽️ Food available,51.4894,-0.209519,5,NECK OIL,£7.30,7.3,"https://www.pint-prices.com/pub/28A%20Comeragh%20Rd,%20London%20W14%209HR/The%20Curtains%20Up",2026-07-03T23:10:47+00:00
The Curtains Up,"28A Comeragh Rd, London W14 9HR",🌐 https://www.thecurtainsup.co.uk/ 🍽️ Food available,51.4894,-0.209519,6,NECK OIL,£7.30,7.3,"https://www.pint-prices.com/pub/28A%20Comeragh%20Rd,%20London%20W14%209HR/The%20Curtains%20Up",2026-07-03T23:10:47+00:00
The Ice Wharf - JD Wetherspoon,"28A, 28B Jamestown Rd, London NW1 7BY, UK",020 7428 3770 🌐 https://www.jdwetherspoon.com/pubs/all-pubs/england/london/the-ice-wharf-camden?utm_source=google&ut 📧Spoons 🍽️ Food available,51.5404,-0.145649,1,BUD LIGHT,£3.66,3.66,"https://www.pint-prices.com/pub/28A,%2028B%20Jamestown%20Rd,%20London%20NW1%207BY,%20UK/The%20Ice%20Wharf%20-%20JD%20Wetherspoon",2026-07-03T23:10:47+00:00
The Ice Wharf - JD Wetherspoon,"28A, 28B Jamestown Rd, London NW1 7BY, UK",020 7428 3770 🌐 https://www.jdwetherspoon.com/pubs/all-pubs/england/london/the-ice-wharf-camden?utm_source=google&ut 📧Spoons 🍽️ Food available,51.5404,-0.145649,2,CARLSBERG PILSNER,£4.25,4.25,"https://www.pint-prices.com/pub/28A,%2028B%20Jamestown%20Rd,%20London%20NW1%207BY,%20UK/The%20Ice%20Wharf%20-%20JD%20Wetherspoon",2026-07-03T23:10:47+00:00
The Ice Wharf - JD Wetherspoon,"28A, 28B Jamestown Rd, London NW1 7BY, UK",020 7428 3770 🌐 https://www.jdwetherspoon.com/pubs/all-pubs/england/london/the-ice-wharf-camden?utm_source=google&ut 📧Spoons 🍽️ Food available,51.5404,-0.145649,3,GUINNESS,£5.07,5.07,"https://www.pint-prices.com/pub/28A,%2028B%20Jamestown%20Rd,%20London%20NW1%207BY,%20UK/The%20Ice%20Wharf%20-%20JD%20Wetherspoon",2026-07-03T23:10:47+00:00
The Ice Wharf - JD Wetherspoon,"28A, 28B Jamestown Rd, London NW1 7BY, UK",020 7428 3770 🌐 https://www.jdwetherspoon.com/pubs/all-pubs/england/london/the-ice-wharf-camden?utm_source=google&ut 📧Spoons 🍽️ Food available,51.5404,-0.145649,4,CARLING,£5.29,5.29,"https://www.pint-prices.com/pub/28A,%2028B%20Jamestown%20Rd,%20London%20NW1%207BY,%20UK/The%20Ice%20Wharf%20-%20JD%20Wetherspoon",2026-07-03T23:10:47+00:00
The Ice Wharf - JD Wetherspoon,"28A, 28B Jamestown Rd, London NW1 7BY, UK",020 7428 3770 🌐 https://www.jdwetherspoon.com/pubs/all-pubs/england/london/the-ice-wharf-camden?utm_source=google&ut 📧Spoons 🍽️ Food available,51.5404,-0.145649,5,COORS,£5.29,5.29,"https://www.pint-prices.com/pub/28A,%2028B%20Jamestown%20Rd,%20London%20NW1%207BY,%20UK/The%20Ice%20Wharf%20-%20JD%20Wetherspoon",2026-07-03T23:10:47+00:00
The Ice Wharf - JD Wetherspoon,"28A, 28B Jamestown Rd, London NW1 7BY, UK",020 7428 3770 🌐 https://www.jdwetherspoon.com/pubs/all-pubs/england/london/the-ice-wharf-camden?utm_source=google&ut 📧Spoons 🍽️ Food available,51.5404,-0.145649,6,BUDWEISER,£5.38,5.38,"https://www.pint-prices.com/pub/28A,%2028B%20Jamestown%20Rd,%20London%20NW1%207BY,%20UK/The%20Ice%20Wharf%20-%20JD%20Wetherspoon",2026-07-03T23:10:47+00:00
The Ice Wharf - JD Wetherspoon,"28A, 28B Jamestown Rd, London NW1 7BY, UK",020 7428 3770 🌐 https://www.jdwetherspoon.com/pubs/all-pubs/england/london/the-ice-wharf-camden?utm_source=google&ut 📧Spoons 🍽️ Food available,51.5404,-0.145649,7,STELLA ARTOIS,£5.62,5.62,"https://www.pint-prices.com/pub/28A,%2028B%20Jamestown%20Rd,%20London%20NW1%207BY,%20UK/The%20Ice%20Wharf%20-%20JD%20Wetherspoon",2026-07-03T23:10:47+00:00
The Ice Wharf - JD Wetherspoon,"28A, 28B Jamestown Rd, London NW1 7BY, UK",020 7428 3770 🌐 https://www.jdwetherspoon.com/pubs/all-pubs/england/london/the-ice-wharf-camden?utm_source=google&ut 📧Spoons 🍽️ Food available,51.5404,-0.145649,8,CORONA,£5.73,5.73,"https://www.pint-prices.com/pub/28A,%2028B%20Jamestown%20Rd,%20London%20NW1%207BY,%20UK/The%20Ice%20Wharf%20-%20JD%20Wetherspoon",2026-07-03T23:10:47+00:00
The Ice Wharf - JD Wetherspoon,"28A, 28B Jamestown Rd, London NW1 7BY, UK",020 7428 3770 🌐 https://www.jdwetherspoon.com/pubs/all-pubs/england/london/the-ice-wharf-camden?utm_source=google&ut 📧Spoons 🍽️ Food available,51.5404,-0.145649,9,SAN MIGUEL,£5.73,5.73,"https://www.pint-prices.com/pub/28A,%2028B%20Jamestown%20Rd,%20London%20NW1%207BY,%20UK/The%20Ice%20Wharf%20-%20JD%20Wetherspoon",2026-07-03T23:10:47+00:00
The Ice Wharf - JD Wetherspoon,"28A, 28B Jamestown Rd, London NW1 7BY, UK",020 7428 3770 🌐 https://www.jdwetherspoon.com/pubs/all-pubs/england/london/the-ice-wharf-camden?utm_source=google&ut 📧Spoons 🍽️ Food available,51.5404,-0.145649,10,LEFFE BLONDE,£6.09,6.09,"https://www.pint-prices.com/pub/28A,%2028B%20Jamestown%20Rd,%20London%20NW1%207BY,%20UK/The%20Ice%20Wharf%20-%20JD%20Wetherspoon",2026-07-03T23:10:47+00:00
The White Hart,"29 Cornwall Rd, London SE1 8TJ",🌐 https://www.thewhitehartwaterloo.co.uk/#/ 🍽️ Food available 🍹 Cocktails available ☀️ Beer garden available ⚽ Live sports shown,51.5048,-0.110583,1,ESTRELLA,£6.70,6.7,"https://www.pint-prices.com/pub/29%20Cornwall%20Rd,%20London%20SE1%208TJ/The%20White%20Hart",2026-07-03T23:10:47+00:00
The Robin Ale & Cider House,"29 Crouch Hill, London N4 4AP",🌐 https://www.therobinlondon.com/ 🍽️ Food available 🍹 Cocktails available 🎸 Live music,51.5709,-0.116953,1,STUDIO LAGER,£5.22,5.22,"https://www.pint-prices.com/pub/29%20Crouch%20Hill,%20London%20N4%204AP/The%20Robin%20Ale%20%26%20Cider%20House",2026-07-03T23:10:47+00:00
Shakespeares Head (Soho),"29 Great Malborough Street, W1F 7HZ",🌐 https://www.greeneking.co.uk/pubs/greater-london/shakespeares-head 🍽️ Food available 🍹 Cocktails available ☀️ Beer garden available ⚽ Live sports shown 🎯 Darts available,51.5137,-0.139559,1,AMSTEL,£6.25,6.25,"https://www.pint-prices.com/pub/29%20Great%20Malborough%20Street,%20W1F%207HZ/Shakespeares%20Head%20(Soho)",2026-07-03T23:10:47+00:00
Shakespeares Head (Soho),"29 Great Malborough Street, W1F 7HZ",🌐 https://www.greeneking.co.uk/pubs/greater-london/shakespeares-head 🍽️ Food available 🍹 Cocktails available ☀️ Beer garden available ⚽ Live sports shown 🎯 Darts available,51.5137,-0.139559,2,GUINNESS,£6.45,6.45,"https://www.pint-prices.com/pub/29%20Great%20Malborough%20Street,%20W1F%207HZ/Shakespeares%20Head%20(Soho)",2026-07-03T23:10:47+00:00
Shakespeares Head (Soho),"29 Great Malborough Street, W1F 7HZ",🌐 https://www.greeneking.co.uk/pubs/greater-london/shakespeares-head 🍽️ Food available 🍹 Cocktails available ☀️ Beer garden available ⚽ Live sports shown 🎯 Darts available,51.5137,-0.139559,3,NECK OIL,£7.50,7.5,"https://www.pint-prices.com/pub/29%20Great%20Malborough%20Street,%20W1F%207HZ/Shakespeares%20Head%20(Soho)",2026-07-03T23:10:47+00:00
Shakespeares Head (Soho),"29 Great Malborough Street, W1F 7HZ",🌐 https://www.greeneking.co.uk/pubs/greater-london/shakespeares-head 🍽️ Food available 🍹 Cocktails available ☀️ Beer garden available ⚽ Live sports shown 🎯 Darts available,51.5137,-0.139559,4,PERONI,£7.50,7.5,"https://www.pint-prices.com/pub/29%20Great%20Malborough%20Street,%20W1F%207HZ/Shakespeares%20Head%20(Soho)",2026-07-03T23:10:47+00:00
Shakespeares Head (Soho),"29 Great Malborough Street, W1F 7HZ",🌐 https://www.greeneking.co.uk/pubs/greater-london/shakespeares-head 🍽️ Food available 🍹 Cocktails available ☀️ Beer garden available ⚽ Live sports shown 🎯 Darts available,51.5137,-0.139559,5,ASAHI,£7.55,7.55,"https://www.pint-prices.com/pub/29%20Great%20Malborough%20Street,%20W1F%207HZ/Shakespeares%20Head%20(Soho)",2026-07-03T23:10:47+00:00
The Coach & Horses,"29 Greek St, London W1D 5DH",🌐 https://www.coachandhorsessoho.pub/ 🍽️ Food available ☀️ Beer garden available 🎸 Live music,51.5133,-0.130129,1,AMSTEL,£5.70,5.7,"https://www.pint-prices.com/pub/29%20Greek%20St,%20London%20W1D%205DH/The%20Coach%20%26%20Horses",2026-07-03T23:10:47+00:00
Yeh Olde Watling,"29 Watling St, Greater, London EC4M 9BR",🌐 https://www.nicholsonspubs.co.uk/restaurants/london/yeoldewatlingwatlingstreetlondon#/ 🍽️ Food available,51.5129,-0.0935352,1,GUINNESS,£6.40,6.4,"https://www.pint-prices.com/pub/29%20Watling%20St,%20Greater,%20London%20EC4M%209BR/Yeh%20Olde%20Watling",2026-07-03T23:10:47+00:00
Yeh Olde Watling,"29 Watling St, Greater, London EC4M 9BR",🌐 https://www.nicholsonspubs.co.uk/restaurants/london/yeoldewatlingwatlingstreetlondon#/ 🍽️ Food available,51.5129,-0.0935352,2,MADRI,£6.80,6.8,"https://www.pint-prices.com/pub/29%20Watling%20St,%20Greater,%20London%20EC4M%209BR/Yeh%20Olde%20Watling",2026-07-03T23:10:47+00:00
The Ship,"290 Westferry Rd, London E14 3AG, UK",020 7531 9556 🌐 https://www.theshipcanarywharf.co.uk/ 🍽️ Food available ⚽ Live sports shown ❓ Pub quiz available,51.4878,-0.0177872,1,AMSTEL,£5.50,5.5,"https://www.pint-prices.com/pub/290%20Westferry%20Rd,%20London%20E14%203AG,%20UK/The%20Ship",2026-07-03T23:10:47+00:00
The Assembly House,"292-294 Kentish Town Rd, London NW5 2TG",,51.551,-0.140341,1,MADRI,£6.50,6.5,"https://www.pint-prices.com/pub/292-294%20Kentish%20Town%20Rd,%20London%20NW5%202TG/The%20Assembly%20House",2026-07-03T23:10:47+00:00
The Bear,"296A Camberwell New Rd, London SE5 0RP",🌐 https://www.thebearcamberwell.com/ 🍽️ Food available ☀️ Beer garden available,51.4757,-0.0970929,1,GUINNESS,£6.50,6.5,"https://www.pint-prices.com/pub/296A%20Camberwell%20New%20Rd,%20London%20SE5%200RP/The%20Bear",2026-07-03T23:10:47+00:00
The Bear,"296A Camberwell New Rd, London SE5 0RP",🌐 https://www.thebearcamberwell.com/ 🍽️ Food available ☀️ Beer garden available,51.4757,-0.0970929,2,GUINNESS,£6.50,6.5,"https://www.pint-prices.com/pub/296A%20Camberwell%20New%20Rd,%20London%20SE5%200RP/The%20Bear",2026-07-03T23:10:47+00:00
Brewhouse & Kitchen Highbury,"2A Corsica St, London N5 1JJ",🌐 https://www.brewhouseandkitchen.com/venue/highbury/ 🍽️ Food available ☀️ Beer garden available ❓ Pub quiz available,51.5464,-0.101728,1,LEGEND CRAFT LAGER,£5.90,5.9,"https://www.pint-prices.com/pub/2A%20Corsica%20St,%20London%20N5%201JJ/Brewhouse%20%26%20Kitchen%20Highbury",2026-07-03T23:10:47+00:00
The Ship EC3,"3 Hart St, London EC3R 7NB",🌐 https://www.nicholsonspubs.co.uk/restaurants/london/theshiptalbotcourtlondon#/ 🍽️ Food available 🍹 Cocktails available ⚽ Live sports shown 🎯 Darts available 🎤 Karaoke available,51.5109,-0.0799562,1,AMSTEL,£5.80,5.8,"https://www.pint-prices.com/pub/3%20Hart%20St,%20London%20EC3R%207NB/The%20Ship%20EC3",2026-07-03T23:10:47+00:00
Bertie's Bar,"3 Hartfield Rd, London SW19 3TA",020 8946 5369 📧https://www.facebook.com/Bertiesbarsw19 🍽️ Food available 🎸 Live music,51.4204,-0.206549,1,AMSTEL,£6.00,6.0,"https://www.pint-prices.com/pub/3%20Hartfield%20Rd,%20London%20SW19%203TA/Bertie's%20Bar",2026-07-03T23:10:47+00:00
The Pride of Spitalfields,"3 Heneage St, London E1 5LJ",🍽️ Food available 🍹 Cocktails available,51.519,-0.0712292,1,STAROPRAMEN,£4.80,4.8,"https://www.pint-prices.com/pub/3%20Heneage%20St,%20London%20E1%205LJ/The%20Pride%20of%20Spitalfields",2026-07-03T23:10:47+00:00
The Pride of Spitalfields,"3 Heneage St, London E1 5LJ",🍽️ Food available 🍹 Cocktails available,51.519,-0.0712292,2,GUINNESS,£5.50,5.5,"https://www.pint-prices.com/pub/3%20Heneage%20St,%20London%20E1%205LJ/The%20Pride%20of%20Spitalfields",2026-07-03T23:10:47+00:00
The Goat Tavern,"3 Stafford St, London W1S 4RP",🌐 https://www.greeneking.co.uk/pubs/greater-london/goat-tavern 🍽️ Food available ☀️ Beer garden available,51.5089,-0.141292,1,ESTRELLA,£6.50,6.5,"https://www.pint-prices.com/pub/3%20Stafford%20St,%20London%20W1S%204RP/The%20Goat%20Tavern",2026-07-03T23:10:47+00:00
The Northwood Sports Pub,"30 Parkfield St, London N1 0PZ",🌐 https://www.northwoodlondon.com/ 🍽️ Food available 🍹 Cocktails available ☀️ Beer garden available ⚽ Live sports shown ⏰ Happy hour,51.5347,-0.105854,1,AMSTEL,£6.20,6.2,"https://www.pint-prices.com/pub/30%20Parkfield%20St,%20London%20N1%200PZ/The%20Northwood%20Sports%20Pub",2026-07-03T23:10:47+00:00
The Duke of Cambridge,"30 St Peter's St, London N1 8JT",🌐 https://www.dukeorganic.co.uk/ 🍽️ Food available 🍹 Cocktails available,51.5346,-0.0986749,1,CRATE LAGER,£6.30,6.3,"https://www.pint-prices.com/pub/30%20St%20Peter's%20St,%20London%20N1%208JT/The%20Duke%20of%20Cambridge",2026-07-03T23:10:47+00:00
The Queens Head & Artichoke,"30-32 Albany St, London NW1 4EA",🌐 no website 🍽️ Food available ☀️ Beer garden available,51.5258,-0.144081,1,ESTRELLA,£6.70,6.7,"https://www.pint-prices.com/pub/30-32%20Albany%20St,%20London%20NW1%204EA/The%20Queens%20Head%20%26%20Artichoke",2026-07-03T23:10:47+00:00
Up the Creek Comedy Club,"302 Creek Rd, London SE10 9SW, UK",020 8858 4581 🌐 https://www.up-the-creek.com/ 📧contactus@up-the-creek.com 🍽️ Food available,51.4813,-0.0116715,1,HAIR OF THE DOG,£4.50,4.5,"https://www.pint-prices.com/pub/302%20Creek%20Rd,%20London%20SE10%209SW,%20UK/Up%20the%20Creek%20Comedy%20Club",2026-07-03T23:10:47+00:00
The Marquis of Cornwallis,"304 Bethnal Green Rd, Bethnal Green, London E2 0AG",🌐 https://www.themarquiscornwalliswc1.co.uk/#/ 🍽️ Food available 🍹 Cocktails available,51.5264,-0.0644607,1,STAROPRAMEN,£4.55,4.55,"https://www.pint-prices.com/pub/304%20Bethnal%20Green%20Rd,%20Bethnal%20Green,%20London%20E2%200AG/The%20Marquis%20of%20Cornwallis",2026-07-03T23:10:47+00:00
The Freelands Tavern,"31 Freelands Rd, Bromley BR1 3HZ, UK",020 8460 6988 🍽️ Food available ☀️ Beer garden available ⚽ Live sports shown 🎸 Live music ❓ Pub quiz available 🎯 Darts available 🎤 Karaoke available,51.4102,0.0245234,1,FOSTERS,£4.90,4.9,"https://www.pint-prices.com/pub/31%20Freelands%20Rd,%20Bromley%20BR1%203HZ,%20UK/The%20Freelands%20Tavern",2026-07-03T23:10:47+00:00
The Marquis Cornwallis,"31 Marchmont St, Greater, London WC1N 1AP",🌐 https://www.themarquiscornwalliswc1.co.uk/ 🍽️ Food available 🍹 Cocktails available ⚽ Live sports shown ❓ Pub quiz available,51.5244,-0.125064,1,PRAVHA,£6.20,6.2,"https://www.pint-prices.com/pub/31%20Marchmont%20St,%20Greater,%20London%20WC1N%201AP/The%20Marquis%20Cornwallis",2026-07-03T23:10:47+00:00
Prince Frederick,"31 Nichol Ln, Bromley BR1 4DE, UK",020 8466 6741 🌐 https://www.greeneking.co.uk/pubs/kent/prince-frederick?utm_source=g_places&utm_medium=locations&utm 📧Contact us form 🍽️ Food available ☀️ Beer garden available ⚽ Live sports shown,51.4158,0.0198121,1,FOSTERS,£5.05,5.05,"https://www.pint-prices.com/pub/31%20Nichol%20Ln,%20Bromley%20BR1%204DE,%20UK/Prince%20Frederick",2026-07-03T23:10:47+00:00
The Crown & Two Chairmen,"31-32 Dean St, London W1D 3SB",🌐 https://www.thecrownandtwochairmenw1.co.uk/#/ 🍽️ Food available 🎸 Live music ❓ Pub quiz available,51.5139,-0.132474,1,ESTRELLA,£6.75,6.75,"https://www.pint-prices.com/pub/31-32%20Dean%20St,%20London%20W1D%203SB/The%20Crown%20%26%20Two%20Chairmen",2026-07-03T23:10:47+00:00
Fox and Firkin,"316a, 316 Lewisham High St, London SE13 6JZ",🌐 https://foxfirkin.com/ 🍽️ Food available ☀️ Beer garden available 🎸 Live music,51.4569,-0.0143828,1,HOUSE LAGER (5 - 7PM),£4.50,4.5,"https://www.pint-prices.com/pub/316a,%20316%20Lewisham%20High%20St,%20London%20SE13%206JZ/Fox%20and%20Firkin",2026-07-03T23:10:47+00:00
Catcher in the Rye,"317 Regents Park Rd, London N3 1DP, UK",020 8343 4369 📧thecatcherintherye.finchley@stonegategroup.co.uk,51.5996,-0.196127,1,AMSTEL,£5.35,5.35,"https://www.pint-prices.com/pub/317%20Regents%20Park%20Rd,%20London%20N3%201DP,%20UK/Catcher%20in%20the%20Rye",2026-07-03T23:10:47+00:00
Catcher in the Rye,"317 Regents Park Rd, London N3 1DP, UK",020 8343 4369 📧thecatcherintherye.finchley@stonegategroup.co.uk,51.5996,-0.196127,2,GUINNESS,£5.70,5.7,"https://www.pint-prices.com/pub/317%20Regents%20Park%20Rd,%20London%20N3%201DP,%20UK/Catcher%20in%20the%20Rye",2026-07-03T23:10:47+00:00
Catcher in the Rye,"317 Regents Park Rd, London N3 1DP, UK",020 8343 4369 📧thecatcherintherye.finchley@stonegategroup.co.uk,51.5996,-0.196127,3,STAROPRAMEN,£5.95,5.95,"https://www.pint-prices.com/pub/317%20Regents%20Park%20Rd,%20London%20N3%201DP,%20UK/Catcher%20in%20the%20Rye",2026-07-03T23:10:47+00:00
The Blythe Hill Tavern,"319 Stanstead Rd, London SE6 4US",🌐 https://www.blythehilltavern.org.uk/ 🍽️ Food available ☀️ Beer garden available ⚽ Live sports shown 🎸 Live music ❓ Pub quiz available,51.4424,-0.0337624,1,GUINNESS,£5.80,5.8,"https://www.pint-prices.com/pub/319%20Stanstead%20Rd,%20London%20SE6%204US/The%20Blythe%20Hill%20Tavern",2026-07-03T23:10:47+00:00
The Boathouse,"32 Brewhouse Ln, London SW15 2JX",2087890476 🌐 https://www.boathouseputney.co.uk/ 🍽️ Food available 🍹 Cocktails available ☀️ Beer garden available ⚽ Live sports shown 🎸 Live music,51.4652,-0.212767,1,PRAVHA,£6.05,6.05,"https://www.pint-prices.com/pub/32%20Brewhouse%20Ln,%20London%20SW15%202JX/The%20Boathouse",2026-07-03T23:10:47+00:00
The Boathouse,"32 Brewhouse Ln, London SW15 2JX",2087890476 🌐 https://www.boathouseputney.co.uk/ 🍽️ Food available 🍹 Cocktails available ☀️ Beer garden available ⚽ Live sports shown 🎸 Live music,51.4652,-0.212767,2,GUINNESS,£6.70,6.7,"https://www.pint-prices.com/pub/32%20Brewhouse%20Ln,%20London%20SW15%202JX/The%20Boathouse",2026-07-03T23:10:47+00:00
Raynes Park Tavern,"32 Coombe Ln, Raynes Park, London SW20 0LA",020 8946 0872 📧https://www.greeneking.co.uk/pubs/greater-london/raynes-park-tavern/find-us 🍽️ Food available ☀️ Beer garden available ⚽ Live sports shown 🎯 Darts available 🎱 Pool available,51.4097,-0.230138,1,GUINNESS,£5.50,5.5,"https://www.pint-prices.com/pub/32%20Coombe%20Ln,%20Raynes%20Park,%20London%20SW20%200LA/Raynes%20Park%20Tavern",2026-07-03T23:10:47+00:00
Raynes Park Tavern,"32 Coombe Ln, Raynes Park, London SW20 0LA",020 8946 0872 📧https://www.greeneking.co.uk/pubs/greater-london/raynes-park-tavern/find-us 🍽️ Food available ☀️ Beer garden available ⚽ Live sports shown 🎯 Darts available 🎱 Pool available,51.4097,-0.230138,2,AMSTEL,£5.55,5.55,"https://www.pint-prices.com/pub/32%20Coombe%20Ln,%20Raynes%20Park,%20London%20SW20%200LA/Raynes%20Park%20Tavern",2026-07-03T23:10:47+00:00
Freemasons Arms Hampstead,"32 Downshire Hill, Greater, Hampstead Heath, London NW3 1NT, UK",020 7433 6811 🌐 https://www.freemasonsarms.co.uk/contact#/ 📧Contact us form 🍽️ Food available,51.5608,-0.162942,1,PRAVHA,£5.90,5.9,"https://www.pint-prices.com/pub/32%20Downshire%20Hill,%20Greater,%20Hampstead%20Heath,%20London%20NW3%201NT,%20UK/Freemasons%20Arms%20Hampstead",2026-07-03T23:10:47+00:00
The Bricklayer's Arms,"32 Waterman St, London SW15 1DD",2082465544 🌐 https://www.bricklayersarmsputney.com/home ☀️ Beer garden available 🎸 Live music ⏰ Happy hour,51.4661,-0.216724,1,PALE ALE,£5.70,5.7,"https://www.pint-prices.com/pub/32%20Waterman%20St,%20London%20SW15%201DD/The%20Bricklayer's%20Arms",2026-07-03T23:10:47+00:00
The Bricklayer's Arms,"32 Waterman St, London SW15 1DD",2082465544 🌐 https://www.bricklayersarmsputney.com/home ☀️ Beer garden available 🎸 Live music ⏰ Happy hour,51.4661,-0.216724,2,LAGER,£5.90,5.9,"https://www.pint-prices.com/pub/32%20Waterman%20St,%20London%20SW15%201DD/The%20Bricklayer's%20Arms",2026-07-03T23:10:47+00:00
The Bricklayer's Arms,"32 Waterman St, London SW15 1DD",2082465544 🌐 https://www.bricklayersarmsputney.com/home ☀️ Beer garden available 🎸 Live music ⏰ Happy hour,51.4661,-0.216724,3,GUINNESS,£5.95,5.95,"https://www.pint-prices.com/pub/32%20Waterman%20St,%20London%20SW15%201DD/The%20Bricklayer's%20Arms",2026-07-03T23:10:47+00:00
The Water Rats,"328 Grays Inn Rd, London WC1X 8BZ",🌐 https://www.thewaterratsvenue.london/ 🍽️ Food available 🎸 Live music,51.5291,-0.119456,1,ESTRELLA,£6.80,6.8,"https://www.pint-prices.com/pub/328%20Grays%20Inn%20Rd,%20London%20WC1X%208BZ/The%20Water%20Rats",2026-07-03T23:10:47+00:00
The Brondes Age,"328 Kilburn High Rd, London NW6 2QN",🌐 no website 🍽️ Food available 🍹 Cocktails available ☀️ Beer garden available ⚽ Live sports shown 🎸 Live music,51.5455,-0.201847,1,AMSTEL,£5.50,5.5,"https://www.pint-prices.com/pub/328%20Kilburn%20High%20Rd,%20London%20NW6%202QN/The%20Brondes%20Age",2026-07-03T23:10:47+00:00
The Falcon,"33 Bedford Rd, Greater, London SW4 7SQ, UK",020 7274 2428 🌐 https://www.thefalconclapham.co.uk/?utm_source=google&utm_medium=organic&utm_campaign=gmb 🍽️ Food available 🍹 Cocktails available ⚽ Live sports shown 🎸 Live music ❓ Pub quiz available,51.4643,-0.129015,1,PRAVHA,£6.25,6.25,"https://www.pint-prices.com/pub/33%20Bedford%20Rd,%20Greater,%20London%20SW4%207SQ,%20UK/The%20Falcon",2026-07-03T23:10:47+00:00
The Haven Arms,"33 Haven Ln, London W5 2HZ, UK",020 8997 0378 🍽️ Food available ☀️ Beer garden available ⚽ Live sports shown ❓ Pub quiz available,51.5169,-0.300092,1,AMSTEL,£5.60,5.6,"https://www.pint-prices.com/pub/33%20Haven%20Ln,%20London%20W5%202HZ,%20UK/The%20Haven%20Arms",2026-07-03T23:10:47+00:00
The Hanbury,"33 Linton St, London N1 7DU",🌐 https://www.thehanbury.co.uk/ 🍽️ Food available 🍹 Cocktails available 🎸 Live music ❓ Pub quiz available,51.5362,-0.0934499,1,AMSTEL,£4.80,4.8,"https://www.pint-prices.com/pub/33%20Linton%20St,%20London%20N1%207DU/The%20Hanbury",2026-07-03T23:10:47+00:00
Kings Head (Bayswater),"33 Moscow Road, W2 4AH",🌐 https://www.greeneking.co.uk/pubs/greater-london/kings-head 🍽️ Food available 🍹 Cocktails available ☀️ Beer garden available ⚽ Live sports shown,51.5124,-0.189114,1,AMSTEL,£6.15,6.15,"https://www.pint-prices.com/pub/33%20Moscow%20Road,%20W2%204AH/Kings%20Head%20(Bayswater)",2026-07-03T23:10:47+00:00
Kings Head (Bayswater),"33 Moscow Road, W2 4AH",🌐 https://www.greeneking.co.uk/pubs/greater-london/kings-head 🍽️ Food available 🍹 Cocktails available ☀️ Beer garden available ⚽ Live sports shown,51.5124,-0.189114,2,GUINNESS,£6.35,6.35,"https://www.pint-prices.com/pub/33%20Moscow%20Road,%20W2%204AH/Kings%20Head%20(Bayswater)",2026-07-03T23:10:47+00:00
Kings Head (Bayswater),"33 Moscow Road, W2 4AH",🌐 https://www.greeneking.co.uk/pubs/greater-london/kings-head 🍽️ Food available 🍹 Cocktails available ☀️ Beer garden available ⚽ Live sports shown,51.5124,-0.189114,3,ESTRELLA,£7.00,7.0,"https://www.pint-prices.com/pub/33%20Moscow%20Road,%20W2%204AH/Kings%20Head%20(Bayswater)",2026-07-03T23:10:47+00:00
Kings Head (Bayswater),"33 Moscow Road, W2 4AH",🌐 https://www.greeneking.co.uk/pubs/greater-london/kings-head 🍽️ Food available 🍹 Cocktails available ☀️ Beer garden available ⚽ Live sports shown,51.5124,-0.189114,4,BIRRA MORETTI,£7.00,7.0,"https://www.pint-prices.com/pub/33%20Moscow%20Road,%20W2%204AH/Kings%20Head%20(Bayswater)",2026-07-03T23:10:47+00:00
Kings Head (Bayswater),"33 Moscow Road, W2 4AH",🌐 https://www.greeneking.co.uk/pubs/greater-london/kings-head 🍽️ Food available 🍹 Cocktails available ☀️ Beer garden available ⚽ Live sports shown,51.5124,-0.189114,5,PERONI,£7.30,7.3,"https://www.pint-prices.com/pub/33%20Moscow%20Road,%20W2%204AH/Kings%20Head%20(Bayswater)",2026-07-03T23:10:47+00:00
Kings Head (Bayswater),"33 Moscow Road, W2 4AH",🌐 https://www.greeneking.co.uk/pubs/greater-london/kings-head 🍽️ Food available 🍹 Cocktails available ☀️ Beer garden available ⚽ Live sports shown,51.5124,-0.189114,6,NECK OIL,£7.50,7.5,"https://www.pint-prices.com/pub/33%20Moscow%20Road,%20W2%204AH/Kings%20Head%20(Bayswater)",2026-07-03T23:10:47+00:00
Silver Cross,"33 Whitehall, SW1A 2BX",🌐 https://www.greeneking.co.uk/pubs/greater-london/silver-cross 🍽️ Food available 🍹 Cocktails available ⚽ Live sports shown,51.5067,-0.126836,1,AMSTEL,£6.25,6.25,"https://www.pint-prices.com/pub/33%20Whitehall,%20SW1A%202BX/Silver%20Cross",2026-07-03T23:10:47+00:00
Silver Cross,"33 Whitehall, SW1A 2BX",🌐 https://www.greeneking.co.uk/pubs/greater-london/silver-cross 🍽️ Food available 🍹 Cocktails available ⚽ Live sports shown,51.5067,-0.126836,2,GUINNESS,£6.35,6.35,"https://www.pint-prices.com/pub/33%20Whitehall,%20SW1A%202BX/Silver%20Cross",2026-07-03T23:10:47+00:00
Silver Cross,"33 Whitehall, SW1A 2BX",🌐 https://www.greeneking.co.uk/pubs/greater-london/silver-cross 🍽️ Food available 🍹 Cocktails available ⚽ Live sports shown,51.5067,-0.126836,3,ESTRELLA,£7.10,7.1,"https://www.pint-prices.com/pub/33%20Whitehall,%20SW1A%202BX/Silver%20Cross",2026-07-03T23:10:47+00:00
Silver Cross,"33 Whitehall, SW1A 2BX",🌐 https://www.greeneking.co.uk/pubs/greater-london/silver-cross 🍽️ Food available 🍹 Cocktails available ⚽ Live sports shown,51.5067,-0.126836,4,BIRRA MORETTI,£7.10,7.1,"https://www.pint-prices.com/pub/33%20Whitehall,%20SW1A%202BX/Silver%20Cross",2026-07-03T23:10:47+00:00
Silver Cross,"33 Whitehall, SW1A 2BX",🌐 https://www.greeneking.co.uk/pubs/greater-london/silver-cross 🍽️ Food available 🍹 Cocktails available ⚽ Live sports shown,51.5067,-0.126836,5,NECK OIL,£7.30,7.3,"https://www.pint-prices.com/pub/33%20Whitehall,%20SW1A%202BX/Silver%20Cross",2026-07-03T23:10:47+00:00
Silver Cross,"33 Whitehall, SW1A 2BX",🌐 https://www.greeneking.co.uk/pubs/greater-london/silver-cross 🍽️ Food available 🍹 Cocktails available ⚽ Live sports shown,51.5067,-0.126836,6,PERONI,£7.40,7.4,"https://www.pint-prices.com/pub/33%20Whitehall,%20SW1A%202BX/Silver%20Cross",2026-07-03T23:10:47+00:00
Nolan’s,"33 Wilcox Rd, London SW8 2XA",⚽ Live sports shown 🎯 Darts available 🎱 Pool available 🎤 Karaoke available,51.4797,-0.125935,1,GUINNESS,£5.70,5.7,"https://www.pint-prices.com/pub/33%20Wilcox%20Rd,%20London%20SW8%202XA/Nolan%E2%80%99s",2026-07-03T23:10:47+00:00
Nolan’s,"33 Wilcox Rd, London SW8 2XA",⚽ Live sports shown 🎯 Darts available 🎱 Pool available 🎤 Karaoke available,51.4797,-0.125935,2,STELLA,£5.70,5.7,"https://www.pint-prices.com/pub/33%20Wilcox%20Rd,%20London%20SW8%202XA/Nolan%E2%80%99s",2026-07-03T23:10:47+00:00
Nolan’s,"33 Wilcox Rd, London SW8 2XA",⚽ Live sports shown 🎯 Darts available 🎱 Pool available 🎤 Karaoke available,51.4797,-0.125935,3,STAROPRAMEN,£5.75,5.75,"https://www.pint-prices.com/pub/33%20Wilcox%20Rd,%20London%20SW8%202XA/Nolan%E2%80%99s",2026-07-03T23:10:47+00:00
The Alexandra,"33 Wimbledon Hill Rd, London SW19 7NE",020 8947 7691 🌐 https://www.alexandrawimbledon.com/ 📧alexandra@youngs.co.uk 🍽️ Food available 🍹 Cocktails available ☀️ Beer garden available 😎 Cool place,51.422,-0.208027,1,PRAVHA,£6.05,6.05,"https://www.pint-prices.com/pub/33%20Wimbledon%20Hill%20Rd,%20London%20SW19%207NE/The%20Alexandra",2026-07-03T23:10:47+00:00
The Alexandra,"33 Wimbledon Hill Rd, London SW19 7NE",020 8947 7691 🌐 https://www.alexandrawimbledon.com/ 📧alexandra@youngs.co.uk 🍽️ Food available 🍹 Cocktails available ☀️ Beer garden available 😎 Cool place,51.422,-0.208027,2,STELLA,£6.45,6.45,"https://www.pint-prices.com/pub/33%20Wimbledon%20Hill%20Rd,%20London%20SW19%207NE/The%20Alexandra",2026-07-03T23:10:47+00:00
The Alexandra,"33 Wimbledon Hill Rd, London SW19 7NE",020 8947 7691 🌐 https://www.alexandrawimbledon.com/ 📧alexandra@youngs.co.uk 🍽️ Food available 🍹 Cocktails available ☀️ Beer garden available 😎 Cool place,51.422,-0.208027,3,ASAHI,£6.55,6.55,"https://www.pint-prices.com/pub/33%20Wimbledon%20Hill%20Rd,%20London%20SW19%207NE/The%20Alexandra",2026-07-03T23:10:47+00:00
The Alexandra,"33 Wimbledon Hill Rd, London SW19 7NE",020 8947 7691 🌐 https://www.alexandrawimbledon.com/ 📧alexandra@youngs.co.uk 🍽️ Food available 🍹 Cocktails available ☀️ Beer garden available 😎 Cool place,51.422,-0.208027,4,GUINNESS,£6.70,6.7,"https://www.pint-prices.com/pub/33%20Wimbledon%20Hill%20Rd,%20London%20SW19%207NE/The%20Alexandra",2026-07-03T23:10:47+00:00
The Alexandra,"33 Wimbledon Hill Rd, London SW19 7NE",020 8947 7691 🌐 https://www.alexandrawimbledon.com/ 📧alexandra@youngs.co.uk 🍽️ Food available 🍹 Cocktails available ☀️ Beer garden available 😎 Cool place,51.422,-0.208027,5,ESTRELLA,£6.75,6.75,"https://www.pint-prices.com/pub/33%20Wimbledon%20Hill%20Rd,%20London%20SW19%207NE/The%20Alexandra",2026-07-03T23:10:47+00:00
The Alexandra,"33 Wimbledon Hill Rd, London SW19 7NE",020 8947 7691 🌐 https://www.alexandrawimbledon.com/ 📧alexandra@youngs.co.uk 🍽️ Food available 🍹 Cocktails available ☀️ Beer garden available 😎 Cool place,51.422,-0.208027,6,CAMDEN HELLS,£6.95,6.95,"https://www.pint-prices.com/pub/33%20Wimbledon%20Hill%20Rd,%20London%20SW19%207NE/The%20Alexandra",2026-07-03T23:10:47+00:00
The Ship Aground,"33 Wolseley St, London SE1 2BP",🍽️ Food available ☀️ Beer garden available ⚽ Live sports shown ❓ Pub quiz available 🎯 Darts available,51.5007,-0.0715003,1,FOSTERS,£4.50,4.5,"https://www.pint-prices.com/pub/33%20Wolseley%20St,%20London%20SE1%202BP/The%20Ship%20Aground",2026-07-03T23:10:47+00:00
Angie's Freehouse,"33-35 Woodfield Pl, Maida Hill, London W9 2BJ",🍽️ Food available ⚽ Live sports shown 🎸 Live music 🎯 Darts available,51.5231,-0.200807,1,FOSTERS,£4.40,4.4,"https://www.pint-prices.com/pub/33-35%20Woodfield%20Pl,%20Maida%20Hill,%20London%20W9%202BJ/Angie's%20Freehouse",2026-07-03T23:10:47+00:00
The Reliance,"336 Old St, London EC1V 9DR",🌐 https://therelianceshoreditch.co.uk/ 🍽️ Food available 🍹 Cocktails available ⚽ Live sports shown 🎸 Live music,51.5266,-0.0814402,1,SINGHA LAGER,£5.90,5.9,"https://www.pint-prices.com/pub/336%20Old%20St,%20London%20EC1V%209DR/The%20Reliance",2026-07-03T23:10:47+00:00
The Blind Beggar,"337 Whitechapel Rd, London E1 1BU",🌐 https://www.theblindbeggar.com/ ☀️ Beer garden available 🎸 Live music 🎱 Pool available,51.52,-0.056901,1,MADRI,£6.80,6.8,"https://www.pint-prices.com/pub/337%20Whitechapel%20Rd,%20London%20E1%201BU/The%20Blind%20Beggar",2026-07-03T23:10:47+00:00
Arnos Arms,"338 Bowes Road, Arnos Grove, London, N11 1AN",0208 368 4456 📧arnosarms@craftlocals.com,51.6162,-0.132117,1,AMSTEL,£5.50,5.5,"https://www.pint-prices.com/pub/338%20Bowes%20Road,%20Arnos%20Grove,%20London,%20N11%201AN/Arnos%20Arms",2026-07-03T23:10:47+00:00
Arnos Arms,"338 Bowes Road, Arnos Grove, London, N11 1AN",0208 368 4456 📧arnosarms@craftlocals.com,51.6162,-0.132117,2,LANDLORD,£5.70,5.7,"https://www.pint-prices.com/pub/338%20Bowes%20Road,%20Arnos%20Grove,%20London,%20N11%201AN/Arnos%20Arms",2026-07-03T23:10:47+00:00
Arnos Arms,"338 Bowes Road, Arnos Grove, London, N11 1AN",0208 368 4456 📧arnosarms@craftlocals.com,51.6162,-0.132117,3,HEINEKEN,£6.50,6.5,"https://www.pint-prices.com/pub/338%20Bowes%20Road,%20Arnos%20Grove,%20London,%20N11%201AN/Arnos%20Arms",2026-07-03T23:10:47+00:00
Arnos Arms,"338 Bowes Road, Arnos Grove, London, N11 1AN",0208 368 4456 📧arnosarms@craftlocals.com,51.6162,-0.132117,4,BIRRA MORETTI,£6.60,6.6,"https://www.pint-prices.com/pub/338%20Bowes%20Road,%20Arnos%20Grove,%20London,%20N11%201AN/Arnos%20Arms",2026-07-03T23:10:47+00:00
Arnos Arms,"338 Bowes Road, Arnos Grove, London, N11 1AN",0208 368 4456 📧arnosarms@craftlocals.com,51.6162,-0.132117,5,NECK OIL,£6.80,6.8,"https://www.pint-prices.com/pub/338%20Bowes%20Road,%20Arnos%20Grove,%20London,%20N11%201AN/Arnos%20Arms",2026-07-03T23:10:47+00:00
The Coronet,"338-346 Holloway Rd, London N7 6PA",,51.5556,-0.115773,1,CARLSBERG,£2.66,2.66,"https://www.pint-prices.com/pub/338-346%20Holloway%20Rd,%20London%20N7%206PA/The%20Coronet",2026-07-03T23:10:47+00:00
Anchor,"34 Park Street, SE1 9EF",🌐 https://www.greeneking.co.uk/pubs/greater-london/anchor-bankside 🍽️ Food available 🍹 Cocktails available ☀️ Beer garden available,51.5072,-0.0929363,1,GUINNESS,£6.70,6.7,"https://www.pint-prices.com/pub/34%20Park%20Street,%20SE1%209EF/Anchor",2026-07-03T23:10:47+00:00
Anchor,"34 Park Street, SE1 9EF",🌐 https://www.greeneking.co.uk/pubs/greater-london/anchor-bankside 🍽️ Food available 🍹 Cocktails available ☀️ Beer garden available,51.5072,-0.0929363,2,MADRI,£7.20,7.2,"https://www.pint-prices.com/pub/34%20Park%20Street,%20SE1%209EF/Anchor",2026-07-03T23:10:47+00:00
Anchor,"34 Park Street, SE1 9EF",🌐 https://www.greeneking.co.uk/pubs/greater-london/anchor-bankside 🍽️ Food available 🍹 Cocktails available ☀️ Beer garden available,51.5072,-0.0929363,3,ESTRELLA,£7.25,7.25,"https://www.pint-prices.com/pub/34%20Park%20Street,%20SE1%209EF/Anchor",2026-07-03T23:10:47+00:00
Anchor,"34 Park Street, SE1 9EF",🌐 https://www.greeneking.co.uk/pubs/greater-london/anchor-bankside 🍽️ Food available 🍹 Cocktails available ☀️ Beer garden available,51.5072,-0.0929363,4,BIRRA MORETTI,£7.25,7.25,"https://www.pint-prices.com/pub/34%20Park%20Street,%20SE1%209EF/Anchor",2026-07-03T23:10:47+00:00
Anchor,"34 Park Street, SE1 9EF",🌐 https://www.greeneking.co.uk/pubs/greater-london/anchor-bankside 🍽️ Food available 🍹 Cocktails available ☀️ Beer garden available,51.5072,-0.0929363,5,PERONI,£7.45,7.45,"https://www.pint-prices.com/pub/34%20Park%20Street,%20SE1%209EF/Anchor",2026-07-03T23:10:47+00:00
Anchor,"34 Park Street, SE1 9EF",🌐 https://www.greeneking.co.uk/pubs/greater-london/anchor-bankside 🍽️ Food available 🍹 Cocktails available ☀️ Beer garden available,51.5072,-0.0929363,6,NECK OIL,£7.60,7.6,"https://www.pint-prices.com/pub/34%20Park%20Street,%20SE1%209EF/Anchor",2026-07-03T23:10:47+00:00
The Hoop & Toy,"34 Thurloe Place, London SW7 2HQ",🌐 https://www.greeneking.co.uk/pubs/greater-london/hoop-and-toy 🍽️ Food available ⚽ Live sports shown 🎸 Live music,51.4947,-0.174375,1,ESTRELLA,£6.70,6.7,"https://www.pint-prices.com/pub/34%20Thurloe%20Place,%20London%20SW7%202HQ/The%20Hoop%20%26%20Toy",2026-07-03T23:10:47+00:00
Hoop & Toy,"34 Thurloe Place, SW7 2HQ",🌐 https://www.greeneking.co.uk/pubs/greater-london/hoop-and-toy 🍽️ Food available 🍹 Cocktails available ⚽ Live sports shown,51.4947,-0.174375,1,AMSTEL,£6.40,6.4,"https://www.pint-prices.com/pub/34%20Thurloe%20Place,%20SW7%202HQ/Hoop%20%26%20Toy",2026-07-03T23:10:47+00:00
Hoop & Toy,"34 Thurloe Place, SW7 2HQ",🌐 https://www.greeneking.co.uk/pubs/greater-london/hoop-and-toy 🍽️ Food available 🍹 Cocktails available ⚽ Live sports shown,51.4947,-0.174375,2,GUINNESS,£6.50,6.5,"https://www.pint-prices.com/pub/34%20Thurloe%20Place,%20SW7%202HQ/Hoop%20%26%20Toy",2026-07-03T23:10:47+00:00
Hoop & Toy,"34 Thurloe Place, SW7 2HQ",🌐 https://www.greeneking.co.uk/pubs/greater-london/hoop-and-toy 🍽️ Food available 🍹 Cocktails available ⚽ Live sports shown,51.4947,-0.174375,3,ESTRELLA,£7.15,7.15,"https://www.pint-prices.com/pub/34%20Thurloe%20Place,%20SW7%202HQ/Hoop%20%26%20Toy",2026-07-03T23:10:47+00:00
Hoop & Toy,"34 Thurloe Place, SW7 2HQ",🌐 https://www.greeneking.co.uk/pubs/greater-london/hoop-and-toy 🍽️ Food available 🍹 Cocktails available ⚽ Live sports shown,51.4947,-0.174375,4,PERONI,£7.40,7.4,"https://www.pint-prices.com/pub/34%20Thurloe%20Place,%20SW7%202HQ/Hoop%20%26%20Toy",2026-07-03T23:10:47+00:00
Hoop & Toy,"34 Thurloe Place, SW7 2HQ",🌐 https://www.greeneking.co.uk/pubs/greater-london/hoop-and-toy 🍽️ Food available 🍹 Cocktails available ⚽ Live sports shown,51.4947,-0.174375,5,NECK OIL,£7.65,7.65,"https://www.pint-prices.com/pub/34%20Thurloe%20Place,%20SW7%202HQ/Hoop%20%26%20Toy",2026-07-03T23:10:47+00:00
The Pheonix,"348 Clapham Rd, London SW9 9AR",🌐 https://www.phoenixclapham.com/ 🍽️ Food available 🍹 Cocktails available ☀️ Beer garden available ⚽ Live sports shown 🎸 Live music ❓ Pub quiz available 🎤 Karaoke available,51.4688,-0.127133,1,FOSTERS,£5.00,5.0,"https://www.pint-prices.com/pub/348%20Clapham%20Rd,%20London%20SW9%209AR/The%20Pheonix",2026-07-03T23:10:47+00:00
The Pheonix,"348 Clapham Rd, London SW9 9AR",🌐 https://www.phoenixclapham.com/ 🍽️ Food available 🍹 Cocktails available ☀️ Beer garden available ⚽ Live sports shown 🎸 Live music ❓ Pub quiz available 🎤 Karaoke available,51.4688,-0.127133,2,AMSTEL,£5.90,5.9,"https://www.pint-prices.com/pub/348%20Clapham%20Rd,%20London%20SW9%209AR/The%20Pheonix",2026-07-03T23:10:47+00:00
The Rose,"35 Albert Embankment, London SE1 7TL, UK",020 7735 3723 🌐 https://www.therosepub.co.uk/ 📧info@therosepub.co.uk 🍽️ Food available,51.4898,-0.122593,1,PRAVHA,£6.90,6.9,"https://www.pint-prices.com/pub/35%20Albert%20Embankment,%20London%20SE1%207TL,%20UK/The%20Rose",2026-07-03T23:10:47+00:00
The Bird in Hand,"35 Dartmouth Rd, London SE23 3HN",🌐 https://birdinhandforesthill.com/ 🍽️ Food available ☀️ Beer garden available 🎸 Live music 🎱 Pool available,51.4379,-0.0543026,1,MADRI,£6.10,6.1,"https://www.pint-prices.com/pub/35%20Dartmouth%20Rd,%20London%20SE23%203HN/The%20Bird%20in%20Hand",2026-07-03T23:10:47+00:00
Joiner's Arms,"35 Denmark Hill, London SE5 8RS",🍽️ Food available ⚽ Live sports shown 🎸 Live music ❓ Pub quiz available,51.4724,-0.0928428,1,STAROPRAMEN,£5.90,5.9,"https://www.pint-prices.com/pub/35%20Denmark%20Hill,%20London%20SE5%208RS/Joiner's%20Arms",2026-07-03T23:10:47+00:00
The Cavendish,"35 New Cavendish St, London W1G 9TR",🌐 https://www.35newcavendish.co.uk/ 🍽️ Food available 🍹 Cocktails available ☀️ Beer garden available,51.519,-0.149866,1,KIRIN LAGER,£8.44,8.44,"https://www.pint-prices.com/pub/35%20New%20Cavendish%20St,%20London%20W1G%209TR/The%20Cavendish",2026-07-03T23:10:47+00:00
Queen Adelaide,"35 Putney Bridge Rd, London SW18 1NP",2088741695 🌐 https://www.thequeenadelaide.co.uk/ 🍽️ Food available 🍹 Cocktails available ☀️ Beer garden available ⚽ Live sports shown ❓ Pub quiz available,51.4599,-0.199293,1,YOUNGS ORIGINAL,£5.90,5.9,"https://www.pint-prices.com/pub/35%20Putney%20Bridge%20Rd,%20London%20SW18%201NP/Queen%20Adelaide",2026-07-03T23:10:47+00:00
Queen Adelaide,"35 Putney Bridge Rd, London SW18 1NP",2088741695 🌐 https://www.thequeenadelaide.co.uk/ 🍽️ Food available 🍹 Cocktails available ☀️ Beer garden available ⚽ Live sports shown ❓ Pub quiz available,51.4599,-0.199293,2,GUINNESS,£6.70,6.7,"https://www.pint-prices.com/pub/35%20Putney%20Bridge%20Rd,%20London%20SW18%201NP/Queen%20Adelaide",2026-07-03T23:10:47+00:00
The Lyceum Tavern,"354 Strand, London WC2R 0HS",🌐 no website 🍽️ Food available,51.5113,-0.119747,1,DOUBLE FOUR LAGER,£5.60,5.6,"https://www.pint-prices.com/pub/354%20Strand,%20London%20WC2R%200HS/The%20Lyceum%20Tavern",2026-07-03T23:10:47+00:00
The Star of Bethnal Green,"359 Bethnal Green Rd, London E2 6LG",🌐 https://starofbethnalgreen.co.uk/ 🍽️ Food available 🍹 Cocktails available ☀️ Beer garden available 🎸 Live music 🎤 Karaoke available,51.5269,-0.0621456,1,BECKS,£4.90,4.9,"https://www.pint-prices.com/pub/359%20Bethnal%20Green%20Rd,%20London%20E2%206LG/The%20Star%20of%20Bethnal%20Green",2026-07-03T23:10:47+00:00
The Star of Bethnal Green,"359 Bethnal Grn Rd, London E2 6LG",🍽️ Food available 🍹 Cocktails available ⚽ Live sports shown 🎸 Live music ❓ Pub quiz available ⏰ Happy hour 🎤 Karaoke available,51.5269,-0.0621456,1,CAMDEN HELLS,£5.70,5.7,"https://www.pint-prices.com/pub/359%20Bethnal%20Grn%20Rd,%20London%20E2%206LG/The%20Star%20of%20Bethnal%20Green",2026-07-03T23:10:47+00:00
The Junction,"36 St John's Hill, London SW11 1SA",2072281708 🌐 https://www.greeneking.co.uk/pubs/greater-london/junction 🍽️ Food available 🍹 Cocktails available ☀️ Beer garden available ⚽ Live sports shown,51.4633,-0.169754,1,CASK ALE,£4.95,4.95,"https://www.pint-prices.com/pub/36%20St%20John's%20Hill,%20London%20SW11%201SA/The%20Junction",2026-07-03T23:10:47+00:00
The Junction,"36 St John's Hill, London SW11 1SA",2072281708 🌐 https://www.greeneking.co.uk/pubs/greater-london/junction 🍽️ Food available 🍹 Cocktails available ☀️ Beer garden available ⚽ Live sports shown,51.4633,-0.169754,2,GUINNESS,£6.40,6.4,"https://www.pint-prices.com/pub/36%20St%20John's%20Hill,%20London%20SW11%201SA/The%20Junction",2026-07-03T23:10:47+00:00
The Junction,"36 St John's Hill, London SW11 1SA",2072281708 🌐 https://www.greeneking.co.uk/pubs/greater-london/junction 🍽️ Food available 🍹 Cocktails available ☀️ Beer garden available ⚽ Live sports shown,51.4633,-0.169754,3,AMSTEL,£6.55,6.55,"https://www.pint-prices.com/pub/36%20St%20John's%20Hill,%20London%20SW11%201SA/The%20Junction",2026-07-03T23:10:47+00:00
The Junction,"36 St John's Hill, London SW11 1SA",2072281708 🌐 https://www.greeneking.co.uk/pubs/greater-london/junction 🍽️ Food available 🍹 Cocktails available ☀️ Beer garden available ⚽ Live sports shown,51.4633,-0.169754,4,PERONI,£7.60,7.6,"https://www.pint-prices.com/pub/36%20St%20John's%20Hill,%20London%20SW11%201SA/The%20Junction",2026-07-03T23:10:47+00:00
Junction (Clapham),"36 St Johns Hill, SW11 1SA",🌐 https://www.greeneking.co.uk/pubs/greater-london/junction 🍽️ Food available 🍹 Cocktails available ☀️ Beer garden available ⚽ Live sports shown,51.4633,-0.169754,1,AMSTEL,£6.40,6.4,"https://www.pint-prices.com/pub/36%20St%20Johns%20Hill,%20SW11%201SA/Junction%20(Clapham)",2026-07-03T23:10:47+00:00
Junction (Clapham),"36 St Johns Hill, SW11 1SA",🌐 https://www.greeneking.co.uk/pubs/greater-london/junction 🍽️ Food available 🍹 Cocktails available ☀️ Beer garden available ⚽ Live sports shown,51.4633,-0.169754,2,GUINNESS,£6.40,6.4,"https://www.pint-prices.com/pub/36%20St%20Johns%20Hill,%20SW11%201SA/Junction%20(Clapham)",2026-07-03T23:10:47+00:00
Junction (Clapham),"36 St Johns Hill, SW11 1SA",🌐 https://www.greeneking.co.uk/pubs/greater-london/junction 🍽️ Food available 🍹 Cocktails available ☀️ Beer garden available ⚽ Live sports shown,51.4633,-0.169754,3,BIRRA MORETTI,£6.85,6.85,"https://www.pint-prices.com/pub/36%20St%20Johns%20Hill,%20SW11%201SA/Junction%20(Clapham)",2026-07-03T23:10:47+00:00
Junction (Clapham),"36 St Johns Hill, SW11 1SA",🌐 https://www.greeneking.co.uk/pubs/greater-london/junction 🍽️ Food available 🍹 Cocktails available ☀️ Beer garden available ⚽ Live sports shown,51.4633,-0.169754,4,ESTRELLA,£7.00,7.0,"https://www.pint-prices.com/pub/36%20St%20Johns%20Hill,%20SW11%201SA/Junction%20(Clapham)",2026-07-03T23:10:47+00:00
Junction (Clapham),"36 St Johns Hill, SW11 1SA",🌐 https://www.greeneking.co.uk/pubs/greater-london/junction 🍽️ Food available 🍹 Cocktails available ☀️ Beer garden available ⚽ Live sports shown,51.4633,-0.169754,5,PERONI,£7.45,7.45,"https://www.pint-prices.com/pub/36%20St%20Johns%20Hill,%20SW11%201SA/Junction%20(Clapham)",2026-07-03T23:10:47+00:00
"The Castle Inn, Ealing","36 St Mary's Rd, London W5 5EU, UK",020 8567 3285 🌐 https://www.castleealing.co.uk/?utm_source=googlemybusiness&utm_medium=organic&utm_campaign=yext&utm 🍽️ Food available ☀️ Beer garden available ⚽ Live sports shown ❓ Pub quiz available,51.5062,-0.305416,1,FOSTERS,£5.55,5.55,"https://www.pint-prices.com/pub/36%20St%20Mary's%20Rd,%20London%20W5%205EU,%20UK/The%20Castle%20Inn,%20Ealing",2026-07-03T23:10:47+00:00
Cock Tavern,"360 North End Rd, London SW6 1LY",020 7385 6021 🌐 https://www.cocktavern.co.uk/food-drink/?menu=511229 📧cocktavern@youngs.co.uk 🍽️ Food available ☀️ Beer garden available ⚽ Live sports shown ❓ Pub quiz available,51.4814,-0.199515,1,YOUNG'S ORIGINAL,£5.60,5.6,"https://www.pint-prices.com/pub/360%20North%20End%20Rd,%20London%20SW6%201LY/Cock%20Tavern",2026-07-03T23:10:47+00:00
Cock Tavern,"360 North End Rd, London SW6 1LY",020 7385 6021 🌐 https://www.cocktavern.co.uk/food-drink/?menu=511229 📧cocktavern@youngs.co.uk 🍽️ Food available ☀️ Beer garden available ⚽ Live sports shown ❓ Pub quiz available,51.4814,-0.199515,2,PRAVHA,£6.00,6.0,"https://www.pint-prices.com/pub/360%20North%20End%20Rd,%20London%20SW6%201LY/Cock%20Tavern",2026-07-03T23:10:47+00:00
Cock Tavern,"360 North End Rd, London SW6 1LY",020 7385 6021 🌐 https://www.cocktavern.co.uk/food-drink/?menu=511229 📧cocktavern@youngs.co.uk 🍽️ Food available ☀️ Beer garden available ⚽ Live sports shown ❓ Pub quiz available,51.4814,-0.199515,3,GUINNESS,£6.55,6.55,"https://www.pint-prices.com/pub/360%20North%20End%20Rd,%20London%20SW6%201LY/Cock%20Tavern",2026-07-03T23:10:47+00:00
Cock Tavern,"360 North End Rd, London SW6 1LY",020 7385 6021 🌐 https://www.cocktavern.co.uk/food-drink/?menu=511229 📧cocktavern@youngs.co.uk 🍽️ Food available ☀️ Beer garden available ⚽ Live sports shown ❓ Pub quiz available,51.4814,-0.199515,4,ESTRELLA,£6.70,6.7,"https://www.pint-prices.com/pub/360%20North%20End%20Rd,%20London%20SW6%201LY/Cock%20Tavern",2026-07-03T23:10:47+00:00
Cock Tavern,"360 North End Rd, London SW6 1LY",020 7385 6021 🌐 https://www.cocktavern.co.uk/food-drink/?menu=511229 📧cocktavern@youngs.co.uk 🍽️ Food available ☀️ Beer garden available ⚽ Live sports shown ❓ Pub quiz available,51.4814,-0.199515,5,PERONI,£6.90,6.9,"https://www.pint-prices.com/pub/360%20North%20End%20Rd,%20London%20SW6%201LY/Cock%20Tavern",2026-07-03T23:10:47+00:00
Cock Tavern,"360 North End Rd, London SW6 1LY",020 7385 6021 🌐 https://www.cocktavern.co.uk/food-drink/?menu=511229 📧cocktavern@youngs.co.uk 🍽️ Food available ☀️ Beer garden available ⚽ Live sports shown ❓ Pub quiz available,51.4814,-0.199515,6,NECK OIL,£7.05,7.05,"https://www.pint-prices.com/pub/360%20North%20End%20Rd,%20London%20SW6%201LY/Cock%20Tavern",2026-07-03T23:10:47+00:00
The King of Prussia,"363 Regents Park Road, London, N3 1DH",📧theking@craftlocals.com,51.6009,-0.194666,1,AMSTEL,£5.50,5.5,"https://www.pint-prices.com/pub/363%20Regents%20Park%20Road,%20London,%20N3%201DH/The%20King%20of%20Prussia",2026-07-03T23:10:47+00:00
The King of Prussia,"363 Regents Park Road, London, N3 1DH",📧theking@craftlocals.com,51.6009,-0.194666,2,LANDLORD,£5.80,5.8,"https://www.pint-prices.com/pub/363%20Regents%20Park%20Road,%20London,%20N3%201DH/The%20King%20of%20Prussia",2026-07-03T23:10:47+00:00
The King of Prussia,"363 Regents Park Road, London, N3 1DH",📧theking@craftlocals.com,51.6009,-0.194666,3,GUINNESS,£6.00,6.0,"https://www.pint-prices.com/pub/363%20Regents%20Park%20Road,%20London,%20N3%201DH/The%20King%20of%20Prussia",2026-07-03T23:10:47+00:00
The King of Prussia,"363 Regents Park Road, London, N3 1DH",📧theking@craftlocals.com,51.6009,-0.194666,4,BIRRA MORETTI,£6.60,6.6,"https://www.pint-prices.com/pub/363%20Regents%20Park%20Road,%20London,%20N3%201DH/The%20King%20of%20Prussia",2026-07-03T23:10:47+00:00
The King of Prussia,"363 Regents Park Road, London, N3 1DH",📧theking@craftlocals.com,51.6009,-0.194666,5,NECK OIL,£6.80,6.8,"https://www.pint-prices.com/pub/363%20Regents%20Park%20Road,%20London,%20N3%201DH/The%20King%20of%20Prussia",2026-07-03T23:10:47+00:00
"Symposium | Wine Shop and Bar, Italian Restaurant & Deli","363 Roman Rd, Bow, London E3 5QR, UK",020 8981 8509 🌐 https://www.symposiumlondon.co.uk/ 📧info@symposiumlondon.co.uk 🍽️ Food available,51.5313,-0.0388894,1,EAST END LAGER,£6.00,6.0,"https://www.pint-prices.com/pub/363%20Roman%20Rd,%20Bow,%20London%20E3%205QR,%20UK/Symposium%20%7C%20Wine%20Shop%20and%20Bar,%20Italian%20Restaurant%20%26%20Deli",2026-07-03T23:10:47+00:00
Earl Beatty,"365 West Barnes Lane, KT3 6JF",🌐 https://www.greeneking.co.uk/pubs/surrey/earl-beatty 🍽️ Food available 🍹 Cocktails available ☀️ Beer garden available ⚽ Live sports shown,51.3945,-0.239159,1,FOSTERS,£4.85,4.85,"https://www.pint-prices.com/pub/365%20West%20Barnes%20Lane,%20KT3%206JF/Earl%20Beatty",2026-07-03T23:10:47+00:00
Earl Beatty,"365 West Barnes Lane, KT3 6JF",🌐 https://www.greeneking.co.uk/pubs/surrey/earl-beatty 🍽️ Food available 🍹 Cocktails available ☀️ Beer garden available ⚽ Live sports shown,51.3945,-0.239159,2,GUINNESS,£5.10,5.1,"https://www.pint-prices.com/pub/365%20West%20Barnes%20Lane,%20KT3%206JF/Earl%20Beatty",2026-07-03T23:10:47+00:00
Earl Beatty,"365 West Barnes Lane, KT3 6JF",🌐 https://www.greeneking.co.uk/pubs/surrey/earl-beatty 🍽️ Food available 🍹 Cocktails available ☀️ Beer garden available ⚽ Live sports shown,51.3945,-0.239159,3,AMSTEL,£5.35,5.35,"https://www.pint-prices.com/pub/365%20West%20Barnes%20Lane,%20KT3%206JF/Earl%20Beatty",2026-07-03T23:10:47+00:00
Earl Beatty,"365 West Barnes Lane, KT3 6JF",🌐 https://www.greeneking.co.uk/pubs/surrey/earl-beatty 🍽️ Food available 🍹 Cocktails available ☀️ Beer garden available ⚽ Live sports shown,51.3945,-0.239159,4,BIRRA MORETTI,£5.95,5.95,"https://www.pint-prices.com/pub/365%20West%20Barnes%20Lane,%20KT3%206JF/Earl%20Beatty",2026-07-03T23:10:47+00:00
Earl Beatty,"365 West Barnes Lane, KT3 6JF",🌐 https://www.greeneking.co.uk/pubs/surrey/earl-beatty 🍽️ Food available 🍹 Cocktails available ☀️ Beer garden available ⚽ Live sports shown,51.3945,-0.239159,5,ESTRELLA,£6.10,6.1,"https://www.pint-prices.com/pub/365%20West%20Barnes%20Lane,%20KT3%206JF/Earl%20Beatty",2026-07-03T23:10:47+00:00
Earl Beatty,"365 West Barnes Lane, KT3 6JF",🌐 https://www.greeneking.co.uk/pubs/surrey/earl-beatty 🍽️ Food available 🍹 Cocktails available ☀️ Beer garden available ⚽ Live sports shown,51.3945,-0.239159,6,MADRI,£6.10,6.1,"https://www.pint-prices.com/pub/365%20West%20Barnes%20Lane,%20KT3%206JF/Earl%20Beatty",2026-07-03T23:10:47+00:00
Earl Beatty,"365 West Barnes Lane, KT3 6JF",🌐 https://www.greeneking.co.uk/pubs/surrey/earl-beatty 🍽️ Food available 🍹 Cocktails available ☀️ Beer garden available ⚽ Live sports shown,51.3945,-0.239159,7,NECK OIL,£6.35,6.35,"https://www.pint-prices.com/pub/365%20West%20Barnes%20Lane,%20KT3%206JF/Earl%20Beatty",2026-07-03T23:10:47+00:00
Earl Beatty,"365 West Barnes Lane, KT3 6JF",🌐 https://www.greeneking.co.uk/pubs/surrey/earl-beatty 🍽️ Food available 🍹 Cocktails available ☀️ Beer garden available ⚽ Live sports shown,51.3945,-0.239159,8,PERONI,£6.40,6.4,"https://www.pint-prices.com/pub/365%20West%20Barnes%20Lane,%20KT3%206JF/Earl%20Beatty",2026-07-03T23:10:47+00:00
Bear,"36a Carlton St, Nottingham NG1 1NN",,52.9535,-1.1439,1,FREEDOM LAGER,£4.60,4.6,"https://www.pint-prices.com/pub/36a%20Carlton%20St,%20Nottingham%20NG1%201NN/Bear",2026-07-03T23:10:47+00:00
The Duke of Argyll,"37 Brewer St, London W1F 0RY",🍽️ Food available,51.5119,-0.134788,1,TADDY LAGER,£6.40,6.4,"https://www.pint-prices.com/pub/37%20Brewer%20St,%20London%20W1F%200RY/The%20Duke%20of%20Argyll",2026-07-03T23:10:47+00:00
Brewmaster,"37 Cranbourn Street, WC2H 7AD",🌐 https://www.greeneking.co.uk/pubs/greater-london/brewmaster 🍽️ Food available 🍹 Cocktails available ☀️ Beer garden available,51.5113,-0.128153,1,GUINNESS,£6.50,6.5,"https://www.pint-prices.com/pub/37%20Cranbourn%20Street,%20WC2H%207AD/Brewmaster",2026-07-03T23:10:47+00:00
Brewmaster,"37 Cranbourn Street, WC2H 7AD",🌐 https://www.greeneking.co.uk/pubs/greater-london/brewmaster 🍽️ Food available 🍹 Cocktails available ☀️ Beer garden available,51.5113,-0.128153,2,MADRI,£7.10,7.1,"https://www.pint-prices.com/pub/37%20Cranbourn%20Street,%20WC2H%207AD/Brewmaster",2026-07-03T23:10:47+00:00
Brewmaster,"37 Cranbourn Street, WC2H 7AD",🌐 https://www.greeneking.co.uk/pubs/greater-london/brewmaster 🍽️ Food available 🍹 Cocktails available ☀️ Beer garden available,51.5113,-0.128153,3,ESTRELLA,£7.10,7.1,"https://www.pint-prices.com/pub/37%20Cranbourn%20Street,%20WC2H%207AD/Brewmaster",2026-07-03T23:10:47+00:00
Brewmaster,"37 Cranbourn Street, WC2H 7AD",🌐 https://www.greeneking.co.uk/pubs/greater-london/brewmaster 🍽️ Food available 🍹 Cocktails available ☀️ Beer garden available,51.5113,-0.128153,4,BIRRA MORETTI,£7.15,7.15,"https://www.pint-prices.com/pub/37%20Cranbourn%20Street,%20WC2H%207AD/Brewmaster",2026-07-03T23:10:47+00:00
Brewmaster,"37 Cranbourn Street, WC2H 7AD",🌐 https://www.greeneking.co.uk/pubs/greater-london/brewmaster 🍽️ Food available 🍹 Cocktails available ☀️ Beer garden available,51.5113,-0.128153,5,PERONI,£7.40,7.4,"https://www.pint-prices.com/pub/37%20Cranbourn%20Street,%20WC2H%207AD/Brewmaster",2026-07-03T23:10:47+00:00
The Lyric,"37 Great Windmill St, London W1D 7LT",🌐 https://www.lyricsoho.co.uk/ 🍽️ Food available ⚽ Live sports shown,51.5113,-0.134383,1,BUDVAR,£6.20,6.2,"https://www.pint-prices.com/pub/37%20Great%20Windmill%20St,%20London%20W1D%207LT/The%20Lyric",2026-07-03T23:10:47+00:00
O’Neill’s,37 High Street Sutton SM1 1DJ England,,51.361,-0.192208,1,ASAHI,£6.90,6.9,https://www.pint-prices.com/pub/37%20High%20Street%20Sutton%20SM1%201DJ%20England/O%E2%80%99Neill%E2%80%99s,2026-07-03T23:10:47+00:00
Burkes Warehouse,"37 Kingsland High St, London E8 2JS",🍽️ Food available ☀️ Beer garden available ⚽ Live sports shown 🎸 Live music,51.5475,-0.0756532,1,AMSTEL,£5.60,5.6,"https://www.pint-prices.com/pub/37%20Kingsland%20High%20St,%20London%20E8%202JS/Burkes%20Warehouse",2026-07-03T23:10:47+00:00
The Devonshire Arms,"37 Marloes Rd, London W8 6LA",🌐 https://www.thedevonshirearmskensington.co.uk/ 🍽️ Food available ☀️ Beer garden available ⚽ Live sports shown ❓ Pub quiz available,51.4968,-0.19263,1,PRAVHA,£6.05,6.05,"https://www.pint-prices.com/pub/37%20Marloes%20Rd,%20London%20W8%206LA/The%20Devonshire%20Arms",2026-07-03T23:10:47+00:00
Mala Indian Kitchen & Bar,"37 Westferry Circus, London E14 8RR, UK",020 7719 0080 🌐 http://www.malarestaurant.com/,51.507,-0.0290617,1,COBRA,£8.50,8.5,"https://www.pint-prices.com/pub/37%20Westferry%20Circus,%20London%20E14%208RR,%20UK/Mala%20Indian%20Kitchen%20%26%20Bar",2026-07-03T23:10:47+00:00
The Old Spades,"37 Whitehall, London SW1A 2BX",🌐 https://www.oldshades.co.uk/ 🍽️ Food available,51.5065,-0.126974,1,LONDON PALE ALE,£6.35,6.35,"https://www.pint-prices.com/pub/37%20Whitehall,%20London%20SW1A%202BX/The%20Old%20Spades",2026-07-03T23:10:47+00:00
The George Tavern,"373 Commercial Rd, Stepney, London E1 0LA",🌐 https://thegeorgetavern.london/ ☀️ Beer garden available 🎸 Live music,51.5144,-0.0527864,1,PRAVHA,£6.00,6.0,"https://www.pint-prices.com/pub/373%20Commercial%20Rd,%20Stepney,%20London%20E1%200LA/The%20George%20Tavern",2026-07-03T23:10:47+00:00
The Moon on the Hill - JD Wetherspoon,"373-375 Station Rd, Harrow HA1 2AW, UK",020 8863 3670 🌐 https://www.jdwetherspoon.com/pubs/all-pubs/england/london/the-moon-on-the-hill-harrow 🍽️ Food available 🍹 Cocktails available ☀️ Beer garden available ⚽ Live sports shown,51.5794,-0.3342,1,BUD LIGHT,£2.43,2.43,"https://www.pint-prices.com/pub/373-375%20Station%20Rd,%20Harrow%20HA1%202AW,%20UK/The%20Moon%20on%20the%20Hill%20-%20JD%20Wetherspoon",2026-07-03T23:10:47+00:00
The Moon on the Hill - JD Wetherspoon,"373-375 Station Rd, Harrow HA1 2AW, UK",020 8863 3670 🌐 https://www.jdwetherspoon.com/pubs/all-pubs/england/london/the-moon-on-the-hill-harrow 🍽️ Food available 🍹 Cocktails available ☀️ Beer garden available ⚽ Live sports shown,51.5794,-0.3342,2,CARLSBERG PILSNER,£2.66,2.66,"https://www.pint-prices.com/pub/373-375%20Station%20Rd,%20Harrow%20HA1%202AW,%20UK/The%20Moon%20on%20the%20Hill%20-%20JD%20Wetherspoon",2026-07-03T23:10:47+00:00
The Moon on the Hill - JD Wetherspoon,"373-375 Station Rd, Harrow HA1 2AW, UK",020 8863 3670 🌐 https://www.jdwetherspoon.com/pubs/all-pubs/england/london/the-moon-on-the-hill-harrow 🍽️ Food available 🍹 Cocktails available ☀️ Beer garden available ⚽ Live sports shown,51.5794,-0.3342,3,BUDWEISER,£2.88,2.88,"https://www.pint-prices.com/pub/373-375%20Station%20Rd,%20Harrow%20HA1%202AW,%20UK/The%20Moon%20on%20the%20Hill%20-%20JD%20Wetherspoon",2026-07-03T23:10:47+00:00
The Moon on the Hill - JD Wetherspoon,"373-375 Station Rd, Harrow HA1 2AW, UK",020 8863 3670 🌐 https://www.jdwetherspoon.com/pubs/all-pubs/england/london/the-moon-on-the-hill-harrow 🍽️ Food available 🍹 Cocktails available ☀️ Beer garden available ⚽ Live sports shown,51.5794,-0.3342,4,CARLING,£2.88,2.88,"https://www.pint-prices.com/pub/373-375%20Station%20Rd,%20Harrow%20HA1%202AW,%20UK/The%20Moon%20on%20the%20Hill%20-%20JD%20Wetherspoon",2026-07-03T23:10:47+00:00
The Moon on the Hill - JD Wetherspoon,"373-375 Station Rd, Harrow HA1 2AW, UK",020 8863 3670 🌐 https://www.jdwetherspoon.com/pubs/all-pubs/england/london/the-moon-on-the-hill-harrow 🍽️ Food available 🍹 Cocktails available ☀️ Beer garden available ⚽ Live sports shown,51.5794,-0.3342,5,COORS,£2.88,2.88,"https://www.pint-prices.com/pub/373-375%20Station%20Rd,%20Harrow%20HA1%202AW,%20UK/The%20Moon%20on%20the%20Hill%20-%20JD%20Wetherspoon",2026-07-03T23:10:47+00:00
The Moon on the Hill - JD Wetherspoon,"373-375 Station Rd, Harrow HA1 2AW, UK",020 8863 3670 🌐 https://www.jdwetherspoon.com/pubs/all-pubs/england/london/the-moon-on-the-hill-harrow 🍽️ Food available 🍹 Cocktails available ☀️ Beer garden available ⚽ Live sports shown,51.5794,-0.3342,6,GUINNESS,£3.32,3.32,"https://www.pint-prices.com/pub/373-375%20Station%20Rd,%20Harrow%20HA1%202AW,%20UK/The%20Moon%20on%20the%20Hill%20-%20JD%20Wetherspoon",2026-07-03T23:10:47+00:00
The Moon on the Hill - JD Wetherspoon,"373-375 Station Rd, Harrow HA1 2AW, UK",020 8863 3670 🌐 https://www.jdwetherspoon.com/pubs/all-pubs/england/london/the-moon-on-the-hill-harrow 🍽️ Food available 🍹 Cocktails available ☀️ Beer garden available ⚽ Live sports shown,51.5794,-0.3342,7,STELLA ARTOIS,£3.84,3.84,"https://www.pint-prices.com/pub/373-375%20Station%20Rd,%20Harrow%20HA1%202AW,%20UK/The%20Moon%20on%20the%20Hill%20-%20JD%20Wetherspoon",2026-07-03T23:10:47+00:00
The Moon on the Hill - JD Wetherspoon,"373-375 Station Rd, Harrow HA1 2AW, UK",020 8863 3670 🌐 https://www.jdwetherspoon.com/pubs/all-pubs/england/london/the-moon-on-the-hill-harrow 🍽️ Food available 🍹 Cocktails available ☀️ Beer garden available ⚽ Live sports shown,51.5794,-0.3342,8,CORONA,£3.95,3.95,"https://www.pint-prices.com/pub/373-375%20Station%20Rd,%20Harrow%20HA1%202AW,%20UK/The%20Moon%20on%20the%20Hill%20-%20JD%20Wetherspoon",2026-07-03T23:10:47+00:00
The Moon on the Hill - JD Wetherspoon,"373-375 Station Rd, Harrow HA1 2AW, UK",020 8863 3670 🌐 https://www.jdwetherspoon.com/pubs/all-pubs/england/london/the-moon-on-the-hill-harrow 🍽️ Food available 🍹 Cocktails available ☀️ Beer garden available ⚽ Live sports shown,51.5794,-0.3342,9,SAN MIGUEL,£3.95,3.95,"https://www.pint-prices.com/pub/373-375%20Station%20Rd,%20Harrow%20HA1%202AW,%20UK/The%20Moon%20on%20the%20Hill%20-%20JD%20Wetherspoon",2026-07-03T23:10:47+00:00
The Moon on the Hill - JD Wetherspoon,"373-375 Station Rd, Harrow HA1 2AW, UK",020 8863 3670 🌐 https://www.jdwetherspoon.com/pubs/all-pubs/england/london/the-moon-on-the-hill-harrow 🍽️ Food available 🍹 Cocktails available ☀️ Beer garden available ⚽ Live sports shown,51.5794,-0.3342,10,LEFFE BLONDE,£4.28,4.28,"https://www.pint-prices.com/pub/373-375%20Station%20Rd,%20Harrow%20HA1%202AW,%20UK/The%20Moon%20on%20the%20Hill%20-%20JD%20Wetherspoon",2026-07-03T23:10:47+00:00
The Crown & Anchor,"374 Chiswick High Rd., Chiswick, London W4 5TA",🌐 https://www.crownandanchorchiswick.co.uk/#/ 🍽️ Food available ☀️ Beer garden available 🎸 Live music ❓ Pub quiz available,51.4927,-0.263716,1,PRAVHA,£5.55,5.55,"https://www.pint-prices.com/pub/374%20Chiswick%20High%20Rd.,%20Chiswick,%20London%20W4%205TA/The%20Crown%20%26%20Anchor",2026-07-03T23:10:47+00:00
The Raven W6,"375 Goldhawk Rd, London W6 0SA, UK",020 8748 6977 🌐 http://www.theravenw6.com/ 📧info@theravenw6.com 🍽️ Food available ☀️ Beer garden available ⚽ Live sports shown 🎸 Live music ❓ Pub quiz available ⏰ Happy hour,51.4951,-0.244581,1,AMSTEL,£6.50,6.5,"https://www.pint-prices.com/pub/375%20Goldhawk%20Rd,%20London%20W6%200SA,%20UK/The%20Raven%20W6",2026-07-03T23:10:47+00:00
The Old George,"379 Bethnal Green Rd, London E2 0AN",🌐 https://www.crafted-social.co.uk/old-george-bethnal-green?utm_source=gmb&utm_medium=organic&utm_camp 🍽️ Food available 🍹 Cocktails available ☀️ Beer garden available ⚽ Live sports shown,51.527,-0.060747,1,AMSTEL,£5.60,5.6,"https://www.pint-prices.com/pub/379%20Bethnal%20Green%20Rd,%20London%20E2%200AN/The%20Old%20George",2026-07-03T23:10:47+00:00
The Old Bell,"38 Kilburn High Rd, London NW6 5UA",🍽️ Food available 🍹 Cocktails available ⚽ Live sports shown 🎸 Live music 🎤 Karaoke available,51.5371,-0.192009,1,CARLSBERG,£4.35,4.35,"https://www.pint-prices.com/pub/38%20Kilburn%20High%20Rd,%20London%20NW6%205UA/The%20Old%20Bell",2026-07-03T23:10:47+00:00
Prince of Wales,"38 Old Town, London SW4 0LB",7593732008 🌐 https://princeofwalesputney.com/ 🍽️ Food available 🍹 Cocktails available ☀️ Beer garden available ⚽ Live sports shown ❓ Pub quiz available,51.4639,-0.141925,1,AMSTEL,£5.80,5.8,"https://www.pint-prices.com/pub/38%20Old%20Town,%20London%20SW4%200LB/Prince%20of%20Wales",2026-07-03T23:10:47+00:00
Prince of Wales,"38 Old Town, London SW4 0LB",7593732008 🌐 https://princeofwalesputney.com/ 🍽️ Food available 🍹 Cocktails available ☀️ Beer garden available ⚽ Live sports shown ❓ Pub quiz available,51.4639,-0.141925,2,GUINNESS,£6.20,6.2,"https://www.pint-prices.com/pub/38%20Old%20Town,%20London%20SW4%200LB/Prince%20of%20Wales",2026-07-03T23:10:47+00:00
The Enterprise,"38 Red Lion St, London WC1R 4PN",🍽️ Food available ☀️ Beer garden available,51.5202,-0.117431,1,AMSTEL,£5.60,5.6,"https://www.pint-prices.com/pub/38%20Red%20Lion%20St,%20London%20WC1R%204PN/The%20Enterprise",2026-07-03T23:10:47+00:00
The Playwright Craft Pub,"38 Shakespeare St, Nottingham NG1 4FQ",,52.9577,-1.15105,1,PRAVHA,£4.60,4.6,"https://www.pint-prices.com/pub/38%20Shakespeare%20St,%20Nottingham%20NG1%204FQ/The%20Playwright%20Craft%20Pub",2026-07-03T23:10:47+00:00
The Playwright Craft Pub,"38 Shakespeare St, Nottingham NG1 4FQ",,52.9577,-1.15105,2,MADRI,£4.90,4.9,"https://www.pint-prices.com/pub/38%20Shakespeare%20St,%20Nottingham%20NG1%204FQ/The%20Playwright%20Craft%20Pub",2026-07-03T23:10:47+00:00
The Castle,"38 Tooting High St, London SW17 0RG",,51.4286,-0.167704,1,PRAVHA,£5.70,5.7,"https://www.pint-prices.com/pub/38%20Tooting%20High%20St,%20London%20SW17%200RG/The%20Castle",2026-07-03T23:10:47+00:00
The Castle,"38 Tooting High St, London SW17 0RG",,51.4286,-0.167704,2,SAN MIGUEL,£6.40,6.4,"https://www.pint-prices.com/pub/38%20Tooting%20High%20St,%20London%20SW17%200RG/The%20Castle",2026-07-03T23:10:47+00:00
The Castle,"38 Tooting High St, London SW17 0RG",,51.4286,-0.167704,3,CAMDEN HELLS,£7.20,7.2,"https://www.pint-prices.com/pub/38%20Tooting%20High%20St,%20London%20SW17%200RG/The%20Castle",2026-07-03T23:10:47+00:00
The Castle,"38 Tooting High St, London SW17 0RG",,51.4286,-0.167704,4,CAMDEN HELLS,£7.20,7.2,"https://www.pint-prices.com/pub/38%20Tooting%20High%20St,%20London%20SW17%200RG/The%20Castle",2026-07-03T23:10:47+00:00
The Denmark Arms,"381 Barking Rd, London E6 1LA",🌐 https://denmarkarms.com/ 🍽️ Food available 🎤 Karaoke available,51.5332,0.0539962,1,PRAVHA,£5.10,5.1,"https://www.pint-prices.com/pub/381%20Barking%20Rd,%20London%20E6%201LA/The%20Denmark%20Arms",2026-07-03T23:10:47+00:00
Green Man,"383 Euston Road, NW1 3AU",🌐 https://www.greeneking.co.uk/pubs/greater-london/greene-man 🍽️ Food available 🍹 Cocktails available ⚽ Live sports shown,51.5237,-0.143171,1,AMSTEL,£6.15,6.15,"https://www.pint-prices.com/pub/383%20Euston%20Road,%20NW1%203AU/Green%20Man",2026-07-03T23:10:47+00:00
Green Man,"383 Euston Road, NW1 3AU",🌐 https://www.greeneking.co.uk/pubs/greater-london/greene-man 🍽️ Food available 🍹 Cocktails available ⚽ Live sports shown,51.5237,-0.143171,2,ESTRELLA,£7.10,7.1,"https://www.pint-prices.com/pub/383%20Euston%20Road,%20NW1%203AU/Green%20Man",2026-07-03T23:10:47+00:00
Green Man,"383 Euston Road, NW1 3AU",🌐 https://www.greeneking.co.uk/pubs/greater-london/greene-man 🍽️ Food available 🍹 Cocktails available ⚽ Live sports shown,51.5237,-0.143171,3,BIRRA MORETTI,£7.10,7.1,"https://www.pint-prices.com/pub/383%20Euston%20Road,%20NW1%203AU/Green%20Man",2026-07-03T23:10:47+00:00
Green Man,"383 Euston Road, NW1 3AU",🌐 https://www.greeneking.co.uk/pubs/greater-london/greene-man 🍽️ Food available 🍹 Cocktails available ⚽ Live sports shown,51.5237,-0.143171,4,NECK OIL,£7.40,7.4,"https://www.pint-prices.com/pub/383%20Euston%20Road,%20NW1%203AU/Green%20Man",2026-07-03T23:10:47+00:00
Green Man,"383 Euston Road, NW1 3AU",🌐 https://www.greeneking.co.uk/pubs/greater-london/greene-man 🍽️ Food available 🍹 Cocktails available ⚽ Live sports shown,51.5237,-0.143171,5,PERONI,£7.40,7.4,"https://www.pint-prices.com/pub/383%20Euston%20Road,%20NW1%203AU/Green%20Man",2026-07-03T23:10:47+00:00
Dogstar,"389 Coldharbour Ln, London SW9 8LQ, UK",020 7733 7515 🌐 http://dogstarbrixton.com/ 🍽️ Food available 🍹 Cocktails available ⚽ Live sports shown 🎸 Live music,51.4618,-0.111846,1,PRAVHA,£5.25,5.25,"https://www.pint-prices.com/pub/389%20Coldharbour%20Ln,%20London%20SW9%208LQ,%20UK/Dogstar",2026-07-03T23:10:47+00:00
The Effra Hall Tavern,"38A Kellett Rd, London SW2 1EB, UK",🌐 https://www.instagram.com/effrahalltavern/ 🍽️ Food available 🎸 Live music ⏰ Happy hour,51.4599,-0.113132,1,GUINNESS,£5.50,5.5,"https://www.pint-prices.com/pub/38A%20Kellett%20Rd,%20London%20SW2%201EB,%20UK/The%20Effra%20Hall%20Tavern",2026-07-03T23:10:47+00:00
Two Chairmen,"39 Dartmouth Street, SW1H 9BP",🌐 https://www.greeneking.co.uk/pubs/greater-london/two-chairmen 🍽️ Food available 🍹 Cocktails available,51.5006,-0.13164,1,AMSTEL,£6.15,6.15,"https://www.pint-prices.com/pub/39%20Dartmouth%20Street,%20SW1H%209BP/Two%20Chairmen",2026-07-03T23:10:47+00:00
Two Chairmen,"39 Dartmouth Street, SW1H 9BP",🌐 https://www.greeneking.co.uk/pubs/greater-london/two-chairmen 🍽️ Food available 🍹 Cocktails available,51.5006,-0.13164,2,GUINNESS,£6.35,6.35,"https://www.pint-prices.com/pub/39%20Dartmouth%20Street,%20SW1H%209BP/Two%20Chairmen",2026-07-03T23:10:47+00:00
Two Chairmen,"39 Dartmouth Street, SW1H 9BP",🌐 https://www.greeneking.co.uk/pubs/greater-london/two-chairmen 🍽️ Food available 🍹 Cocktails available,51.5006,-0.13164,3,ESTRELLA,£7.00,7.0,"https://www.pint-prices.com/pub/39%20Dartmouth%20Street,%20SW1H%209BP/Two%20Chairmen",2026-07-03T23:10:47+00:00
Two Chairmen,"39 Dartmouth Street, SW1H 9BP",🌐 https://www.greeneking.co.uk/pubs/greater-london/two-chairmen 🍽️ Food available 🍹 Cocktails available,51.5006,-0.13164,4,NECK OIL,£7.30,7.3,"https://www.pint-prices.com/pub/39%20Dartmouth%20Street,%20SW1H%209BP/Two%20Chairmen",2026-07-03T23:10:47+00:00
Two Chairmen,"39 Dartmouth Street, SW1H 9BP",🌐 https://www.greeneking.co.uk/pubs/greater-london/two-chairmen 🍽️ Food available 🍹 Cocktails available,51.5006,-0.13164,5,PERONI,£7.40,7.4,"https://www.pint-prices.com/pub/39%20Dartmouth%20Street,%20SW1H%209BP/Two%20Chairmen",2026-07-03T23:10:47+00:00
The Grapes SW18,"39 Fairfield St, London SW18 1DX, UK",020 8874 1840 🌐 http://www.thegrapessw18.co.uk/ 📧thegrapessw18@outlook.com 🍽️ Food available ☀️ Beer garden available ⚽ Live sports shown 🎸 Live music ❓ Pub quiz available 🎤 Karaoke available,51.4587,-0.190561,1,LONDON PRIDE,£4.95,4.95,"https://www.pint-prices.com/pub/39%20Fairfield%20St,%20London%20SW18%201DX,%20UK/The%20Grapes%20SW18",2026-07-03T23:10:47+00:00
The Grapes SW18,"39 Fairfield St, London SW18 1DX, UK",020 8874 1840 🌐 http://www.thegrapessw18.co.uk/ 📧thegrapessw18@outlook.com 🍽️ Food available ☀️ Beer garden available ⚽ Live sports shown 🎸 Live music ❓ Pub quiz available 🎤 Karaoke available,51.4587,-0.190561,2,FOSTERS,£5.20,5.2,"https://www.pint-prices.com/pub/39%20Fairfield%20St,%20London%20SW18%201DX,%20UK/The%20Grapes%20SW18",2026-07-03T23:10:47+00:00
The Grapes SW18,"39 Fairfield St, London SW18 1DX, UK",020 8874 1840 🌐 http://www.thegrapessw18.co.uk/ 📧thegrapessw18@outlook.com 🍽️ Food available ☀️ Beer garden available ⚽ Live sports shown 🎸 Live music ❓ Pub quiz available 🎤 Karaoke available,51.4587,-0.190561,3,AMSTEL,£5.30,5.3,"https://www.pint-prices.com/pub/39%20Fairfield%20St,%20London%20SW18%201DX,%20UK/The%20Grapes%20SW18",2026-07-03T23:10:47+00:00
The Grapes SW18,"39 Fairfield St, London SW18 1DX, UK",020 8874 1840 🌐 http://www.thegrapessw18.co.uk/ 📧thegrapessw18@outlook.com 🍽️ Food available ☀️ Beer garden available ⚽ Live sports shown 🎸 Live music ❓ Pub quiz available 🎤 Karaoke available,51.4587,-0.190561,4,KRONENBOURG,£5.40,5.4,"https://www.pint-prices.com/pub/39%20Fairfield%20St,%20London%20SW18%201DX,%20UK/The%20Grapes%20SW18",2026-07-03T23:10:47+00:00
The Grapes SW18,"39 Fairfield St, London SW18 1DX, UK",020 8874 1840 🌐 http://www.thegrapessw18.co.uk/ 📧thegrapessw18@outlook.com 🍽️ Food available ☀️ Beer garden available ⚽ Live sports shown 🎸 Live music ❓ Pub quiz available 🎤 Karaoke available,51.4587,-0.190561,5,GUINNESS,£5.40,5.4,"https://www.pint-prices.com/pub/39%20Fairfield%20St,%20London%20SW18%201DX,%20UK/The%20Grapes%20SW18",2026-07-03T23:10:47+00:00
Bacco Ristorante Italiano,"39-41 Kew Rd, London TW9 2NQ, UK",020 8332 0348 🌐 http://www.bacco-restaurant.co.uk/ 📧hello@bacco-restaurant.co.uk 🍽️ Food available 🍹 Cocktails available,51.4641,-0.301792,1,BIRRA MORETTI,£7.50,7.5,"https://www.pint-prices.com/pub/39-41%20Kew%20Rd,%20London%20TW9%202NQ,%20UK/Bacco%20Ristorante%20Italiano",2026-07-03T23:10:47+00:00
The Ship,"39-47 Saint Marychurch St, London SE16 4JE",🌐 https://shiprotherhithe.co.uk/ 🍽️ Food available ☀️ Beer garden available,51.5005,-0.0539928,1,FOSTERS,£4.90,4.9,"https://www.pint-prices.com/pub/39-47%20Saint%20Marychurch%20St,%20London%20SE16%204JE/The%20Ship",2026-07-03T23:10:47+00:00
J.J. Moon's - JD Wetherspoon,"397 High Rd, Wembley HA9 7DS, UK",020 8903 4923 🌐 http://www.jdwetherspoon.co.uk/home/pubs/j.j.-moons-wembley 🍽️ Food available,51.5535,-0.292793,1,BUD LIGHT,£2.59,2.59,"https://www.pint-prices.com/pub/397%20High%20Rd,%20Wembley%20HA9%207DS,%20UK/J.J.%20Moon's%20-%20JD%20Wetherspoon",2026-07-03T23:10:47+00:00
J.J. Moon's - JD Wetherspoon,"397 High Rd, Wembley HA9 7DS, UK",020 8903 4923 🌐 http://www.jdwetherspoon.co.uk/home/pubs/j.j.-moons-wembley 🍽️ Food available,51.5535,-0.292793,2,CARLSBERG PILSNER,£2.83,2.83,"https://www.pint-prices.com/pub/397%20High%20Rd,%20Wembley%20HA9%207DS,%20UK/J.J.%20Moon's%20-%20JD%20Wetherspoon",2026-07-03T23:10:47+00:00
J.J. Moon's - JD Wetherspoon,"397 High Rd, Wembley HA9 7DS, UK",020 8903 4923 🌐 http://www.jdwetherspoon.co.uk/home/pubs/j.j.-moons-wembley 🍽️ Food available,51.5535,-0.292793,3,CARLING,£2.99,2.99,"https://www.pint-prices.com/pub/397%20High%20Rd,%20Wembley%20HA9%207DS,%20UK/J.J.%20Moon's%20-%20JD%20Wetherspoon",2026-07-03T23:10:47+00:00
J.J. Moon's - JD Wetherspoon,"397 High Rd, Wembley HA9 7DS, UK",020 8903 4923 🌐 http://www.jdwetherspoon.co.uk/home/pubs/j.j.-moons-wembley 🍽️ Food available,51.5535,-0.292793,4,COORS,£2.99,2.99,"https://www.pint-prices.com/pub/397%20High%20Rd,%20Wembley%20HA9%207DS,%20UK/J.J.%20Moon's%20-%20JD%20Wetherspoon",2026-07-03T23:10:47+00:00
J.J. Moon's - JD Wetherspoon,"397 High Rd, Wembley HA9 7DS, UK",020 8903 4923 🌐 http://www.jdwetherspoon.co.uk/home/pubs/j.j.-moons-wembley 🍽️ Food available,51.5535,-0.292793,5,GUINNESS,£3.09,3.09,"https://www.pint-prices.com/pub/397%20High%20Rd,%20Wembley%20HA9%207DS,%20UK/J.J.%20Moon's%20-%20JD%20Wetherspoon",2026-07-03T23:10:47+00:00
J.J. Moon's - JD Wetherspoon,"397 High Rd, Wembley HA9 7DS, UK",020 8903 4923 🌐 http://www.jdwetherspoon.co.uk/home/pubs/j.j.-moons-wembley 🍽️ Food available,51.5535,-0.292793,6,BUDWEISER,£3.30,3.3,"https://www.pint-prices.com/pub/397%20High%20Rd,%20Wembley%20HA9%207DS,%20UK/J.J.%20Moon's%20-%20JD%20Wetherspoon",2026-07-03T23:10:47+00:00
J.J. Moon's - JD Wetherspoon,"397 High Rd, Wembley HA9 7DS, UK",020 8903 4923 🌐 http://www.jdwetherspoon.co.uk/home/pubs/j.j.-moons-wembley 🍽️ Food available,51.5535,-0.292793,7,STELLA ARTOIS,£4.08,4.08,"https://www.pint-prices.com/pub/397%20High%20Rd,%20Wembley%20HA9%207DS,%20UK/J.J.%20Moon's%20-%20JD%20Wetherspoon",2026-07-03T23:10:47+00:00
J.J. Moon's - JD Wetherspoon,"397 High Rd, Wembley HA9 7DS, UK",020 8903 4923 🌐 http://www.jdwetherspoon.co.uk/home/pubs/j.j.-moons-wembley 🍽️ Food available,51.5535,-0.292793,8,CORONA,£4.20,4.2,"https://www.pint-prices.com/pub/397%20High%20Rd,%20Wembley%20HA9%207DS,%20UK/J.J.%20Moon's%20-%20JD%20Wetherspoon",2026-07-03T23:10:47+00:00
J.J. Moon's - JD Wetherspoon,"397 High Rd, Wembley HA9 7DS, UK",020 8903 4923 🌐 http://www.jdwetherspoon.co.uk/home/pubs/j.j.-moons-wembley 🍽️ Food available,51.5535,-0.292793,9,SAN MIGUEL,£4.20,4.2,"https://www.pint-prices.com/pub/397%20High%20Rd,%20Wembley%20HA9%207DS,%20UK/J.J.%20Moon's%20-%20JD%20Wetherspoon",2026-07-03T23:10:47+00:00
J.J. Moon's - JD Wetherspoon,"397 High Rd, Wembley HA9 7DS, UK",020 8903 4923 🌐 http://www.jdwetherspoon.co.uk/home/pubs/j.j.-moons-wembley 🍽️ Food available,51.5535,-0.292793,10,LEFFE BLONDE,£4.55,4.55,"https://www.pint-prices.com/pub/397%20High%20Rd,%20Wembley%20HA9%207DS,%20UK/J.J.%20Moon's%20-%20JD%20Wetherspoon",2026-07-03T23:10:47+00:00
Goat Tavern,"3a Kensington High Street, W8 5NP",🌐 https://www.greeneking.co.uk/pubs/greater-london/goat-tavern 🍽️ Food available 🍹 Cocktails available ☀️ Beer garden available,51.5022,-0.187608,1,AMSTEL,£6.15,6.15,"https://www.pint-prices.com/pub/3a%20Kensington%20High%20Street,%20W8%205NP/Goat%20Tavern",2026-07-03T23:10:47+00:00
Goat Tavern,"3a Kensington High Street, W8 5NP",🌐 https://www.greeneking.co.uk/pubs/greater-london/goat-tavern 🍽️ Food available 🍹 Cocktails available ☀️ Beer garden available,51.5022,-0.187608,2,GUINNESS,£6.35,6.35,"https://www.pint-prices.com/pub/3a%20Kensington%20High%20Street,%20W8%205NP/Goat%20Tavern",2026-07-03T23:10:47+00:00
Goat Tavern,"3a Kensington High Street, W8 5NP",🌐 https://www.greeneking.co.uk/pubs/greater-london/goat-tavern 🍽️ Food available 🍹 Cocktails available ☀️ Beer garden available,51.5022,-0.187608,3,BIRRA MORETTI,£6.95,6.95,"https://www.pint-prices.com/pub/3a%20Kensington%20High%20Street,%20W8%205NP/Goat%20Tavern",2026-07-03T23:10:47+00:00
Goat Tavern,"3a Kensington High Street, W8 5NP",🌐 https://www.greeneking.co.uk/pubs/greater-london/goat-tavern 🍽️ Food available 🍹 Cocktails available ☀️ Beer garden available,51.5022,-0.187608,4,ESTRELLA,£7.00,7.0,"https://www.pint-prices.com/pub/3a%20Kensington%20High%20Street,%20W8%205NP/Goat%20Tavern",2026-07-03T23:10:47+00:00
Goat Tavern,"3a Kensington High Street, W8 5NP",🌐 https://www.greeneking.co.uk/pubs/greater-london/goat-tavern 🍽️ Food available 🍹 Cocktails available ☀️ Beer garden available,51.5022,-0.187608,5,PERONI,£7.35,7.35,"https://www.pint-prices.com/pub/3a%20Kensington%20High%20Street,%20W8%205NP/Goat%20Tavern",2026-07-03T23:10:47+00:00
Goat Tavern,"3a Kensington High Street, W8 5NP",🌐 https://www.greeneking.co.uk/pubs/greater-london/goat-tavern 🍽️ Food available 🍹 Cocktails available ☀️ Beer garden available,51.5022,-0.187608,6,NECK OIL,£7.40,7.4,"https://www.pint-prices.com/pub/3a%20Kensington%20High%20Street,%20W8%205NP/Goat%20Tavern",2026-07-03T23:10:47+00:00
The Stablehand,"4 Bathurst St, Tyburnia, London W2 2SD",🌐 https://thestablehand.co.uk/ 🍽️ Food available 🍹 Cocktails available ☀️ Beer garden available,51.513,-0.174713,1,STABLEHAND LAGER,£7.50,7.5,"https://www.pint-prices.com/pub/4%20Bathurst%20St,%20Tyburnia,%20London%20W2%202SD/The%20Stablehand",2026-07-03T23:10:47+00:00
The Lemon Tree,"4 Bedfordbury, London WC2N 4BP",🌐 https://www.lemontreecoventgarden.com/ 🍽️ Food available ⚽ Live sports shown,51.51,-0.125694,1,AMSTEL,£5.75,5.75,"https://www.pint-prices.com/pub/4%20Bedfordbury,%20London%20WC2N%204BP/The%20Lemon%20Tree",2026-07-03T23:10:47+00:00
The Clarence,"4 Dover St, Greater, London W1S 4LB",🌐 https://www.nicholsonspubs.co.uk/restaurants/london/theclarencemayfairlondon#/ 🍽️ Food available,51.5078,-0.141406,1,PRAVHA,£6.15,6.15,"https://www.pint-prices.com/pub/4%20Dover%20St,%20Greater,%20London%20W1S%204LB/The%20Clarence",2026-07-03T23:10:47+00:00
Travellers Tavern (Belgravia),"4 Elizabeth Street, Belgravia, SW1W 9RB",2077303957 🌐 https://www.greeneking.co.uk/pubs/greater-london/travellers-tavern 🍽️ Food available 🍹 Cocktails available ⚽ Live sports shown,51.493,-0.148801,1,AMSTEL,£6.35,6.35,"https://www.pint-prices.com/pub/4%20Elizabeth%20Street,%20Belgravia,%20SW1W%209RB/Travellers%20Tavern%20(Belgravia)",2026-07-03T23:10:47+00:00
Travellers Tavern (Belgravia),"4 Elizabeth Street, Belgravia, SW1W 9RB",2077303957 🌐 https://www.greeneking.co.uk/pubs/greater-london/travellers-tavern 🍽️ Food available 🍹 Cocktails available ⚽ Live sports shown,51.493,-0.148801,2,GUINNESS,£6.45,6.45,"https://www.pint-prices.com/pub/4%20Elizabeth%20Street,%20Belgravia,%20SW1W%209RB/Travellers%20Tavern%20(Belgravia)",2026-07-03T23:10:47+00:00
Travellers Tavern (Belgravia),"4 Elizabeth Street, Belgravia, SW1W 9RB",2077303957 🌐 https://www.greeneking.co.uk/pubs/greater-london/travellers-tavern 🍽️ Food available 🍹 Cocktails available ⚽ Live sports shown,51.493,-0.148801,3,MADRI,£6.60,6.6,"https://www.pint-prices.com/pub/4%20Elizabeth%20Street,%20Belgravia,%20SW1W%209RB/Travellers%20Tavern%20(Belgravia)",2026-07-03T23:10:47+00:00
Travellers Tavern (Belgravia),"4 Elizabeth Street, Belgravia, SW1W 9RB",2077303957 🌐 https://www.greeneking.co.uk/pubs/greater-london/travellers-tavern 🍽️ Food available 🍹 Cocktails available ⚽ Live sports shown,51.493,-0.148801,4,BIRRA MORETTI,£7.00,7.0,"https://www.pint-prices.com/pub/4%20Elizabeth%20Street,%20Belgravia,%20SW1W%209RB/Travellers%20Tavern%20(Belgravia)",2026-07-03T23:10:47+00:00
Travellers Tavern (Belgravia),"4 Elizabeth Street, Belgravia, SW1W 9RB",2077303957 🌐 https://www.greeneking.co.uk/pubs/greater-london/travellers-tavern 🍽️ Food available 🍹 Cocktails available ⚽ Live sports shown,51.493,-0.148801,5,NECK OIL,£7.55,7.55,"https://www.pint-prices.com/pub/4%20Elizabeth%20Street,%20Belgravia,%20SW1W%209RB/Travellers%20Tavern%20(Belgravia)",2026-07-03T23:10:47+00:00
The Pregnant Man,"40 Chancery Lane, London WC2A 1JA",🌐 https://thepregnantman.co.uk/ 🍽️ Food available 🍹 Cocktails available 🎸 Live music,51.5166,-0.112076,1,CAMDEN HELLS,£6.70,6.7,"https://www.pint-prices.com/pub/40%20Chancery%20Lane,%20London%20WC2A%201JA/The%20Pregnant%20Man",2026-07-03T23:10:47+00:00
Palmers Lodge Swiss Cottage,"40 College Cres, South Hampstead, London NW3 5LB, UK",020 7483 8470 🌐 https://palmerslodge.uk/contact/ 📧Contact us form 🍽️ Food available,51.5454,-0.176143,1,HOUSE LAGER,£4.10,4.1,"https://www.pint-prices.com/pub/40%20College%20Cres,%20South%20Hampstead,%20London%20NW3%205LB,%20UK/Palmers%20Lodge%20Swiss%20Cottage",2026-07-03T23:10:47+00:00
The Elephant & Castle (Kensington),"40 Holland St, London W8 4JJ",🌐 https://www.nicholsonspubs.co.uk/restaurants/london/theelephantandcastlekensingtonlondon?utm_source= 🍽️ Food available,51.5037,-0.194133,1,NICHOLSON'S PALE ALE,£6.10,6.1,"https://www.pint-prices.com/pub/40%20Holland%20St,%20London%20W8%204JJ/The%20Elephant%20%26%20Castle%20(Kensington)",2026-07-03T23:10:47+00:00
Two Brewers,"40 Monmouth Street, WC2H 9EP",🌐 https://www.greeneking.co.uk/pubs/greater-london/two-brewers 🍽️ Food available 🍹 Cocktails available,51.5134,-0.127225,1,AMSTEL,£6.15,6.15,"https://www.pint-prices.com/pub/40%20Monmouth%20Street,%20WC2H%209EP/Two%20Brewers",2026-07-03T23:10:47+00:00
Two Brewers,"40 Monmouth Street, WC2H 9EP",🌐 https://www.greeneking.co.uk/pubs/greater-london/two-brewers 🍽️ Food available 🍹 Cocktails available,51.5134,-0.127225,2,GUINNESS,£6.25,6.25,"https://www.pint-prices.com/pub/40%20Monmouth%20Street,%20WC2H%209EP/Two%20Brewers",2026-07-03T23:10:47+00:00
Two Brewers,"40 Monmouth Street, WC2H 9EP",🌐 https://www.greeneking.co.uk/pubs/greater-london/two-brewers 🍽️ Food available 🍹 Cocktails available,51.5134,-0.127225,3,ESTRELLA,£7.00,7.0,"https://www.pint-prices.com/pub/40%20Monmouth%20Street,%20WC2H%209EP/Two%20Brewers",2026-07-03T23:10:47+00:00
Two Brewers,"40 Monmouth Street, WC2H 9EP",🌐 https://www.greeneking.co.uk/pubs/greater-london/two-brewers 🍽️ Food available 🍹 Cocktails available,51.5134,-0.127225,4,BIRRA MORETTI,£7.05,7.05,"https://www.pint-prices.com/pub/40%20Monmouth%20Street,%20WC2H%209EP/Two%20Brewers",2026-07-03T23:10:47+00:00
Two Brewers,"40 Monmouth Street, WC2H 9EP",🌐 https://www.greeneking.co.uk/pubs/greater-london/two-brewers 🍽️ Food available 🍹 Cocktails available,51.5134,-0.127225,5,PERONI,£7.40,7.4,"https://www.pint-prices.com/pub/40%20Monmouth%20Street,%20WC2H%209EP/Two%20Brewers",2026-07-03T23:10:47+00:00
Two Brewers,"40 Monmouth Street, WC2H 9EP",🌐 https://www.greeneking.co.uk/pubs/greater-london/two-brewers 🍽️ Food available 🍹 Cocktails available,51.5134,-0.127225,6,NECK OIL,£7.50,7.5,"https://www.pint-prices.com/pub/40%20Monmouth%20Street,%20WC2H%209EP/Two%20Brewers",2026-07-03T23:10:47+00:00
Punch & Judy,"40 The Market, WC2E 8RF",🌐 https://www.greeneking.co.uk/pubs/greater-london/punch-and-judy 🍽️ Food available 🍹 Cocktails available ⚽ Live sports shown,51.5121,-0.122965,1,GUINNESS,£6.80,6.8,"https://www.pint-prices.com/pub/40%20The%20Market,%20WC2E%208RF/Punch%20%26%20Judy",2026-07-03T23:10:47+00:00
Punch & Judy,"40 The Market, WC2E 8RF",🌐 https://www.greeneking.co.uk/pubs/greater-london/punch-and-judy 🍽️ Food available 🍹 Cocktails available ⚽ Live sports shown,51.5121,-0.122965,2,ESTRELLA,£7.50,7.5,"https://www.pint-prices.com/pub/40%20The%20Market,%20WC2E%208RF/Punch%20%26%20Judy",2026-07-03T23:10:47+00:00
Punch & Judy,"40 The Market, WC2E 8RF",🌐 https://www.greeneking.co.uk/pubs/greater-london/punch-and-judy 🍽️ Food available 🍹 Cocktails available ⚽ Live sports shown,51.5121,-0.122965,3,PERONI,£7.85,7.85,"https://www.pint-prices.com/pub/40%20The%20Market,%20WC2E%208RF/Punch%20%26%20Judy",2026-07-03T23:10:47+00:00
Punch & Judy,"40 The Market, WC2E 8RF",🌐 https://www.greeneking.co.uk/pubs/greater-london/punch-and-judy 🍽️ Food available 🍹 Cocktails available ⚽ Live sports shown,51.5121,-0.122965,4,NECK OIL,£8.05,8.05,"https://www.pint-prices.com/pub/40%20The%20Market,%20WC2E%208RF/Punch%20%26%20Judy",2026-07-03T23:10:47+00:00
Lord Hill,"40 Watling St, Bexleyheath DA6 7QG, UK",01322 552291 🌐 http://www.thelordhill.co.uk/ 📧Contact us form on homepage ☀️ Beer garden available 🎸 Live music,51.4551,0.154755,1,CARLING,£4.50,4.5,"https://www.pint-prices.com/pub/40%20Watling%20St,%20Bexleyheath%20DA6%207QG,%20UK/Lord%20Hill",2026-07-03T23:10:47+00:00
Lord Hill,"40 Watling St, Bexleyheath DA6 7QG, UK",01322 552291 🌐 http://www.thelordhill.co.uk/ 📧Contact us form on homepage ☀️ Beer garden available 🎸 Live music,51.4551,0.154755,2,FOSTERS,£4.60,4.6,"https://www.pint-prices.com/pub/40%20Watling%20St,%20Bexleyheath%20DA6%207QG,%20UK/Lord%20Hill",2026-07-03T23:10:47+00:00
Ayslum Tavern,"40-42 Asylum Rd, London SE15 2RL",🎸 Live music 🎯 Darts available 🎤 Karaoke available,51.478,-0.0591987,1,FOSTERS,£4.50,4.5,"https://www.pint-prices.com/pub/40-42%20Asylum%20Rd,%20London%20SE15%202RL/Ayslum%20Tavern",2026-07-03T23:10:47+00:00
Glass Blower (Piccadilly),"40-42 Glasshouse Street, W1B 5JY",🌐 https://www.greeneking.co.uk/pubs/greater-london/glass-blower 🍽️ Food available 🍹 Cocktails available ☀️ Beer garden available,51.5106,-0.13713,1,GUINNESS,£6.35,6.35,"https://www.pint-prices.com/pub/40-42%20Glasshouse%20Street,%20W1B%205JY/Glass%20Blower%20(Piccadilly)",2026-07-03T23:10:47+00:00
Glass Blower (Piccadilly),"40-42 Glasshouse Street, W1B 5JY",🌐 https://www.greeneking.co.uk/pubs/greater-london/glass-blower 🍽️ Food available 🍹 Cocktails available ☀️ Beer garden available,51.5106,-0.13713,2,BIRRA MORETTI,£7.05,7.05,"https://www.pint-prices.com/pub/40-42%20Glasshouse%20Street,%20W1B%205JY/Glass%20Blower%20(Piccadilly)",2026-07-03T23:10:47+00:00
Glass Blower (Piccadilly),"40-42 Glasshouse Street, W1B 5JY",🌐 https://www.greeneking.co.uk/pubs/greater-london/glass-blower 🍽️ Food available 🍹 Cocktails available ☀️ Beer garden available,51.5106,-0.13713,3,ESTRELLA,£7.15,7.15,"https://www.pint-prices.com/pub/40-42%20Glasshouse%20Street,%20W1B%205JY/Glass%20Blower%20(Piccadilly)",2026-07-03T23:10:47+00:00
Glass Blower (Piccadilly),"40-42 Glasshouse Street, W1B 5JY",🌐 https://www.greeneking.co.uk/pubs/greater-london/glass-blower 🍽️ Food available 🍹 Cocktails available ☀️ Beer garden available,51.5106,-0.13713,4,PERONI,£7.40,7.4,"https://www.pint-prices.com/pub/40-42%20Glasshouse%20Street,%20W1B%205JY/Glass%20Blower%20(Piccadilly)",2026-07-03T23:10:47+00:00
Glass Blower (Piccadilly),"40-42 Glasshouse Street, W1B 5JY",🌐 https://www.greeneking.co.uk/pubs/greater-london/glass-blower 🍽️ Food available 🍹 Cocktails available ☀️ Beer garden available,51.5106,-0.13713,5,NECK OIL,£7.45,7.45,"https://www.pint-prices.com/pub/40-42%20Glasshouse%20Street,%20W1B%205JY/Glass%20Blower%20(Piccadilly)",2026-07-03T23:10:47+00:00
The Village Inn - JD Wetherspoon,"402-408 Rayners Lane, Rayners Lane, HA5 5DY",🍽️ Food available 🍹 Cocktails available ⚽ Live sports shown,51.5768,-0.37089,1,BUD LIGHT,£2.43,2.43,"https://www.pint-prices.com/pub/402-408%20Rayners%20Lane,%20Rayners%20Lane,%20HA5%205DY/The%20Village%20Inn%20-%20JD%20Wetherspoon",2026-07-03T23:10:47+00:00
The Village Inn - JD Wetherspoon,"402-408 Rayners Lane, Rayners Lane, HA5 5DY",🍽️ Food available 🍹 Cocktails available ⚽ Live sports shown,51.5768,-0.37089,2,CARLSBERG PILSNER,£2.66,2.66,"https://www.pint-prices.com/pub/402-408%20Rayners%20Lane,%20Rayners%20Lane,%20HA5%205DY/The%20Village%20Inn%20-%20JD%20Wetherspoon",2026-07-03T23:10:47+00:00
The Village Inn - JD Wetherspoon,"402-408 Rayners Lane, Rayners Lane, HA5 5DY",🍽️ Food available 🍹 Cocktails available ⚽ Live sports shown,51.5768,-0.37089,3,BUDWEISER,£2.88,2.88,"https://www.pint-prices.com/pub/402-408%20Rayners%20Lane,%20Rayners%20Lane,%20HA5%205DY/The%20Village%20Inn%20-%20JD%20Wetherspoon",2026-07-03T23:10:47+00:00
The Village Inn - JD Wetherspoon,"402-408 Rayners Lane, Rayners Lane, HA5 5DY",🍽️ Food available 🍹 Cocktails available ⚽ Live sports shown,51.5768,-0.37089,4,CARLING,£2.88,2.88,"https://www.pint-prices.com/pub/402-408%20Rayners%20Lane,%20Rayners%20Lane,%20HA5%205DY/The%20Village%20Inn%20-%20JD%20Wetherspoon",2026-07-03T23:10:47+00:00
The Village Inn - JD Wetherspoon,"402-408 Rayners Lane, Rayners Lane, HA5 5DY",🍽️ Food available 🍹 Cocktails available ⚽ Live sports shown,51.5768,-0.37089,5,COORS,£2.88,2.88,"https://www.pint-prices.com/pub/402-408%20Rayners%20Lane,%20Rayners%20Lane,%20HA5%205DY/The%20Village%20Inn%20-%20JD%20Wetherspoon",2026-07-03T23:10:47+00:00
The Village Inn - JD Wetherspoon,"402-408 Rayners Lane, Rayners Lane, HA5 5DY",🍽️ Food available 🍹 Cocktails available ⚽ Live sports shown,51.5768,-0.37089,6,GUINNESS,£3.32,3.32,"https://www.pint-prices.com/pub/402-408%20Rayners%20Lane,%20Rayners%20Lane,%20HA5%205DY/The%20Village%20Inn%20-%20JD%20Wetherspoon",2026-07-03T23:10:47+00:00
The Village Inn - JD Wetherspoon,"402-408 Rayners Lane, Rayners Lane, HA5 5DY",🍽️ Food available 🍹 Cocktails available ⚽ Live sports shown,51.5768,-0.37089,7,STELLA ARTOIS,£3.84,3.84,"https://www.pint-prices.com/pub/402-408%20Rayners%20Lane,%20Rayners%20Lane,%20HA5%205DY/The%20Village%20Inn%20-%20JD%20Wetherspoon",2026-07-03T23:10:47+00:00
The Village Inn - JD Wetherspoon,"402-408 Rayners Lane, Rayners Lane, HA5 5DY",🍽️ Food available 🍹 Cocktails available ⚽ Live sports shown,51.5768,-0.37089,8,CORONA,£3.95,3.95,"https://www.pint-prices.com/pub/402-408%20Rayners%20Lane,%20Rayners%20Lane,%20HA5%205DY/The%20Village%20Inn%20-%20JD%20Wetherspoon",2026-07-03T23:10:47+00:00
The Village Inn - JD Wetherspoon,"402-408 Rayners Lane, Rayners Lane, HA5 5DY",🍽️ Food available 🍹 Cocktails available ⚽ Live sports shown,51.5768,-0.37089,9,SAN MIGUEL,£3.95,3.95,"https://www.pint-prices.com/pub/402-408%20Rayners%20Lane,%20Rayners%20Lane,%20HA5%205DY/The%20Village%20Inn%20-%20JD%20Wetherspoon",2026-07-03T23:10:47+00:00
The Village Inn - JD Wetherspoon,"402-408 Rayners Lane, Rayners Lane, HA5 5DY",🍽️ Food available 🍹 Cocktails available ⚽ Live sports shown,51.5768,-0.37089,10,LEFFE BLONDE,£4.28,4.28,"https://www.pint-prices.com/pub/402-408%20Rayners%20Lane,%20Rayners%20Lane,%20HA5%205DY/The%20Village%20Inn%20-%20JD%20Wetherspoon",2026-07-03T23:10:47+00:00
The Beehive - JD Wetherspoon,"407-409 Brixton Rd, London SW9 7DG, UK",020 7738 3643 🌐 https://www.jdwetherspoon.com/pubs/all-pubs/england/london/the-beehive-brixton 🍽️ Food available,51.4638,-0.114363,1,BUD LIGHT,£2.89,2.89,"https://www.pint-prices.com/pub/407-409%20Brixton%20Rd,%20London%20SW9%207DG,%20UK/The%20Beehive%20-%20JD%20Wetherspoon",2026-07-03T23:10:47+00:00
The Beehive - JD Wetherspoon,"407-409 Brixton Rd, London SW9 7DG, UK",020 7738 3643 🌐 https://www.jdwetherspoon.com/pubs/all-pubs/england/london/the-beehive-brixton 🍽️ Food available,51.4638,-0.114363,2,CARLSBERG PILSNER,£3.33,3.33,"https://www.pint-prices.com/pub/407-409%20Brixton%20Rd,%20London%20SW9%207DG,%20UK/The%20Beehive%20-%20JD%20Wetherspoon",2026-07-03T23:10:47+00:00
The Beehive - JD Wetherspoon,"407-409 Brixton Rd, London SW9 7DG, UK",020 7738 3643 🌐 https://www.jdwetherspoon.com/pubs/all-pubs/england/london/the-beehive-brixton 🍽️ Food available,51.4638,-0.114363,3,GUINNESS,£4.07,4.07,"https://www.pint-prices.com/pub/407-409%20Brixton%20Rd,%20London%20SW9%207DG,%20UK/The%20Beehive%20-%20JD%20Wetherspoon",2026-07-03T23:10:47+00:00
The Beehive - JD Wetherspoon,"407-409 Brixton Rd, London SW9 7DG, UK",020 7738 3643 🌐 https://www.jdwetherspoon.com/pubs/all-pubs/england/london/the-beehive-brixton 🍽️ Food available,51.4638,-0.114363,4,CARLING,£4.41,4.41,"https://www.pint-prices.com/pub/407-409%20Brixton%20Rd,%20London%20SW9%207DG,%20UK/The%20Beehive%20-%20JD%20Wetherspoon",2026-07-03T23:10:47+00:00
The Beehive - JD Wetherspoon,"407-409 Brixton Rd, London SW9 7DG, UK",020 7738 3643 🌐 https://www.jdwetherspoon.com/pubs/all-pubs/england/london/the-beehive-brixton 🍽️ Food available,51.4638,-0.114363,5,COORS,£4.41,4.41,"https://www.pint-prices.com/pub/407-409%20Brixton%20Rd,%20London%20SW9%207DG,%20UK/The%20Beehive%20-%20JD%20Wetherspoon",2026-07-03T23:10:47+00:00
The Beehive - JD Wetherspoon,"407-409 Brixton Rd, London SW9 7DG, UK",020 7738 3643 🌐 https://www.jdwetherspoon.com/pubs/all-pubs/england/london/the-beehive-brixton 🍽️ Food available,51.4638,-0.114363,6,BUDWEISER,£4.46,4.46,"https://www.pint-prices.com/pub/407-409%20Brixton%20Rd,%20London%20SW9%207DG,%20UK/The%20Beehive%20-%20JD%20Wetherspoon",2026-07-03T23:10:47+00:00
The Beehive - JD Wetherspoon,"407-409 Brixton Rd, London SW9 7DG, UK",020 7738 3643 🌐 https://www.jdwetherspoon.com/pubs/all-pubs/england/london/the-beehive-brixton 🍽️ Food available,51.4638,-0.114363,7,STELLA ARTOIS,£4.68,4.68,"https://www.pint-prices.com/pub/407-409%20Brixton%20Rd,%20London%20SW9%207DG,%20UK/The%20Beehive%20-%20JD%20Wetherspoon",2026-07-03T23:10:47+00:00
The Beehive - JD Wetherspoon,"407-409 Brixton Rd, London SW9 7DG, UK",020 7738 3643 🌐 https://www.jdwetherspoon.com/pubs/all-pubs/england/london/the-beehive-brixton 🍽️ Food available,51.4638,-0.114363,8,CORONA,£4.78,4.78,"https://www.pint-prices.com/pub/407-409%20Brixton%20Rd,%20London%20SW9%207DG,%20UK/The%20Beehive%20-%20JD%20Wetherspoon",2026-07-03T23:10:47+00:00
The Beehive - JD Wetherspoon,"407-409 Brixton Rd, London SW9 7DG, UK",020 7738 3643 🌐 https://www.jdwetherspoon.com/pubs/all-pubs/england/london/the-beehive-brixton 🍽️ Food available,51.4638,-0.114363,9,SAN MIGUEL,£4.78,4.78,"https://www.pint-prices.com/pub/407-409%20Brixton%20Rd,%20London%20SW9%207DG,%20UK/The%20Beehive%20-%20JD%20Wetherspoon",2026-07-03T23:10:47+00:00
The Beehive - JD Wetherspoon,"407-409 Brixton Rd, London SW9 7DG, UK",020 7738 3643 🌐 https://www.jdwetherspoon.com/pubs/all-pubs/england/london/the-beehive-brixton 🍽️ Food available,51.4638,-0.114363,10,LEFFE BLONDE,£5.11,5.11,"https://www.pint-prices.com/pub/407-409%20Brixton%20Rd,%20London%20SW9%207DG,%20UK/The%20Beehive%20-%20JD%20Wetherspoon",2026-07-03T23:10:47+00:00
The Clapham North,"409 Clapham Rd, London SW9 9BT",🌐 https://www.claphamnorthpub.co.uk/ 🍽️ Food available 🍹 Cocktails available ☀️ Beer garden available ⚽ Live sports shown ❓ Pub quiz available 😎 Cool place,51.4654,-0.129179,1,PRAVHA,£6.00,6.0,"https://www.pint-prices.com/pub/409%20Clapham%20Rd,%20London%20SW9%209BT/The%20Clapham%20North",2026-07-03T23:10:47+00:00
The Punchbowl,"41 Farm St, London W1J 5RP",🌐 https://butcombe.com/the-punchbowl-pub-mayfair/ 🍽️ Food available ⚽ Live sports shown 😎 Cool place,51.5091,-0.149197,1,HEINEKEN,£6.70,6.7,"https://www.pint-prices.com/pub/41%20Farm%20St,%20London%20W1J%205RP/The%20Punchbowl",2026-07-03T23:10:47+00:00
Maple Leaf,"41 Maiden Lane, WC2E 7LJ",🌐 https://www.greeneking.co.uk/pubs/greater-london/maple-leaf 🍽️ Food available 🍹 Cocktails available ⚽ Live sports shown,51.511,-0.122752,1,GUINNESS,£6.50,6.5,"https://www.pint-prices.com/pub/41%20Maiden%20Lane,%20WC2E%207LJ/Maple%20Leaf",2026-07-03T23:10:47+00:00
Maple Leaf,"41 Maiden Lane, WC2E 7LJ",🌐 https://www.greeneking.co.uk/pubs/greater-london/maple-leaf 🍽️ Food available 🍹 Cocktails available ⚽ Live sports shown,51.511,-0.122752,2,PERONI,£7.40,7.4,"https://www.pint-prices.com/pub/41%20Maiden%20Lane,%20WC2E%207LJ/Maple%20Leaf",2026-07-03T23:10:47+00:00
The Audley,"41-43 Mount St, London W1K 2RX",🌐 https://theaudleypublichouse.com/ 🍽️ Food available ☀️ Beer garden available,51.5097,-0.151608,1,PAGODA PILSNER,£7.00,7.0,"https://www.pint-prices.com/pub/41-43%20Mount%20St,%20London%20W1K%202RX/The%20Audley",2026-07-03T23:10:47+00:00
Price Albert,"418 Coldharbour Lane, SW9 8LF",,51.4617,-0.113688,1,AMSTEL,£5.40,5.4,"https://www.pint-prices.com/pub/418%20Coldharbour%20Lane,%20SW9%208LF/Price%20Albert",2026-07-03T23:10:47+00:00
Price Albert,"418 Coldharbour Lane, SW9 8LF",,51.4617,-0.113688,2,GUINNESS,£5.45,5.45,"https://www.pint-prices.com/pub/418%20Coldharbour%20Lane,%20SW9%208LF/Price%20Albert",2026-07-03T23:10:47+00:00
Price Albert,"418 Coldharbour Lane, SW9 8LF",,51.4617,-0.113688,3,STELLA ARTOIS,£5.65,5.65,"https://www.pint-prices.com/pub/418%20Coldharbour%20Lane,%20SW9%208LF/Price%20Albert",2026-07-03T23:10:47+00:00
Price Albert,"418 Coldharbour Lane, SW9 8LF",,51.4617,-0.113688,4,MADRI,£6.10,6.1,"https://www.pint-prices.com/pub/418%20Coldharbour%20Lane,%20SW9%208LF/Price%20Albert",2026-07-03T23:10:47+00:00
Price Albert,"418 Coldharbour Lane, SW9 8LF",,51.4617,-0.113688,5,NECK OIL,£6.15,6.15,"https://www.pint-prices.com/pub/418%20Coldharbour%20Lane,%20SW9%208LF/Price%20Albert",2026-07-03T23:10:47+00:00
Price Albert,"418 Coldharbour Lane, SW9 8LF",,51.4617,-0.113688,6,BIRRA MORETTI,£6.15,6.15,"https://www.pint-prices.com/pub/418%20Coldharbour%20Lane,%20SW9%208LF/Price%20Albert",2026-07-03T23:10:47+00:00
Price Albert,"418 Coldharbour Lane, SW9 8LF",,51.4617,-0.113688,7,PERONI,£6.50,6.5,"https://www.pint-prices.com/pub/418%20Coldharbour%20Lane,%20SW9%208LF/Price%20Albert",2026-07-03T23:10:47+00:00
The Prince Albert,"418 Coldharbour Ln, London SW9 8LF, UK",020 7274 3771 🌐 https://www.greeneking.co.uk/pubs/greater-london/prince-albert?utm_source=g_places&utm_medium=locati 🍽️ Food available ☀️ Beer garden available,51.4617,-0.113688,1,AMSTEL,£5.65,5.65,"https://www.pint-prices.com/pub/418%20Coldharbour%20Ln,%20London%20SW9%208LF,%20UK/The%20Prince%20Albert",2026-07-03T23:10:47+00:00
The Millers Well,"419-421 Barking Rd, London E6 2JX",🍹 Cocktails available ☀️ Beer garden available,51.5335,0.0563085,1,CARLSBERG,£2.39,2.39,"https://www.pint-prices.com/pub/419-421%20Barking%20Rd,%20London%20E6%202JX/The%20Millers%20Well",2026-07-03T23:10:47+00:00
Ye Olde London City,"42 Ludgate Hill, EC4M 7DE",🌐 https://www.greeneking.co.uk/pubs/greater-london/ye-olde-london 🍽️ Food available 🍹 Cocktails available ☀️ Beer garden available ⚽ Live sports shown 🎱 Pool available,51.5141,-0.102142,1,GUINNESS,£6.35,6.35,"https://www.pint-prices.com/pub/42%20Ludgate%20Hill,%20EC4M%207DE/Ye%20Olde%20London%20City",2026-07-03T23:10:47+00:00
Ye Olde London City,"42 Ludgate Hill, EC4M 7DE",🌐 https://www.greeneking.co.uk/pubs/greater-london/ye-olde-london 🍽️ Food available 🍹 Cocktails available ☀️ Beer garden available ⚽ Live sports shown 🎱 Pool available,51.5141,-0.102142,2,ESTRELLA,£6.65,6.65,"https://www.pint-prices.com/pub/42%20Ludgate%20Hill,%20EC4M%207DE/Ye%20Olde%20London%20City",2026-07-03T23:10:47+00:00
Ye Olde London City,"42 Ludgate Hill, EC4M 7DE",🌐 https://www.greeneking.co.uk/pubs/greater-london/ye-olde-london 🍽️ Food available 🍹 Cocktails available ☀️ Beer garden available ⚽ Live sports shown 🎱 Pool available,51.5141,-0.102142,3,BIRRA MORETTI,£7.05,7.05,"https://www.pint-prices.com/pub/42%20Ludgate%20Hill,%20EC4M%207DE/Ye%20Olde%20London%20City",2026-07-03T23:10:47+00:00
Ye Olde London City,"42 Ludgate Hill, EC4M 7DE",🌐 https://www.greeneking.co.uk/pubs/greater-london/ye-olde-london 🍽️ Food available 🍹 Cocktails available ☀️ Beer garden available ⚽ Live sports shown 🎱 Pool available,51.5141,-0.102142,4,PERONI,£7.40,7.4,"https://www.pint-prices.com/pub/42%20Ludgate%20Hill,%20EC4M%207DE/Ye%20Olde%20London%20City",2026-07-03T23:10:47+00:00
Ye Olde London City,"42 Ludgate Hill, EC4M 7DE",🌐 https://www.greeneking.co.uk/pubs/greater-london/ye-olde-london 🍽️ Food available 🍹 Cocktails available ☀️ Beer garden available ⚽ Live sports shown 🎱 Pool available,51.5141,-0.102142,5,NECK OIL,£7.50,7.5,"https://www.pint-prices.com/pub/42%20Ludgate%20Hill,%20EC4M%207DE/Ye%20Olde%20London%20City",2026-07-03T23:10:47+00:00
Ye Olde London,"42 Ludgate Hill, London EC4M 7DE",🌐 https://www.greeneking.co.uk/pubs/greater-london/ye-olde-london 🍽️ Food available ☀️ Beer garden available ⚽ Live sports shown 🎱 Pool available,51.5141,-0.102142,1,ESTRELLA,£6.55,6.55,"https://www.pint-prices.com/pub/42%20Ludgate%20Hill,%20London%20EC4M%207DE/Ye%20Olde%20London",2026-07-03T23:10:47+00:00
Ye Olde London,"42 Ludgate Hill, London EC4M 7DE",🌐 https://www.greeneking.co.uk/pubs/greater-london/ye-olde-london 🍽️ Food available ☀️ Beer garden available ⚽ Live sports shown 🎱 Pool available,51.5141,-0.102142,2,OLD MOUT CIDER,£6.90,6.9,"https://www.pint-prices.com/pub/42%20Ludgate%20Hill,%20London%20EC4M%207DE/Ye%20Olde%20London",2026-07-03T23:10:47+00:00
Ye Olde London,"42 Ludgate Hill, London EC4M 7DE",🌐 https://www.greeneking.co.uk/pubs/greater-london/ye-olde-london 🍽️ Food available ☀️ Beer garden available ⚽ Live sports shown 🎱 Pool available,51.5141,-0.102142,3,CAMDEN HELLS,£7.45,7.45,"https://www.pint-prices.com/pub/42%20Ludgate%20Hill,%20London%20EC4M%207DE/Ye%20Olde%20London",2026-07-03T23:10:47+00:00
Ye Olde London,"42 Ludgate Hill, London EC4M 7DE",🌐 https://www.greeneking.co.uk/pubs/greater-london/ye-olde-london 🍽️ Food available ☀️ Beer garden available ⚽ Live sports shown 🎱 Pool available,51.5141,-0.102142,4,CAMDEN HELLS,£7.45,7.45,"https://www.pint-prices.com/pub/42%20Ludgate%20Hill,%20London%20EC4M%207DE/Ye%20Olde%20London",2026-07-03T23:10:47+00:00
Ye Olde London,"42 Ludgate Hill, London EC4M 7DE",🌐 https://www.greeneking.co.uk/pubs/greater-london/ye-olde-london 🍽️ Food available ☀️ Beer garden available ⚽ Live sports shown 🎱 Pool available,51.5141,-0.102142,5,NECK OIL,£7.50,7.5,"https://www.pint-prices.com/pub/42%20Ludgate%20Hill,%20London%20EC4M%207DE/Ye%20Olde%20London",2026-07-03T23:10:47+00:00
The Coach & Horses,"42 Wellington St, London WC2E 7BD",🌐 no website 🍽️ Food available,51.5126,-0.12089,1,AMSTEL,£5.80,5.8,"https://www.pint-prices.com/pub/42%20Wellington%20St,%20London%20WC2E%207BD/The%20Coach%20%26%20Horses",2026-07-03T23:10:47+00:00
Bradley’s Spanish Bar,"42-44 Hanway St, London W1T 1UT",🌐 https://www.bradleysspanishbar.com/,51.5165,-0.132733,1,MAHOU,£6.00,6.0,"https://www.pint-prices.com/pub/42-44%20Hanway%20St,%20London%20W1T%201UT/Bradley%E2%80%99s%20Spanish%20Bar",2026-07-03T23:10:47+00:00
Bbar,"43 Buckingham Palace Rd, London SW1W 0PP, UK",020 7958 7000 🌐 https://bbarlondon.com/?utm_source=google&utm_medium=local&utm_campaign=bar-bbar 🍽️ Food available,51.4982,-0.1435,1,BOTTLED BEER,£9.00,9.0,"https://www.pint-prices.com/pub/43%20Buckingham%20Palace%20Rd,%20London%20SW1W%200PP,%20UK/Bbar",2026-07-03T23:10:47+00:00
Crown (Covent Garden),"43 Monmouth Street, WC2H 9DD",🌐 https://www.greeneking.co.uk/pubs/greater-london/crown 🍽️ Food available 🍹 Cocktails available,51.514,-0.126869,1,GUINNESS,£6.45,6.45,"https://www.pint-prices.com/pub/43%20Monmouth%20Street,%20WC2H%209DD/Crown%20(Covent%20Garden)",2026-07-03T23:10:47+00:00
Crown (Covent Garden),"43 Monmouth Street, WC2H 9DD",🌐 https://www.greeneking.co.uk/pubs/greater-london/crown 🍽️ Food available 🍹 Cocktails available,51.514,-0.126869,2,MADRI,£6.80,6.8,"https://www.pint-prices.com/pub/43%20Monmouth%20Street,%20WC2H%209DD/Crown%20(Covent%20Garden)",2026-07-03T23:10:47+00:00
Crown (Covent Garden),"43 Monmouth Street, WC2H 9DD",🌐 https://www.greeneking.co.uk/pubs/greater-london/crown 🍽️ Food available 🍹 Cocktails available,51.514,-0.126869,3,ESTRELLA,£7.00,7.0,"https://www.pint-prices.com/pub/43%20Monmouth%20Street,%20WC2H%209DD/Crown%20(Covent%20Garden)",2026-07-03T23:10:47+00:00
Crown (Covent Garden),"43 Monmouth Street, WC2H 9DD",🌐 https://www.greeneking.co.uk/pubs/greater-london/crown 🍽️ Food available 🍹 Cocktails available,51.514,-0.126869,4,NECK OIL,£7.55,7.55,"https://www.pint-prices.com/pub/43%20Monmouth%20Street,%20WC2H%209DD/Crown%20(Covent%20Garden)",2026-07-03T23:10:47+00:00
Crown (Covent Garden),"43 Monmouth Street, WC2H 9DD",🌐 https://www.greeneking.co.uk/pubs/greater-london/crown 🍽️ Food available 🍹 Cocktails available,51.514,-0.126869,5,PERONI,£7.55,7.55,"https://www.pint-prices.com/pub/43%20Monmouth%20Street,%20WC2H%209DD/Crown%20(Covent%20Garden)",2026-07-03T23:10:47+00:00
The Morgan Arms,"43 Morgan St, London E3 5AA",🌐 https://www.morganarmsbow.com/ 🍽️ Food available ❓ Pub quiz available,51.5279,-0.0310116,1,ESTRELLA,£6.65,6.65,"https://www.pint-prices.com/pub/43%20Morgan%20St,%20London%20E3%205AA/The%20Morgan%20Arms",2026-07-03T23:10:47+00:00
Globe,"43-47 Marylebone Road, NW1 5JY",🌐 https://www.greeneking.co.uk/pubs/greater-london/globe 🍽️ Food available 🍹 Cocktails available ☀️ Beer garden available ⚽ Live sports shown,51.5219,-0.156949,1,AMSTEL,£6.15,6.15,"https://www.pint-prices.com/pub/43-47%20Marylebone%20Road,%20NW1%205JY/Globe",2026-07-03T23:10:47+00:00
Globe,"43-47 Marylebone Road, NW1 5JY",🌐 https://www.greeneking.co.uk/pubs/greater-london/globe 🍽️ Food available 🍹 Cocktails available ☀️ Beer garden available ⚽ Live sports shown,51.5219,-0.156949,2,GUINNESS,£6.35,6.35,"https://www.pint-prices.com/pub/43-47%20Marylebone%20Road,%20NW1%205JY/Globe",2026-07-03T23:10:47+00:00
Globe,"43-47 Marylebone Road, NW1 5JY",🌐 https://www.greeneking.co.uk/pubs/greater-london/globe 🍽️ Food available 🍹 Cocktails available ☀️ Beer garden available ⚽ Live sports shown,51.5219,-0.156949,3,ESTRELLA,£7.00,7.0,"https://www.pint-prices.com/pub/43-47%20Marylebone%20Road,%20NW1%205JY/Globe",2026-07-03T23:10:47+00:00
Globe,"43-47 Marylebone Road, NW1 5JY",🌐 https://www.greeneking.co.uk/pubs/greater-london/globe 🍽️ Food available 🍹 Cocktails available ☀️ Beer garden available ⚽ Live sports shown,51.5219,-0.156949,4,ASAHI,£7.25,7.25,"https://www.pint-prices.com/pub/43-47%20Marylebone%20Road,%20NW1%205JY/Globe",2026-07-03T23:10:47+00:00
Globe,"43-47 Marylebone Road, NW1 5JY",🌐 https://www.greeneking.co.uk/pubs/greater-london/globe 🍽️ Food available 🍹 Cocktails available ☀️ Beer garden available ⚽ Live sports shown,51.5219,-0.156949,5,PERONI,£7.40,7.4,"https://www.pint-prices.com/pub/43-47%20Marylebone%20Road,%20NW1%205JY/Globe",2026-07-03T23:10:47+00:00
Globe,"43-47 Marylebone Road, NW1 5JY",🌐 https://www.greeneking.co.uk/pubs/greater-london/globe 🍽️ Food available 🍹 Cocktails available ☀️ Beer garden available ⚽ Live sports shown,51.5219,-0.156949,6,NECK OIL,£7.50,7.5,"https://www.pint-prices.com/pub/43-47%20Marylebone%20Road,%20NW1%205JY/Globe",2026-07-03T23:10:47+00:00
The Old Pack Horse,"434 Chiswick High Rd., Chiswick, London W4 5TF",🌐 https://www.oldpackhorsechiswick.co.uk/ 🍽️ Food available ☀️ Beer garden available 🎸 Live music,51.4929,-0.266606,1,AMSTEL,£5.35,5.35,"https://www.pint-prices.com/pub/434%20Chiswick%20High%20Rd.,%20Chiswick,%20London%20W4%205TF/The%20Old%20Pack%20Horse",2026-07-03T23:10:47+00:00
The Thomas Cubitt Pub Belgravia,"44 Elizabeth St, London SW1W 9PA, UK",020 7730 6060 🌐 https://www.cubitthouse.co.uk/the-thomas-cubitt-belgravia/?utm_source=GMB&utm_medium=website+click&u 🍽️ Food available 😎 Cool place,51.4938,-0.150778,1,FREEDOM,£6.70,6.7,"https://www.pint-prices.com/pub/44%20Elizabeth%20St,%20London%20SW1W%209PA,%20UK/The%20Thomas%20Cubitt%20Pub%20Belgravia",2026-07-03T23:10:47+00:00
Leicester Arms (Piccadilly),"44 Glasshouse Street, W1B 5DP",🌐 https://www.greeneking.co.uk/pubs/greater-london/leicester-arms 🍽️ Food available 🍹 Cocktails available ☀️ Beer garden available ⚽ Live sports shown,51.5106,-0.137653,1,AMSTEL,£6.35,6.35,"https://www.pint-prices.com/pub/44%20Glasshouse%20Street,%20W1B%205DP/Leicester%20Arms%20(Piccadilly)",2026-07-03T23:10:47+00:00
Leicester Arms (Piccadilly),"44 Glasshouse Street, W1B 5DP",🌐 https://www.greeneking.co.uk/pubs/greater-london/leicester-arms 🍽️ Food available 🍹 Cocktails available ☀️ Beer garden available ⚽ Live sports shown,51.5106,-0.137653,2,GUINNESS,£6.45,6.45,"https://www.pint-prices.com/pub/44%20Glasshouse%20Street,%20W1B%205DP/Leicester%20Arms%20(Piccadilly)",2026-07-03T23:10:47+00:00
Leicester Arms (Piccadilly),"44 Glasshouse Street, W1B 5DP",🌐 https://www.greeneking.co.uk/pubs/greater-london/leicester-arms 🍽️ Food available 🍹 Cocktails available ☀️ Beer garden available ⚽ Live sports shown,51.5106,-0.137653,3,BIRRA MORETTI,£7.10,7.1,"https://www.pint-prices.com/pub/44%20Glasshouse%20Street,%20W1B%205DP/Leicester%20Arms%20(Piccadilly)",2026-07-03T23:10:47+00:00
Leicester Arms (Piccadilly),"44 Glasshouse Street, W1B 5DP",🌐 https://www.greeneking.co.uk/pubs/greater-london/leicester-arms 🍽️ Food available 🍹 Cocktails available ☀️ Beer garden available ⚽ Live sports shown,51.5106,-0.137653,4,ESTRELLA,£7.15,7.15,"https://www.pint-prices.com/pub/44%20Glasshouse%20Street,%20W1B%205DP/Leicester%20Arms%20(Piccadilly)",2026-07-03T23:10:47+00:00
Leicester Arms (Piccadilly),"44 Glasshouse Street, W1B 5DP",🌐 https://www.greeneking.co.uk/pubs/greater-london/leicester-arms 🍽️ Food available 🍹 Cocktails available ☀️ Beer garden available ⚽ Live sports shown,51.5106,-0.137653,5,NECK OIL,£7.35,7.35,"https://www.pint-prices.com/pub/44%20Glasshouse%20Street,%20W1B%205DP/Leicester%20Arms%20(Piccadilly)",2026-07-03T23:10:47+00:00
Leicester Arms (Piccadilly),"44 Glasshouse Street, W1B 5DP",🌐 https://www.greeneking.co.uk/pubs/greater-london/leicester-arms 🍽️ Food available 🍹 Cocktails available ☀️ Beer garden available ⚽ Live sports shown,51.5106,-0.137653,6,PERONI,£7.35,7.35,"https://www.pint-prices.com/pub/44%20Glasshouse%20Street,%20W1B%205DP/Leicester%20Arms%20(Piccadilly)",2026-07-03T23:10:47+00:00
The Windmill,"44 Lambeth High St, London SE1 7JS",🌐 https://www.thewindmillpub-lambeth.foodndrink.uk/ 🍽️ Food available 🍹 Cocktails available 🎱 Pool available,51.4935,-0.1206,1,STAROPRAMEN,£5.90,5.9,"https://www.pint-prices.com/pub/44%20Lambeth%20High%20St,%20London%20SE1%207JS/The%20Windmill",2026-07-03T23:10:47+00:00
The Dolphin Tavern,"44 Red Lion St, London WC1R 4PF",🍽️ Food available,51.5201,-0.117622,1,CRUZCAMPO,£6.50,6.5,"https://www.pint-prices.com/pub/44%20Red%20Lion%20St,%20London%20WC1R%204PF/The%20Dolphin%20Tavern",2026-07-03T23:10:47+00:00
The Royal Oak,"44 Tabard St, London SE1 4JU",🌐 https://www.royaloaklondon.co.uk/ 🍽️ Food available,51.5002,-0.0914211,1,HARVEY'S OLD ALE,£5.20,5.2,"https://www.pint-prices.com/pub/44%20Tabard%20St,%20London%20SE1%204JU/The%20Royal%20Oak",2026-07-03T23:10:47+00:00
Rising Sun,"44-46 Ebury Bridge Rd, London SW1W 8PZ",🌐 https://therisingsunpimlico.com/ 🍽️ Food available ☀️ Beer garden available,51.4897,-0.150438,1,BIRRA MORETTI,£7.20,7.2,"https://www.pint-prices.com/pub/44-46%20Ebury%20Bridge%20Rd,%20London%20SW1W%208PZ/Rising%20Sun",2026-07-03T23:10:47+00:00
Rising Sun,"44-46 Ebury Bridge Rd, London SW1W 8PZ",🌐 https://therisingsunpimlico.com/ 🍽️ Food available ☀️ Beer garden available,51.4897,-0.150438,2,BIRRA MORETTI,£7.20,7.2,"https://www.pint-prices.com/pub/44-46%20Ebury%20Bridge%20Rd,%20London%20SW1W%208PZ/Rising%20Sun",2026-07-03T23:10:47+00:00
Rising Sun,"44-46 Ebury Bridge Rd, London SW1W 8PZ",🌐 https://therisingsunpimlico.com/ 🍽️ Food available ☀️ Beer garden available,51.4897,-0.150438,3,NECK OIL,£7.40,7.4,"https://www.pint-prices.com/pub/44-46%20Ebury%20Bridge%20Rd,%20London%20SW1W%208PZ/Rising%20Sun",2026-07-03T23:10:47+00:00
Rising Sun,"44-46 Ebury Bridge Rd, London SW1W 8PZ",🌐 https://therisingsunpimlico.com/ 🍽️ Food available ☀️ Beer garden available,51.4897,-0.150438,4,NECK OIL,£7.40,7.4,"https://www.pint-prices.com/pub/44-46%20Ebury%20Bridge%20Rd,%20London%20SW1W%208PZ/Rising%20Sun",2026-07-03T23:10:47+00:00
The Lighthouse Battersea,"441 Battersea Park Rd, London SW11 4LR",2072237721 🌐 https://www.thelighthousebattersea.com/ 🍽️ Food available 🍹 Cocktails available ☀️ Beer garden available ⚽ Live sports shown ❓ Pub quiz available,51.4726,-0.162588,1,AMSTEL,£6.35,6.35,"https://www.pint-prices.com/pub/441%20Battersea%20Park%20Rd,%20London%20SW11%204LR/The%20Lighthouse%20Battersea",2026-07-03T23:10:47+00:00
The Lighthouse Battersea,"441 Battersea Park Rd, London SW11 4LR",2072237721 🌐 https://www.thelighthousebattersea.com/ 🍽️ Food available 🍹 Cocktails available ☀️ Beer garden available ⚽ Live sports shown ❓ Pub quiz available,51.4726,-0.162588,2,GUINNESS,£6.90,6.9,"https://www.pint-prices.com/pub/441%20Battersea%20Park%20Rd,%20London%20SW11%204LR/The%20Lighthouse%20Battersea",2026-07-03T23:10:47+00:00
The Sun Tavern,"441 Bethnal Green Rd, London E2 0AN",🌐 https://www.thesuntavern.co.uk/ 🍽️ Food available 🍹 Cocktails available 🎸 Live music,51.5273,-0.0584114,1,LONDON PILSNER,£5.50,5.5,"https://www.pint-prices.com/pub/441%20Bethnal%20Green%20Rd,%20London%20E2%200AN/The%20Sun%20Tavern",2026-07-03T23:10:47+00:00
The Young Prince,"448 Roman Rd, London E3 5LU",🍽️ Food available ☀️ Beer garden available,51.532,-0.0341128,1,FOSTERS,£5.00,5.0,"https://www.pint-prices.com/pub/448%20Roman%20Rd,%20London%20E3%205LU/The%20Young%20Prince",2026-07-03T23:10:47+00:00
Blue Boar Pub,"45 Tothill St, London SW1H 9LQ",🌐 https://blueboarlondon.com/ 🍽️ Food available 😎 Cool place,51.4996,-0.132244,1,SOHO LAGER,£6.95,6.95,"https://www.pint-prices.com/pub/45%20Tothill%20St,%20London%20SW1H%209LQ/Blue%20Boar%20Pub",2026-07-03T23:10:47+00:00
Trinity Arms,"45 Trinity Gardens, London SW9 8DR, UK",020 7274 4544 🌐 https://www.trinityarms.co.uk/ 🍽️ Food available ☀️ Beer garden available ⚽ Live sports shown ❓ Pub quiz available 😎 Cool place,51.4618,-0.119294,1,GUINNESS,£6.40,6.4,"https://www.pint-prices.com/pub/45%20Trinity%20Gardens,%20London%20SW9%208DR,%20UK/Trinity%20Arms",2026-07-03T23:10:47+00:00
The Steam Passage Tavern,"45 Upper St, London N1 0PN",🌐 https://www.greatukpubs.co.uk/steam-passage-angel 🍽️ Food available ⚽ Live sports shown,51.535,-0.104494,1,AMSTEL,£5.45,5.45,"https://www.pint-prices.com/pub/45%20Upper%20St,%20London%20N1%200PN/The%20Steam%20Passage%20Tavern",2026-07-03T23:10:47+00:00
The Hill,"45-47 Dartmouth Rd, London SE23 3HN",🌐 https://www.craftunionpubs.com/hill-pub-forest-hill ⚽ Live sports shown 🎸 Live music,51.4377,-0.0543216,1,MADRI,£4.85,4.85,"https://www.pint-prices.com/pub/45-47%20Dartmouth%20Rd,%20London%20SE23%203HN/The%20Hill",2026-07-03T23:10:47+00:00
Bethnal Green Tavern,"456 Bethnal Green Rd, London E2 0EA",🌐 https://www.bethnalgreentavern.co.uk/ 🍽️ Food available ☀️ Beer garden available,51.527,-0.0583629,1,CAMDEN PILSNER,£6.40,6.4,"https://www.pint-prices.com/pub/456%20Bethnal%20Green%20Rd,%20London%20E2%200EA/Bethnal%20Green%20Tavern",2026-07-03T23:10:47+00:00
The Volunteer,"46 Church Rd, Bexleyheath DA7 4DQ, UK",020 8306 0287 📧Contact us form 🍽️ Food available ☀️ Beer garden available 🎸 Live music,51.4596,0.137913,1,FOSTERS,£4.30,4.3,"https://www.pint-prices.com/pub/46%20Church%20Rd,%20Bexleyheath%20DA7%204DQ,%20UK/The%20Volunteer",2026-07-03T23:10:47+00:00
Basil & Grape,"46 George St, Croydon CR0 1PB, UK",020 8680 2277 🌐 http://www.basilandgrape.com/ 🍽️ Food available 🍹 Cocktails available ⏰ Happy hour,51.3739,-0.098257,1,PERONI,£5.95,5.95,"https://www.pint-prices.com/pub/46%20George%20St,%20Croydon%20CR0%201PB,%20UK/Basil%20%26%20Grape",2026-07-03T23:10:47+00:00
Kean's Head,"46 St Mary's Gate, Nottingham NG1 1QA",,52.9513,-1.14402,1,AMSTEL,£4.50,4.5,"https://www.pint-prices.com/pub/46%20St%20Mary's%20Gate,%20Nottingham%20NG1%201QA/Kean's%20Head",2026-07-03T23:10:47+00:00
Rising Sun,"46 Tottenham Court Road, W1T 2ED",🌐 https://www.greeneking.co.uk/pubs/greater-london/rising-sun 🍽️ Food available 🍹 Cocktails available ☀️ Beer garden available ⚽ Live sports shown,51.5192,-0.133094,1,AMSTEL,£6.15,6.15,"https://www.pint-prices.com/pub/46%20Tottenham%20Court%20Road,%20W1T%202ED/Rising%20Sun",2026-07-03T23:10:47+00:00
Rising Sun,"46 Tottenham Court Road, W1T 2ED",🌐 https://www.greeneking.co.uk/pubs/greater-london/rising-sun 🍽️ Food available 🍹 Cocktails available ☀️ Beer garden available ⚽ Live sports shown,51.5192,-0.133094,2,GUINNESS,£6.35,6.35,"https://www.pint-prices.com/pub/46%20Tottenham%20Court%20Road,%20W1T%202ED/Rising%20Sun",2026-07-03T23:10:47+00:00
Rising Sun,"46 Tottenham Court Road, W1T 2ED",🌐 https://www.greeneking.co.uk/pubs/greater-london/rising-sun 🍽️ Food available 🍹 Cocktails available ☀️ Beer garden available ⚽ Live sports shown,51.5192,-0.133094,3,ESTRELLA,£6.90,6.9,"https://www.pint-prices.com/pub/46%20Tottenham%20Court%20Road,%20W1T%202ED/Rising%20Sun",2026-07-03T23:10:47+00:00
Rising Sun,"46 Tottenham Court Road, W1T 2ED",🌐 https://www.greeneking.co.uk/pubs/greater-london/rising-sun 🍽️ Food available 🍹 Cocktails available ☀️ Beer garden available ⚽ Live sports shown,51.5192,-0.133094,4,BIRRA MORETTI,£7.00,7.0,"https://www.pint-prices.com/pub/46%20Tottenham%20Court%20Road,%20W1T%202ED/Rising%20Sun",2026-07-03T23:10:47+00:00
Rising Sun,"46 Tottenham Court Road, W1T 2ED",🌐 https://www.greeneking.co.uk/pubs/greater-london/rising-sun 🍽️ Food available 🍹 Cocktails available ☀️ Beer garden available ⚽ Live sports shown,51.5192,-0.133094,5,PERONI,£7.25,7.25,"https://www.pint-prices.com/pub/46%20Tottenham%20Court%20Road,%20W1T%202ED/Rising%20Sun",2026-07-03T23:10:47+00:00
Rising Sun,"46 Tottenham Court Road, W1T 2ED",🌐 https://www.greeneking.co.uk/pubs/greater-london/rising-sun 🍽️ Food available 🍹 Cocktails available ☀️ Beer garden available ⚽ Live sports shown,51.5192,-0.133094,6,NECK OIL,£7.50,7.5,"https://www.pint-prices.com/pub/46%20Tottenham%20Court%20Road,%20W1T%202ED/Rising%20Sun",2026-07-03T23:10:47+00:00
The Sir Michael Balcon - JD Wetherspoon,"46-47 The Mall, London W5 3TJ, UK",020 8799 2850 🌐 https://www.jdwetherspoon.com/pubs/all-pubs/england/london/the-sir-michael-balcon-ealing 🍽️ Food available 🍹 Cocktails available ☀️ Beer garden available ⚽ Live sports shown,51.5071,-0.127917,1,BUD LIGHT,£2.55,2.55,"https://www.pint-prices.com/pub/46-47%20The%20Mall,%20London%20W5%203TJ,%20UK/The%20Sir%20Michael%20Balcon%20-%20JD%20Wetherspoon",2026-07-03T23:10:47+00:00
The Sir Michael Balcon - JD Wetherspoon,"46-47 The Mall, London W5 3TJ, UK",020 8799 2850 🌐 https://www.jdwetherspoon.com/pubs/all-pubs/england/london/the-sir-michael-balcon-ealing 🍽️ Food available 🍹 Cocktails available ☀️ Beer garden available ⚽ Live sports shown,51.5071,-0.127917,2,CARLSBERG PILSNER,£2.79,2.79,"https://www.pint-prices.com/pub/46-47%20The%20Mall,%20London%20W5%203TJ,%20UK/The%20Sir%20Michael%20Balcon%20-%20JD%20Wetherspoon",2026-07-03T23:10:47+00:00
The Sir Michael Balcon - JD Wetherspoon,"46-47 The Mall, London W5 3TJ, UK",020 8799 2850 🌐 https://www.jdwetherspoon.com/pubs/all-pubs/england/london/the-sir-michael-balcon-ealing 🍽️ Food available 🍹 Cocktails available ☀️ Beer garden available ⚽ Live sports shown,51.5071,-0.127917,3,GUINNESS,£3.49,3.49,"https://www.pint-prices.com/pub/46-47%20The%20Mall,%20London%20W5%203TJ,%20UK/The%20Sir%20Michael%20Balcon%20-%20JD%20Wetherspoon",2026-07-03T23:10:47+00:00
The Sir Michael Balcon - JD Wetherspoon,"46-47 The Mall, London W5 3TJ, UK",020 8799 2850 🌐 https://www.jdwetherspoon.com/pubs/all-pubs/england/london/the-sir-michael-balcon-ealing 🍽️ Food available 🍹 Cocktails available ☀️ Beer garden available ⚽ Live sports shown,51.5071,-0.127917,4,CARLING,£3.82,3.82,"https://www.pint-prices.com/pub/46-47%20The%20Mall,%20London%20W5%203TJ,%20UK/The%20Sir%20Michael%20Balcon%20-%20JD%20Wetherspoon",2026-07-03T23:10:47+00:00
The Sir Michael Balcon - JD Wetherspoon,"46-47 The Mall, London W5 3TJ, UK",020 8799 2850 🌐 https://www.jdwetherspoon.com/pubs/all-pubs/england/london/the-sir-michael-balcon-ealing 🍽️ Food available 🍹 Cocktails available ☀️ Beer garden available ⚽ Live sports shown,51.5071,-0.127917,5,COORS,£3.82,3.82,"https://www.pint-prices.com/pub/46-47%20The%20Mall,%20London%20W5%203TJ,%20UK/The%20Sir%20Michael%20Balcon%20-%20JD%20Wetherspoon",2026-07-03T23:10:47+00:00
The Sir Michael Balcon - JD Wetherspoon,"46-47 The Mall, London W5 3TJ, UK",020 8799 2850 🌐 https://www.jdwetherspoon.com/pubs/all-pubs/england/london/the-sir-michael-balcon-ealing 🍽️ Food available 🍹 Cocktails available ☀️ Beer garden available ⚽ Live sports shown,51.5071,-0.127917,6,BUDWEISER,£4.03,4.03,"https://www.pint-prices.com/pub/46-47%20The%20Mall,%20London%20W5%203TJ,%20UK/The%20Sir%20Michael%20Balcon%20-%20JD%20Wetherspoon",2026-07-03T23:10:47+00:00
The Sir Michael Balcon - JD Wetherspoon,"46-47 The Mall, London W5 3TJ, UK",020 8799 2850 🌐 https://www.jdwetherspoon.com/pubs/all-pubs/england/london/the-sir-michael-balcon-ealing 🍽️ Food available 🍹 Cocktails available ☀️ Beer garden available ⚽ Live sports shown,51.5071,-0.127917,7,STELLA ARTOIS,£4.15,4.15,"https://www.pint-prices.com/pub/46-47%20The%20Mall,%20London%20W5%203TJ,%20UK/The%20Sir%20Michael%20Balcon%20-%20JD%20Wetherspoon",2026-07-03T23:10:47+00:00
The Sir Michael Balcon - JD Wetherspoon,"46-47 The Mall, London W5 3TJ, UK",020 8799 2850 🌐 https://www.jdwetherspoon.com/pubs/all-pubs/england/london/the-sir-michael-balcon-ealing 🍽️ Food available 🍹 Cocktails available ☀️ Beer garden available ⚽ Live sports shown,51.5071,-0.127917,8,CORONA,£4.26,4.26,"https://www.pint-prices.com/pub/46-47%20The%20Mall,%20London%20W5%203TJ,%20UK/The%20Sir%20Michael%20Balcon%20-%20JD%20Wetherspoon",2026-07-03T23:10:47+00:00
The Sir Michael Balcon - JD Wetherspoon,"46-47 The Mall, London W5 3TJ, UK",020 8799 2850 🌐 https://www.jdwetherspoon.com/pubs/all-pubs/england/london/the-sir-michael-balcon-ealing 🍽️ Food available 🍹 Cocktails available ☀️ Beer garden available ⚽ Live sports shown,51.5071,-0.127917,9,SAN MIGUEL,£4.26,4.26,"https://www.pint-prices.com/pub/46-47%20The%20Mall,%20London%20W5%203TJ,%20UK/The%20Sir%20Michael%20Balcon%20-%20JD%20Wetherspoon",2026-07-03T23:10:47+00:00
The Sir Michael Balcon - JD Wetherspoon,"46-47 The Mall, London W5 3TJ, UK",020 8799 2850 🌐 https://www.jdwetherspoon.com/pubs/all-pubs/england/london/the-sir-michael-balcon-ealing 🍽️ Food available 🍹 Cocktails available ☀️ Beer garden available ⚽ Live sports shown,51.5071,-0.127917,10,LEFFE BLONDE,£4.62,4.62,"https://www.pint-prices.com/pub/46-47%20The%20Mall,%20London%20W5%203TJ,%20UK/The%20Sir%20Michael%20Balcon%20-%20JD%20Wetherspoon",2026-07-03T23:10:47+00:00
The Shakespeare,"460 Bethnal Grn Rd, London E2 0EA",🎸 Live music 🎤 Karaoke available,51.527,-0.0579525,1,AMSTEL,£4.10,4.1,"https://www.pint-prices.com/pub/460%20Bethnal%20Grn%20Rd,%20London%20E2%200EA/The%20Shakespeare",2026-07-03T23:10:47+00:00
The Prince Of Wales,"467- 469 Brixton Rd, London SW9 8HH, UK",020 7095 1978 🌐 http://www.pow-london.com/ 📧info@pow-london.com 🍽️ Food available 🍹 Cocktails available 🎸 Live music ❓ Pub quiz available ⏰ Happy hour,51.4616,-0.115028,1,BECKS,£5.25,5.25,"https://www.pint-prices.com/pub/467-%20469%20Brixton%20Rd,%20London%20SW9%208HH,%20UK/The%20Prince%20Of%20Wales",2026-07-03T23:10:47+00:00
The Prince Of Wales,"467- 469 Brixton Rd, London SW9 8HH, UK",020 7095 1978 🌐 http://www.pow-london.com/ 📧info@pow-london.com 🍽️ Food available 🍹 Cocktails available 🎸 Live music ❓ Pub quiz available ⏰ Happy hour,51.4616,-0.115028,2,BUDWEISER,£5.50,5.5,"https://www.pint-prices.com/pub/467-%20469%20Brixton%20Rd,%20London%20SW9%208HH,%20UK/The%20Prince%20Of%20Wales",2026-07-03T23:10:47+00:00
The Prince Of Wales,"467- 469 Brixton Rd, London SW9 8HH, UK",020 7095 1978 🌐 http://www.pow-london.com/ 📧info@pow-london.com 🍽️ Food available 🍹 Cocktails available 🎸 Live music ❓ Pub quiz available ⏰ Happy hour,51.4616,-0.115028,3,STELLA ARTOIS,£5.50,5.5,"https://www.pint-prices.com/pub/467-%20469%20Brixton%20Rd,%20London%20SW9%208HH,%20UK/The%20Prince%20Of%20Wales",2026-07-03T23:10:47+00:00
The Prince Of Wales,"467- 469 Brixton Rd, London SW9 8HH, UK",020 7095 1978 🌐 http://www.pow-london.com/ 📧info@pow-london.com 🍽️ Food available 🍹 Cocktails available 🎸 Live music ❓ Pub quiz available ⏰ Happy hour,51.4616,-0.115028,4,GUINNESS,£5.75,5.75,"https://www.pint-prices.com/pub/467-%20469%20Brixton%20Rd,%20London%20SW9%208HH,%20UK/The%20Prince%20Of%20Wales",2026-07-03T23:10:47+00:00
The Prince Of Wales,"467- 469 Brixton Rd, London SW9 8HH, UK",020 7095 1978 🌐 http://www.pow-london.com/ 📧info@pow-london.com 🍽️ Food available 🍹 Cocktails available 🎸 Live music ❓ Pub quiz available ⏰ Happy hour,51.4616,-0.115028,5,CORONA,£6.40,6.4,"https://www.pint-prices.com/pub/467-%20469%20Brixton%20Rd,%20London%20SW9%208HH,%20UK/The%20Prince%20Of%20Wales",2026-07-03T23:10:47+00:00
The Duke of York,"47 Borough Rd, London SE1 1DR",🌐 https://www.thedukeofyork.pub/ 🍽️ Food available 🍹 Cocktails available,51.4993,-0.099592,1,WHITSTABLE BAY LAGER,£6.25,6.25,"https://www.pint-prices.com/pub/47%20Borough%20Rd,%20London%20SE1%201DR/The%20Duke%20of%20York",2026-07-03T23:10:47+00:00
The Princess Royal,"47 Hereford Rd, London W2 5AH",🌐 https://www.cubitthouse.co.uk/the-princess-royal-boutique-hotel-notting-hill/ 🍽️ Food available ☀️ Beer garden available 🎸 Live music,51.5156,-0.194545,1,HAWKSTONE LAGER,£6.85,6.85,"https://www.pint-prices.com/pub/47%20Hereford%20Rd,%20London%20W2%205AH/The%20Princess%20Royal",2026-07-03T23:10:47+00:00
The Brunel,"47 Swan Rd, London SE16 4JN",🌐 https://www.brunel-rotherhithe.co.uk/index ☀️ Beer garden available ⚽ Live sports shown,51.5013,-0.0510108,1,FOSTERS,£4.80,4.8,"https://www.pint-prices.com/pub/47%20Swan%20Rd,%20London%20SE16%204JN/The%20Brunel",2026-07-03T23:10:47+00:00
The Corner Flag,"472 Hornsey Rd, London N19 4EF",🍽️ Food available 🎯 Darts available 🎱 Pool available 🎤 Karaoke available,51.5672,-0.121948,1,CARLSBERG,£4.00,4.0,"https://www.pint-prices.com/pub/472%20Hornsey%20Rd,%20London%20N19%204EF/The%20Corner%20Flag",2026-07-03T23:10:47+00:00
Butchers Hook,"477 Fulham Road, SW6 1HL",🌐 https://www.greeneking.co.uk/pubs/greater-london/butchers-hook 🍽️ Food available 🍹 Cocktails available ⚽ Live sports shown,51.4802,-0.189076,1,AMSTEL,£6.15,6.15,"https://www.pint-prices.com/pub/477%20Fulham%20Road,%20SW6%201HL/Butchers%20Hook",2026-07-03T23:10:47+00:00
Butchers Hook,"477 Fulham Road, SW6 1HL",🌐 https://www.greeneking.co.uk/pubs/greater-london/butchers-hook 🍽️ Food available 🍹 Cocktails available ⚽ Live sports shown,51.4802,-0.189076,2,GUINNESS,£6.35,6.35,"https://www.pint-prices.com/pub/477%20Fulham%20Road,%20SW6%201HL/Butchers%20Hook",2026-07-03T23:10:47+00:00
Butchers Hook,"477 Fulham Road, SW6 1HL",🌐 https://www.greeneking.co.uk/pubs/greater-london/butchers-hook 🍽️ Food available 🍹 Cocktails available ⚽ Live sports shown,51.4802,-0.189076,3,BIRRA MORETTI,£6.95,6.95,"https://www.pint-prices.com/pub/477%20Fulham%20Road,%20SW6%201HL/Butchers%20Hook",2026-07-03T23:10:47+00:00
Butchers Hook,"477 Fulham Road, SW6 1HL",🌐 https://www.greeneking.co.uk/pubs/greater-london/butchers-hook 🍽️ Food available 🍹 Cocktails available ⚽ Live sports shown,51.4802,-0.189076,4,NECK OIL,£7.00,7.0,"https://www.pint-prices.com/pub/477%20Fulham%20Road,%20SW6%201HL/Butchers%20Hook",2026-07-03T23:10:47+00:00
Butchers Hook,"477 Fulham Road, SW6 1HL",🌐 https://www.greeneking.co.uk/pubs/greater-london/butchers-hook 🍽️ Food available 🍹 Cocktails available ⚽ Live sports shown,51.4802,-0.189076,5,PERONI,£7.25,7.25,"https://www.pint-prices.com/pub/477%20Fulham%20Road,%20SW6%201HL/Butchers%20Hook",2026-07-03T23:10:47+00:00
The Cheshire Cheese,"48 Crutched Friars, London EC3N 2AP",🌐 https://www.greatukpubs.co.uk/cheshire-cheese-tower-hill 🍽️ Food available ⚽ Live sports shown 🎯 Darts available,51.5116,-0.0775208,1,HEINEKEN,£6.65,6.65,"https://www.pint-prices.com/pub/48%20Crutched%20Friars,%20London%20EC3N%202AP/The%20Cheshire%20Cheese",2026-07-03T23:10:47+00:00
Feeney's,"48 Mark Ln, London EC3R 7QH",🌐 https://www.feeneyspubs.com/ ⚽ Live sports shown,51.5099,-0.0803774,1,GUINNESS,£6.00,6.0,"https://www.pint-prices.com/pub/48%20Mark%20Ln,%20London%20EC3R%207QH/Feeney's",2026-07-03T23:10:47+00:00
Canalhouse,"48-52 Canal St, Nottingham NG1 7EH",,52.9483,-1.14855,1,AMSTEL,£4.70,4.7,"https://www.pint-prices.com/pub/48-52%20Canal%20St,%20Nottingham%20NG1%207EH/Canalhouse",2026-07-03T23:10:47+00:00
The Pig & Whistle,"481 Merton Rd, London SW18 5LD",info@pigandwhistlesw 🌐 https://pigandwhistlesw18.co.uk/ 📧Info@pigandwhistlesw18.co.uk 🍽️ Food available ☀️ Beer garden available 🎯 Darts available,51.4411,-0.196671,1,LONDON PRIDE,£5.50,5.5,"https://www.pint-prices.com/pub/481%20Merton%20Rd,%20London%20SW18%205LD/The%20Pig%20%26%20Whistle",2026-07-03T23:10:47+00:00
The Pig & Whistle,"481 Merton Rd, London SW18 5LD",info@pigandwhistlesw 🌐 https://pigandwhistlesw18.co.uk/ 📧Info@pigandwhistlesw18.co.uk 🍽️ Food available ☀️ Beer garden available 🎯 Darts available,51.4411,-0.196671,2,ASAHI,£6.50,6.5,"https://www.pint-prices.com/pub/481%20Merton%20Rd,%20London%20SW18%205LD/The%20Pig%20%26%20Whistle",2026-07-03T23:10:47+00:00
The Pig & Whistle,"481 Merton Rd, London SW18 5LD",info@pigandwhistlesw 🌐 https://pigandwhistlesw18.co.uk/ 📧Info@pigandwhistlesw18.co.uk 🍽️ Food available ☀️ Beer garden available 🎯 Darts available,51.4411,-0.196671,3,PERONI,£6.85,6.85,"https://www.pint-prices.com/pub/481%20Merton%20Rd,%20London%20SW18%205LD/The%20Pig%20%26%20Whistle",2026-07-03T23:10:47+00:00
The Pig & Whistle,"481 Merton Rd, London SW18 5LD",info@pigandwhistlesw 🌐 https://pigandwhistlesw18.co.uk/ 📧Info@pigandwhistlesw18.co.uk 🍽️ Food available ☀️ Beer garden available 🎯 Darts available,51.4411,-0.196671,4,NECK OIL,£6.95,6.95,"https://www.pint-prices.com/pub/481%20Merton%20Rd,%20London%20SW18%205LD/The%20Pig%20%26%20Whistle",2026-07-03T23:10:47+00:00
Pop Brixton,"49 Brixton Station Rd, London SW9 8PQ",🍽️ Food available 🍹 Cocktails available ☀️ Beer garden available 🎸 Live music,51.4635,-0.112371,1,CAMDEN HELLS,£6.90,6.9,"https://www.pint-prices.com/pub/49%20Brixton%20Station%20Rd,%20London%20SW9%208PQ/Pop%20Brixton",2026-07-03T23:10:47+00:00
Pop Brixton,"49 Brixton Station Road, SW9 8PQ",,51.4637,-0.112463,1,CORONA,£6.50,6.5,"https://www.pint-prices.com/pub/49%20Brixton%20Station%20Road,%20SW9%208PQ/Pop%20Brixton",2026-07-03T23:10:47+00:00
Pop Brixton,"49 Brixton Station Road, SW9 8PQ",,51.4637,-0.112463,2,CAMDEN HELLS,£6.90,6.9,"https://www.pint-prices.com/pub/49%20Brixton%20Station%20Road,%20SW9%208PQ/Pop%20Brixton",2026-07-03T23:10:47+00:00
The Jugged Hare,"49 Chiswell St, London EC1Y 4SA, UK",020 8161 0190 🌐 https://www.thejuggedhare.com/ 🍽️ Food available,51.5209,-0.0919977,1,CASK ALE,£5.60,5.6,"https://www.pint-prices.com/pub/49%20Chiswell%20St,%20London%20EC1Y%204SA,%20UK/The%20Jugged%20Hare",2026-07-03T23:10:47+00:00
The Jugged Hare,"49 Chiswell St, London EC1Y 4SA, UK",020 8161 0190 🌐 https://www.thejuggedhare.com/ 🍽️ Food available,51.5209,-0.0919977,2,ESB,£5.80,5.8,"https://www.pint-prices.com/pub/49%20Chiswell%20St,%20London%20EC1Y%204SA,%20UK/The%20Jugged%20Hare",2026-07-03T23:10:47+00:00
The Jugged Hare,"49 Chiswell St, London EC1Y 4SA, UK",020 8161 0190 🌐 https://www.thejuggedhare.com/ 🍽️ Food available,51.5209,-0.0919977,3,AMSTEL,£6.00,6.0,"https://www.pint-prices.com/pub/49%20Chiswell%20St,%20London%20EC1Y%204SA,%20UK/The%20Jugged%20Hare",2026-07-03T23:10:47+00:00
The Jugged Hare,"49 Chiswell St, London EC1Y 4SA, UK",020 8161 0190 🌐 https://www.thejuggedhare.com/ 🍽️ Food available,51.5209,-0.0919977,4,GUINNESS,£7.20,7.2,"https://www.pint-prices.com/pub/49%20Chiswell%20St,%20London%20EC1Y%204SA,%20UK/The%20Jugged%20Hare",2026-07-03T23:10:47+00:00
The Marquis of Lorne,"49 Dalyell Rd, London SW9 9SA",🎱 Pool available,51.4664,-0.119761,1,GUINNESS,£4.80,4.8,"https://www.pint-prices.com/pub/49%20Dalyell%20Rd,%20London%20SW9%209SA/The%20Marquis%20of%20Lorne",2026-07-03T23:10:47+00:00
Museum Tavern,"49 Great Russell Street, WC1B 3BA",🌐 https://www.greeneking.co.uk/pubs/greater-london/museum-tavern 🍽️ Food available 🍹 Cocktails available ☀️ Beer garden available,51.5182,-0.125917,1,AMSTEL,£6.15,6.15,"https://www.pint-prices.com/pub/49%20Great%20Russell%20Street,%20WC1B%203BA/Museum%20Tavern",2026-07-03T23:10:47+00:00
Museum Tavern,"49 Great Russell Street, WC1B 3BA",🌐 https://www.greeneking.co.uk/pubs/greater-london/museum-tavern 🍽️ Food available 🍹 Cocktails available ☀️ Beer garden available,51.5182,-0.125917,2,GUINNESS,£6.35,6.35,"https://www.pint-prices.com/pub/49%20Great%20Russell%20Street,%20WC1B%203BA/Museum%20Tavern",2026-07-03T23:10:47+00:00
Museum Tavern,"49 Great Russell Street, WC1B 3BA",🌐 https://www.greeneking.co.uk/pubs/greater-london/museum-tavern 🍽️ Food available 🍹 Cocktails available ☀️ Beer garden available,51.5182,-0.125917,3,ESTRELLA,£7.00,7.0,"https://www.pint-prices.com/pub/49%20Great%20Russell%20Street,%20WC1B%203BA/Museum%20Tavern",2026-07-03T23:10:47+00:00
Museum Tavern,"49 Great Russell Street, WC1B 3BA",🌐 https://www.greeneking.co.uk/pubs/greater-london/museum-tavern 🍽️ Food available 🍹 Cocktails available ☀️ Beer garden available,51.5182,-0.125917,4,PERONI,£7.35,7.35,"https://www.pint-prices.com/pub/49%20Great%20Russell%20Street,%20WC1B%203BA/Museum%20Tavern",2026-07-03T23:10:47+00:00
Museum Tavern,"49 Great Russell Street, WC1B 3BA",🌐 https://www.greeneking.co.uk/pubs/greater-london/museum-tavern 🍽️ Food available 🍹 Cocktails available ☀️ Beer garden available,51.5182,-0.125917,5,NECK OIL,£7.55,7.55,"https://www.pint-prices.com/pub/49%20Great%20Russell%20Street,%20WC1B%203BA/Museum%20Tavern",2026-07-03T23:10:47+00:00
The Jolly Gardeners,"49-51 Black Prince Rd, London SE11 6AB",🌐 https://thejollygardeners.co.uk/where-to-find-us/ 🍽️ Food available ☀️ Beer garden available 🎸 Live music,51.4914,-0.118227,1,BITBURGER,£5.50,5.5,"https://www.pint-prices.com/pub/49-51%20Black%20Prince%20Rd,%20London%20SE11%206AB/The%20Jolly%20Gardeners",2026-07-03T23:10:47+00:00
The Jolly Gardeners,"49-51 Black Prince Rd, London SE11 6AB",🌐 https://thejollygardeners.co.uk/where-to-find-us/ 🍽️ Food available ☀️ Beer garden available 🎸 Live music,51.4914,-0.118227,2,FOREST ROAD POSH LAGER,£6.20,6.2,"https://www.pint-prices.com/pub/49-51%20Black%20Prince%20Rd,%20London%20SE11%206AB/The%20Jolly%20Gardeners",2026-07-03T23:10:47+00:00
The Jolly Gardeners,"49-51 Black Prince Rd, London SE11 6AB",🌐 https://thejollygardeners.co.uk/where-to-find-us/ 🍽️ Food available ☀️ Beer garden available 🎸 Live music,51.4914,-0.118227,3,BENEDIKTINER,£6.20,6.2,"https://www.pint-prices.com/pub/49-51%20Black%20Prince%20Rd,%20London%20SE11%206AB/The%20Jolly%20Gardeners",2026-07-03T23:10:47+00:00
The Jolly Gardeners,"49-51 Black Prince Rd, London SE11 6AB",🌐 https://thejollygardeners.co.uk/where-to-find-us/ 🍽️ Food available ☀️ Beer garden available 🎸 Live music,51.4914,-0.118227,4,GUINNESS,£6.70,6.7,"https://www.pint-prices.com/pub/49-51%20Black%20Prince%20Rd,%20London%20SE11%206AB/The%20Jolly%20Gardeners",2026-07-03T23:10:47+00:00
Harry's Bar & Dining Room,"5 Abchurch Yard, London EC4N 7BA, UK",020 7623 2355 🌐 http://harrys.co.uk/abchurch/ 📧info@harrys.co.uk 🍽️ Food available 🍹 Cocktails available,51.5115,-0.088582,1,PERONI,£7.00,7.0,"https://www.pint-prices.com/pub/5%20Abchurch%20Yard,%20London%20EC4N%207BA,%20UK/Harry's%20Bar%20%26%20Dining%20Room",2026-07-03T23:10:47+00:00
Harry's Bar & Dining Room,"5 Abchurch Yard, London EC4N 7BA, UK",020 7623 2355 🌐 http://harrys.co.uk/abchurch/ 📧info@harrys.co.uk 🍽️ Food available 🍹 Cocktails available,51.5115,-0.088582,2,ASAHI,£7.00,7.0,"https://www.pint-prices.com/pub/5%20Abchurch%20Yard,%20London%20EC4N%207BA,%20UK/Harry's%20Bar%20%26%20Dining%20Room",2026-07-03T23:10:47+00:00
Harry's Bar & Dining Room,"5 Abchurch Yard, London EC4N 7BA, UK",020 7623 2355 🌐 http://harrys.co.uk/abchurch/ 📧info@harrys.co.uk 🍽️ Food available 🍹 Cocktails available,51.5115,-0.088582,3,MEANTIME LONDON PALE ALE,£7.00,7.0,"https://www.pint-prices.com/pub/5%20Abchurch%20Yard,%20London%20EC4N%207BA,%20UK/Harry's%20Bar%20%26%20Dining%20Room",2026-07-03T23:10:47+00:00
Coach & Horse (Mayfair),"5 Bruton Street, W1J 6PT",🌐 https://www.greeneking.co.uk/pubs/greater-london/coach-and-horses 🍽️ Food available 🍹 Cocktails available,51.5108,-0.143771,1,GUINNESS,£6.55,6.55,"https://www.pint-prices.com/pub/5%20Bruton%20Street,%20W1J%206PT/Coach%20%26%20Horse%20(Mayfair)",2026-07-03T23:10:47+00:00
Coach & Horse (Mayfair),"5 Bruton Street, W1J 6PT",🌐 https://www.greeneking.co.uk/pubs/greater-london/coach-and-horses 🍽️ Food available 🍹 Cocktails available,51.5108,-0.143771,2,ESTRELLA,£7.35,7.35,"https://www.pint-prices.com/pub/5%20Bruton%20Street,%20W1J%206PT/Coach%20%26%20Horse%20(Mayfair)",2026-07-03T23:10:47+00:00
Coach & Horse (Mayfair),"5 Bruton Street, W1J 6PT",🌐 https://www.greeneking.co.uk/pubs/greater-london/coach-and-horses 🍽️ Food available 🍹 Cocktails available,51.5108,-0.143771,3,NECK OIL,£7.45,7.45,"https://www.pint-prices.com/pub/5%20Bruton%20Street,%20W1J%206PT/Coach%20%26%20Horse%20(Mayfair)",2026-07-03T23:10:47+00:00
Coach & Horse (Mayfair),"5 Bruton Street, W1J 6PT",🌐 https://www.greeneking.co.uk/pubs/greater-london/coach-and-horses 🍽️ Food available 🍹 Cocktails available,51.5108,-0.143771,4,PERONI,£7.55,7.55,"https://www.pint-prices.com/pub/5%20Bruton%20Street,%20W1J%206PT/Coach%20%26%20Horse%20(Mayfair)",2026-07-03T23:10:47+00:00
The Footman,"5 Charles Street, London W1J 5DF",🌐 https://www.thefootmanmayfair.com/ 🍽️ Food available,51.5085,-0.146145,1,GUINNESS,£6.50,6.5,"https://www.pint-prices.com/pub/5%20Charles%20Street,%20London%20W1J%205DF/The%20Footman",2026-07-03T23:10:47+00:00
Imperial,"5 Leicester Street, WC2H 7BL",🌐 https://www.greeneking.co.uk/pubs/greater-london/imperial 🍽️ Food available 🍹 Cocktails available ☀️ Beer garden available,51.511,-0.131023,1,AMSTEL,£6.35,6.35,"https://www.pint-prices.com/pub/5%20Leicester%20Street,%20WC2H%207BL/Imperial",2026-07-03T23:10:47+00:00
Imperial,"5 Leicester Street, WC2H 7BL",🌐 https://www.greeneking.co.uk/pubs/greater-london/imperial 🍽️ Food available 🍹 Cocktails available ☀️ Beer garden available,51.511,-0.131023,2,GUINNESS,£6.55,6.55,"https://www.pint-prices.com/pub/5%20Leicester%20Street,%20WC2H%207BL/Imperial",2026-07-03T23:10:47+00:00
Imperial,"5 Leicester Street, WC2H 7BL",🌐 https://www.greeneking.co.uk/pubs/greater-london/imperial 🍽️ Food available 🍹 Cocktails available ☀️ Beer garden available,51.511,-0.131023,3,MADRI,£7.15,7.15,"https://www.pint-prices.com/pub/5%20Leicester%20Street,%20WC2H%207BL/Imperial",2026-07-03T23:10:47+00:00
Imperial,"5 Leicester Street, WC2H 7BL",🌐 https://www.greeneking.co.uk/pubs/greater-london/imperial 🍽️ Food available 🍹 Cocktails available ☀️ Beer garden available,51.511,-0.131023,4,BIRRA MORETTI,£7.20,7.2,"https://www.pint-prices.com/pub/5%20Leicester%20Street,%20WC2H%207BL/Imperial",2026-07-03T23:10:47+00:00
Imperial,"5 Leicester Street, WC2H 7BL",🌐 https://www.greeneking.co.uk/pubs/greater-london/imperial 🍽️ Food available 🍹 Cocktails available ☀️ Beer garden available,51.511,-0.131023,5,NECK OIL,£7.50,7.5,"https://www.pint-prices.com/pub/5%20Leicester%20Street,%20WC2H%207BL/Imperial",2026-07-03T23:10:47+00:00
Imperial,"5 Leicester Street, WC2H 7BL",🌐 https://www.greeneking.co.uk/pubs/greater-london/imperial 🍽️ Food available 🍹 Cocktails available ☀️ Beer garden available,51.511,-0.131023,6,PERONI,£7.50,7.5,"https://www.pint-prices.com/pub/5%20Leicester%20Street,%20WC2H%207BL/Imperial",2026-07-03T23:10:47+00:00
The Queens Head,5 West Ham Lane London E15 4PH England,,51.5406,0.00234476,1,GUINNESS,£4.55,4.55,https://www.pint-prices.com/pub/5%20West%20Ham%20Lane%20London%20E15%204PH%20England/The%20Queens%20Head,2026-07-03T23:10:47+00:00
The Queens Head,5 West Ham Lane London E15 4PH England,,51.5406,0.00234476,2,BIRRA MORETTI,£5.40,5.4,https://www.pint-prices.com/pub/5%20West%20Ham%20Lane%20London%20E15%204PH%20England/The%20Queens%20Head,2026-07-03T23:10:47+00:00
Fothergills,"5-7 Castle Road, Nottingham NG1 6AA",,52.9507,-1.15309,1,MADRI,£5.90,5.9,"https://www.pint-prices.com/pub/5-7%20Castle%20Road,%20Nottingham%20NG1%206AA/Fothergills%20",2026-07-03T23:10:47+00:00
The Moon on the Hill - JD Wetherspoon,"5-9 Hill Rd, Sutton SM1 1DZ, UK",020 8643 1202 🌐 https://www.jdwetherspoon.com/pubs/all-pubs/england/london/the-moon-on-the-hill-sutton 🍽️ Food available,51.3618,-0.193117,1,BUD LIGHT,£2.43,2.43,"https://www.pint-prices.com/pub/5-9%20Hill%20Rd,%20Sutton%20SM1%201DZ,%20UK/The%20Moon%20on%20the%20Hill%20-%20JD%20Wetherspoon",2026-07-03T23:10:47+00:00
The Moon on the Hill - JD Wetherspoon,"5-9 Hill Rd, Sutton SM1 1DZ, UK",020 8643 1202 🌐 https://www.jdwetherspoon.com/pubs/all-pubs/england/london/the-moon-on-the-hill-sutton 🍽️ Food available,51.3618,-0.193117,2,CARLSBERG PILSNER,£2.66,2.66,"https://www.pint-prices.com/pub/5-9%20Hill%20Rd,%20Sutton%20SM1%201DZ,%20UK/The%20Moon%20on%20the%20Hill%20-%20JD%20Wetherspoon",2026-07-03T23:10:47+00:00
The Moon on the Hill - JD Wetherspoon,"5-9 Hill Rd, Sutton SM1 1DZ, UK",020 8643 1202 🌐 https://www.jdwetherspoon.com/pubs/all-pubs/england/london/the-moon-on-the-hill-sutton 🍽️ Food available,51.3618,-0.193117,3,GUINNESS,£3.32,3.32,"https://www.pint-prices.com/pub/5-9%20Hill%20Rd,%20Sutton%20SM1%201DZ,%20UK/The%20Moon%20on%20the%20Hill%20-%20JD%20Wetherspoon",2026-07-03T23:10:47+00:00
The Moon on the Hill - JD Wetherspoon,"5-9 Hill Rd, Sutton SM1 1DZ, UK",020 8643 1202 🌐 https://www.jdwetherspoon.com/pubs/all-pubs/england/london/the-moon-on-the-hill-sutton 🍽️ Food available,51.3618,-0.193117,4,CARLING,£3.54,3.54,"https://www.pint-prices.com/pub/5-9%20Hill%20Rd,%20Sutton%20SM1%201DZ,%20UK/The%20Moon%20on%20the%20Hill%20-%20JD%20Wetherspoon",2026-07-03T23:10:47+00:00
The Moon on the Hill - JD Wetherspoon,"5-9 Hill Rd, Sutton SM1 1DZ, UK",020 8643 1202 🌐 https://www.jdwetherspoon.com/pubs/all-pubs/england/london/the-moon-on-the-hill-sutton 🍽️ Food available,51.3618,-0.193117,5,COORS,£3.54,3.54,"https://www.pint-prices.com/pub/5-9%20Hill%20Rd,%20Sutton%20SM1%201DZ,%20UK/The%20Moon%20on%20the%20Hill%20-%20JD%20Wetherspoon",2026-07-03T23:10:47+00:00
The Moon on the Hill - JD Wetherspoon,"5-9 Hill Rd, Sutton SM1 1DZ, UK",020 8643 1202 🌐 https://www.jdwetherspoon.com/pubs/all-pubs/england/london/the-moon-on-the-hill-sutton 🍽️ Food available,51.3618,-0.193117,6,BUDWEISER,£3.73,3.73,"https://www.pint-prices.com/pub/5-9%20Hill%20Rd,%20Sutton%20SM1%201DZ,%20UK/The%20Moon%20on%20the%20Hill%20-%20JD%20Wetherspoon",2026-07-03T23:10:47+00:00
The Moon on the Hill - JD Wetherspoon,"5-9 Hill Rd, Sutton SM1 1DZ, UK",020 8643 1202 🌐 https://www.jdwetherspoon.com/pubs/all-pubs/england/london/the-moon-on-the-hill-sutton 🍽️ Food available,51.3618,-0.193117,7,STELLA ARTOIS,£3.84,3.84,"https://www.pint-prices.com/pub/5-9%20Hill%20Rd,%20Sutton%20SM1%201DZ,%20UK/The%20Moon%20on%20the%20Hill%20-%20JD%20Wetherspoon",2026-07-03T23:10:47+00:00
The Moon on the Hill - JD Wetherspoon,"5-9 Hill Rd, Sutton SM1 1DZ, UK",020 8643 1202 🌐 https://www.jdwetherspoon.com/pubs/all-pubs/england/london/the-moon-on-the-hill-sutton 🍽️ Food available,51.3618,-0.193117,8,CORONA,£3.95,3.95,"https://www.pint-prices.com/pub/5-9%20Hill%20Rd,%20Sutton%20SM1%201DZ,%20UK/The%20Moon%20on%20the%20Hill%20-%20JD%20Wetherspoon",2026-07-03T23:10:47+00:00
The Moon on the Hill - JD Wetherspoon,"5-9 Hill Rd, Sutton SM1 1DZ, UK",020 8643 1202 🌐 https://www.jdwetherspoon.com/pubs/all-pubs/england/london/the-moon-on-the-hill-sutton 🍽️ Food available,51.3618,-0.193117,9,SAN MIGUEL,£3.95,3.95,"https://www.pint-prices.com/pub/5-9%20Hill%20Rd,%20Sutton%20SM1%201DZ,%20UK/The%20Moon%20on%20the%20Hill%20-%20JD%20Wetherspoon",2026-07-03T23:10:47+00:00
The Moon on the Hill - JD Wetherspoon,"5-9 Hill Rd, Sutton SM1 1DZ, UK",020 8643 1202 🌐 https://www.jdwetherspoon.com/pubs/all-pubs/england/london/the-moon-on-the-hill-sutton 🍽️ Food available,51.3618,-0.193117,10,LEFFE BLONDE,£4.28,4.28,"https://www.pint-prices.com/pub/5-9%20Hill%20Rd,%20Sutton%20SM1%201DZ,%20UK/The%20Moon%20on%20the%20Hill%20-%20JD%20Wetherspoon",2026-07-03T23:10:47+00:00
"The Counting House, EC3","50 Cornhill, London EC3V 3PD, UK",020 7283 7123 🌐 https://www.the-counting-house.com/?partner=8163&utm_source=googlemybusiness&utm_medium=organic&utm_ 📧countinghouse.cornhill-events@fullers.co.uk 🍽️ Food available 🍹 Cocktails available ⚽ Live sports shown 🎸 Live music 😎 Cool place,51.5133,-0.0851358,1,AMSTEL,£6.45,6.45,"https://www.pint-prices.com/pub/50%20Cornhill,%20London%20EC3V%203PD,%20UK/The%20Counting%20House,%20EC3",2026-07-03T23:10:47+00:00
"The Counting House, EC3","50 Cornhill, London EC3V 3PD, UK",020 7283 7123 🌐 https://www.the-counting-house.com/?partner=8163&utm_source=googlemybusiness&utm_medium=organic&utm_ 📧countinghouse.cornhill-events@fullers.co.uk 🍽️ Food available 🍹 Cocktails available ⚽ Live sports shown 🎸 Live music 😎 Cool place,51.5133,-0.0851358,2,HEINEKEN,£6.65,6.65,"https://www.pint-prices.com/pub/50%20Cornhill,%20London%20EC3V%203PD,%20UK/The%20Counting%20House,%20EC3",2026-07-03T23:10:47+00:00
"The Counting House, EC3","50 Cornhill, London EC3V 3PD, UK",020 7283 7123 🌐 https://www.the-counting-house.com/?partner=8163&utm_source=googlemybusiness&utm_medium=organic&utm_ 📧countinghouse.cornhill-events@fullers.co.uk 🍽️ Food available 🍹 Cocktails available ⚽ Live sports shown 🎸 Live music 😎 Cool place,51.5133,-0.0851358,3,FRONTIER LAGER,£6.95,6.95,"https://www.pint-prices.com/pub/50%20Cornhill,%20London%20EC3V%203PD,%20UK/The%20Counting%20House,%20EC3",2026-07-03T23:10:47+00:00
"The Counting House, EC3","50 Cornhill, London EC3V 3PD, UK",020 7283 7123 🌐 https://www.the-counting-house.com/?partner=8163&utm_source=googlemybusiness&utm_medium=organic&utm_ 📧countinghouse.cornhill-events@fullers.co.uk 🍽️ Food available 🍹 Cocktails available ⚽ Live sports shown 🎸 Live music 😎 Cool place,51.5133,-0.0851358,4,GUINNESS,£7.05,7.05,"https://www.pint-prices.com/pub/50%20Cornhill,%20London%20EC3V%203PD,%20UK/The%20Counting%20House,%20EC3",2026-07-03T23:10:47+00:00
"The Counting House, EC3","50 Cornhill, London EC3V 3PD, UK",020 7283 7123 🌐 https://www.the-counting-house.com/?partner=8163&utm_source=googlemybusiness&utm_medium=organic&utm_ 📧countinghouse.cornhill-events@fullers.co.uk 🍽️ Food available 🍹 Cocktails available ⚽ Live sports shown 🎸 Live music 😎 Cool place,51.5133,-0.0851358,5,PERONI,£7.40,7.4,"https://www.pint-prices.com/pub/50%20Cornhill,%20London%20EC3V%203PD,%20UK/The%20Counting%20House,%20EC3",2026-07-03T23:10:47+00:00
The Washington,"50 England’s Lane, London NW3 4UE",🌐 https://www.thewashingtonhampstead.co.uk/ 🍽️ Food available 🍹 Cocktails available ⚽ Live sports shown ❓ Pub quiz available ⏰ Happy hour,51.5457,-0.162839,1,CAMDEN HELLS,£7.00,7.0,"https://www.pint-prices.com/pub/50%20England%E2%80%99s%20Lane,%20London%20NW3%204UE/The%20Washington",2026-07-03T23:10:47+00:00
The Washington,"50 England's Ln, Greater, Belsize Park, London NW3 4UE, UK",020 7722 8842 🌐 https://www.thewashingtonhampstead.co.uk/contact#/ 📧Contact us form 🍽️ Food available ⚽ Live sports shown,51.5457,-0.162839,1,PRAVHA,£6.25,6.25,"https://www.pint-prices.com/pub/50%20England's%20Ln,%20Greater,%20Belsize%20Park,%20London%20NW3%204UE,%20UK/The%20Washington",2026-07-03T23:10:47+00:00
The Roebuck,"50 Great Dover St, London SE1 4YG",🌐 https://www.theroebuck.net/ 🍽️ Food available 🎸 Live music ❓ Pub quiz available 🎤 Karaoke available,51.4981,-0.0906446,1,MURPHY'S,£5.80,5.8,"https://www.pint-prices.com/pub/50%20Great%20Dover%20St,%20London%20SE1%204YG/The%20Roebuck",2026-07-03T23:10:47+00:00
The Chesterfield Arms,"50 Hertford St, London W1J 7SS",🌐 https://www.thechesterfieldarms.com/ 🍽️ Food available 🎸 Live music,51.5062,-0.147768,1,PAULANER,£6.55,6.55,"https://www.pint-prices.com/pub/50%20Hertford%20St,%20London%20W1J%207SS/The%20Chesterfield%20Arms",2026-07-03T23:10:47+00:00
The Lord Tredegar,"50 Lichfield Rd, London E3 5AL",🌐 https://thelordtredegar.co.uk/ 🍽️ Food available ☀️ Beer garden available ❓ Pub quiz available,51.5284,-0.0334996,1,PILLARS HELLES,£6.00,6.0,"https://www.pint-prices.com/pub/50%20Lichfield%20Rd,%20London%20E3%205AL/The%20Lord%20Tredegar",2026-07-03T23:10:47+00:00
The Bell,"50 Middlesex St, London E1 7EX",🌐 https://www.thebellpub.co.uk/ ☀️ Beer garden available 🎯 Darts available 🎱 Pool available,51.5158,-0.0754594,1,GUINNESS,£6.00,6.0,"https://www.pint-prices.com/pub/50%20Middlesex%20St,%20London%20E1%207EX/The%20Bell",2026-07-03T23:10:47+00:00
The Bell,"50 Middlesex St, London E1 7EX",🌐 https://www.thebellpub.co.uk/ ☀️ Beer garden available 🎯 Darts available 🎱 Pool available,51.5158,-0.0754594,2,BECKS,£6.25,6.25,"https://www.pint-prices.com/pub/50%20Middlesex%20St,%20London%20E1%207EX/The%20Bell",2026-07-03T23:10:47+00:00
The Bell,"50 Middlesex St, London E1 7EX",🌐 https://www.thebellpub.co.uk/ ☀️ Beer garden available 🎯 Darts available 🎱 Pool available,51.5158,-0.0754594,3,CORONA,£6.50,6.5,"https://www.pint-prices.com/pub/50%20Middlesex%20St,%20London%20E1%207EX/The%20Bell",2026-07-03T23:10:47+00:00
The Bell,"50 Middlesex St, London E1 7EX",🌐 https://www.thebellpub.co.uk/ ☀️ Beer garden available 🎯 Darts available 🎱 Pool available,51.5158,-0.0754594,4,CAMDEN HELLS,£6.95,6.95,"https://www.pint-prices.com/pub/50%20Middlesex%20St,%20London%20E1%207EX/The%20Bell",2026-07-03T23:10:47+00:00
The Bell,"50 Middlesex St, London E1 7EX",🌐 https://www.thebellpub.co.uk/ ☀️ Beer garden available 🎯 Darts available 🎱 Pool available,51.5158,-0.0754594,5,ASAHI,£7.05,7.05,"https://www.pint-prices.com/pub/50%20Middlesex%20St,%20London%20E1%207EX/The%20Bell",2026-07-03T23:10:47+00:00
The Bell,"50 Middlesex St, London E1 7EX",🌐 https://www.thebellpub.co.uk/ ☀️ Beer garden available 🎯 Darts available 🎱 Pool available,51.5158,-0.0754594,6,PERONI,£7.15,7.15,"https://www.pint-prices.com/pub/50%20Middlesex%20St,%20London%20E1%207EX/The%20Bell",2026-07-03T23:10:47+00:00
The Bell,"50 Middlesex St, London E1 7EX",🌐 https://www.thebellpub.co.uk/ ☀️ Beer garden available 🎯 Darts available 🎱 Pool available,51.5158,-0.0754594,7,NECK OIL,£7.65,7.65,"https://www.pint-prices.com/pub/50%20Middlesex%20St,%20London%20E1%207EX/The%20Bell",2026-07-03T23:10:47+00:00
The Latchmere,"503 Battersea Park Rd, London SW11 3BW",2072233549 🌐 https://www.thelatchmere.co.uk/ 🍽️ Food available 🍹 Cocktails available ☀️ Beer garden available ⚽ Live sports shown ❓ Pub quiz available,51.472,-0.16541,1,AMSTEL,£5.80,5.8,"https://www.pint-prices.com/pub/503%20Battersea%20Park%20Rd,%20London%20SW11%203BW/The%20Latchmere",2026-07-03T23:10:47+00:00
The Latchmere,"503 Battersea Park Rd, London SW11 3BW",2072233549 🌐 https://www.thelatchmere.co.uk/ 🍽️ Food available 🍹 Cocktails available ☀️ Beer garden available ⚽ Live sports shown ❓ Pub quiz available,51.472,-0.16541,2,GUINNESS,£6.40,6.4,"https://www.pint-prices.com/pub/503%20Battersea%20Park%20Rd,%20London%20SW11%203BW/The%20Latchmere",2026-07-03T23:10:47+00:00
The Hercules,"504 Holloway Rd, London N7 6JA",,51.5589,-0.120668,1,PRAVHA,£5.00,5.0,"https://www.pint-prices.com/pub/504%20Holloway%20Rd,%20London%20N7%206JA/The%20Hercules",2026-07-03T23:10:47+00:00
The Hercules,"504 Holloway Rd, London N7 6JA",,51.5589,-0.120668,2,MADRI,£5.10,5.1,"https://www.pint-prices.com/pub/504%20Holloway%20Rd,%20London%20N7%206JA/The%20Hercules",2026-07-03T23:10:47+00:00
The Hercules,"504 Holloway Rd, London N7 6JA",,51.5589,-0.120668,3,CRUZCAMPO,£5.40,5.4,"https://www.pint-prices.com/pub/504%20Holloway%20Rd,%20London%20N7%206JA/The%20Hercules",2026-07-03T23:10:47+00:00
Golden Lion (Soho),"51 Dean Street, W1D 5BH",🌐 https://www.greeneking.co.uk/pubs/greater-london/golden-lion 🍽️ Food available 🍹 Cocktails available ⚽ Live sports shown 🎯 Darts available,51.5125,-0.131572,1,GUINNESS,£6.40,6.4,"https://www.pint-prices.com/pub/51%20Dean%20Street,%20W1D%205BH/Golden%20Lion%20(Soho)",2026-07-03T23:10:47+00:00
Golden Lion (Soho),"51 Dean Street, W1D 5BH",🌐 https://www.greeneking.co.uk/pubs/greater-london/golden-lion 🍽️ Food available 🍹 Cocktails available ⚽ Live sports shown 🎯 Darts available,51.5125,-0.131572,2,AMSTEL,£6.45,6.45,"https://www.pint-prices.com/pub/51%20Dean%20Street,%20W1D%205BH/Golden%20Lion%20(Soho)",2026-07-03T23:10:47+00:00
Golden Lion (Soho),"51 Dean Street, W1D 5BH",🌐 https://www.greeneking.co.uk/pubs/greater-london/golden-lion 🍽️ Food available 🍹 Cocktails available ⚽ Live sports shown 🎯 Darts available,51.5125,-0.131572,3,ESTRELLA,£7.10,7.1,"https://www.pint-prices.com/pub/51%20Dean%20Street,%20W1D%205BH/Golden%20Lion%20(Soho)",2026-07-03T23:10:47+00:00
Golden Lion (Soho),"51 Dean Street, W1D 5BH",🌐 https://www.greeneking.co.uk/pubs/greater-london/golden-lion 🍽️ Food available 🍹 Cocktails available ⚽ Live sports shown 🎯 Darts available,51.5125,-0.131572,4,BIRRA MORETTI,£7.10,7.1,"https://www.pint-prices.com/pub/51%20Dean%20Street,%20W1D%205BH/Golden%20Lion%20(Soho)",2026-07-03T23:10:47+00:00
Golden Lion (Soho),"51 Dean Street, W1D 5BH",🌐 https://www.greeneking.co.uk/pubs/greater-london/golden-lion 🍽️ Food available 🍹 Cocktails available ⚽ Live sports shown 🎯 Darts available,51.5125,-0.131572,5,PERONI,£7.40,7.4,"https://www.pint-prices.com/pub/51%20Dean%20Street,%20W1D%205BH/Golden%20Lion%20(Soho)",2026-07-03T23:10:47+00:00
Golden Lion (Soho),"51 Dean Street, W1D 5BH",🌐 https://www.greeneking.co.uk/pubs/greater-london/golden-lion 🍽️ Food available 🍹 Cocktails available ⚽ Live sports shown 🎯 Darts available,51.5125,-0.131572,6,NECK OIL,£7.50,7.5,"https://www.pint-prices.com/pub/51%20Dean%20Street,%20W1D%205BH/Golden%20Lion%20(Soho)",2026-07-03T23:10:47+00:00
The Bountiful Cow,"51 Eagle St, London WC1R 4AP",🌐 https://www.thebountifulcow.co.uk/ 🍽️ Food available,51.5186,-0.118351,1,CRUZCAMPO,£6.70,6.7,"https://www.pint-prices.com/pub/51%20Eagle%20St,%20London%20WC1R%204AP/The%20Bountiful%20Cow",2026-07-03T23:10:47+00:00
The Bountiful Cow,"51 Eagle St, London WC1R 4AP",🌐 https://www.thebountifulcow.co.uk/ 🍽️ Food available,51.5186,-0.118351,2,CRUZCAMPO,£6.70,6.7,"https://www.pint-prices.com/pub/51%20Eagle%20St,%20London%20WC1R%204AP/The%20Bountiful%20Cow",2026-07-03T23:10:47+00:00
Four Thieves,"51 Lavender Gardens, London SW11 1JW",2072236927 🌐 https://www.fourthieves.pub/ 🍽️ Food available 🍹 Cocktails available ☀️ Beer garden available 🎸 Live music ❓ Pub quiz available ⏰ Happy hour 🎤 Karaoke available,51.4641,-0.162574,1,AMSTEL,£6.15,6.15,"https://www.pint-prices.com/pub/51%20Lavender%20Gardens,%20London%20SW11%201JW/Four%20Thieves",2026-07-03T23:10:47+00:00
Four Thieves,"51 Lavender Gardens, London SW11 1JW",2072236927 🌐 https://www.fourthieves.pub/ 🍽️ Food available 🍹 Cocktails available ☀️ Beer garden available 🎸 Live music ❓ Pub quiz available ⏰ Happy hour 🎤 Karaoke available,51.4641,-0.162574,2,GUINNESS,£6.55,6.55,"https://www.pint-prices.com/pub/51%20Lavender%20Gardens,%20London%20SW11%201JW/Four%20Thieves",2026-07-03T23:10:47+00:00
Pheonix,"51 Moscow Road, W2 4AL",🌐 https://www.greeneking.co.uk/pubs/greater-london/phoenix 🍽️ Food available 🍹 Cocktails available ☀️ Beer garden available ⚽ Live sports shown,51.5123,-0.189835,1,FOSTERS,£5.50,5.5,"https://www.pint-prices.com/pub/51%20Moscow%20Road,%20W2%204AL/Pheonix",2026-07-03T23:10:47+00:00
Pheonix,"51 Moscow Road, W2 4AL",🌐 https://www.greeneking.co.uk/pubs/greater-london/phoenix 🍽️ Food available 🍹 Cocktails available ☀️ Beer garden available ⚽ Live sports shown,51.5123,-0.189835,2,AMSTEL,£6.15,6.15,"https://www.pint-prices.com/pub/51%20Moscow%20Road,%20W2%204AL/Pheonix",2026-07-03T23:10:47+00:00
Pheonix,"51 Moscow Road, W2 4AL",🌐 https://www.greeneking.co.uk/pubs/greater-london/phoenix 🍽️ Food available 🍹 Cocktails available ☀️ Beer garden available ⚽ Live sports shown,51.5123,-0.189835,3,GUINNESS,£6.20,6.2,"https://www.pint-prices.com/pub/51%20Moscow%20Road,%20W2%204AL/Pheonix",2026-07-03T23:10:47+00:00
Pheonix,"51 Moscow Road, W2 4AL",🌐 https://www.greeneking.co.uk/pubs/greater-london/phoenix 🍽️ Food available 🍹 Cocktails available ☀️ Beer garden available ⚽ Live sports shown,51.5123,-0.189835,4,BIRRA MORETTI,£6.80,6.8,"https://www.pint-prices.com/pub/51%20Moscow%20Road,%20W2%204AL/Pheonix",2026-07-03T23:10:47+00:00
Pheonix,"51 Moscow Road, W2 4AL",🌐 https://www.greeneking.co.uk/pubs/greater-london/phoenix 🍽️ Food available 🍹 Cocktails available ☀️ Beer garden available ⚽ Live sports shown,51.5123,-0.189835,5,ESTRELLA,£6.90,6.9,"https://www.pint-prices.com/pub/51%20Moscow%20Road,%20W2%204AL/Pheonix",2026-07-03T23:10:47+00:00
Pheonix,"51 Moscow Road, W2 4AL",🌐 https://www.greeneking.co.uk/pubs/greater-london/phoenix 🍽️ Food available 🍹 Cocktails available ☀️ Beer garden available ⚽ Live sports shown,51.5123,-0.189835,6,PERONI,£7.25,7.25,"https://www.pint-prices.com/pub/51%20Moscow%20Road,%20W2%204AL/Pheonix",2026-07-03T23:10:47+00:00
"Myddleton Arms, Islington","52 Canonbury Rd, London N1 2HS",🌐 https://www.myddletonarms.co.uk/ 🍽️ Food available,51.5418,-0.0976536,1,GUINNESS,£5.95,5.95,"https://www.pint-prices.com/pub/52%20Canonbury%20Rd,%20London%20N1%202HS/Myddleton%20Arms,%20Islington",2026-07-03T23:10:47+00:00
"Myddleton Arms, Islington","52 Canonbury Rd, London N1 2HS",🌐 https://www.myddletonarms.co.uk/ 🍽️ Food available,51.5418,-0.0976536,2,GUINNESS,£5.95,5.95,"https://www.pint-prices.com/pub/52%20Canonbury%20Rd,%20London%20N1%202HS/Myddleton%20Arms,%20Islington",2026-07-03T23:10:47+00:00
The Founder's Arms,"52 Hopton St, London SE1 9JH, UK",020 7928 1899 🌐 https://www.foundersarms.co.uk/ 🍽️ Food available ☀️ Beer garden available,51.5085,-0.101583,1,YOUNG'S ORIGINAL,£5.95,5.95,"https://www.pint-prices.com/pub/52%20Hopton%20St,%20London%20SE1%209JH,%20UK/The%20Founder's%20Arms",2026-07-03T23:10:47+00:00
Albert (Victoria),"52 Victoria Street, SW1H 0NP",🌐 https://www.greeneking.co.uk/pubs/greater-london/albert 🍽️ Food available 🍹 Cocktails available ⚽ Live sports shown,51.4977,-0.135558,1,AMSTEL,£6.15,6.15,"https://www.pint-prices.com/pub/52%20Victoria%20Street,%20SW1H%200NP/Albert%20(Victoria)",2026-07-03T23:10:47+00:00
Albert (Victoria),"52 Victoria Street, SW1H 0NP",🌐 https://www.greeneking.co.uk/pubs/greater-london/albert 🍽️ Food available 🍹 Cocktails available ⚽ Live sports shown,51.4977,-0.135558,2,GUINNESS,£6.65,6.65,"https://www.pint-prices.com/pub/52%20Victoria%20Street,%20SW1H%200NP/Albert%20(Victoria)",2026-07-03T23:10:47+00:00
Albert (Victoria),"52 Victoria Street, SW1H 0NP",🌐 https://www.greeneking.co.uk/pubs/greater-london/albert 🍽️ Food available 🍹 Cocktails available ⚽ Live sports shown,51.4977,-0.135558,3,BIRRA MORETTI,£7.00,7.0,"https://www.pint-prices.com/pub/52%20Victoria%20Street,%20SW1H%200NP/Albert%20(Victoria)",2026-07-03T23:10:47+00:00
Albert (Victoria),"52 Victoria Street, SW1H 0NP",🌐 https://www.greeneking.co.uk/pubs/greater-london/albert 🍽️ Food available 🍹 Cocktails available ⚽ Live sports shown,51.4977,-0.135558,4,ASAHI,£7.25,7.25,"https://www.pint-prices.com/pub/52%20Victoria%20Street,%20SW1H%200NP/Albert%20(Victoria)",2026-07-03T23:10:47+00:00
Albert (Victoria),"52 Victoria Street, SW1H 0NP",🌐 https://www.greeneking.co.uk/pubs/greater-london/albert 🍽️ Food available 🍹 Cocktails available ⚽ Live sports shown,51.4977,-0.135558,5,PERONI,£7.40,7.4,"https://www.pint-prices.com/pub/52%20Victoria%20Street,%20SW1H%200NP/Albert%20(Victoria)",2026-07-03T23:10:47+00:00
The Seven Stars,"53 Carey St, London WC2A 3QS",🌐 https://www.thesevenstars1602.co.uk/ 🍽️ Food available,51.515,-0.113495,1,BITBURGER,£6.50,6.5,"https://www.pint-prices.com/pub/53%20Carey%20St,%20London%20WC2A%203QS/The%20Seven%20Stars",2026-07-03T23:10:47+00:00
The Nags Head,"53 Kinnerton St, London SW1X 8ED",🌐 no website 🍽️ Food available,51.5011,-0.156942,1,ADNAMS DRY HOPPED LAGER,£7.00,7.0,"https://www.pint-prices.com/pub/53%20Kinnerton%20St,%20London%20SW1X%208ED/The%20Nags%20Head",2026-07-03T23:10:47+00:00
The All Inn One,"53 Perry Vale, London SE23 2NE",🌐 http://allinnone.org.uk/index.html 🍽️ Food available ☀️ Beer garden available 🎸 Live music,51.4385,-0.0525324,1,MADRI,£5.70,5.7,"https://www.pint-prices.com/pub/53%20Perry%20Vale,%20London%20SE23%202NE/The%20All%20Inn%20One",2026-07-03T23:10:47+00:00
Little Bat,"54 Islington Park St, London N1 1QL, UK",020 7359 6070 🌐 http://www.littlebatbar.com/ 📧Hello@LittleBatBar.com 🍽️ Food available 🍹 Cocktails available ⏰ Happy hour 😎 Cool place,51.543,-0.103806,1,BOTTLED BEER,£7.50,7.5,"https://www.pint-prices.com/pub/54%20Islington%20Park%20St,%20London%20N1%201QL,%20UK/Little%20Bat",2026-07-03T23:10:47+00:00
The Castle,"54 Pentonville Rd, London N1 9HF",🌐 https://www.thecastleislington.co.uk/ 🍽️ Food available 🍹 Cocktails available ⚽ Live sports shown,51.532,-0.109019,1,ESTRELLA,£6.75,6.75,"https://www.pint-prices.com/pub/54%20Pentonville%20Rd,%20London%20N1%209HF/The%20Castle",2026-07-03T23:10:47+00:00
The Baring,"55 Baring St, London N1 3DS",🌐 https://www.thebaring.co.uk/ 🍽️ Food available 🍹 Cocktails available,51.5371,-0.0885047,1,HARBOUR SINGLEFIN,£6.50,6.5,"https://www.pint-prices.com/pub/55%20Baring%20St,%20London%20N1%203DS/The%20Baring",2026-07-03T23:10:47+00:00
The Glasshouse Stores,"55 Brewer St, London W1F 9UJ",🍽️ Food available 🎯 Darts available,51.5115,-0.1354,1,TADDY LAGER,£6.40,6.4,"https://www.pint-prices.com/pub/55%20Brewer%20St,%20London%20W1F%209UJ/The%20Glasshouse%20Stores",2026-07-03T23:10:47+00:00
The Guildford Arms,"55 Guildford Grove, London SE10 8JY, UK",020 8691 6293 🌐 http://www.theguildfordarms.co.uk/ 📧mail@theguildfordarms.co.uk 🍽️ Food available 🍹 Cocktails available ☀️ Beer garden available 😎 Cool place,51.4743,-0.0149409,1,PECKHAM RYE RED ALE,£5.80,5.8,"https://www.pint-prices.com/pub/55%20Guildford%20Grove,%20London%20SE10%208JY,%20UK/The%20Guildford%20Arms",2026-07-03T23:10:47+00:00
The Guildford Arms,"55 Guildford Grove, London SE10 8JY, UK",020 8691 6293 🌐 http://www.theguildfordarms.co.uk/ 📧mail@theguildfordarms.co.uk 🍽️ Food available 🍹 Cocktails available ☀️ Beer garden available 😎 Cool place,51.4743,-0.0149409,2,GUINNESS,£6.30,6.3,"https://www.pint-prices.com/pub/55%20Guildford%20Grove,%20London%20SE10%208JY,%20UK/The%20Guildford%20Arms",2026-07-03T23:10:47+00:00
The Guildford Arms,"55 Guildford Grove, London SE10 8JY, UK",020 8691 6293 🌐 http://www.theguildfordarms.co.uk/ 📧mail@theguildfordarms.co.uk 🍽️ Food available 🍹 Cocktails available ☀️ Beer garden available 😎 Cool place,51.4743,-0.0149409,3,PECKHAM PILS LAGER,£6.50,6.5,"https://www.pint-prices.com/pub/55%20Guildford%20Grove,%20London%20SE10%208JY,%20UK/The%20Guildford%20Arms",2026-07-03T23:10:47+00:00
Rose & Crown,"55 High St, London SW19 5BA",020 8947 4713 🌐 https://www.roseandcrownwimbledon.co.uk/ 📧roseandcrown@youngs.co.uk 🍽️ Food available ☀️ Beer garden available ⚽ Live sports shown,51.4258,-0.220655,1,YOUNG'S BITTER,£5.65,5.65,"https://www.pint-prices.com/pub/55%20High%20St,%20London%20SW19%205BA/Rose%20%26%20Crown",2026-07-03T23:10:47+00:00
Rose & Crown,"55 High St, London SW19 5BA",020 8947 4713 🌐 https://www.roseandcrownwimbledon.co.uk/ 📧roseandcrown@youngs.co.uk 🍽️ Food available ☀️ Beer garden available ⚽ Live sports shown,51.4258,-0.220655,2,PRAVHA,£6.05,6.05,"https://www.pint-prices.com/pub/55%20High%20St,%20London%20SW19%205BA/Rose%20%26%20Crown",2026-07-03T23:10:47+00:00
Rose & Crown,"55 High St, London SW19 5BA",020 8947 4713 🌐 https://www.roseandcrownwimbledon.co.uk/ 📧roseandcrown@youngs.co.uk 🍽️ Food available ☀️ Beer garden available ⚽ Live sports shown,51.4258,-0.220655,3,GUINNESS,£6.60,6.6,"https://www.pint-prices.com/pub/55%20High%20St,%20London%20SW19%205BA/Rose%20%26%20Crown",2026-07-03T23:10:47+00:00
Rose & Crown,"55 High St, London SW19 5BA",020 8947 4713 🌐 https://www.roseandcrownwimbledon.co.uk/ 📧roseandcrown@youngs.co.uk 🍽️ Food available ☀️ Beer garden available ⚽ Live sports shown,51.4258,-0.220655,4,ESTRELLA,£6.75,6.75,"https://www.pint-prices.com/pub/55%20High%20St,%20London%20SW19%205BA/Rose%20%26%20Crown",2026-07-03T23:10:47+00:00
Rose & Crown,"55 High St, London SW19 5BA",020 8947 4713 🌐 https://www.roseandcrownwimbledon.co.uk/ 📧roseandcrown@youngs.co.uk 🍽️ Food available ☀️ Beer garden available ⚽ Live sports shown,51.4258,-0.220655,5,PERONI,£6.95,6.95,"https://www.pint-prices.com/pub/55%20High%20St,%20London%20SW19%205BA/Rose%20%26%20Crown",2026-07-03T23:10:47+00:00
Rose & Crown,"55 High St, London SW19 5BA",020 8947 4713 🌐 https://www.roseandcrownwimbledon.co.uk/ 📧roseandcrown@youngs.co.uk 🍽️ Food available ☀️ Beer garden available ⚽ Live sports shown,51.4258,-0.220655,6,NECK OIL,£7.10,7.1,"https://www.pint-prices.com/pub/55%20High%20St,%20London%20SW19%205BA/Rose%20%26%20Crown",2026-07-03T23:10:47+00:00
The Kings Arms,"55 The Grove, London W5 5DX, UK",020 8567 0606 🌐 https://www.thekingsarmsealing.com/ 📧info@thekingsarmsealing.com 🍽️ Food available ⚽ Live sports shown 🎸 Live music ❓ Pub quiz available 🎯 Darts available 🎱 Pool available,51.511,-0.302159,1,FOSTERS,£5.15,5.15,"https://www.pint-prices.com/pub/55%20The%20Grove,%20London%20W5%205DX,%20UK/The%20Kings%20Arms",2026-07-03T23:10:47+00:00
The Kings Arms,"55 The Grove, London W5 5DX, UK",020 8567 0606 🌐 https://www.thekingsarmsealing.com/ 📧info@thekingsarmsealing.com 🍽️ Food available ⚽ Live sports shown 🎸 Live music ❓ Pub quiz available 🎯 Darts available 🎱 Pool available,51.511,-0.302159,2,LONDON PRIDE,£5.35,5.35,"https://www.pint-prices.com/pub/55%20The%20Grove,%20London%20W5%205DX,%20UK/The%20Kings%20Arms",2026-07-03T23:10:47+00:00
The Kings Arms,"55 The Grove, London W5 5DX, UK",020 8567 0606 🌐 https://www.thekingsarmsealing.com/ 📧info@thekingsarmsealing.com 🍽️ Food available ⚽ Live sports shown 🎸 Live music ❓ Pub quiz available 🎯 Darts available 🎱 Pool available,51.511,-0.302159,3,STELLA ARTOIS,£6.50,6.5,"https://www.pint-prices.com/pub/55%20The%20Grove,%20London%20W5%205DX,%20UK/The%20Kings%20Arms",2026-07-03T23:10:47+00:00
The Kings Arms,"55 The Grove, London W5 5DX, UK",020 8567 0606 🌐 https://www.thekingsarmsealing.com/ 📧info@thekingsarmsealing.com 🍽️ Food available ⚽ Live sports shown 🎸 Live music ❓ Pub quiz available 🎯 Darts available 🎱 Pool available,51.511,-0.302159,4,MADRI,£6.55,6.55,"https://www.pint-prices.com/pub/55%20The%20Grove,%20London%20W5%205DX,%20UK/The%20Kings%20Arms",2026-07-03T23:10:47+00:00
The Kings Arms,"55 The Grove, London W5 5DX, UK",020 8567 0606 🌐 https://www.thekingsarmsealing.com/ 📧info@thekingsarmsealing.com 🍽️ Food available ⚽ Live sports shown 🎸 Live music ❓ Pub quiz available 🎯 Darts available 🎱 Pool available,51.511,-0.302159,5,BIRRA MORETTI,£6.80,6.8,"https://www.pint-prices.com/pub/55%20The%20Grove,%20London%20W5%205DX,%20UK/The%20Kings%20Arms",2026-07-03T23:10:47+00:00
The Kings Arms,"55 The Grove, London W5 5DX, UK",020 8567 0606 🌐 https://www.thekingsarmsealing.com/ 📧info@thekingsarmsealing.com 🍽️ Food available ⚽ Live sports shown 🎸 Live music ❓ Pub quiz available 🎯 Darts available 🎱 Pool available,51.511,-0.302159,6,NECK OIL,£7.20,7.2,"https://www.pint-prices.com/pub/55%20The%20Grove,%20London%20W5%205DX,%20UK/The%20Kings%20Arms",2026-07-03T23:10:47+00:00
The Nonsuch Inn - JD Wetherspoon,"552-556 London Road, North Cheam, SM3 9AA",🍽️ Food available,51.3724,-0.22596,1,BUD LIGHT,£2.43,2.43,"https://www.pint-prices.com/pub/552-556%20London%20Road,%20North%20Cheam,%20SM3%209AA/The%20Nonsuch%20Inn%20-%20JD%20Wetherspoon",2026-07-03T23:10:47+00:00
The Nonsuch Inn - JD Wetherspoon,"552-556 London Road, North Cheam, SM3 9AA",🍽️ Food available,51.3724,-0.22596,2,CARLSBERG PILSNER,£2.66,2.66,"https://www.pint-prices.com/pub/552-556%20London%20Road,%20North%20Cheam,%20SM3%209AA/The%20Nonsuch%20Inn%20-%20JD%20Wetherspoon",2026-07-03T23:10:47+00:00
The Nonsuch Inn - JD Wetherspoon,"552-556 London Road, North Cheam, SM3 9AA",🍽️ Food available,51.3724,-0.22596,3,BUDWEISER,£2.88,2.88,"https://www.pint-prices.com/pub/552-556%20London%20Road,%20North%20Cheam,%20SM3%209AA/The%20Nonsuch%20Inn%20-%20JD%20Wetherspoon",2026-07-03T23:10:47+00:00
The Nonsuch Inn - JD Wetherspoon,"552-556 London Road, North Cheam, SM3 9AA",🍽️ Food available,51.3724,-0.22596,4,CARLING,£2.88,2.88,"https://www.pint-prices.com/pub/552-556%20London%20Road,%20North%20Cheam,%20SM3%209AA/The%20Nonsuch%20Inn%20-%20JD%20Wetherspoon",2026-07-03T23:10:47+00:00
The Nonsuch Inn - JD Wetherspoon,"552-556 London Road, North Cheam, SM3 9AA",🍽️ Food available,51.3724,-0.22596,5,COORS,£2.88,2.88,"https://www.pint-prices.com/pub/552-556%20London%20Road,%20North%20Cheam,%20SM3%209AA/The%20Nonsuch%20Inn%20-%20JD%20Wetherspoon",2026-07-03T23:10:47+00:00
The Nonsuch Inn - JD Wetherspoon,"552-556 London Road, North Cheam, SM3 9AA",🍽️ Food available,51.3724,-0.22596,6,GUINNESS,£3.32,3.32,"https://www.pint-prices.com/pub/552-556%20London%20Road,%20North%20Cheam,%20SM3%209AA/The%20Nonsuch%20Inn%20-%20JD%20Wetherspoon",2026-07-03T23:10:47+00:00
The Nonsuch Inn - JD Wetherspoon,"552-556 London Road, North Cheam, SM3 9AA",🍽️ Food available,51.3724,-0.22596,7,STELLA ARTOIS,£3.84,3.84,"https://www.pint-prices.com/pub/552-556%20London%20Road,%20North%20Cheam,%20SM3%209AA/The%20Nonsuch%20Inn%20-%20JD%20Wetherspoon",2026-07-03T23:10:47+00:00
The Nonsuch Inn - JD Wetherspoon,"552-556 London Road, North Cheam, SM3 9AA",🍽️ Food available,51.3724,-0.22596,8,CORONA,£3.95,3.95,"https://www.pint-prices.com/pub/552-556%20London%20Road,%20North%20Cheam,%20SM3%209AA/The%20Nonsuch%20Inn%20-%20JD%20Wetherspoon",2026-07-03T23:10:47+00:00
The Nonsuch Inn - JD Wetherspoon,"552-556 London Road, North Cheam, SM3 9AA",🍽️ Food available,51.3724,-0.22596,9,SAN MIGUEL,£3.95,3.95,"https://www.pint-prices.com/pub/552-556%20London%20Road,%20North%20Cheam,%20SM3%209AA/The%20Nonsuch%20Inn%20-%20JD%20Wetherspoon",2026-07-03T23:10:47+00:00
The Nonsuch Inn - JD Wetherspoon,"552-556 London Road, North Cheam, SM3 9AA",🍽️ Food available,51.3724,-0.22596,10,LEFFE BLONDE,£4.28,4.28,"https://www.pint-prices.com/pub/552-556%20London%20Road,%20North%20Cheam,%20SM3%209AA/The%20Nonsuch%20Inn%20-%20JD%20Wetherspoon",2026-07-03T23:10:47+00:00
J.J. Moon's - JD Wetherspoon,"553 Kingsbury Road, Kingsbury, NW9 9EL",🍽️ Food available,51.5846,-0.279991,1,BUD LIGHT,£2.43,2.43,"https://www.pint-prices.com/pub/553%20Kingsbury%20Road,%20Kingsbury,%20NW9%209EL/J.J.%20Moon's%20-%20JD%20Wetherspoon",2026-07-03T23:10:47+00:00
J.J. Moon's - JD Wetherspoon,"553 Kingsbury Road, Kingsbury, NW9 9EL",🍽️ Food available,51.5846,-0.279991,2,CARLSBERG PILSNER,£2.66,2.66,"https://www.pint-prices.com/pub/553%20Kingsbury%20Road,%20Kingsbury,%20NW9%209EL/J.J.%20Moon's%20-%20JD%20Wetherspoon",2026-07-03T23:10:47+00:00
J.J. Moon's - JD Wetherspoon,"553 Kingsbury Road, Kingsbury, NW9 9EL",🍽️ Food available,51.5846,-0.279991,3,GUINNESS,£3.32,3.32,"https://www.pint-prices.com/pub/553%20Kingsbury%20Road,%20Kingsbury,%20NW9%209EL/J.J.%20Moon's%20-%20JD%20Wetherspoon",2026-07-03T23:10:47+00:00
J.J. Moon's - JD Wetherspoon,"553 Kingsbury Road, Kingsbury, NW9 9EL",🍽️ Food available,51.5846,-0.279991,4,BUDWEISER,£3.37,3.37,"https://www.pint-prices.com/pub/553%20Kingsbury%20Road,%20Kingsbury,%20NW9%209EL/J.J.%20Moon's%20-%20JD%20Wetherspoon",2026-07-03T23:10:47+00:00
J.J. Moon's - JD Wetherspoon,"553 Kingsbury Road, Kingsbury, NW9 9EL",🍽️ Food available,51.5846,-0.279991,5,CARLING,£3.54,3.54,"https://www.pint-prices.com/pub/553%20Kingsbury%20Road,%20Kingsbury,%20NW9%209EL/J.J.%20Moon's%20-%20JD%20Wetherspoon",2026-07-03T23:10:47+00:00
J.J. Moon's - JD Wetherspoon,"553 Kingsbury Road, Kingsbury, NW9 9EL",🍽️ Food available,51.5846,-0.279991,6,COORS,£3.54,3.54,"https://www.pint-prices.com/pub/553%20Kingsbury%20Road,%20Kingsbury,%20NW9%209EL/J.J.%20Moon's%20-%20JD%20Wetherspoon",2026-07-03T23:10:47+00:00
J.J. Moon's - JD Wetherspoon,"553 Kingsbury Road, Kingsbury, NW9 9EL",🍽️ Food available,51.5846,-0.279991,7,STELLA ARTOIS,£3.84,3.84,"https://www.pint-prices.com/pub/553%20Kingsbury%20Road,%20Kingsbury,%20NW9%209EL/J.J.%20Moon's%20-%20JD%20Wetherspoon",2026-07-03T23:10:47+00:00
J.J. Moon's - JD Wetherspoon,"553 Kingsbury Road, Kingsbury, NW9 9EL",🍽️ Food available,51.5846,-0.279991,8,CORONA,£3.95,3.95,"https://www.pint-prices.com/pub/553%20Kingsbury%20Road,%20Kingsbury,%20NW9%209EL/J.J.%20Moon's%20-%20JD%20Wetherspoon",2026-07-03T23:10:47+00:00
J.J. Moon's - JD Wetherspoon,"553 Kingsbury Road, Kingsbury, NW9 9EL",🍽️ Food available,51.5846,-0.279991,9,SAN MIGUEL,£3.95,3.95,"https://www.pint-prices.com/pub/553%20Kingsbury%20Road,%20Kingsbury,%20NW9%209EL/J.J.%20Moon's%20-%20JD%20Wetherspoon",2026-07-03T23:10:47+00:00
J.J. Moon's - JD Wetherspoon,"553 Kingsbury Road, Kingsbury, NW9 9EL",🍽️ Food available,51.5846,-0.279991,10,LEFFE BLONDE,£4.28,4.28,"https://www.pint-prices.com/pub/553%20Kingsbury%20Road,%20Kingsbury,%20NW9%209EL/J.J.%20Moon's%20-%20JD%20Wetherspoon",2026-07-03T23:10:47+00:00
Cafe Sol,"56 Clapham High St, London SW4 7UL",🍽️ Food available 🍹 Cocktails available ☀️ Beer garden available 😎 Cool place,51.4639,-0.132851,1,MAGNERS,£5.60,5.6,"https://www.pint-prices.com/pub/56%20Clapham%20High%20St,%20London%20SW4%207UL/Cafe%20Sol",2026-07-03T23:10:47+00:00
The Pilot,"56 Wellesley Rd, London W4 4BZ",🌐 https://www.pilot-chiswick.co.uk/ 🍽️ Food available ☀️ Beer garden available ⚽ Live sports shown ❓ Pub quiz available,51.4903,-0.277183,1,AMSTEL,£5.95,5.95,"https://www.pint-prices.com/pub/56%20Wellesley%20Rd,%20London%20W4%204BZ/The%20Pilot",2026-07-03T23:10:47+00:00
J.J. Moon's - JD Wetherspoon,"56a High Street, Tooting, SW17 0RN",🌐 https://www.jdwetherspoon.com/pubs/all-pubs/england/london/jj-moons-tooting 🍽️ Food available ☀️ Beer garden available,51.4274,-0.169117,1,BUD LIGHT,£2.43,2.43,"https://www.pint-prices.com/pub/56a%20High%20Street,%20Tooting,%20SW17%200RN/J.J.%20Moon's%20-%20JD%20Wetherspoon",2026-07-03T23:10:47+00:00
J.J. Moon's - JD Wetherspoon,"56a High Street, Tooting, SW17 0RN",🌐 https://www.jdwetherspoon.com/pubs/all-pubs/england/london/jj-moons-tooting 🍽️ Food available ☀️ Beer garden available,51.4274,-0.169117,2,CARLSBERG PILSNER,£2.66,2.66,"https://www.pint-prices.com/pub/56a%20High%20Street,%20Tooting,%20SW17%200RN/J.J.%20Moon's%20-%20JD%20Wetherspoon",2026-07-03T23:10:47+00:00
J.J. Moon's - JD Wetherspoon,"56a High Street, Tooting, SW17 0RN",🌐 https://www.jdwetherspoon.com/pubs/all-pubs/england/london/jj-moons-tooting 🍽️ Food available ☀️ Beer garden available,51.4274,-0.169117,3,GUINNESS,£3.32,3.32,"https://www.pint-prices.com/pub/56a%20High%20Street,%20Tooting,%20SW17%200RN/J.J.%20Moon's%20-%20JD%20Wetherspoon",2026-07-03T23:10:47+00:00
J.J. Moon's - JD Wetherspoon,"56a High Street, Tooting, SW17 0RN",🌐 https://www.jdwetherspoon.com/pubs/all-pubs/england/london/jj-moons-tooting 🍽️ Food available ☀️ Beer garden available,51.4274,-0.169117,4,CARLING,£3.64,3.64,"https://www.pint-prices.com/pub/56a%20High%20Street,%20Tooting,%20SW17%200RN/J.J.%20Moon's%20-%20JD%20Wetherspoon",2026-07-03T23:10:47+00:00
J.J. Moon's - JD Wetherspoon,"56a High Street, Tooting, SW17 0RN",🌐 https://www.jdwetherspoon.com/pubs/all-pubs/england/london/jj-moons-tooting 🍽️ Food available ☀️ Beer garden available,51.4274,-0.169117,5,COORS,£3.64,3.64,"https://www.pint-prices.com/pub/56a%20High%20Street,%20Tooting,%20SW17%200RN/J.J.%20Moon's%20-%20JD%20Wetherspoon",2026-07-03T23:10:47+00:00
J.J. Moon's - JD Wetherspoon,"56a High Street, Tooting, SW17 0RN",🌐 https://www.jdwetherspoon.com/pubs/all-pubs/england/london/jj-moons-tooting 🍽️ Food available ☀️ Beer garden available,51.4274,-0.169117,6,BUDWEISER,£3.84,3.84,"https://www.pint-prices.com/pub/56a%20High%20Street,%20Tooting,%20SW17%200RN/J.J.%20Moon's%20-%20JD%20Wetherspoon",2026-07-03T23:10:47+00:00
J.J. Moon's - JD Wetherspoon,"56a High Street, Tooting, SW17 0RN",🌐 https://www.jdwetherspoon.com/pubs/all-pubs/england/london/jj-moons-tooting 🍽️ Food available ☀️ Beer garden available,51.4274,-0.169117,7,STELLA ARTOIS,£3.95,3.95,"https://www.pint-prices.com/pub/56a%20High%20Street,%20Tooting,%20SW17%200RN/J.J.%20Moon's%20-%20JD%20Wetherspoon",2026-07-03T23:10:47+00:00
J.J. Moon's - JD Wetherspoon,"56a High Street, Tooting, SW17 0RN",🌐 https://www.jdwetherspoon.com/pubs/all-pubs/england/london/jj-moons-tooting 🍽️ Food available ☀️ Beer garden available,51.4274,-0.169117,8,CORONA,£4.06,4.06,"https://www.pint-prices.com/pub/56a%20High%20Street,%20Tooting,%20SW17%200RN/J.J.%20Moon's%20-%20JD%20Wetherspoon",2026-07-03T23:10:47+00:00
J.J. Moon's - JD Wetherspoon,"56a High Street, Tooting, SW17 0RN",🌐 https://www.jdwetherspoon.com/pubs/all-pubs/england/london/jj-moons-tooting 🍽️ Food available ☀️ Beer garden available,51.4274,-0.169117,9,SAN MIGUEL,£4.06,4.06,"https://www.pint-prices.com/pub/56a%20High%20Street,%20Tooting,%20SW17%200RN/J.J.%20Moon's%20-%20JD%20Wetherspoon",2026-07-03T23:10:47+00:00
J.J. Moon's - JD Wetherspoon,"56a High Street, Tooting, SW17 0RN",🌐 https://www.jdwetherspoon.com/pubs/all-pubs/england/london/jj-moons-tooting 🍽️ Food available ☀️ Beer garden available,51.4274,-0.169117,10,LEFFE BLONDE,£4.40,4.4,"https://www.pint-prices.com/pub/56a%20High%20Street,%20Tooting,%20SW17%200RN/J.J.%20Moon's%20-%20JD%20Wetherspoon",2026-07-03T23:10:47+00:00
The Shakespeare,"57 Allen Rd, London N16 8RY",🌐 https://theshakespeare.co.uk/ ☀️ Beer garden available 🎸 Live music ❓ Pub quiz available,51.5555,-0.0818223,1,GUINNESS,£6.90,6.9,"https://www.pint-prices.com/pub/57%20Allen%20Rd,%20London%20N16%208RY/The%20Shakespeare",2026-07-03T23:10:47+00:00
The Shakespeare,"57 Allen Rd, London N16 8RY",🌐 https://theshakespeare.co.uk/ ☀️ Beer garden available 🎸 Live music ❓ Pub quiz available,51.5555,-0.0818223,2,ASPALLS,£6.90,6.9,"https://www.pint-prices.com/pub/57%20Allen%20Rd,%20London%20N16%208RY/The%20Shakespeare",2026-07-03T23:10:47+00:00
The Cross Keys,"57 Black Lion Ln, London W6 9BG, UK",020 8563 7032 🌐 http://www.crosskeyshammersmith.co.uk/?utm_source=googlemybusiness&utm_medium=organic&utm_campaign=g 🍽️ Food available ☀️ Beer garden available ⚽ Live sports shown ❓ Pub quiz available 🎯 Darts available ⏰ Happy hour,51.4918,-0.242724,1,FOSTERS,£5.00,5.0,"https://www.pint-prices.com/pub/57%20Black%20Lion%20Ln,%20London%20W6%209BG,%20UK/The%20Cross%20Keys",2026-07-03T23:10:47+00:00
Golden Lion,"57 FULHAM HIGH STREET, FULHAM, LONDON, SW6 3JJ",🌐 https://www.thegoldenlionfulham.co.uk/#/ 🍽️ Food available 🍹 Cocktails available ☀️ Beer garden available ⚽ Live sports shown,51.4699,-0.210014,1,GUINNESS,£5.10,5.1,"https://www.pint-prices.com/pub/57%20FULHAM%20HIGH%20STREET,%20FULHAM,%20LONDON,%20SW6%203JJ/Golden%20Lion",2026-07-03T23:10:47+00:00
Golden Lion,"57 Fulham High St, London SW6 3JJ",🌐 https://www.thegoldenlionfulham.co.uk/#/ 🍽️ Food available ⚽ Live sports shown,51.4699,-0.210014,1,CARLING,£4.35,4.35,"https://www.pint-prices.com/pub/57%20Fulham%20High%20St,%20London%20SW6%203JJ/Golden%20Lion",2026-07-03T23:10:47+00:00
Hemingways,"57 High Street Wimbledon, London SW19 5EE",020 8944 7722 🍽️ Food available 🍹 Cocktails available,51.4254,-0.219242,1,BOTTLES,£6.50,6.5,"https://www.pint-prices.com/pub/57%20High%20Street%20Wimbledon,%20London%20SW19%205EE/Hemingways",2026-07-03T23:10:47+00:00
The Angelic,"57 Liverpool Rd, London N1 0RJ",🌐 https://www.pubanddining.co.uk/angelic-islington 🍽️ Food available ☀️ Beer garden available ⚽ Live sports shown,51.5348,-0.107361,1,AMSTEL,£6.00,6.0,"https://www.pint-prices.com/pub/57%20Liverpool%20Rd,%20London%20N1%200RJ/The%20Angelic",2026-07-03T23:10:47+00:00
The Havelock Tavern,"57 Masbro Rd, London W14 0LS, UK",020 7603 5374 🌐 https://www.havelocktavern.com/ 🍽️ Food available ☀️ Beer garden available ⚽ Live sports shown ❓ Pub quiz available,51.4993,-0.216127,1,ROSA BLANCA,£5.75,5.75,"https://www.pint-prices.com/pub/57%20Masbro%20Rd,%20London%20W14%200LS,%20UK/The%20Havelock%20Tavern",2026-07-03T23:10:47+00:00
Bargo,"57 Orford Rd, London E17 9NJ, UK",🌐 https://bargolondon.co.uk/ 📧hello@bargolondon.co.uk 🍽️ Food available 🍹 Cocktails available,51.5823,-0.0128854,1,BIRRA MORETTI,£5.90,5.9,"https://www.pint-prices.com/pub/57%20Orford%20Rd,%20London%20E17%209NJ,%20UK/Bargo",2026-07-03T23:10:47+00:00
Bargo,"57 Orford Rd, London E17 9NJ, UK",🌐 https://bargolondon.co.uk/ 📧hello@bargolondon.co.uk 🍽️ Food available 🍹 Cocktails available,51.5823,-0.0128854,2,BRIXTON RELIANCE,£5.90,5.9,"https://www.pint-prices.com/pub/57%20Orford%20Rd,%20London%20E17%209NJ,%20UK/Bargo",2026-07-03T23:10:47+00:00
The White Bear,"57 St John St, London EC1M 4AN",🌐 https://www.whitebearfarringdon.com/ 🍽️ Food available 🍹 Cocktails available,51.5212,-0.10179,1,MAHOU,£6.80,6.8,"https://www.pint-prices.com/pub/57%20St%20John%20St,%20London%20EC1M%204AN/The%20White%20Bear",2026-07-03T23:10:47+00:00
Prospect of Whitby,"57 Wapping Wall, E1W 3SH",🌐 https://www.greeneking.co.uk/pubs/greater-london/prospect-of-whitby 🍽️ Food available 🍹 Cocktails available ☀️ Beer garden available,51.5071,-0.0511255,1,PROSPECT ALE,£5.00,5.0,"https://www.pint-prices.com/pub/57%20Wapping%20Wall,%20E1W%203SH/Prospect%20of%20Whitby",2026-07-03T23:10:47+00:00
Prospect of Whitby,"57 Wapping Wall, E1W 3SH",🌐 https://www.greeneking.co.uk/pubs/greater-london/prospect-of-whitby 🍽️ Food available 🍹 Cocktails available ☀️ Beer garden available,51.5071,-0.0511255,2,AMSTEL,£6.20,6.2,"https://www.pint-prices.com/pub/57%20Wapping%20Wall,%20E1W%203SH/Prospect%20of%20Whitby",2026-07-03T23:10:47+00:00
Prospect of Whitby,"57 Wapping Wall, E1W 3SH",🌐 https://www.greeneking.co.uk/pubs/greater-london/prospect-of-whitby 🍽️ Food available 🍹 Cocktails available ☀️ Beer garden available,51.5071,-0.0511255,3,GUINNESS,£6.35,6.35,"https://www.pint-prices.com/pub/57%20Wapping%20Wall,%20E1W%203SH/Prospect%20of%20Whitby",2026-07-03T23:10:47+00:00
Prospect of Whitby,"57 Wapping Wall, E1W 3SH",🌐 https://www.greeneking.co.uk/pubs/greater-london/prospect-of-whitby 🍽️ Food available 🍹 Cocktails available ☀️ Beer garden available,51.5071,-0.0511255,4,ESTRELLA,£6.90,6.9,"https://www.pint-prices.com/pub/57%20Wapping%20Wall,%20E1W%203SH/Prospect%20of%20Whitby",2026-07-03T23:10:47+00:00
Prospect of Whitby,"57 Wapping Wall, E1W 3SH",🌐 https://www.greeneking.co.uk/pubs/greater-london/prospect-of-whitby 🍽️ Food available 🍹 Cocktails available ☀️ Beer garden available,51.5071,-0.0511255,5,PERONI,£7.25,7.25,"https://www.pint-prices.com/pub/57%20Wapping%20Wall,%20E1W%203SH/Prospect%20of%20Whitby",2026-07-03T23:10:47+00:00
Prospect of Whitby,"57 Wapping Wall, E1W 3SH",🌐 https://www.greeneking.co.uk/pubs/greater-london/prospect-of-whitby 🍽️ Food available 🍹 Cocktails available ☀️ Beer garden available,51.5071,-0.0511255,6,NECK OIL,£7.50,7.5,"https://www.pint-prices.com/pub/57%20Wapping%20Wall,%20E1W%203SH/Prospect%20of%20Whitby",2026-07-03T23:10:47+00:00
The Craft Beer Co. Limehouse,"576 Commercial Rd, London E14 7JD",🌐 https://www.thecraftbeerco.com/limehouse 🍽️ Food available 🎸 Live music ❓ Pub quiz available,51.5126,-0.0401249,1,BOHEM MARTINA PILS,£5.95,5.95,"https://www.pint-prices.com/pub/576%20Commercial%20Rd,%20London%20E14%207JD/The%20Craft%20Beer%20Co.%20Limehouse",2026-07-03T23:10:47+00:00
The Lucky Saint,"58 Devonshire St, London W1W 5EA",🌐 https://luckysaint.co/pages/the-lucky-saint-pub-london-w1 ☀️ Beer garden available,51.5223,-0.14423,1,CAMDEN HELLS,£6.20,6.2,"https://www.pint-prices.com/pub/58%20Devonshire%20St,%20London%20W1W%205EA/The%20Lucky%20Saint",2026-07-03T23:10:47+00:00
Hicce Hart,"58 Penton St, London N1 9PZ",🌐 https://hicce.co.uk/the-hicce-hart-pub/ 🍽️ Food available ☀️ Beer garden available 🎸 Live music ❓ Pub quiz available,51.5334,-0.111234,1,SUNSHINE LAGER,£5.80,5.8,"https://www.pint-prices.com/pub/58%20Penton%20St,%20London%20N1%209PZ/Hicce%20Hart",2026-07-03T23:10:47+00:00
The Kings,"59 Essex Rd, London N1 2SF",☀️ Beer garden available ⚽ Live sports shown,51.5376,-0.100489,1,FOSTERS,£4.40,4.4,"https://www.pint-prices.com/pub/59%20Essex%20Rd,%20London%20N1%202SF/The%20Kings",2026-07-03T23:10:47+00:00
The Prince,"59 Kynaston Rd, London N16 0EB",🌐 https://www.theprincen16.com/ 🍽️ Food available 🍹 Cocktails available ☀️ Beer garden available ❓ Pub quiz available,51.5601,-0.0783483,1,BUDVAR,£5.90,5.9,"https://www.pint-prices.com/pub/59%20Kynaston%20Rd,%20London%20N16%200EB/The%20Prince",2026-07-03T23:10:47+00:00
The Alma Newington Green,"59 Newington Green Rd, London N1 4QU, UK",020 7226 3531 🌐 https://thealmaislington.com/ 📧BOOK@TheAlmaIslington.com 🍽️ Food available 🍹 Cocktails available ☀️ Beer garden available ⚽ Live sports shown 🎸 Live music ❓ Pub quiz available ⏰ Happy hour,51.5484,-0.0878179,1,BECKS,£5.60,5.6,"https://www.pint-prices.com/pub/59%20Newington%20Green%20Rd,%20London%20N1%204QU,%20UK/The%20Alma%20Newington%20Green",2026-07-03T23:10:47+00:00
The Alma Newington Green,"59 Newington Green Rd, London N1 4QU, UK",020 7226 3531 🌐 https://thealmaislington.com/ 📧BOOK@TheAlmaIslington.com 🍽️ Food available 🍹 Cocktails available ☀️ Beer garden available ⚽ Live sports shown 🎸 Live music ❓ Pub quiz available ⏰ Happy hour,51.5484,-0.0878179,2,BUDWEISER,£5.60,5.6,"https://www.pint-prices.com/pub/59%20Newington%20Green%20Rd,%20London%20N1%204QU,%20UK/The%20Alma%20Newington%20Green",2026-07-03T23:10:47+00:00
The Alma Newington Green,"59 Newington Green Rd, London N1 4QU, UK",020 7226 3531 🌐 https://thealmaislington.com/ 📧BOOK@TheAlmaIslington.com 🍽️ Food available 🍹 Cocktails available ☀️ Beer garden available ⚽ Live sports shown 🎸 Live music ❓ Pub quiz available ⏰ Happy hour,51.5484,-0.0878179,3,GUINNESS,£5.70,5.7,"https://www.pint-prices.com/pub/59%20Newington%20Green%20Rd,%20London%20N1%204QU,%20UK/The%20Alma%20Newington%20Green",2026-07-03T23:10:47+00:00
The Alma Newington Green,"59 Newington Green Rd, London N1 4QU, UK",020 7226 3531 🌐 https://thealmaislington.com/ 📧BOOK@TheAlmaIslington.com 🍽️ Food available 🍹 Cocktails available ☀️ Beer garden available ⚽ Live sports shown 🎸 Live music ❓ Pub quiz available ⏰ Happy hour,51.5484,-0.0878179,4,STELLA ARTOIS,£5.90,5.9,"https://www.pint-prices.com/pub/59%20Newington%20Green%20Rd,%20London%20N1%204QU,%20UK/The%20Alma%20Newington%20Green",2026-07-03T23:10:47+00:00
The Alma Newington Green,"59 Newington Green Rd, London N1 4QU, UK",020 7226 3531 🌐 https://thealmaislington.com/ 📧BOOK@TheAlmaIslington.com 🍽️ Food available 🍹 Cocktails available ☀️ Beer garden available ⚽ Live sports shown 🎸 Live music ❓ Pub quiz available ⏰ Happy hour,51.5484,-0.0878179,5,MAHOU,£6.20,6.2,"https://www.pint-prices.com/pub/59%20Newington%20Green%20Rd,%20London%20N1%204QU,%20UK/The%20Alma%20Newington%20Green",2026-07-03T23:10:47+00:00
The Alma,"59 Newington Green Rd, London N1 4QU",🌐 https://thealmaislington.com/ 🍽️ Food available ☀️ Beer garden available ⚽ Live sports shown 🎸 Live music,51.5484,-0.0878179,1,BECKS,£5.40,5.4,"https://www.pint-prices.com/pub/59%20Newington%20Green%20Rd,%20London%20N1%204QU/The%20Alma",2026-07-03T23:10:47+00:00
The William Morris,"59a Between Towns Road, OX4 3LR",,51.7323,-1.21765,1,GUINNESS,£3.15,3.15,"https://www.pint-prices.com/pub/59a%20Between%20Towns%20Road,%20OX4%203LR/The%20William%20Morris",2026-07-03T23:10:47+00:00
The Prince Alfred,"5A Formosa St, London W9 1EE",🌐 https://www.theprincealfred.com/ 🍽️ Food available 🍹 Cocktails available ⚽ Live sports shown ❓ Pub quiz available,51.5245,-0.184918,1,PRAVHA,£6.05,6.05,"https://www.pint-prices.com/pub/5A%20Formosa%20St,%20London%20W9%201EE/The%20Prince%20Alfred",2026-07-03T23:10:47+00:00
The Rosy Hue,"6 Ash Ave, Elephant and Castle, London SE17 1GQ",🌐 https://therosyhue.co.uk/ 🍽️ Food available 🍹 Cocktails available ☀️ Beer garden available ⚽ Live sports shown ❓ Pub quiz available ⏰ Happy hour,51.4939,-0.0973285,1,PRAVHA,£5.40,5.4,"https://www.pint-prices.com/pub/6%20Ash%20Ave,%20Elephant%20and%20Castle,%20London%20SE17%201GQ/The%20Rosy%20Hue",2026-07-03T23:10:47+00:00
The Star Tavern,"6 Belgrave Mews West, London SW1X 8HT",🌐 https://www.star-tavern-belgravia.co.uk/ 🍽️ Food available,51.4984,-0.155835,1,ASAHI,£6.75,6.75,"https://www.pint-prices.com/pub/6%20Belgrave%20Mews%20West,%20London%20SW1X%208HT/The%20Star%20Tavern",2026-07-03T23:10:47+00:00
Blue Posts,"6 Bennet Street, SW1A 1RP",🌐 https://www.greeneking.co.uk/pubs/greater-london/blue-posts 🍽️ Food available 🍹 Cocktails available ☀️ Beer garden available,51.5071,-0.140758,1,GUINNESS,£6.50,6.5,"https://www.pint-prices.com/pub/6%20Bennet%20Street,%20SW1A%201RP/Blue%20Posts",2026-07-03T23:10:47+00:00
Blue Posts,"6 Bennet Street, SW1A 1RP",🌐 https://www.greeneking.co.uk/pubs/greater-london/blue-posts 🍽️ Food available 🍹 Cocktails available ☀️ Beer garden available,51.5071,-0.140758,2,ESTRELLA,£7.10,7.1,"https://www.pint-prices.com/pub/6%20Bennet%20Street,%20SW1A%201RP/Blue%20Posts",2026-07-03T23:10:47+00:00
Blue Posts,"6 Bennet Street, SW1A 1RP",🌐 https://www.greeneking.co.uk/pubs/greater-london/blue-posts 🍽️ Food available 🍹 Cocktails available ☀️ Beer garden available,51.5071,-0.140758,3,BIRRA MORETTI,£7.25,7.25,"https://www.pint-prices.com/pub/6%20Bennet%20Street,%20SW1A%201RP/Blue%20Posts",2026-07-03T23:10:47+00:00
Blue Posts,"6 Bennet Street, SW1A 1RP",🌐 https://www.greeneking.co.uk/pubs/greater-london/blue-posts 🍽️ Food available 🍹 Cocktails available ☀️ Beer garden available,51.5071,-0.140758,4,NECK OIL,£7.45,7.45,"https://www.pint-prices.com/pub/6%20Bennet%20Street,%20SW1A%201RP/Blue%20Posts",2026-07-03T23:10:47+00:00
Blue Posts,"6 Bennet Street, SW1A 1RP",🌐 https://www.greeneking.co.uk/pubs/greater-london/blue-posts 🍽️ Food available 🍹 Cocktails available ☀️ Beer garden available,51.5071,-0.140758,5,PERONI,£7.45,7.45,"https://www.pint-prices.com/pub/6%20Bennet%20Street,%20SW1A%201RP/Blue%20Posts",2026-07-03T23:10:47+00:00
Bag O'Nails (Victoria),"6 Buckingham Palace Road, SW1W 0PP",🌐 https://www.greeneking.co.uk/pubs/greater-london/bag-o-nails 🍽️ Food available 🍹 Cocktails available ☀️ Beer garden available,51.4981,-0.14415,1,GUINNESS,£6.45,6.45,"https://www.pint-prices.com/pub/6%20Buckingham%20Palace%20Road,%20SW1W%200PP/Bag%20O'Nails%20(Victoria)",2026-07-03T23:10:47+00:00
Bag O'Nails (Victoria),"6 Buckingham Palace Road, SW1W 0PP",🌐 https://www.greeneking.co.uk/pubs/greater-london/bag-o-nails 🍽️ Food available 🍹 Cocktails available ☀️ Beer garden available,51.4981,-0.14415,2,MADRI,£7.10,7.1,"https://www.pint-prices.com/pub/6%20Buckingham%20Palace%20Road,%20SW1W%200PP/Bag%20O'Nails%20(Victoria)",2026-07-03T23:10:47+00:00
Bag O'Nails (Victoria),"6 Buckingham Palace Road, SW1W 0PP",🌐 https://www.greeneking.co.uk/pubs/greater-london/bag-o-nails 🍽️ Food available 🍹 Cocktails available ☀️ Beer garden available,51.4981,-0.14415,3,PERONI,£7.50,7.5,"https://www.pint-prices.com/pub/6%20Buckingham%20Palace%20Road,%20SW1W%200PP/Bag%20O'Nails%20(Victoria)",2026-07-03T23:10:47+00:00
The Scottish Stores,"6 Caledonian Rd, London N1 9DT",🍽️ Food available 🍹 Cocktails available ⚽ Live sports shown,51.5312,-0.120826,1,CAMDEN PALE ALE,£6.50,6.5,"https://www.pint-prices.com/pub/6%20Caledonian%20Rd,%20London%20N1%209DT/The%20Scottish%20Stores",2026-07-03T23:10:47+00:00
Cask Pub & Kitchen,"6 Charlwood St, Lillington and Longmoore Gardens, London SW1V 2EE, UK",020 7630 7225 🌐 http://www.caskpubandkitchen.com/ 📧reservations@caskpubandkitchen.com 🍽️ Food available,51.4911,-0.137288,1,ZINC,£5.50,5.5,"https://www.pint-prices.com/pub/6%20Charlwood%20St,%20Lillington%20and%20Longmoore%20Gardens,%20London%20SW1V%202EE,%20UK/Cask%20Pub%20%26%20Kitchen",2026-07-03T23:10:47+00:00
Cask Pub & Kitchen,"6 Charlwood St, Lillington and Longmoore Gardens, London SW1V 2EE, UK",020 7630 7225 🌐 http://www.caskpubandkitchen.com/ 📧reservations@caskpubandkitchen.com 🍽️ Food available,51.4911,-0.137288,2,CITRA,£5.50,5.5,"https://www.pint-prices.com/pub/6%20Charlwood%20St,%20Lillington%20and%20Longmoore%20Gardens,%20London%20SW1V%202EE,%20UK/Cask%20Pub%20%26%20Kitchen",2026-07-03T23:10:47+00:00
Cask Pub & Kitchen,"6 Charlwood St, Lillington and Longmoore Gardens, London SW1V 2EE, UK",020 7630 7225 🌐 http://www.caskpubandkitchen.com/ 📧reservations@caskpubandkitchen.com 🍽️ Food available,51.4911,-0.137288,3,BREWER'S GOLD,£5.50,5.5,"https://www.pint-prices.com/pub/6%20Charlwood%20St,%20Lillington%20and%20Longmoore%20Gardens,%20London%20SW1V%202EE,%20UK/Cask%20Pub%20%26%20Kitchen",2026-07-03T23:10:47+00:00
Cask Pub & Kitchen,"6 Charlwood St, Lillington and Longmoore Gardens, London SW1V 2EE, UK",020 7630 7225 🌐 http://www.caskpubandkitchen.com/ 📧reservations@caskpubandkitchen.com 🍽️ Food available,51.4911,-0.137288,4,FLENSBURGER,£6.50,6.5,"https://www.pint-prices.com/pub/6%20Charlwood%20St,%20Lillington%20and%20Longmoore%20Gardens,%20London%20SW1V%202EE,%20UK/Cask%20Pub%20%26%20Kitchen",2026-07-03T23:10:47+00:00
The Surprise,"6 Christchurch Terrace, London SW3 4AJ",🌐 https://www.thesurprise-chelsea.co.uk/ 🍽️ Food available 🎸 Live music,51.4862,-0.163068,1,BIRRA MORETTI,£6.95,6.95,"https://www.pint-prices.com/pub/6%20Christchurch%20Terrace,%20London%20SW3%204AJ/The%20Surprise",2026-07-03T23:10:47+00:00
Hand in Hand,"6 Crooked Billet, Wimbledon Common, London SW19 4RQ",020 8946 5720 🌐 https://www.thehandinhandwimbledon.co.uk/food-drink/?utm_source=local&utm_medium=organic&utm_campaig 📧handinhand@youngs.co.uk 🍽️ Food available ☀️ Beer garden available 😎 Cool place,51.4216,-0.227212,1,PRAVHA,£5.50,5.5,"https://www.pint-prices.com/pub/6%20Crooked%20Billet,%20Wimbledon%20Common,%20London%20SW19%204RQ/Hand%20in%20Hand",2026-07-03T23:10:47+00:00
Hand in Hand,"6 Crooked Billet, Wimbledon Common, London SW19 4RQ",020 8946 5720 🌐 https://www.thehandinhandwimbledon.co.uk/food-drink/?utm_source=local&utm_medium=organic&utm_campaig 📧handinhand@youngs.co.uk 🍽️ Food available ☀️ Beer garden available 😎 Cool place,51.4216,-0.227212,2,YOUNGS ORIGINAL,£5.55,5.55,"https://www.pint-prices.com/pub/6%20Crooked%20Billet,%20Wimbledon%20Common,%20London%20SW19%204RQ/Hand%20in%20Hand",2026-07-03T23:10:47+00:00
The Moon Under Water,"6 High Street, Boston, PE21 8SH",,52.9768,-0.0243409,1,CARLING,£2.63,2.63,"https://www.pint-prices.com/pub/6%20High%20Street,%20Boston,%20PE21%208SH/The%20Moon%20Under%20Water",2026-07-03T23:10:47+00:00
The Warwick Castle,"6 Warwick Place, London W9 2PX",🌐 https://www.warwickcastlemaidavale.com/ 🍽️ Food available,51.522,-0.183839,1,PAULANER,£6.25,6.25,"https://www.pint-prices.com/pub/6%20Warwick%20Place,%20London%20W9%202PX/The%20Warwick%20Castle",2026-07-03T23:10:47+00:00
The Wheatsheaf,"6 Windus Rd, London N16 6UP",🌐 no websites,51.5661,-0.0721723,1,CARLSBERG,£5.00,5.0,"https://www.pint-prices.com/pub/6%20Windus%20Rd,%20London%20N16%206UP/The%20Wheatsheaf",2026-07-03T23:10:47+00:00
The Wibbas Down Inn - JD Wetherspoon,"6-12 Russell Rd, London SW19 1QG, UK",020 8540 6788 🌐 https://www.jdwetherspoon.com/pubs/all-pubs/england/london/the-wibbas-down-inn-wimbledon 🍽️ Food available 🍹 Cocktails available ☀️ Beer garden available ⚽ Live sports shown,51.4192,-0.201869,1,BUD LIGHT,£2.77,2.77,"https://www.pint-prices.com/pub/6-12%20Russell%20Rd,%20London%20SW19%201QG,%20UK/The%20Wibbas%20Down%20Inn%20-%20JD%20Wetherspoon",2026-07-03T23:10:47+00:00
The Wibbas Down Inn - JD Wetherspoon,"6-12 Russell Rd, London SW19 1QG, UK",020 8540 6788 🌐 https://www.jdwetherspoon.com/pubs/all-pubs/england/london/the-wibbas-down-inn-wimbledon 🍽️ Food available 🍹 Cocktails available ☀️ Beer garden available ⚽ Live sports shown,51.4192,-0.201869,2,CARLSBERG PILSNER,£3.45,3.45,"https://www.pint-prices.com/pub/6-12%20Russell%20Rd,%20London%20SW19%201QG,%20UK/The%20Wibbas%20Down%20Inn%20-%20JD%20Wetherspoon",2026-07-03T23:10:47+00:00
The Wibbas Down Inn - JD Wetherspoon,"6-12 Russell Rd, London SW19 1QG, UK",020 8540 6788 🌐 https://www.jdwetherspoon.com/pubs/all-pubs/england/london/the-wibbas-down-inn-wimbledon 🍽️ Food available 🍹 Cocktails available ☀️ Beer garden available ⚽ Live sports shown,51.4192,-0.201869,3,CARLING,£4.18,4.18,"https://www.pint-prices.com/pub/6-12%20Russell%20Rd,%20London%20SW19%201QG,%20UK/The%20Wibbas%20Down%20Inn%20-%20JD%20Wetherspoon",2026-07-03T23:10:47+00:00
The Wibbas Down Inn - JD Wetherspoon,"6-12 Russell Rd, London SW19 1QG, UK",020 8540 6788 🌐 https://www.jdwetherspoon.com/pubs/all-pubs/england/london/the-wibbas-down-inn-wimbledon 🍽️ Food available 🍹 Cocktails available ☀️ Beer garden available ⚽ Live sports shown,51.4192,-0.201869,4,COORS,£4.18,4.18,"https://www.pint-prices.com/pub/6-12%20Russell%20Rd,%20London%20SW19%201QG,%20UK/The%20Wibbas%20Down%20Inn%20-%20JD%20Wetherspoon",2026-07-03T23:10:47+00:00
The Wibbas Down Inn - JD Wetherspoon,"6-12 Russell Rd, London SW19 1QG, UK",020 8540 6788 🌐 https://www.jdwetherspoon.com/pubs/all-pubs/england/london/the-wibbas-down-inn-wimbledon 🍽️ Food available 🍹 Cocktails available ☀️ Beer garden available ⚽ Live sports shown,51.4192,-0.201869,5,GUINNESS,£4.21,4.21,"https://www.pint-prices.com/pub/6-12%20Russell%20Rd,%20London%20SW19%201QG,%20UK/The%20Wibbas%20Down%20Inn%20-%20JD%20Wetherspoon",2026-07-03T23:10:47+00:00
The Wibbas Down Inn - JD Wetherspoon,"6-12 Russell Rd, London SW19 1QG, UK",020 8540 6788 🌐 https://www.jdwetherspoon.com/pubs/all-pubs/england/london/the-wibbas-down-inn-wimbledon 🍽️ Food available 🍹 Cocktails available ☀️ Beer garden available ⚽ Live sports shown,51.4192,-0.201869,6,BUDWEISER,£4.40,4.4,"https://www.pint-prices.com/pub/6-12%20Russell%20Rd,%20London%20SW19%201QG,%20UK/The%20Wibbas%20Down%20Inn%20-%20JD%20Wetherspoon",2026-07-03T23:10:47+00:00
The Wibbas Down Inn - JD Wetherspoon,"6-12 Russell Rd, London SW19 1QG, UK",020 8540 6788 🌐 https://www.jdwetherspoon.com/pubs/all-pubs/england/london/the-wibbas-down-inn-wimbledon 🍽️ Food available 🍹 Cocktails available ☀️ Beer garden available ⚽ Live sports shown,51.4192,-0.201869,7,STELLA ARTOIS,£4.62,4.62,"https://www.pint-prices.com/pub/6-12%20Russell%20Rd,%20London%20SW19%201QG,%20UK/The%20Wibbas%20Down%20Inn%20-%20JD%20Wetherspoon",2026-07-03T23:10:47+00:00
The Wibbas Down Inn - JD Wetherspoon,"6-12 Russell Rd, London SW19 1QG, UK",020 8540 6788 🌐 https://www.jdwetherspoon.com/pubs/all-pubs/england/london/the-wibbas-down-inn-wimbledon 🍽️ Food available 🍹 Cocktails available ☀️ Beer garden available ⚽ Live sports shown,51.4192,-0.201869,8,CORONA,£4.73,4.73,"https://www.pint-prices.com/pub/6-12%20Russell%20Rd,%20London%20SW19%201QG,%20UK/The%20Wibbas%20Down%20Inn%20-%20JD%20Wetherspoon",2026-07-03T23:10:47+00:00
The Wibbas Down Inn - JD Wetherspoon,"6-12 Russell Rd, London SW19 1QG, UK",020 8540 6788 🌐 https://www.jdwetherspoon.com/pubs/all-pubs/england/london/the-wibbas-down-inn-wimbledon 🍽️ Food available 🍹 Cocktails available ☀️ Beer garden available ⚽ Live sports shown,51.4192,-0.201869,9,SAN MIGUEL,£4.73,4.73,"https://www.pint-prices.com/pub/6-12%20Russell%20Rd,%20London%20SW19%201QG,%20UK/The%20Wibbas%20Down%20Inn%20-%20JD%20Wetherspoon",2026-07-03T23:10:47+00:00
The Wibbas Down Inn - JD Wetherspoon,"6-12 Russell Rd, London SW19 1QG, UK",020 8540 6788 🌐 https://www.jdwetherspoon.com/pubs/all-pubs/england/london/the-wibbas-down-inn-wimbledon 🍽️ Food available 🍹 Cocktails available ☀️ Beer garden available ⚽ Live sports shown,51.4192,-0.201869,10,LEFFE BLONDE,£5.06,5.06,"https://www.pint-prices.com/pub/6-12%20Russell%20Rd,%20London%20SW19%201QG,%20UK/The%20Wibbas%20Down%20Inn%20-%20JD%20Wetherspoon",2026-07-03T23:10:47+00:00
The Wibbas Down Inn - JD Wetherspoon,"6-12 Russell Rd, London SW19 1QG",020 8540 6788 🌐 https://www.jdwetherspoon.com/food/menu?pubId=221,51.4192,-0.201869,1,BUD LIGHT,£2.77,2.77,"https://www.pint-prices.com/pub/6-12%20Russell%20Rd,%20London%20SW19%201QG/The%20Wibbas%20Down%20Inn%20-%20JD%20Wetherspoon",2026-07-03T23:10:47+00:00
The Wibbas Down Inn - JD Wetherspoon,"6-12 Russell Rd, London SW19 1QG",020 8540 6788 🌐 https://www.jdwetherspoon.com/food/menu?pubId=221,51.4192,-0.201869,2,CARLSBERG PILSNER,£3.45,3.45,"https://www.pint-prices.com/pub/6-12%20Russell%20Rd,%20London%20SW19%201QG/The%20Wibbas%20Down%20Inn%20-%20JD%20Wetherspoon",2026-07-03T23:10:47+00:00
The Wibbas Down Inn - JD Wetherspoon,"6-12 Russell Rd, London SW19 1QG",020 8540 6788 🌐 https://www.jdwetherspoon.com/food/menu?pubId=221,51.4192,-0.201869,3,CARLING,£4.18,4.18,"https://www.pint-prices.com/pub/6-12%20Russell%20Rd,%20London%20SW19%201QG/The%20Wibbas%20Down%20Inn%20-%20JD%20Wetherspoon",2026-07-03T23:10:47+00:00
The Wibbas Down Inn - JD Wetherspoon,"6-12 Russell Rd, London SW19 1QG",020 8540 6788 🌐 https://www.jdwetherspoon.com/food/menu?pubId=221,51.4192,-0.201869,4,GUINNESS,£4.21,4.21,"https://www.pint-prices.com/pub/6-12%20Russell%20Rd,%20London%20SW19%201QG/The%20Wibbas%20Down%20Inn%20-%20JD%20Wetherspoon",2026-07-03T23:10:47+00:00
"The Barrowboy & Banker, SE1","6-8 Borough High St, London SE1 9QQ, UK",020 7403 5415 🌐 https://www.barrowboy-and-banker.co.uk/?utm_source=googlemybusiness&utm_medium=organic&utm_campaign= 📧barrow@fullers.co.uk 🍽️ Food available ⚽ Live sports shown 😎 Cool place,51.5062,-0.088665,1,LONDON PRIDE,£5.95,5.95,"https://www.pint-prices.com/pub/6-8%20Borough%20High%20St,%20London%20SE1%209QQ,%20UK/The%20Barrowboy%20%26%20Banker,%20SE1",2026-07-03T23:10:47+00:00
"The Barrowboy & Banker, SE1","6-8 Borough High St, London SE1 9QQ, UK",020 7403 5415 🌐 https://www.barrowboy-and-banker.co.uk/?utm_source=googlemybusiness&utm_medium=organic&utm_campaign= 📧barrow@fullers.co.uk 🍽️ Food available ⚽ Live sports shown 😎 Cool place,51.5062,-0.088665,2,AMSTEL,£6.20,6.2,"https://www.pint-prices.com/pub/6-8%20Borough%20High%20St,%20London%20SE1%209QQ,%20UK/The%20Barrowboy%20%26%20Banker,%20SE1",2026-07-03T23:10:47+00:00
"The Barrowboy & Banker, SE1","6-8 Borough High St, London SE1 9QQ, UK",020 7403 5415 🌐 https://www.barrowboy-and-banker.co.uk/?utm_source=googlemybusiness&utm_medium=organic&utm_campaign= 📧barrow@fullers.co.uk 🍽️ Food available ⚽ Live sports shown 😎 Cool place,51.5062,-0.088665,3,GUINNESS,£7.05,7.05,"https://www.pint-prices.com/pub/6-8%20Borough%20High%20St,%20London%20SE1%209QQ,%20UK/The%20Barrowboy%20%26%20Banker,%20SE1",2026-07-03T23:10:47+00:00
"The Barrowboy & Banker, SE1","6-8 Borough High St, London SE1 9QQ, UK",020 7403 5415 🌐 https://www.barrowboy-and-banker.co.uk/?utm_source=googlemybusiness&utm_medium=organic&utm_campaign= 📧barrow@fullers.co.uk 🍽️ Food available ⚽ Live sports shown 😎 Cool place,51.5062,-0.088665,4,ASAHI,£7.35,7.35,"https://www.pint-prices.com/pub/6-8%20Borough%20High%20St,%20London%20SE1%209QQ,%20UK/The%20Barrowboy%20%26%20Banker,%20SE1",2026-07-03T23:10:47+00:00
"The Barrowboy & Banker, SE1","6-8 Borough High St, London SE1 9QQ, UK",020 7403 5415 🌐 https://www.barrowboy-and-banker.co.uk/?utm_source=googlemybusiness&utm_medium=organic&utm_campaign= 📧barrow@fullers.co.uk 🍽️ Food available ⚽ Live sports shown 😎 Cool place,51.5062,-0.088665,5,NECK OIL,£7.55,7.55,"https://www.pint-prices.com/pub/6-8%20Borough%20High%20St,%20London%20SE1%209QQ,%20UK/The%20Barrowboy%20%26%20Banker,%20SE1",2026-07-03T23:10:47+00:00
The Woodman,"60 Battersea High St, London SW11 3HX",🌐 https://www.hall-woodhouse.co.uk/pub/the-woodman/ 🍽️ Food available ☀️ Beer garden available ⚽ Live sports shown,51.4736,-0.17375,1,CRUZCAMPO,£6.50,6.5,"https://www.pint-prices.com/pub/60%20Battersea%20High%20St,%20London%20SW11%203HX/The%20Woodman",2026-07-03T23:10:47+00:00
The Quiet Night Inn,"60 Great Western Rd, Westbourne Park Rd, London W11 1AB",🌐 https://www.quietnightinn.com/ 🍽️ Food available 🍹 Cocktails available ☀️ Beer garden available 🎸 Live music ❓ Pub quiz available 🎱 Pool available,51.5206,-0.200671,1,POSH LAGER,£5.50,5.5,"https://www.pint-prices.com/pub/60%20Great%20Western%20Rd,%20Westbourne%20Park%20Rd,%20London%20W11%201AB/The%20Quiet%20Night%20Inn",2026-07-03T23:10:47+00:00
McGoverns,"60 High Rd, London NW10 2PU",☀️ Beer garden available 🎸 Live music,51.5474,-0.228488,1,FOSTERS,£4.00,4.0,"https://www.pint-prices.com/pub/60%20High%20Rd,%20London%20NW10%202PU/McGoverns",2026-07-03T23:10:47+00:00
McGoverns,"60 High Rd, London NW10 2PU",☀️ Beer garden available 🎸 Live music,51.5474,-0.228488,2,GUINNESS,£4.75,4.75,"https://www.pint-prices.com/pub/60%20High%20Rd,%20London%20NW10%202PU/McGoverns",2026-07-03T23:10:47+00:00
Green Dragon Croydon,"60 High St, Croydon CR0 1NA, UK",020 8667 0684 🌐 https://www.crafted-social.co.uk/green-dragon-croydon?utm_source=gmb&utm_medium=organic&utm_campaign 🍽️ Food available ⚽ Live sports shown 🎸 Live music,51.3716,-0.100737,1,PALE ALE,£5.15,5.15,"https://www.pint-prices.com/pub/60%20High%20St,%20Croydon%20CR0%201NA,%20UK/Green%20Dragon%20Croydon",2026-07-03T23:10:47+00:00
Green Dragon Croydon,"60 High St, Croydon CR0 1NA, UK",020 8667 0684 🌐 https://www.crafted-social.co.uk/green-dragon-croydon?utm_source=gmb&utm_medium=organic&utm_campaign 🍽️ Food available ⚽ Live sports shown 🎸 Live music,51.3716,-0.100737,2,AMSTEL,£5.90,5.9,"https://www.pint-prices.com/pub/60%20High%20St,%20Croydon%20CR0%201NA,%20UK/Green%20Dragon%20Croydon",2026-07-03T23:10:47+00:00
The Weavers Arms,"60 Newington Green Rd, London N1 4QU",🌐 https://www.weaversarmsislington.co.uk/ ☀️ Beer garden available ⚽ Live sports shown 🎸 Live music 🎤 Karaoke available,51.5481,-0.0868821,1,HEINEKEN,£5.80,5.8,"https://www.pint-prices.com/pub/60%20Newington%20Green%20Rd,%20London%20N1%204QU/The%20Weavers%20Arms",2026-07-03T23:10:47+00:00
The Star of Greenwich,"60 Old Woolwich Rd, London SE10 9NY",🌐 https://www.starofgreenwich.co.uk/,51.4842,-0.0004769,1,FOSTERS,£4.90,4.9,"https://www.pint-prices.com/pub/60%20Old%20Woolwich%20Rd,%20London%20SE10%209NY/The%20Star%20of%20Greenwich",2026-07-03T23:10:47+00:00
The Selkirk,"60 Selkirk Rd, London SW17 0ES",🌐 https://www.theselkirksw17.com/ 🍽️ Food available ☀️ Beer garden available 🎸 Live music ❓ Pub quiz available,51.4304,-0.169459,1,PILSNER URQUELL,£6.10,6.1,"https://www.pint-prices.com/pub/60%20Selkirk%20Rd,%20London%20SW17%200ES/The%20Selkirk",2026-07-03T23:10:47+00:00
The Butchers Hook & Cleaver,"60-63 West Smithfield, London EC1A 9DY",🌐 https://www.butchershookandcleaver.co.uk/ 🍽️ Food available 🍹 Cocktails available ⚽ Live sports shown,51.5188,-0.100592,1,ASAHI,£7.35,7.35,"https://www.pint-prices.com/pub/60-63%20West%20Smithfield,%20London%20EC1A%209DY/The%20Butchers%20Hook%20%26%20Cleaver",2026-07-03T23:10:47+00:00
Teatro Hall,"61 New Broadway, London W5 5AH, UK",020 7095 5788 🌐 http://www.teatrohall.com/ 📧bookings@teatrohall.com 🍽️ Food available 🍹 Cocktails available ❓ Pub quiz available 😎 Cool place,51.5128,-0.307517,1,TEATRO LAGER,£6.00,6.0,"https://www.pint-prices.com/pub/61%20New%20Broadway,%20London%20W5%205AH,%20UK/Teatro%20Hall",2026-07-03T23:10:47+00:00
Teatro Hall,"61 New Broadway, London W5 5AH, UK",020 7095 5788 🌐 http://www.teatrohall.com/ 📧bookings@teatrohall.com 🍽️ Food available 🍹 Cocktails available ❓ Pub quiz available 😎 Cool place,51.5128,-0.307517,2,BRIXTON RELIANCE,£6.50,6.5,"https://www.pint-prices.com/pub/61%20New%20Broadway,%20London%20W5%205AH,%20UK/Teatro%20Hall",2026-07-03T23:10:47+00:00
The Hand in Hand,"61 New Park Rd, Brixton Hill, London SW2 4EN",🌐 https://www.craftunionpubs.com/hand-in-hand-brixton ⚽ Live sports shown 🎸 Live music 🎱 Pool available,51.4475,-0.126802,1,CARLSBERG,£3.10,3.1,"https://www.pint-prices.com/pub/61%20New%20Park%20Rd,%20Brixton%20Hill,%20London%20SW2%204EN/The%20Hand%20in%20Hand",2026-07-03T23:10:47+00:00
The Hand in Hand,"61 New Park Rd, Brixton Hill, London SW2 4EN",🌐 https://www.craftunionpubs.com/hand-in-hand-brixton ⚽ Live sports shown 🎸 Live music 🎱 Pool available,51.4475,-0.126802,2,GUINNESS,£3.90,3.9,"https://www.pint-prices.com/pub/61%20New%20Park%20Rd,%20Brixton%20Hill,%20London%20SW2%204EN/The%20Hand%20in%20Hand",2026-07-03T23:10:47+00:00
Lord Raglan,"61 St Matrins Le Grand, EC1A 4ER",🌐 https://www.greeneking.co.uk/pubs/greater-london/lord-raglan 🍽️ Food available 🍹 Cocktails available ☀️ Beer garden available ⚽ Live sports shown 🎱 Pool available,51.5165,-0.0966232,1,AMSTEL,£6.20,6.2,"https://www.pint-prices.com/pub/61%20St%20Matrins%20Le%20Grand,%20EC1A%204ER/Lord%20Raglan",2026-07-03T23:10:47+00:00
Lord Raglan,"61 St Matrins Le Grand, EC1A 4ER",🌐 https://www.greeneking.co.uk/pubs/greater-london/lord-raglan 🍽️ Food available 🍹 Cocktails available ☀️ Beer garden available ⚽ Live sports shown 🎱 Pool available,51.5165,-0.0966232,2,GUINNESS,£6.35,6.35,"https://www.pint-prices.com/pub/61%20St%20Matrins%20Le%20Grand,%20EC1A%204ER/Lord%20Raglan",2026-07-03T23:10:47+00:00
Lord Raglan,"61 St Matrins Le Grand, EC1A 4ER",🌐 https://www.greeneking.co.uk/pubs/greater-london/lord-raglan 🍽️ Food available 🍹 Cocktails available ☀️ Beer garden available ⚽ Live sports shown 🎱 Pool available,51.5165,-0.0966232,3,ESTRELLA,£7.00,7.0,"https://www.pint-prices.com/pub/61%20St%20Matrins%20Le%20Grand,%20EC1A%204ER/Lord%20Raglan",2026-07-03T23:10:47+00:00
Lord Raglan,"61 St Matrins Le Grand, EC1A 4ER",🌐 https://www.greeneking.co.uk/pubs/greater-london/lord-raglan 🍽️ Food available 🍹 Cocktails available ☀️ Beer garden available ⚽ Live sports shown 🎱 Pool available,51.5165,-0.0966232,4,BIRRA MORETTI,£7.00,7.0,"https://www.pint-prices.com/pub/61%20St%20Matrins%20Le%20Grand,%20EC1A%204ER/Lord%20Raglan",2026-07-03T23:10:47+00:00
Lord Raglan,"61 St Matrins Le Grand, EC1A 4ER",🌐 https://www.greeneking.co.uk/pubs/greater-london/lord-raglan 🍽️ Food available 🍹 Cocktails available ☀️ Beer garden available ⚽ Live sports shown 🎱 Pool available,51.5165,-0.0966232,5,PERONI,£7.30,7.3,"https://www.pint-prices.com/pub/61%20St%20Matrins%20Le%20Grand,%20EC1A%204ER/Lord%20Raglan",2026-07-03T23:10:47+00:00
Lord Raglan,"61 St Matrins Le Grand, EC1A 4ER",🌐 https://www.greeneking.co.uk/pubs/greater-london/lord-raglan 🍽️ Food available 🍹 Cocktails available ☀️ Beer garden available ⚽ Live sports shown 🎱 Pool available,51.5165,-0.0966232,6,NECK OIL,£7.55,7.55,"https://www.pint-prices.com/pub/61%20St%20Matrins%20Le%20Grand,%20EC1A%204ER/Lord%20Raglan",2026-07-03T23:10:47+00:00
The Jolly Gardeners,"61-63 Lacy Rd, Greater, London SW15 1NT",2087892539 🌐 https://thejollygardeners.co.uk/ 🍽️ Food available 🍹 Cocktails available ☀️ Beer garden available ⚽ Live sports shown 🎸 Live music,51.4645,-0.218597,1,PRAVHA,£6.45,6.45,"https://www.pint-prices.com/pub/61-63%20Lacy%20Rd,%20Greater,%20London%20SW15%201NT/The%20Jolly%20Gardeners",2026-07-03T23:10:47+00:00
The Jolly Gardeners,"61-63 Lacy Rd, Greater, London SW15 1NT",2087892539 🌐 https://thejollygardeners.co.uk/ 🍽️ Food available 🍹 Cocktails available ☀️ Beer garden available ⚽ Live sports shown 🎸 Live music,51.4645,-0.218597,2,GUINNESS,£6.85,6.85,"https://www.pint-prices.com/pub/61-63%20Lacy%20Rd,%20Greater,%20London%20SW15%201NT/The%20Jolly%20Gardeners",2026-07-03T23:10:47+00:00
Bingham Riverhouse,"61-63 Petersham Rd, Richmond TW10 6UW, UK",020 8940 0902 🌐 https://www.binghamriverhouse.com/?utm_source=google&utm_medium=local&utm_campaign=binghamriverhouse,51.4553,-0.303441,1,GRANDSTAND AMBER SESSION,£7.00,7.0,"https://www.pint-prices.com/pub/61-63%20Petersham%20Rd,%20Richmond%20TW10%206UW,%20UK/Bingham%20Riverhouse",2026-07-03T23:10:47+00:00
The New Inn,"62 St Mary's Rd, London W5 5EX, UK",020 3437 1411 🌐 https://www.newinnealing.com/ 🍽️ Food available 🍹 Cocktails available ☀️ Beer garden available ⚽ Live sports shown ❓ Pub quiz available,51.505,-0.305677,1,PRAVHA,£6.05,6.05,"https://www.pint-prices.com/pub/62%20St%20Mary's%20Rd,%20London%20W5%205EX,%20UK/The%20New%20Inn",2026-07-03T23:10:47+00:00
The Bricklayers Arms,"63 Charlotte Rd, London EC2A 3PE",🍽️ Food available,51.5262,-0.0811321,1,ESTRELLA,£6.20,6.2,"https://www.pint-prices.com/pub/63%20Charlotte%20Rd,%20London%20EC2A%203PE/The%20Bricklayers%20Arms",2026-07-03T23:10:47+00:00
The Perseverance,"63 Lamb's Conduit St, London WC1N 3NB",🌐 https://theperseverance.co.uk/ 🍽️ Food available 🍹 Cocktails available ⚽ Live sports shown ❓ Pub quiz available,51.5222,-0.118864,1,ESTRELLA,£6.45,6.45,"https://www.pint-prices.com/pub/63%20Lamb's%20Conduit%20St,%20London%20WC1N%203NB/The%20Perseverance",2026-07-03T23:10:47+00:00
The George and Vulture,"63 Pitfield St, London N1 6BU",,51.5292,-0.0838077,1,GUINNESS,£6.60,6.6,"https://www.pint-prices.com/pub/63%20Pitfield%20St,%20London%20N1%206BU/The%20George%20and%20Vulture",2026-07-03T23:10:47+00:00
The George and Vulture,"63 Pitfield St, London N1 6BU",,51.5292,-0.0838077,2,CRUZCAMPO,£6.75,6.75,"https://www.pint-prices.com/pub/63%20Pitfield%20St,%20London%20N1%206BU/The%20George%20and%20Vulture",2026-07-03T23:10:47+00:00
The Duchy Arms,"63 Sancroft St, London SE11 5UG",🌐 https://duchyarmspub.com/ 🍽️ Food available 🍹 Cocktails available ☀️ Beer garden available ⚽ Live sports shown,51.4892,-0.114513,1,MADRI,£6.00,6.0,"https://www.pint-prices.com/pub/63%20Sancroft%20St,%20London%20SE11%205UG/The%20Duchy%20Arms",2026-07-03T23:10:47+00:00
The Gladstone Arms,"64 Lant St, London SE1 1QN",🌐 https://www.thegladpub.co.uk/ 🍽️ Food available 🎸 Live music,51.501,-0.0951834,1,GLADSTONE LAGER,£5.90,5.9,"https://www.pint-prices.com/pub/64%20Lant%20St,%20London%20SE1%201QN/The%20Gladstone%20Arms",2026-07-03T23:10:47+00:00
The White Horse,"64 Palace Rd, Bromley BR1 3JX, UK",020 8464 9404 🌐 https://thewhitehorsebromley.godaddysites.com/ 📧Contact us form ⚽ Live sports shown 🎸 Live music ❓ Pub quiz available 🎯 Darts available 🎱 Pool available,51.4098,0.0209892,1,JOHN SMITHS,£4.40,4.4,"https://www.pint-prices.com/pub/64%20Palace%20Rd,%20Bromley%20BR1%203JX,%20UK/The%20White%20Horse",2026-07-03T23:10:47+00:00
Hop Pole,"64 Putney Bridge Rd, London SW18 1HR",2088708188 🌐 https://www.hoppolewandsworth.co.uk/ 🍽️ Food available ⚽ Live sports shown,51.4593,-0.19821,1,FOSTERS,£5.80,5.8,"https://www.pint-prices.com/pub/64%20Putney%20Bridge%20Rd,%20London%20SW18%201HR/Hop%20Pole",2026-07-03T23:10:47+00:00
Hop Pole,"64 Putney Bridge Rd, London SW18 1HR",2088708188 🌐 https://www.hoppolewandsworth.co.uk/ 🍽️ Food available ⚽ Live sports shown,51.4593,-0.19821,2,GUINNESS,£6.15,6.15,"https://www.pint-prices.com/pub/64%20Putney%20Bridge%20Rd,%20London%20SW18%201HR/Hop%20Pole",2026-07-03T23:10:47+00:00
The Queens Head,"64 Theobalds Rd, London WC1X 8SF",🌐 https://thequeensheadholborn.com 🍽️ Food available 🍹 Cocktails available ⚽ Live sports shown ❓ Pub quiz available 🎤 Karaoke available,51.5207,-0.116985,1,ESTRELLA,£6.10,6.1,"https://www.pint-prices.com/pub/64%20Theobalds%20Rd,%20London%20WC1X%208SF/The%20Queens%20Head",2026-07-03T23:10:47+00:00
The Queens Head,"66 Acton St, London WC1X 8DU",🌐 https://queensheadlondon.com/ 🍽️ Food available ⚽ Live sports shown,51.5284,-0.118499,1,BOHEM MAMKA PILSNER,£5.90,5.9,"https://www.pint-prices.com/pub/66%20Acton%20St,%20London%20WC1X%208DU/The%20Queens%20Head",2026-07-03T23:10:47+00:00
The Swan,"66 Bayswater Rd, London W2 3PH",🌐 https://www.swanhydepark.co.uk/ 🍽️ Food available,51.5116,-0.176985,1,GUINNESS,£7.00,7.0,"https://www.pint-prices.com/pub/66%20Bayswater%20Rd,%20London%20W2%203PH/The%20Swan",2026-07-03T23:10:47+00:00
Old Star (Westminster),"66 Broadway, SW1H 0DB",🌐 https://www.greeneking.co.uk/pubs/greater-london/old-star 🍽️ Food available 🍹 Cocktails available ☀️ Beer garden available,51.4988,-0.13369,1,GUINNESS,£6.35,6.35,"https://www.pint-prices.com/pub/66%20Broadway,%20SW1H%200DB/Old%20Star%20(Westminster)",2026-07-03T23:10:47+00:00
Old Star (Westminster),"66 Broadway, SW1H 0DB",🌐 https://www.greeneking.co.uk/pubs/greater-london/old-star 🍽️ Food available 🍹 Cocktails available ☀️ Beer garden available,51.4988,-0.13369,2,ESTRELLA,£7.00,7.0,"https://www.pint-prices.com/pub/66%20Broadway,%20SW1H%200DB/Old%20Star%20(Westminster)",2026-07-03T23:10:47+00:00
Old Star (Westminster),"66 Broadway, SW1H 0DB",🌐 https://www.greeneking.co.uk/pubs/greater-london/old-star 🍽️ Food available 🍹 Cocktails available ☀️ Beer garden available,51.4988,-0.13369,3,NECK OIL,£7.30,7.3,"https://www.pint-prices.com/pub/66%20Broadway,%20SW1H%200DB/Old%20Star%20(Westminster)",2026-07-03T23:10:47+00:00
Old Star (Westminster),"66 Broadway, SW1H 0DB",🌐 https://www.greeneking.co.uk/pubs/greater-london/old-star 🍽️ Food available 🍹 Cocktails available ☀️ Beer garden available,51.4988,-0.13369,4,PERONI,£7.35,7.35,"https://www.pint-prices.com/pub/66%20Broadway,%20SW1H%200DB/Old%20Star%20(Westminster)",2026-07-03T23:10:47+00:00
The Tipperary,"66 Fleet St, Temple, London EC4Y 1HT",🍽️ Food available,51.5141,-0.107606,1,GUINNESS,£6.50,6.5,"https://www.pint-prices.com/pub/66%20Fleet%20St,%20Temple,%20London%20EC4Y%201HT/The%20Tipperary",2026-07-03T23:10:47+00:00
The Admiralty,"66 Trafalgar Sq, St. James's, London WC2N 5DS",🌐 https://www.admiraltytrafalgar.co.uk/ 🍽️ Food available ☀️ Beer garden available 🎸 Live music,51.5081,-0.129156,1,AMSTEL,£6.30,6.3,"https://www.pint-prices.com/pub/66%20Trafalgar%20Sq,%20St.%20James's,%20London%20WC2N%205DS/The%20Admiralty",2026-07-03T23:10:47+00:00
The Crown,"667 Commercial Rd, London E14 7LW",🍽️ Food available,51.5128,-0.0376533,1,FOSTERS,£4.30,4.3,"https://www.pint-prices.com/pub/667%20Commercial%20Rd,%20London%20E14%207LW/The%20Crown",2026-07-03T23:10:47+00:00
The Abbeville,"67-69 Abbeville Rd, London SW4 9JW",2086752201 🌐 https://www.theabbeville.co.uk/ 🍽️ Food available 🍹 Cocktails available ☀️ Beer garden available ⚽ Live sports shown 🎸 Live music,51.4549,-0.139557,1,AMSTEL,£5.80,5.8,"https://www.pint-prices.com/pub/67-69%20Abbeville%20Rd,%20London%20SW4%209JW/The%20Abbeville",2026-07-03T23:10:47+00:00
The Abbeville,"67-69 Abbeville Rd, London SW4 9JW",2086752201 🌐 https://www.theabbeville.co.uk/ 🍽️ Food available 🍹 Cocktails available ☀️ Beer garden available ⚽ Live sports shown 🎸 Live music,51.4549,-0.139557,2,GUINNESS,£6.40,6.4,"https://www.pint-prices.com/pub/67-69%20Abbeville%20Rd,%20London%20SW4%209JW/The%20Abbeville",2026-07-03T23:10:47+00:00
The Greenwood Hotel - JD Wetherspoon,"674 Whitton Avenue West, Northholt, UB5 4LA",🍽️ Food available 🍹 Cocktails available ⚽ Live sports shown,51.5531,-0.351502,1,BUD LIGHT,£2.43,2.43,"https://www.pint-prices.com/pub/674%20Whitton%20Avenue%20West,%20Northholt,%20UB5%204LA/The%20Greenwood%20Hotel%20-%20JD%20Wetherspoon",2026-07-03T23:10:47+00:00
The Greenwood Hotel - JD Wetherspoon,"674 Whitton Avenue West, Northholt, UB5 4LA",🍽️ Food available 🍹 Cocktails available ⚽ Live sports shown,51.5531,-0.351502,2,CARLSBERG PILSNER,£2.66,2.66,"https://www.pint-prices.com/pub/674%20Whitton%20Avenue%20West,%20Northholt,%20UB5%204LA/The%20Greenwood%20Hotel%20-%20JD%20Wetherspoon",2026-07-03T23:10:47+00:00
The Greenwood Hotel - JD Wetherspoon,"674 Whitton Avenue West, Northholt, UB5 4LA",🍽️ Food available 🍹 Cocktails available ⚽ Live sports shown,51.5531,-0.351502,3,GUINNESS,£3.32,3.32,"https://www.pint-prices.com/pub/674%20Whitton%20Avenue%20West,%20Northholt,%20UB5%204LA/The%20Greenwood%20Hotel%20-%20JD%20Wetherspoon",2026-07-03T23:10:47+00:00
The Greenwood Hotel - JD Wetherspoon,"674 Whitton Avenue West, Northholt, UB5 4LA",🍽️ Food available 🍹 Cocktails available ⚽ Live sports shown,51.5531,-0.351502,4,CARLING,£3.43,3.43,"https://www.pint-prices.com/pub/674%20Whitton%20Avenue%20West,%20Northholt,%20UB5%204LA/The%20Greenwood%20Hotel%20-%20JD%20Wetherspoon",2026-07-03T23:10:47+00:00
The Greenwood Hotel - JD Wetherspoon,"674 Whitton Avenue West, Northholt, UB5 4LA",🍽️ Food available 🍹 Cocktails available ⚽ Live sports shown,51.5531,-0.351502,5,COORS,£3.43,3.43,"https://www.pint-prices.com/pub/674%20Whitton%20Avenue%20West,%20Northholt,%20UB5%204LA/The%20Greenwood%20Hotel%20-%20JD%20Wetherspoon",2026-07-03T23:10:47+00:00
The Greenwood Hotel - JD Wetherspoon,"674 Whitton Avenue West, Northholt, UB5 4LA",🍽️ Food available 🍹 Cocktails available ⚽ Live sports shown,51.5531,-0.351502,6,BUDWEISER,£3.73,3.73,"https://www.pint-prices.com/pub/674%20Whitton%20Avenue%20West,%20Northholt,%20UB5%204LA/The%20Greenwood%20Hotel%20-%20JD%20Wetherspoon",2026-07-03T23:10:47+00:00
The Greenwood Hotel - JD Wetherspoon,"674 Whitton Avenue West, Northholt, UB5 4LA",🍽️ Food available 🍹 Cocktails available ⚽ Live sports shown,51.5531,-0.351502,7,STELLA ARTOIS,£3.84,3.84,"https://www.pint-prices.com/pub/674%20Whitton%20Avenue%20West,%20Northholt,%20UB5%204LA/The%20Greenwood%20Hotel%20-%20JD%20Wetherspoon",2026-07-03T23:10:47+00:00
The Greenwood Hotel - JD Wetherspoon,"674 Whitton Avenue West, Northholt, UB5 4LA",🍽️ Food available 🍹 Cocktails available ⚽ Live sports shown,51.5531,-0.351502,8,CORONA,£3.95,3.95,"https://www.pint-prices.com/pub/674%20Whitton%20Avenue%20West,%20Northholt,%20UB5%204LA/The%20Greenwood%20Hotel%20-%20JD%20Wetherspoon",2026-07-03T23:10:47+00:00
The Greenwood Hotel - JD Wetherspoon,"674 Whitton Avenue West, Northholt, UB5 4LA",🍽️ Food available 🍹 Cocktails available ⚽ Live sports shown,51.5531,-0.351502,9,SAN MIGUEL,£3.95,3.95,"https://www.pint-prices.com/pub/674%20Whitton%20Avenue%20West,%20Northholt,%20UB5%204LA/The%20Greenwood%20Hotel%20-%20JD%20Wetherspoon",2026-07-03T23:10:47+00:00
The Greenwood Hotel - JD Wetherspoon,"674 Whitton Avenue West, Northholt, UB5 4LA",🍽️ Food available 🍹 Cocktails available ⚽ Live sports shown,51.5531,-0.351502,10,LEFFE BLONDE,£4.28,4.28,"https://www.pint-prices.com/pub/674%20Whitton%20Avenue%20West,%20Northholt,%20UB5%204LA/The%20Greenwood%20Hotel%20-%20JD%20Wetherspoon",2026-07-03T23:10:47+00:00
The George & Monkey,"68 Amwell St, London EC1R 1UU",🌐 https://www.georgeandmonkey.co.uk/ 🍽️ Food available 🍹 Cocktails available ☀️ Beer garden available,51.5299,-0.110269,1,PAULANER,£6.20,6.2,"https://www.pint-prices.com/pub/68%20Amwell%20St,%20London%20EC1R%201UU/The%20George%20%26%20Monkey",2026-07-03T23:10:47+00:00
The Ship,"68 Borough Rd, London SE1 1DX",🌐 https://www.theshipsouthwark.co.uk/ 🍽️ Food available 🍹 Cocktails available ☀️ Beer garden available ⚽ Live sports shown 🎸 Live music,51.4995,-0.0968701,1,PRAVHA,£5.50,5.5,"https://www.pint-prices.com/pub/68%20Borough%20Rd,%20London%20SE1%201DX/The%20Ship",2026-07-03T23:10:47+00:00
Paddington Railway Club,"68 Chepstow Rd, London W2 5BE",🌐 no website ☀️ Beer garden available ⚽ Live sports shown 🎯 Darts available ⏰ Happy hour,51.5171,-0.195446,1,COORS,£3.80,3.8,"https://www.pint-prices.com/pub/68%20Chepstow%20Rd,%20London%20W2%205BE/Paddington%20Railway%20Club",2026-07-03T23:10:47+00:00
The Bread & Roses,"68 Clapham Manor St, London SW4 6DZ, UK",020 7498 1779 🌐 https://breadandrosespub.co.uk/ 🍽️ Food available ☀️ Beer garden available 🎸 Live music,51.4659,-0.136476,1,CARLSBERG,£5.50,5.5,"https://www.pint-prices.com/pub/68%20Clapham%20Manor%20St,%20London%20SW4%206DZ,%20UK/The%20Bread%20%26%20Roses",2026-07-03T23:10:47+00:00
The Rookery,"69 Clapham Common South Side, London SW4 9DA, UK",020 8673 9162 🌐 http://www.therookeryclapham.co.uk/ 📧therookeryclapham@outlook.com 🍽️ Food available 🍹 Cocktails available ☀️ Beer garden available,51.4562,-0.143809,1,ESTRELLA,£5.50,5.5,"https://www.pint-prices.com/pub/69%20Clapham%20Common%20South%20Side,%20London%20SW4%209DA,%20UK/The%20Rookery",2026-07-03T23:10:47+00:00
The Rookery,"69 Clapham Common South Side, London SW4 9DA, UK",020 8673 9162 🌐 http://www.therookeryclapham.co.uk/ 📧therookeryclapham@outlook.com 🍽️ Food available 🍹 Cocktails available ☀️ Beer garden available,51.4562,-0.143809,2,BROOKLYN PILSNER,£5.60,5.6,"https://www.pint-prices.com/pub/69%20Clapham%20Common%20South%20Side,%20London%20SW4%209DA,%20UK/The%20Rookery",2026-07-03T23:10:47+00:00
The Rookery,"69 Clapham Common South Side, London SW4 9DA, UK",020 8673 9162 🌐 http://www.therookeryclapham.co.uk/ 📧therookeryclapham@outlook.com 🍽️ Food available 🍹 Cocktails available ☀️ Beer garden available,51.4562,-0.143809,3,CAMDEN HELLS,£5.75,5.75,"https://www.pint-prices.com/pub/69%20Clapham%20Common%20South%20Side,%20London%20SW4%209DA,%20UK/The%20Rookery",2026-07-03T23:10:47+00:00
The Rookery,"69 Clapham Common South Side, London SW4 9DA, UK",020 8673 9162 🌐 http://www.therookeryclapham.co.uk/ 📧therookeryclapham@outlook.com 🍽️ Food available 🍹 Cocktails available ☀️ Beer garden available,51.4562,-0.143809,4,GUINNESS,£5.80,5.8,"https://www.pint-prices.com/pub/69%20Clapham%20Common%20South%20Side,%20London%20SW4%209DA,%20UK/The%20Rookery",2026-07-03T23:10:47+00:00
The Prince Regent,"69 Dulwich Rd, London SE24 0NJ, UK",020 7274 1567 🌐 http://www.theprinceregent.co.uk/ 📧hello@theprinceregent.co.uk 🍽️ Food available ☀️ Beer garden available ❓ Pub quiz available,51.4538,-0.106502,1,TAYLORS LANDLORD,£5.00,5.0,"https://www.pint-prices.com/pub/69%20Dulwich%20Rd,%20London%20SE24%200NJ,%20UK/The%20Prince%20Regent",2026-07-03T23:10:47+00:00
The Prince Regent,"69 Dulwich Rd, London SE24 0NJ, UK",020 7274 1567 🌐 http://www.theprinceregent.co.uk/ 📧hello@theprinceregent.co.uk 🍽️ Food available ☀️ Beer garden available ❓ Pub quiz available,51.4538,-0.106502,2,HEINEKEN,£5.95,5.95,"https://www.pint-prices.com/pub/69%20Dulwich%20Rd,%20London%20SE24%200NJ,%20UK/The%20Prince%20Regent",2026-07-03T23:10:47+00:00
The Prince Regent,"69 Dulwich Rd, London SE24 0NJ, UK",020 7274 1567 🌐 http://www.theprinceregent.co.uk/ 📧hello@theprinceregent.co.uk 🍽️ Food available ☀️ Beer garden available ❓ Pub quiz available,51.4538,-0.106502,3,GUINNESS,£6.00,6.0,"https://www.pint-prices.com/pub/69%20Dulwich%20Rd,%20London%20SE24%200NJ,%20UK/The%20Prince%20Regent",2026-07-03T23:10:47+00:00
The Prince Regent,"69 Dulwich Rd, London SE24 0NJ, UK",020 7274 1567 🌐 http://www.theprinceregent.co.uk/ 📧hello@theprinceregent.co.uk 🍽️ Food available ☀️ Beer garden available ❓ Pub quiz available,51.4538,-0.106502,4,CRUZCAMPO,£6.10,6.1,"https://www.pint-prices.com/pub/69%20Dulwich%20Rd,%20London%20SE24%200NJ,%20UK/The%20Prince%20Regent",2026-07-03T23:10:47+00:00
The Prince Regent,"69 Dulwich Rd, London SE24 0NJ, UK",020 7274 1567 🌐 http://www.theprinceregent.co.uk/ 📧hello@theprinceregent.co.uk 🍽️ Food available ☀️ Beer garden available ❓ Pub quiz available,51.4538,-0.106502,5,BIRRA MORETTI,£6.15,6.15,"https://www.pint-prices.com/pub/69%20Dulwich%20Rd,%20London%20SE24%200NJ,%20UK/The%20Prince%20Regent",2026-07-03T23:10:47+00:00
The Prince Regent,"69 Dulwich Rd, London SE24 0NJ, UK",020 7274 1567 🌐 http://www.theprinceregent.co.uk/ 📧hello@theprinceregent.co.uk 🍽️ Food available ☀️ Beer garden available ❓ Pub quiz available,51.4538,-0.106502,6,NECK OIL,£6.60,6.6,"https://www.pint-prices.com/pub/69%20Dulwich%20Rd,%20London%20SE24%200NJ,%20UK/The%20Prince%20Regent",2026-07-03T23:10:47+00:00
The White Hart,"69 Stoke Newington High St, London N16 8EL",🌐 no websites 🍽️ Food available ☀️ Beer garden available,51.559,-0.0744117,1,AMSTEL,£5.25,5.25,"https://www.pint-prices.com/pub/69%20Stoke%20Newington%20High%20St,%20London%20N16%208EL/The%20White%20Hart",2026-07-03T23:10:47+00:00
Raglan Road Irish Bar,"69-73 Derby Rd, Nottingham NG1 5BA",,52.9556,-1.16031,1,GUINNESS,£5.60,5.6,"https://www.pint-prices.com/pub/69-73%20Derby%20Rd,%20Nottingham%20NG1%205BA/Raglan%20Road%20Irish%20Bar",2026-07-03T23:10:47+00:00
The Birds,"692 High Rd Leytonstone, Bushwood, London E11 3AA",🌐 https://www.thebirds.pub/ 🍽️ Food available,51.5691,0.0122364,1,GUINNESS,£4.65,4.65,"https://www.pint-prices.com/pub/692%20High%20Rd%20Leytonstone,%20Bushwood,%20London%20E11%203AA/The%20Birds",2026-07-03T23:10:47+00:00
The Three Kings,"7 Clerkenwell Close, London EC1R 0DY",🌐 https://www.stonegategroup.co.uk/ 🍽️ Food available,51.5233,-0.106086,1,GUINNESS,£6.60,6.6,"https://www.pint-prices.com/pub/7%20Clerkenwell%20Close,%20London%20EC1R%200DY/The%20Three%20Kings",2026-07-03T23:10:47+00:00
"The Admiral Hardy, Greenwich","7 College Approach, London SE10 9HY, UK",020 8293 9535 🌐 http://www.admiralhardygreenwich.co.uk/ 📧events@admiralhardygreenwich.co.uk 🍽️ Food available 🍹 Cocktails available ⚽ Live sports shown,51.4819,-0.0091259,1,ADNAMS GHOST SHIP,£4.80,4.8,"https://www.pint-prices.com/pub/7%20College%20Approach,%20London%20SE10%209HY,%20UK/The%20Admiral%20Hardy,%20Greenwich",2026-07-03T23:10:47+00:00
"The Admiral Hardy, Greenwich","7 College Approach, London SE10 9HY, UK",020 8293 9535 🌐 http://www.admiralhardygreenwich.co.uk/ 📧events@admiralhardygreenwich.co.uk 🍽️ Food available 🍹 Cocktails available ⚽ Live sports shown,51.4819,-0.0091259,2,AMSTEL,£5.60,5.6,"https://www.pint-prices.com/pub/7%20College%20Approach,%20London%20SE10%209HY,%20UK/The%20Admiral%20Hardy,%20Greenwich",2026-07-03T23:10:47+00:00
"The Admiral Hardy, Greenwich","7 College Approach, London SE10 9HY, UK",020 8293 9535 🌐 http://www.admiralhardygreenwich.co.uk/ 📧events@admiralhardygreenwich.co.uk 🍽️ Food available 🍹 Cocktails available ⚽ Live sports shown,51.4819,-0.0091259,3,ESTRELLA,£6.30,6.3,"https://www.pint-prices.com/pub/7%20College%20Approach,%20London%20SE10%209HY,%20UK/The%20Admiral%20Hardy,%20Greenwich",2026-07-03T23:10:47+00:00
Swan,"7 Cosmo Place, WC1N 3AP",🌐 https://www.greeneking.co.uk/pubs/greater-london/swan 🍽️ Food available 🍹 Cocktails available ☀️ Beer garden available,51.5212,-0.122887,1,AMSTEL,£6.10,6.1,"https://www.pint-prices.com/pub/7%20Cosmo%20Place,%20WC1N%203AP/Swan",2026-07-03T23:10:47+00:00
Swan,"7 Cosmo Place, WC1N 3AP",🌐 https://www.greeneking.co.uk/pubs/greater-london/swan 🍽️ Food available 🍹 Cocktails available ☀️ Beer garden available,51.5212,-0.122887,2,GUINNESS,£6.35,6.35,"https://www.pint-prices.com/pub/7%20Cosmo%20Place,%20WC1N%203AP/Swan",2026-07-03T23:10:47+00:00
Swan,"7 Cosmo Place, WC1N 3AP",🌐 https://www.greeneking.co.uk/pubs/greater-london/swan 🍽️ Food available 🍹 Cocktails available ☀️ Beer garden available,51.5212,-0.122887,3,ESTRELLA,£6.95,6.95,"https://www.pint-prices.com/pub/7%20Cosmo%20Place,%20WC1N%203AP/Swan",2026-07-03T23:10:47+00:00
Swan,"7 Cosmo Place, WC1N 3AP",🌐 https://www.greeneking.co.uk/pubs/greater-london/swan 🍽️ Food available 🍹 Cocktails available ☀️ Beer garden available,51.5212,-0.122887,4,BIRRA MORETTI,£6.95,6.95,"https://www.pint-prices.com/pub/7%20Cosmo%20Place,%20WC1N%203AP/Swan",2026-07-03T23:10:47+00:00
Swan,"7 Cosmo Place, WC1N 3AP",🌐 https://www.greeneking.co.uk/pubs/greater-london/swan 🍽️ Food available 🍹 Cocktails available ☀️ Beer garden available,51.5212,-0.122887,5,PERONI,£7.25,7.25,"https://www.pint-prices.com/pub/7%20Cosmo%20Place,%20WC1N%203AP/Swan",2026-07-03T23:10:47+00:00
Swan,"7 Cosmo Place, WC1N 3AP",🌐 https://www.greeneking.co.uk/pubs/greater-london/swan 🍽️ Food available 🍹 Cocktails available ☀️ Beer garden available,51.5212,-0.122887,6,NECK OIL,£7.40,7.4,"https://www.pint-prices.com/pub/7%20Cosmo%20Place,%20WC1N%203AP/Swan",2026-07-03T23:10:47+00:00
The Dartmouth Arms,"7 Dartmouth Rd, London SE23 3HN",🌐 https://www.disappearingdiningclub.co.uk/dartmouth-arms 🍽️ Food available ☀️ Beer garden available 🎸 Live music,51.4387,-0.0537908,1,STIEGL,£6.75,6.75,"https://www.pint-prices.com/pub/7%20Dartmouth%20Rd,%20London%20SE23%203HN/The%20Dartmouth%20Arms",2026-07-03T23:10:47+00:00
The Signal,"7 Devonshire Rd, London SE23 3HE","🌐 https://www.stonegategroup.co.uk/locations/the-signal,-forest-hill/2123/ 🍽️ Food available ☀️ Beer garden available ⚽ Live sports shown 🎸 Live music",51.4396,-0.0539168,1,AMSTEL,£5.65,5.65,"https://www.pint-prices.com/pub/7%20Devonshire%20Rd,%20London%20SE23%203HE/The%20Signal",2026-07-03T23:10:47+00:00
The Horse & Groom,"7 Groom Place, London SW1X 7BA",🌐 https://www.horseandgroombelgravia.co.uk/ 🍽️ Food available ☀️ Beer garden available,51.4993,-0.151103,1,WHITSTABLE BAY LAGER,£6.85,6.85,"https://www.pint-prices.com/pub/7%20Groom%20Place,%20London%20SW1X%207BA/The%20Horse%20%26%20Groom",2026-07-03T23:10:47+00:00
The Duke,"7 Roger St, London WC1N 2PB",🍽️ Food available,51.5228,-0.116508,1,ESTRELLA,£6.50,6.5,"https://www.pint-prices.com/pub/7%20Roger%20St,%20London%20WC1N%202PB/The%20Duke",2026-07-03T23:10:47+00:00
The Market Tavern,"7 Shepherd St, London W1J 7HR",🌐 https://www.themarkettavernmayfair.co.uk/#/ 🍽️ Food available,51.5061,-0.14678,1,ESTRELLA,£6.90,6.9,"https://www.pint-prices.com/pub/7%20Shepherd%20St,%20London%20W1J%207HR/The%20Market%20Tavern",2026-07-03T23:10:47+00:00
The Botanist,"7 Sloane Square, London SW1W 8EE",🍽️ Food available 🍹 Cocktails available 😎 Cool place,51.493,-0.156893,1,BRIXTON ATLANTIC PALE ALE,£6.50,6.5,"https://www.pint-prices.com/pub/7%20Sloane%20Square,%20London%20SW1W%208EE/The%20Botanist",2026-07-03T23:10:47+00:00
The Huntsman & Hounds,"70 Elsted St, London SE17 1QG",🌐 https://thehuntsmanandhounds.co.uk/ 🍽️ Food available 🎸 Live music 🎯 Darts available,51.4902,-0.0863038,1,FOUR PURE LAGER,£5.70,5.7,"https://www.pint-prices.com/pub/70%20Elsted%20St,%20London%20SE17%201QG/The%20Huntsman%20%26%20Hounds",2026-07-03T23:10:47+00:00
The Landor,"70 Landor Rd, London SW9 9PH",🌐 https://thelandorpub.com/ 🍽️ Food available 🍹 Cocktails available ☀️ Beer garden available ⚽ Live sports shown 🎸 Live music ❓ Pub quiz available 😎 Cool place 🎤 Karaoke available,51.4656,-0.126143,1,PRAVHA,£5.90,5.9,"https://www.pint-prices.com/pub/70%20Landor%20Rd,%20London%20SW9%209PH/The%20Landor",2026-07-03T23:10:47+00:00
McGlynn’s Bar,"70 Willesden Ln, London NW6 7RF",🌐 no website 🍽️ Food available ☀️ Beer garden available ⚽ Live sports shown,51.5411,-0.201061,1,CARLSBERG,£4.20,4.2,"https://www.pint-prices.com/pub/70%20Willesden%20Ln,%20London%20NW6%207RF/McGlynn%E2%80%99s%20Bar",2026-07-03T23:10:47+00:00
The Wilton Arms,"71 Kinnerton St, London SW1X 8ED",🌐 https://www.thewiltonarmssw1.com/ 🍽️ Food available,51.5015,-0.157075,1,ASAHI,£6.60,6.6,"https://www.pint-prices.com/pub/71%20Kinnerton%20St,%20London%20SW1X%208ED/The%20Wilton%20Arms",2026-07-03T23:10:47+00:00
The Kentish Drovers - JD Wetherspoon,"71-79 Peckham High Street, Peckham, SE15 5RS",🍽️ Food available 🍹 Cocktails available ⚽ Live sports shown,51.4736,-0.0700068,1,BUD LIGHT,£2.43,2.43,"https://www.pint-prices.com/pub/71-79%20Peckham%20High%20Street,%20Peckham,%20SE15%205RS/The%20Kentish%20Drovers%20-%20JD%20Wetherspoon",2026-07-03T23:10:47+00:00
The Kentish Drovers - JD Wetherspoon,"71-79 Peckham High Street, Peckham, SE15 5RS",🍽️ Food available 🍹 Cocktails available ⚽ Live sports shown,51.4736,-0.0700068,2,CARLSBERG PILSNER,£2.66,2.66,"https://www.pint-prices.com/pub/71-79%20Peckham%20High%20Street,%20Peckham,%20SE15%205RS/The%20Kentish%20Drovers%20-%20JD%20Wetherspoon",2026-07-03T23:10:47+00:00
The Kentish Drovers - JD Wetherspoon,"71-79 Peckham High Street, Peckham, SE15 5RS",🍽️ Food available 🍹 Cocktails available ⚽ Live sports shown,51.4736,-0.0700068,3,BUDWEISER,£2.88,2.88,"https://www.pint-prices.com/pub/71-79%20Peckham%20High%20Street,%20Peckham,%20SE15%205RS/The%20Kentish%20Drovers%20-%20JD%20Wetherspoon",2026-07-03T23:10:47+00:00
The Kentish Drovers - JD Wetherspoon,"71-79 Peckham High Street, Peckham, SE15 5RS",🍽️ Food available 🍹 Cocktails available ⚽ Live sports shown,51.4736,-0.0700068,4,CARLING,£2.88,2.88,"https://www.pint-prices.com/pub/71-79%20Peckham%20High%20Street,%20Peckham,%20SE15%205RS/The%20Kentish%20Drovers%20-%20JD%20Wetherspoon",2026-07-03T23:10:47+00:00
The Kentish Drovers - JD Wetherspoon,"71-79 Peckham High Street, Peckham, SE15 5RS",🍽️ Food available 🍹 Cocktails available ⚽ Live sports shown,51.4736,-0.0700068,5,COORS,£2.88,2.88,"https://www.pint-prices.com/pub/71-79%20Peckham%20High%20Street,%20Peckham,%20SE15%205RS/The%20Kentish%20Drovers%20-%20JD%20Wetherspoon",2026-07-03T23:10:47+00:00
The Kentish Drovers - JD Wetherspoon,"71-79 Peckham High Street, Peckham, SE15 5RS",🍽️ Food available 🍹 Cocktails available ⚽ Live sports shown,51.4736,-0.0700068,6,GUINNESS,£3.32,3.32,"https://www.pint-prices.com/pub/71-79%20Peckham%20High%20Street,%20Peckham,%20SE15%205RS/The%20Kentish%20Drovers%20-%20JD%20Wetherspoon",2026-07-03T23:10:47+00:00
The Kentish Drovers - JD Wetherspoon,"71-79 Peckham High Street, Peckham, SE15 5RS",🍽️ Food available 🍹 Cocktails available ⚽ Live sports shown,51.4736,-0.0700068,7,STELLA ARTOIS,£3.84,3.84,"https://www.pint-prices.com/pub/71-79%20Peckham%20High%20Street,%20Peckham,%20SE15%205RS/The%20Kentish%20Drovers%20-%20JD%20Wetherspoon",2026-07-03T23:10:47+00:00
The Kentish Drovers - JD Wetherspoon,"71-79 Peckham High Street, Peckham, SE15 5RS",🍽️ Food available 🍹 Cocktails available ⚽ Live sports shown,51.4736,-0.0700068,8,CORONA,£3.95,3.95,"https://www.pint-prices.com/pub/71-79%20Peckham%20High%20Street,%20Peckham,%20SE15%205RS/The%20Kentish%20Drovers%20-%20JD%20Wetherspoon",2026-07-03T23:10:47+00:00
The Kentish Drovers - JD Wetherspoon,"71-79 Peckham High Street, Peckham, SE15 5RS",🍽️ Food available 🍹 Cocktails available ⚽ Live sports shown,51.4736,-0.0700068,9,SAN MIGUEL,£3.95,3.95,"https://www.pint-prices.com/pub/71-79%20Peckham%20High%20Street,%20Peckham,%20SE15%205RS/The%20Kentish%20Drovers%20-%20JD%20Wetherspoon",2026-07-03T23:10:47+00:00
The Kentish Drovers - JD Wetherspoon,"71-79 Peckham High Street, Peckham, SE15 5RS",🍽️ Food available 🍹 Cocktails available ⚽ Live sports shown,51.4736,-0.0700068,10,LEFFE BLONDE,£4.28,4.28,"https://www.pint-prices.com/pub/71-79%20Peckham%20High%20Street,%20Peckham,%20SE15%205RS/The%20Kentish%20Drovers%20-%20JD%20Wetherspoon",2026-07-03T23:10:47+00:00
Vinegar Yard,"72-82 St Thomas St, London SE1 3QX",🌐 https://www.vinegaryard.london/ 🍽️ Food available ☀️ Beer garden available,51.503,-0.084125,1,MADRI,£7.20,7.2,"https://www.pint-prices.com/pub/72-82%20St%20Thomas%20St,%20London%20SE1%203QX/Vinegar%20Yard",2026-07-03T23:10:47+00:00
Vinegar Yard,"72-82 St Thomas St, London SE1 3QX",🌐 https://www.vinegaryard.london/ 🍽️ Food available ☀️ Beer garden available,51.503,-0.084125,2,MADRI,£7.20,7.2,"https://www.pint-prices.com/pub/72-82%20St%20Thomas%20St,%20London%20SE1%203QX/Vinegar%20Yard",2026-07-03T23:10:47+00:00
The Prince Edward,"73 Prince's Square, London W2 4NY",🌐 https://www.theprince-edward.co.uk/ 🍽️ Food available 😎 Cool place,51.513,-0.193449,1,STELLA ARTOIS,£3.50,3.5,"https://www.pint-prices.com/pub/73%20Prince's%20Square,%20London%20W2%204NY/The%20Prince%20Edward",2026-07-03T23:10:47+00:00
The Famous Royal Oak,"73 St James's Ln, Muswell Hill, London N10 3QY",🍽️ Food available ☀️ Beer garden available ⚽ Live sports shown ❓ Pub quiz available,51.5884,-0.141269,1,MAGNERS,£3.90,3.9,"https://www.pint-prices.com/pub/73%20St%20James's%20Ln,%20Muswell%20Hill,%20London%20N10%203QY/The%20Famous%20Royal%20Oak",2026-07-03T23:10:47+00:00
George,"74 Bexley High St, Bexley DA5 1AJ, UK",01322 523843 🌐 https://www.greeneking.co.uk/pubs/kent/george/find-us 📧Contact us form 🍽️ Food available ☀️ Beer garden available ⚽ Live sports shown,51.4416,0.150285,1,AMSTEL,£5.40,5.4,"https://www.pint-prices.com/pub/74%20Bexley%20High%20St,%20Bexley%20DA5%201AJ,%20UK/George",2026-07-03T23:10:47+00:00
The Duke of Battersea,"74-76 Battersea Bridge Rd, London SW11 3AG",🍽️ Food available 🍹 Cocktails available ☀️ Beer garden available ⚽ Live sports shown 🎤 Karaoke available,51.4783,-0.170178,1,LOST LAGER,£7.00,7.0,"https://www.pint-prices.com/pub/74-76%20Battersea%20Bridge%20Rd,%20London%20SW11%203AG/The%20Duke%20of%20Battersea",2026-07-03T23:10:47+00:00
George,"75 Borough High St, London SE1 1NH, UK",020 7407 2056 🌐 https://www.greeneking.co.uk/pubs/greater-london/george-southwark?utm_source=g_places&utm_medium=loc 🍽️ Food available ☀️ Beer garden available ⚽ Live sports shown,51.5043,-0.0904175,1,ESTRELLA,£6.00,6.0,"https://www.pint-prices.com/pub/75%20Borough%20High%20St,%20London%20SE1%201NH,%20UK/George",2026-07-03T23:10:47+00:00
The Snooty Fox,"75 Grosvenor Ave, London N5 2NN, UK",020 7354 9532 🌐 http://www.snootyfoxlondon.co.uk/ 📧snooty.fox@live.co.uk 🍽️ Food available ☀️ Beer garden available ⚽ Live sports shown ❓ Pub quiz available ⏰ Happy hour,51.5492,-0.0913582,1,AMSTEL,£5.95,5.95,"https://www.pint-prices.com/pub/75%20Grosvenor%20Ave,%20London%20N5%202NN,%20UK/The%20Snooty%20Fox",2026-07-03T23:10:47+00:00
The Snooty Fox,"75 Grosvenor Ave, London N5 2NN, UK",020 7354 9532 🌐 http://www.snootyfoxlondon.co.uk/ 📧snooty.fox@live.co.uk 🍽️ Food available ☀️ Beer garden available ⚽ Live sports shown ❓ Pub quiz available ⏰ Happy hour,51.5492,-0.0913582,2,GUINNESS,£5.95,5.95,"https://www.pint-prices.com/pub/75%20Grosvenor%20Ave,%20London%20N5%202NN,%20UK/The%20Snooty%20Fox",2026-07-03T23:10:47+00:00
The Snooty Fox,"75 Grosvenor Ave, London N5 2NN, UK",020 7354 9532 🌐 http://www.snootyfoxlondon.co.uk/ 📧snooty.fox@live.co.uk 🍽️ Food available ☀️ Beer garden available ⚽ Live sports shown ❓ Pub quiz available ⏰ Happy hour,51.5492,-0.0913582,3,BIRRA MORETTI,£6.50,6.5,"https://www.pint-prices.com/pub/75%20Grosvenor%20Ave,%20London%20N5%202NN,%20UK/The%20Snooty%20Fox",2026-07-03T23:10:47+00:00
The Snooty Fox,"75 Grosvenor Ave, London N5 2NN, UK",020 7354 9532 🌐 http://www.snootyfoxlondon.co.uk/ 📧snooty.fox@live.co.uk 🍽️ Food available ☀️ Beer garden available ⚽ Live sports shown ❓ Pub quiz available ⏰ Happy hour,51.5492,-0.0913582,4,NECK OIL,£6.80,6.8,"https://www.pint-prices.com/pub/75%20Grosvenor%20Ave,%20London%20N5%202NN,%20UK/The%20Snooty%20Fox",2026-07-03T23:10:47+00:00
The Snooty Fox,"75 Grosvenor Ave, London N5 2NN",🌐 https://www.snootyfoxlondon.co.uk/ 🍽️ Food available 🍹 Cocktails available ⏰ Happy hour,51.5492,-0.0913582,1,PILSNER URQUELL,£6.00,6.0,"https://www.pint-prices.com/pub/75%20Grosvenor%20Ave,%20London%20N5%202NN/The%20Snooty%20Fox",2026-07-03T23:10:47+00:00
The Duke of Sussex,"75 S Parade, London W4 5LF",🌐 https://www.thedukeofsussex.co.uk/ 🍽️ Food available ☀️ Beer garden available,51.4966,-0.26417,1,ASAHI,£6.65,6.65,"https://www.pint-prices.com/pub/75%20S%20Parade,%20London%20W4%205LF/The%20Duke%20of%20Sussex",2026-07-03T23:10:47+00:00
The George,75-77 Borough High Street Southwark Greater London United Kingdom SE1 1NH,,51.5043,-0.0904337,1,ESTRELLA,£7.30,7.3,https://www.pint-prices.com/pub/75-77%20Borough%20High%20Street%20Southwark%20Greater%20London%20United%20Kingdom%20SE1%201NH/The%20George,2026-07-03T23:10:47+00:00
Lotus Bar,"76 Clapham High St, London SW4 7UL, UK",020 7720 2516,51.4636,-0.133446,1,BOTTLED BEER,£8.00,8.0,"https://www.pint-prices.com/pub/76%20Clapham%20High%20St,%20London%20SW4%207UL,%20UK/Lotus%20Bar",2026-07-03T23:10:47+00:00
The Grapes,"76 Narrow St, London E14 8BP, UK",020 7987 4396 🌐 http://thegrapes.co.uk/ 🍽️ Food available ☀️ Beer garden available ⚽ Live sports shown ❓ Pub quiz available,51.5088,-0.0339919,1,SAN MIGUEL,£5.95,5.95,"https://www.pint-prices.com/pub/76%20Narrow%20St,%20London%20E14%208BP,%20UK/The%20Grapes",2026-07-03T23:10:47+00:00
The Grapes,"76 Narrow St, London E14 8BP",🌐 https://www.thegrapes.co.uk/ 🍽️ Food available ☀️ Beer garden available ❓ Pub quiz available,51.5088,-0.0339919,1,CARLSBERG,£5.50,5.5,"https://www.pint-prices.com/pub/76%20Narrow%20St,%20London%20E14%208BP/The%20Grapes",2026-07-03T23:10:47+00:00
The Ridgeway Tavern,"76 The Ridgeway, Enfield EN2 8JF, UK",020 8363 7537 🌐 https://www.emberinns.co.uk/nationalsearch/london/the-ridgeway-tavern-enfield?utm_source=google&utm_ 🍽️ Food available 🍹 Cocktails available ☀️ Beer garden available ⚽ Live sports shown 🎸 Live music ❓ Pub quiz available ⏰ Happy hour,51.6628,-0.103986,1,CARLING,£4.50,4.5,"https://www.pint-prices.com/pub/76%20The%20Ridgeway,%20Enfield%20EN2%208JF,%20UK/The%20Ridgeway%20Tavern",2026-07-03T23:10:47+00:00
The Bohemia,"762-764 High Rd, London N12 9QH, UK",020 8446 0294 📧info@thebohemia.co.uk,51.6153,-0.176423,1,CASK ALE,£4.70,4.7,"https://www.pint-prices.com/pub/762-764%20High%20Rd,%20London%20N12%209QH,%20UK/The%20Bohemia",2026-07-03T23:10:47+00:00
The Bohemia,"762-764 High Rd, London N12 9QH, UK",020 8446 0294 📧info@thebohemia.co.uk,51.6153,-0.176423,2,KEG ALE,£5.95,5.95,"https://www.pint-prices.com/pub/762-764%20High%20Rd,%20London%20N12%209QH,%20UK/The%20Bohemia",2026-07-03T23:10:47+00:00
The Eight Bells,78 Kingston Road Ewell KT17 2DU England,,51.3547,-0.251289,1,PERONI,£5.50,5.5,https://www.pint-prices.com/pub/78%20Kingston%20Road%20Ewell%20KT17%202DU%20England/The%20Eight%20Bells,2026-07-03T23:10:47+00:00
"The Sultan, Wimbledon","78 Norman Rd, London SW19 1BT",🌐 https://www.hopback.co.uk/pubs/the-sultan/ 🍽️ Food available ☀️ Beer garden available ⚽ Live sports shown 🎸 Live music 🎯 Darts available,51.4186,-0.18521,1,GREYHOUND STRONG BITTER,£3.60,3.6,"https://www.pint-prices.com/pub/78%20Norman%20Rd,%20London%20SW19%201BT/The%20Sultan,%20Wimbledon",2026-07-03T23:10:47+00:00
"The Sultan, Wimbledon","78 Norman Rd, London SW19 1BT",🌐 https://www.hopback.co.uk/pubs/the-sultan/ 🍽️ Food available ☀️ Beer garden available ⚽ Live sports shown 🎸 Live music 🎯 Darts available,51.4186,-0.18521,2,GHB,£3.60,3.6,"https://www.pint-prices.com/pub/78%20Norman%20Rd,%20London%20SW19%201BT/The%20Sultan,%20Wimbledon",2026-07-03T23:10:47+00:00
"The Sultan, Wimbledon","78 Norman Rd, London SW19 1BT",🌐 https://www.hopback.co.uk/pubs/the-sultan/ 🍽️ Food available ☀️ Beer garden available ⚽ Live sports shown 🎸 Live music 🎯 Darts available,51.4186,-0.18521,3,GUINNESS,£5.10,5.1,"https://www.pint-prices.com/pub/78%20Norman%20Rd,%20London%20SW19%201BT/The%20Sultan,%20Wimbledon",2026-07-03T23:10:47+00:00
The Wapping Tavern,"78-80 Wapping Ln, London E1W 2RT",🌐 https://wappingtavern.co.uk/ 🍽️ Food available 🍹 Cocktails available ☀️ Beer garden available ⚽ Live sports shown ❓ Pub quiz available 🎯 Darts available 🎱 Pool available,51.5047,-0.0575749,1,POSH LAGER,£6.45,6.45,"https://www.pint-prices.com/pub/78-80%20Wapping%20Ln,%20London%20E1W%202RT/The%20Wapping%20Tavern",2026-07-03T23:10:47+00:00
Square Bottle,"78-92 Foregate Street, Chester, CH1 1HB",,53.1918,-2.88355,1,CARLSBERG,£2.77,2.77,"https://www.pint-prices.com/pub/78-92%20Foregate%20Street,%20Chester,%20CH1%201HB/Square%20Bottle",2026-07-03T23:10:47+00:00
Square Bottle,"78-92 Foregate Street, Chester, CH1 1HB",,53.1918,-2.88355,2,STELLA ARTOIS,£4.33,4.33,"https://www.pint-prices.com/pub/78-92%20Foregate%20Street,%20Chester,%20CH1%201HB/Square%20Bottle",2026-07-03T23:10:47+00:00
The Leconfield,"79 Green Lanes, Newington Green, London N16 9BU",🌐 https://www.theleconfieldpub.co.uk/ 🍽️ Food available ⚽ Live sports shown 🎸 Live music ❓ Pub quiz available 🎱 Pool available,51.5538,-0.088661,1,AMSTEL,£5.20,5.2,"https://www.pint-prices.com/pub/79%20Green%20Lanes,%20Newington%20Green,%20London%20N16%209BU/The%20Leconfield",2026-07-03T23:10:47+00:00
The Coborn,"8 Coborn Rd, Bow, London E3 2DA, UK",020 8980 3793 🌐 https://www.thecoborn.co.uk/ 📧coborn@youngs.co.uk 🍽️ Food available 🍹 Cocktails available ☀️ Beer garden available ❓ Pub quiz available,51.527,-0.0300232,1,PRAVHA,£5.85,5.85,"https://www.pint-prices.com/pub/8%20Coborn%20Rd,%20Bow,%20London%20E3%202DA,%20UK/The%20Coborn",2026-07-03T23:10:47+00:00
The Coborn,"8 Coborn Rd, Bow, London E3 2DA, UK",020 8980 3793 🌐 https://www.thecoborn.co.uk/ 📧coborn@youngs.co.uk 🍽️ Food available 🍹 Cocktails available ☀️ Beer garden available ❓ Pub quiz available,51.527,-0.0300232,2,FOSTERS,£5.95,5.95,"https://www.pint-prices.com/pub/8%20Coborn%20Rd,%20Bow,%20London%20E3%202DA,%20UK/The%20Coborn",2026-07-03T23:10:47+00:00
The Coborn,"8 Coborn Rd, Bow, London E3 2DA, UK",020 8980 3793 🌐 https://www.thecoborn.co.uk/ 📧coborn@youngs.co.uk 🍽️ Food available 🍹 Cocktails available ☀️ Beer garden available ❓ Pub quiz available,51.527,-0.0300232,3,ESTRELLA,£6.60,6.6,"https://www.pint-prices.com/pub/8%20Coborn%20Rd,%20Bow,%20London%20E3%202DA,%20UK/The%20Coborn",2026-07-03T23:10:47+00:00
The Coborn,"8 Coborn Rd, Bow, London E3 2DA, UK",020 8980 3793 🌐 https://www.thecoborn.co.uk/ 📧coborn@youngs.co.uk 🍽️ Food available 🍹 Cocktails available ☀️ Beer garden available ❓ Pub quiz available,51.527,-0.0300232,4,PERONI,£6.80,6.8,"https://www.pint-prices.com/pub/8%20Coborn%20Rd,%20Bow,%20London%20E3%202DA,%20UK/The%20Coborn",2026-07-03T23:10:47+00:00
The Coborn,"8 Coborn Rd, Bow, London E3 2DA, UK",020 8980 3793 🌐 https://www.thecoborn.co.uk/ 📧coborn@youngs.co.uk 🍽️ Food available 🍹 Cocktails available ☀️ Beer garden available ❓ Pub quiz available,51.527,-0.0300232,5,NECK OIL,£6.95,6.95,"https://www.pint-prices.com/pub/8%20Coborn%20Rd,%20Bow,%20London%20E3%202DA,%20UK/The%20Coborn",2026-07-03T23:10:47+00:00
Duke of York,"8 Dering Street, W1S 1AF",🌐 https://www.greeneking.co.uk/pubs/greater-london/duke-of-york 🍽️ Food available 🍹 Cocktails available ☀️ Beer garden available ⚽ Live sports shown,51.5142,-0.145891,1,AMSTEL,£6.15,6.15,"https://www.pint-prices.com/pub/8%20Dering%20Street,%20W1S%201AF/Duke%20of%20York",2026-07-03T23:10:47+00:00
Duke of York,"8 Dering Street, W1S 1AF",🌐 https://www.greeneking.co.uk/pubs/greater-london/duke-of-york 🍽️ Food available 🍹 Cocktails available ☀️ Beer garden available ⚽ Live sports shown,51.5142,-0.145891,2,GUINNESS,£6.40,6.4,"https://www.pint-prices.com/pub/8%20Dering%20Street,%20W1S%201AF/Duke%20of%20York",2026-07-03T23:10:47+00:00
Duke of York,"8 Dering Street, W1S 1AF",🌐 https://www.greeneking.co.uk/pubs/greater-london/duke-of-york 🍽️ Food available 🍹 Cocktails available ☀️ Beer garden available ⚽ Live sports shown,51.5142,-0.145891,3,ESTRELLA,£6.90,6.9,"https://www.pint-prices.com/pub/8%20Dering%20Street,%20W1S%201AF/Duke%20of%20York",2026-07-03T23:10:47+00:00
Duke of York,"8 Dering Street, W1S 1AF",🌐 https://www.greeneking.co.uk/pubs/greater-london/duke-of-york 🍽️ Food available 🍹 Cocktails available ☀️ Beer garden available ⚽ Live sports shown,51.5142,-0.145891,4,BIRRA MORETTI,£7.00,7.0,"https://www.pint-prices.com/pub/8%20Dering%20Street,%20W1S%201AF/Duke%20of%20York",2026-07-03T23:10:47+00:00
Duke of York,"8 Dering Street, W1S 1AF",🌐 https://www.greeneking.co.uk/pubs/greater-london/duke-of-york 🍽️ Food available 🍹 Cocktails available ☀️ Beer garden available ⚽ Live sports shown,51.5142,-0.145891,5,PERONI,£7.25,7.25,"https://www.pint-prices.com/pub/8%20Dering%20Street,%20W1S%201AF/Duke%20of%20York",2026-07-03T23:10:47+00:00
Duke of York,"8 Dering Street, W1S 1AF",🌐 https://www.greeneking.co.uk/pubs/greater-london/duke-of-york 🍽️ Food available 🍹 Cocktails available ☀️ Beer garden available ⚽ Live sports shown,51.5142,-0.145891,6,NECK OIL,£7.40,7.4,"https://www.pint-prices.com/pub/8%20Dering%20Street,%20W1S%201AF/Duke%20of%20York",2026-07-03T23:10:47+00:00
The Queens Head,"8 Flamborough St, London E14 7LS",🍽️ Food available 🍹 Cocktails available ☀️ Beer garden available ⚽ Live sports shown 🎸 Live music,51.5137,-0.0388906,1,AMSTEL,£5.00,5.0,"https://www.pint-prices.com/pub/8%20Flamborough%20St,%20London%20E14%207LS/The%20Queens%20Head",2026-07-03T23:10:47+00:00
The Prince of Wales,"8 Kensington Church St, London W8 4EP",🌐 https://www.greeneking.co.uk/pubs/greater-london/prince-of-wales-kensington 🍽️ Food available 🍹 Cocktails available ⚽ Live sports shown,51.5024,-0.190893,1,AMSTEL,£5.95,5.95,"https://www.pint-prices.com/pub/8%20Kensington%20Church%20St,%20London%20W8%204EP/The%20Prince%20of%20Wales",2026-07-03T23:10:47+00:00
Prince of Wales,"8 Kensington Church Street, W8 4EP",🌐 https://www.greeneking.co.uk/pubs/greater-london/prince-of-wales-kensington 🍽️ Food available 🍹 Cocktails available ⚽ Live sports shown,51.5024,-0.190893,1,AMSTEL,£6.30,6.3,"https://www.pint-prices.com/pub/8%20Kensington%20Church%20Street,%20W8%204EP/Prince%20of%20Wales",2026-07-03T23:10:47+00:00
Prince of Wales,"8 Kensington Church Street, W8 4EP",🌐 https://www.greeneking.co.uk/pubs/greater-london/prince-of-wales-kensington 🍽️ Food available 🍹 Cocktails available ⚽ Live sports shown,51.5024,-0.190893,2,GUINNESS,£6.50,6.5,"https://www.pint-prices.com/pub/8%20Kensington%20Church%20Street,%20W8%204EP/Prince%20of%20Wales",2026-07-03T23:10:47+00:00
Prince of Wales,"8 Kensington Church Street, W8 4EP",🌐 https://www.greeneking.co.uk/pubs/greater-london/prince-of-wales-kensington 🍽️ Food available 🍹 Cocktails available ⚽ Live sports shown,51.5024,-0.190893,3,MADRI,£6.75,6.75,"https://www.pint-prices.com/pub/8%20Kensington%20Church%20Street,%20W8%204EP/Prince%20of%20Wales",2026-07-03T23:10:47+00:00
Prince of Wales,"8 Kensington Church Street, W8 4EP",🌐 https://www.greeneking.co.uk/pubs/greater-london/prince-of-wales-kensington 🍽️ Food available 🍹 Cocktails available ⚽ Live sports shown,51.5024,-0.190893,4,BIRRA MORETTI,£6.75,6.75,"https://www.pint-prices.com/pub/8%20Kensington%20Church%20Street,%20W8%204EP/Prince%20of%20Wales",2026-07-03T23:10:47+00:00
Prince of Wales,"8 Kensington Church Street, W8 4EP",🌐 https://www.greeneking.co.uk/pubs/greater-london/prince-of-wales-kensington 🍽️ Food available 🍹 Cocktails available ⚽ Live sports shown,51.5024,-0.190893,5,ESTRELLA,£6.90,6.9,"https://www.pint-prices.com/pub/8%20Kensington%20Church%20Street,%20W8%204EP/Prince%20of%20Wales",2026-07-03T23:10:47+00:00
Prince of Wales,"8 Kensington Church Street, W8 4EP",🌐 https://www.greeneking.co.uk/pubs/greater-london/prince-of-wales-kensington 🍽️ Food available 🍹 Cocktails available ⚽ Live sports shown,51.5024,-0.190893,6,PERONI,£7.15,7.15,"https://www.pint-prices.com/pub/8%20Kensington%20Church%20Street,%20W8%204EP/Prince%20of%20Wales",2026-07-03T23:10:47+00:00
Prince of Wales,"8 Kensington Church Street, W8 4EP",🌐 https://www.greeneking.co.uk/pubs/greater-london/prince-of-wales-kensington 🍽️ Food available 🍹 Cocktails available ⚽ Live sports shown,51.5024,-0.190893,7,NECK OIL,£7.55,7.55,"https://www.pint-prices.com/pub/8%20Kensington%20Church%20Street,%20W8%204EP/Prince%20of%20Wales",2026-07-03T23:10:47+00:00
Coat & Badge,"8 Lacy Rd, London SW15 1NL",2087884900 🌐 https://www.thecoatandbadge.co.uk/ 🍽️ Food available 🍹 Cocktails available ☀️ Beer garden available ⚽ Live sports shown ❓ Pub quiz available,51.4645,-0.216621,1,CASK ALE,£5.70,5.7,"https://www.pint-prices.com/pub/8%20Lacy%20Rd,%20London%20SW15%201NL/Coat%20%26%20Badge",2026-07-03T23:10:47+00:00
Coat & Badge,"8 Lacy Rd, London SW15 1NL",2087884900 🌐 https://www.thecoatandbadge.co.uk/ 🍽️ Food available 🍹 Cocktails available ☀️ Beer garden available ⚽ Live sports shown ❓ Pub quiz available,51.4645,-0.216621,2,PRAVHA,£6.05,6.05,"https://www.pint-prices.com/pub/8%20Lacy%20Rd,%20London%20SW15%201NL/Coat%20%26%20Badge",2026-07-03T23:10:47+00:00
Coat & Badge,"8 Lacy Rd, London SW15 1NL",2087884900 🌐 https://www.thecoatandbadge.co.uk/ 🍽️ Food available 🍹 Cocktails available ☀️ Beer garden available ⚽ Live sports shown ❓ Pub quiz available,51.4645,-0.216621,3,GUINNESS,£6.70,6.7,"https://www.pint-prices.com/pub/8%20Lacy%20Rd,%20London%20SW15%201NL/Coat%20%26%20Badge",2026-07-03T23:10:47+00:00
Duke's Head,"8 Lower Richmond Rd., London SW15 1ER",2087882552 🌐 https://www.dukesheadputney.com/ 🍽️ Food available 🍹 Cocktails available ☀️ Beer garden available ⚽ Live sports shown 🎸 Live music,51.4673,-0.217079,1,YOUNGS ORIGINAL,£5.65,5.65,"https://www.pint-prices.com/pub/8%20Lower%20Richmond%20Rd.,%20London%20SW15%201ER/Duke's%20Head",2026-07-03T23:10:47+00:00
Duke's Head,"8 Lower Richmond Rd., London SW15 1ER",2087882552 🌐 https://www.dukesheadputney.com/ 🍽️ Food available 🍹 Cocktails available ☀️ Beer garden available ⚽ Live sports shown 🎸 Live music,51.4673,-0.217079,2,PRAVHA,£6.05,6.05,"https://www.pint-prices.com/pub/8%20Lower%20Richmond%20Rd.,%20London%20SW15%201ER/Duke's%20Head",2026-07-03T23:10:47+00:00
Duke's Head,"8 Lower Richmond Rd., London SW15 1ER",2087882552 🌐 https://www.dukesheadputney.com/ 🍽️ Food available 🍹 Cocktails available ☀️ Beer garden available ⚽ Live sports shown 🎸 Live music,51.4673,-0.217079,3,GUINNESS,£6.70,6.7,"https://www.pint-prices.com/pub/8%20Lower%20Richmond%20Rd.,%20London%20SW15%201ER/Duke's%20Head",2026-07-03T23:10:47+00:00
Mem & Laz Brasserie,"8 Theberton St, London N1 0QX, UK",020 7704 9089 🌐 http://www.memlaz.co.uk/ 📧info@memlaz.co.uk 🍽️ Food available 🍹 Cocktails available 😎 Cool place,51.5377,-0.103279,1,URQUELL,£6.45,6.45,"https://www.pint-prices.com/pub/8%20Theberton%20St,%20London%20N1%200QX,%20UK/Mem%20%26%20Laz%20Brasserie",2026-07-03T23:10:47+00:00
Mem & Laz Brasserie,"8 Theberton St, London N1 0QX, UK",020 7704 9089 🌐 http://www.memlaz.co.uk/ 📧info@memlaz.co.uk 🍽️ Food available 🍹 Cocktails available 😎 Cool place,51.5377,-0.103279,2,PERONI,£6.95,6.95,"https://www.pint-prices.com/pub/8%20Theberton%20St,%20London%20N1%200QX,%20UK/Mem%20%26%20Laz%20Brasserie",2026-07-03T23:10:47+00:00
The Swan And Angel,"8, 9 Market Hill, St. Ives PE27 5AL",,52.3231,-0.0728327,1,DOOM BAR,£2.10,2.1,"https://www.pint-prices.com/pub/8,%209%20Market%20Hill,%20St.%20Ives%20PE27%205AL/The%20Swan%20And%20Angel",2026-07-03T23:10:47+00:00
Garrick Arms,"8-10 Charing Cross, WC2H 0HG",🌐 https://www.greeneking.co.uk/pubs/greater-london/garrick-arms 🍽️ Food available 🍹 Cocktails available,51.5104,-0.128151,1,AMSTEL,£6.35,6.35,"https://www.pint-prices.com/pub/8-10%20Charing%20Cross,%20WC2H%200HG/Garrick%20Arms",2026-07-03T23:10:47+00:00
Garrick Arms,"8-10 Charing Cross, WC2H 0HG",🌐 https://www.greeneking.co.uk/pubs/greater-london/garrick-arms 🍽️ Food available 🍹 Cocktails available,51.5104,-0.128151,2,GUINNESS,£6.55,6.55,"https://www.pint-prices.com/pub/8-10%20Charing%20Cross,%20WC2H%200HG/Garrick%20Arms",2026-07-03T23:10:47+00:00
Garrick Arms,"8-10 Charing Cross, WC2H 0HG",🌐 https://www.greeneking.co.uk/pubs/greater-london/garrick-arms 🍽️ Food available 🍹 Cocktails available,51.5104,-0.128151,3,ESTRELLA,£7.15,7.15,"https://www.pint-prices.com/pub/8-10%20Charing%20Cross,%20WC2H%200HG/Garrick%20Arms",2026-07-03T23:10:47+00:00
Garrick Arms,"8-10 Charing Cross, WC2H 0HG",🌐 https://www.greeneking.co.uk/pubs/greater-london/garrick-arms 🍽️ Food available 🍹 Cocktails available,51.5104,-0.128151,4,BIRRA MORETTI,£7.15,7.15,"https://www.pint-prices.com/pub/8-10%20Charing%20Cross,%20WC2H%200HG/Garrick%20Arms",2026-07-03T23:10:47+00:00
Garrick Arms,"8-10 Charing Cross, WC2H 0HG",🌐 https://www.greeneking.co.uk/pubs/greater-london/garrick-arms 🍽️ Food available 🍹 Cocktails available,51.5104,-0.128151,5,NECK OIL,£7.40,7.4,"https://www.pint-prices.com/pub/8-10%20Charing%20Cross,%20WC2H%200HG/Garrick%20Arms",2026-07-03T23:10:47+00:00
Garrick Arms,"8-10 Charing Cross, WC2H 0HG",🌐 https://www.greeneking.co.uk/pubs/greater-london/garrick-arms 🍽️ Food available 🍹 Cocktails available,51.5104,-0.128151,6,PERONI,£7.40,7.4,"https://www.pint-prices.com/pub/8-10%20Charing%20Cross,%20WC2H%200HG/Garrick%20Arms",2026-07-03T23:10:47+00:00
Royal George (Euston),"8-14 Eversholt Street, NW1 1DG",🌐 https://www.greeneking.co.uk/pubs/greater-london/royal-george 🍽️ Food available 🍹 Cocktails available ☀️ Beer garden available ⚽ Live sports shown,51.5284,-0.131673,1,AMSTEL,£6.20,6.2,"https://www.pint-prices.com/pub/8-14%20Eversholt%20Street,%20NW1%201DG/Royal%20George%20(Euston)",2026-07-03T23:10:47+00:00
Royal George (Euston),"8-14 Eversholt Street, NW1 1DG",🌐 https://www.greeneking.co.uk/pubs/greater-london/royal-george 🍽️ Food available 🍹 Cocktails available ☀️ Beer garden available ⚽ Live sports shown,51.5284,-0.131673,2,GUINNESS,£6.40,6.4,"https://www.pint-prices.com/pub/8-14%20Eversholt%20Street,%20NW1%201DG/Royal%20George%20(Euston)",2026-07-03T23:10:47+00:00
Royal George (Euston),"8-14 Eversholt Street, NW1 1DG",🌐 https://www.greeneking.co.uk/pubs/greater-london/royal-george 🍽️ Food available 🍹 Cocktails available ☀️ Beer garden available ⚽ Live sports shown,51.5284,-0.131673,3,MADRI,£6.85,6.85,"https://www.pint-prices.com/pub/8-14%20Eversholt%20Street,%20NW1%201DG/Royal%20George%20(Euston)",2026-07-03T23:10:47+00:00
Royal George (Euston),"8-14 Eversholt Street, NW1 1DG",🌐 https://www.greeneking.co.uk/pubs/greater-london/royal-george 🍽️ Food available 🍹 Cocktails available ☀️ Beer garden available ⚽ Live sports shown,51.5284,-0.131673,4,ESTRELLA,£7.05,7.05,"https://www.pint-prices.com/pub/8-14%20Eversholt%20Street,%20NW1%201DG/Royal%20George%20(Euston)",2026-07-03T23:10:47+00:00
Royal George (Euston),"8-14 Eversholt Street, NW1 1DG",🌐 https://www.greeneking.co.uk/pubs/greater-london/royal-george 🍽️ Food available 🍹 Cocktails available ☀️ Beer garden available ⚽ Live sports shown,51.5284,-0.131673,5,BIRRA MORETTI,£7.15,7.15,"https://www.pint-prices.com/pub/8-14%20Eversholt%20Street,%20NW1%201DG/Royal%20George%20(Euston)",2026-07-03T23:10:47+00:00
Royal George (Euston),"8-14 Eversholt Street, NW1 1DG",🌐 https://www.greeneking.co.uk/pubs/greater-london/royal-george 🍽️ Food available 🍹 Cocktails available ☀️ Beer garden available ⚽ Live sports shown,51.5284,-0.131673,6,PERONI,£7.40,7.4,"https://www.pint-prices.com/pub/8-14%20Eversholt%20Street,%20NW1%201DG/Royal%20George%20(Euston)",2026-07-03T23:10:47+00:00
Royal George (Euston),"8-14 Eversholt Street, NW1 1DG",🌐 https://www.greeneking.co.uk/pubs/greater-london/royal-george 🍽️ Food available 🍹 Cocktails available ☀️ Beer garden available ⚽ Live sports shown,51.5284,-0.131673,7,NECK OIL,£7.55,7.55,"https://www.pint-prices.com/pub/8-14%20Eversholt%20Street,%20NW1%201DG/Royal%20George%20(Euston)",2026-07-03T23:10:47+00:00
"O'Neill's, Nottingham","8-9 Beastmarket Hill, Nottingham NG1 6FB",,52.9531,-1.15116,1,GUINNESS,£4.55,4.55,"https://www.pint-prices.com/pub/8-9%20Beastmarket%20Hill,%20Nottingham%20NG1%206FB/O'Neill's,%20Nottingham",2026-07-03T23:10:47+00:00
"O'Neill's, Nottingham","8-9 Beastmarket Hill, Nottingham NG1 6FB",,52.9531,-1.15116,2,DARK FRUITS,£4.65,4.65,"https://www.pint-prices.com/pub/8-9%20Beastmarket%20Hill,%20Nottingham%20NG1%206FB/O'Neill's,%20Nottingham",2026-07-03T23:10:47+00:00
Sawyers Arms,"8-9 London Street, W2 1HL",🌐 https://www.greeneking.co.uk/pubs/greater-london/sawyers-arms 🍽️ Food available 🍹 Cocktails available ☀️ Beer garden available,51.5155,-0.174632,1,AMSTEL,£6.15,6.15,"https://www.pint-prices.com/pub/8-9%20London%20Street,%20W2%201HL/Sawyers%20Arms",2026-07-03T23:10:47+00:00
Sawyers Arms,"8-9 London Street, W2 1HL",🌐 https://www.greeneking.co.uk/pubs/greater-london/sawyers-arms 🍽️ Food available 🍹 Cocktails available ☀️ Beer garden available,51.5155,-0.174632,2,GUINNESS,£6.35,6.35,"https://www.pint-prices.com/pub/8-9%20London%20Street,%20W2%201HL/Sawyers%20Arms",2026-07-03T23:10:47+00:00
Sawyers Arms,"8-9 London Street, W2 1HL",🌐 https://www.greeneking.co.uk/pubs/greater-london/sawyers-arms 🍽️ Food available 🍹 Cocktails available ☀️ Beer garden available,51.5155,-0.174632,3,ESTRELLA,£6.90,6.9,"https://www.pint-prices.com/pub/8-9%20London%20Street,%20W2%201HL/Sawyers%20Arms",2026-07-03T23:10:47+00:00
Sawyers Arms,"8-9 London Street, W2 1HL",🌐 https://www.greeneking.co.uk/pubs/greater-london/sawyers-arms 🍽️ Food available 🍹 Cocktails available ☀️ Beer garden available,51.5155,-0.174632,4,NECK OIL,£7.25,7.25,"https://www.pint-prices.com/pub/8-9%20London%20Street,%20W2%201HL/Sawyers%20Arms",2026-07-03T23:10:47+00:00
Sawyers Arms,"8-9 London Street, W2 1HL",🌐 https://www.greeneking.co.uk/pubs/greater-london/sawyers-arms 🍽️ Food available 🍹 Cocktails available ☀️ Beer garden available,51.5155,-0.174632,5,PERONI,£7.35,7.35,"https://www.pint-prices.com/pub/8-9%20London%20Street,%20W2%201HL/Sawyers%20Arms",2026-07-03T23:10:47+00:00
The Prince Bonaparte,"80 Chepstow Rd, London W2 5BE",🌐 https://www.theprincebonapartew2.co.uk/ 🍽️ Food available ☀️ Beer garden available,51.5174,-0.195616,1,AMSTEL,£5.85,5.85,"https://www.pint-prices.com/pub/80%20Chepstow%20Rd,%20London%20W2%205BE/The%20Prince%20Bonaparte",2026-07-03T23:10:47+00:00
The Red Lion,"80 High St South, London E6 6ET",🍽️ Food available ☀️ Beer garden available 🎸 Live music 🎤 Karaoke available,51.5307,0.0555453,1,AMSTEL,£4.40,4.4,"https://www.pint-prices.com/pub/80%20High%20St%20South,%20London%20E6%206ET/The%20Red%20Lion",2026-07-03T23:10:47+00:00
Piano Restaurant,"80-82 Chiswick High Rd., Chiswick, London W4 1SY, UK",020 8994 4440 🌐 http://pianorestaurant.co.uk/ 🍽️ Food available 🎸 Live music 😎 Cool place,51.4934,-0.249446,1,BOTTLED BEER,£6.50,6.5,"https://www.pint-prices.com/pub/80-82%20Chiswick%20High%20Rd.,%20Chiswick,%20London%20W4%201SY,%20UK/Piano%20Restaurant",2026-07-03T23:10:47+00:00
The Star of the East,"805A Commercial Rd, London E14 7HG",🌐 https://thestaroftheeast.co.uk/ 🍽️ Food available 🍹 Cocktails available ☀️ Beer garden available ⚽ Live sports shown ❓ Pub quiz available ⏰ Happy hour,51.5123,-0.0287304,1,AMSTEL,£5.15,5.15,"https://www.pint-prices.com/pub/805A%20Commercial%20Rd,%20London%20E14%207HG/The%20Star%20of%20the%20East",2026-07-03T23:10:47+00:00
Adam & Eve (St James),"81 Petty France, SW1H 9EX",🌐 https://www.greeneking.co.uk/pubs/greater-london/adam-and-eve 🍽️ Food available 🍹 Cocktails available ☀️ Beer garden available ⚽ Live sports shown,51.4995,-0.135676,1,CARLING,£5.40,5.4,"https://www.pint-prices.com/pub/81%20Petty%20France,%20SW1H%209EX/Adam%20%26%20Eve%20(St%20James)",2026-07-03T23:10:47+00:00
Adam & Eve (St James),"81 Petty France, SW1H 9EX",🌐 https://www.greeneking.co.uk/pubs/greater-london/adam-and-eve 🍽️ Food available 🍹 Cocktails available ☀️ Beer garden available ⚽ Live sports shown,51.4995,-0.135676,2,AMSTEL,£6.15,6.15,"https://www.pint-prices.com/pub/81%20Petty%20France,%20SW1H%209EX/Adam%20%26%20Eve%20(St%20James)",2026-07-03T23:10:47+00:00
Adam & Eve (St James),"81 Petty France, SW1H 9EX",🌐 https://www.greeneking.co.uk/pubs/greater-london/adam-and-eve 🍽️ Food available 🍹 Cocktails available ☀️ Beer garden available ⚽ Live sports shown,51.4995,-0.135676,3,GUINNESS,£6.35,6.35,"https://www.pint-prices.com/pub/81%20Petty%20France,%20SW1H%209EX/Adam%20%26%20Eve%20(St%20James)",2026-07-03T23:10:47+00:00
Adam & Eve (St James),"81 Petty France, SW1H 9EX",🌐 https://www.greeneking.co.uk/pubs/greater-london/adam-and-eve 🍽️ Food available 🍹 Cocktails available ☀️ Beer garden available ⚽ Live sports shown,51.4995,-0.135676,4,MADRI,£6.90,6.9,"https://www.pint-prices.com/pub/81%20Petty%20France,%20SW1H%209EX/Adam%20%26%20Eve%20(St%20James)",2026-07-03T23:10:47+00:00
Adam & Eve (St James),"81 Petty France, SW1H 9EX",🌐 https://www.greeneking.co.uk/pubs/greater-london/adam-and-eve 🍽️ Food available 🍹 Cocktails available ☀️ Beer garden available ⚽ Live sports shown,51.4995,-0.135676,5,ESTRELLA,£6.90,6.9,"https://www.pint-prices.com/pub/81%20Petty%20France,%20SW1H%209EX/Adam%20%26%20Eve%20(St%20James)",2026-07-03T23:10:47+00:00
Adam & Eve (St James),"81 Petty France, SW1H 9EX",🌐 https://www.greeneking.co.uk/pubs/greater-london/adam-and-eve 🍽️ Food available 🍹 Cocktails available ☀️ Beer garden available ⚽ Live sports shown,51.4995,-0.135676,6,PERONI,£7.35,7.35,"https://www.pint-prices.com/pub/81%20Petty%20France,%20SW1H%209EX/Adam%20%26%20Eve%20(St%20James)",2026-07-03T23:10:47+00:00
Adam & Eve (St James),"81 Petty France, SW1H 9EX",🌐 https://www.greeneking.co.uk/pubs/greater-london/adam-and-eve 🍽️ Food available 🍹 Cocktails available ☀️ Beer garden available ⚽ Live sports shown,51.4995,-0.135676,7,NECK OIL,£7.40,7.4,"https://www.pint-prices.com/pub/81%20Petty%20France,%20SW1H%209EX/Adam%20%26%20Eve%20(St%20James)",2026-07-03T23:10:47+00:00
Prince Regent,"81 Salmon Ln, London E14 7PR",☀️ Beer garden available ⚽ Live sports shown,51.5142,-0.0366006,1,FOSTERS,£4.90,4.9,"https://www.pint-prices.com/pub/81%20Salmon%20Ln,%20London%20E14%207PR/Prince%20Regent",2026-07-03T23:10:47+00:00
Prince Regent,"81 Salmon Ln, London E14 7PR",☀️ Beer garden available ⚽ Live sports shown,51.5142,-0.0366006,2,AMSTEL,£5.10,5.1,"https://www.pint-prices.com/pub/81%20Salmon%20Ln,%20London%20E14%207PR/Prince%20Regent",2026-07-03T23:10:47+00:00
The Wellington,"81-83 Waterloo Rd, London SE1 8UD",🍽️ Food available ⚽ Live sports shown,51.5037,-0.111376,1,HEINEKEN,£6.20,6.2,"https://www.pint-prices.com/pub/81-83%20Waterloo%20Rd,%20London%20SE1%208UD/The%20Wellington",2026-07-03T23:10:47+00:00
The Priory Arms,"83 Lansdowne Way, London SW8 2PB",🌐 https://www.theprioryarms.com/pubinfo 🍽️ Food available ☀️ Beer garden available ❓ Pub quiz available,51.4748,-0.128399,1,PAULANER,£5.90,5.9,"https://www.pint-prices.com/pub/83%20Lansdowne%20Way,%20London%20SW8%202PB/The%20Priory%20Arms",2026-07-03T23:10:47+00:00
The Alwyne Castle,"83 St Paul's Rd, Greater, London N1 2LY",🌐 https://www.thealwynecastleislington.co.uk/#/ 🍽️ Food available ☀️ Beer garden available,51.5466,-0.0984886,1,PRAVHA,£6.50,6.5,"https://www.pint-prices.com/pub/83%20St%20Paul's%20Rd,%20Greater,%20London%20N1%202LY/The%20Alwyne%20Castle",2026-07-03T23:10:47+00:00
The Alwyne Castle,"83 St Paul's Rd, Greater, London N1 2LY",🌐 https://www.thealwynecastleislington.co.uk/#/ 🍽️ Food available ☀️ Beer garden available,51.5466,-0.0984886,2,PRAVHA,£6.50,6.5,"https://www.pint-prices.com/pub/83%20St%20Paul's%20Rd,%20Greater,%20London%20N1%202LY/The%20Alwyne%20Castle",2026-07-03T23:10:47+00:00
The Alwyne Castle,"83 St Paul's Rd, Greater, London N1 2LY",🌐 https://www.thealwynecastleislington.co.uk/#/ 🍽️ Food available ☀️ Beer garden available,51.5466,-0.0984886,3,ASPALL,£6.60,6.6,"https://www.pint-prices.com/pub/83%20St%20Paul's%20Rd,%20Greater,%20London%20N1%202LY/The%20Alwyne%20Castle",2026-07-03T23:10:47+00:00
The Alwyne Castle,"83 St Paul's Rd, Greater, London N1 2LY",🌐 https://www.thealwynecastleislington.co.uk/#/ 🍽️ Food available ☀️ Beer garden available,51.5466,-0.0984886,4,ASPALL,£6.60,6.6,"https://www.pint-prices.com/pub/83%20St%20Paul's%20Rd,%20Greater,%20London%20N1%202LY/The%20Alwyne%20Castle",2026-07-03T23:10:47+00:00
Kings Head (Tooting),"84 Upper Tooting Road, SW17 7PB",🌐 https://www.greeneking.co.uk/pubs/greater-london/kings-head-tooting 🍽️ Food available 🍹 Cocktails available ☀️ Beer garden available ⚽ Live sports shown,51.4338,-0.16314,1,AMSTEL,£6.10,6.1,"https://www.pint-prices.com/pub/84%20Upper%20Tooting%20Road,%20SW17%207PB/Kings%20Head%20(Tooting)",2026-07-03T23:10:47+00:00
Kings Head (Tooting),"84 Upper Tooting Road, SW17 7PB",🌐 https://www.greeneking.co.uk/pubs/greater-london/kings-head-tooting 🍽️ Food available 🍹 Cocktails available ☀️ Beer garden available ⚽ Live sports shown,51.4338,-0.16314,2,GUINNESS,£6.30,6.3,"https://www.pint-prices.com/pub/84%20Upper%20Tooting%20Road,%20SW17%207PB/Kings%20Head%20(Tooting)",2026-07-03T23:10:47+00:00
Kings Head (Tooting),"84 Upper Tooting Road, SW17 7PB",🌐 https://www.greeneking.co.uk/pubs/greater-london/kings-head-tooting 🍽️ Food available 🍹 Cocktails available ☀️ Beer garden available ⚽ Live sports shown,51.4338,-0.16314,3,MARDRI,£6.90,6.9,"https://www.pint-prices.com/pub/84%20Upper%20Tooting%20Road,%20SW17%207PB/Kings%20Head%20(Tooting)",2026-07-03T23:10:47+00:00
Kings Head (Tooting),"84 Upper Tooting Road, SW17 7PB",🌐 https://www.greeneking.co.uk/pubs/greater-london/kings-head-tooting 🍽️ Food available 🍹 Cocktails available ☀️ Beer garden available ⚽ Live sports shown,51.4338,-0.16314,4,MADRI,£6.90,6.9,"https://www.pint-prices.com/pub/84%20Upper%20Tooting%20Road,%20SW17%207PB/Kings%20Head%20(Tooting)",2026-07-03T23:10:47+00:00
Kings Head (Tooting),"84 Upper Tooting Road, SW17 7PB",🌐 https://www.greeneking.co.uk/pubs/greater-london/kings-head-tooting 🍽️ Food available 🍹 Cocktails available ☀️ Beer garden available ⚽ Live sports shown,51.4338,-0.16314,5,BIRRA MORETTI,£6.95,6.95,"https://www.pint-prices.com/pub/84%20Upper%20Tooting%20Road,%20SW17%207PB/Kings%20Head%20(Tooting)",2026-07-03T23:10:47+00:00
Kings Head (Tooting),"84 Upper Tooting Road, SW17 7PB",🌐 https://www.greeneking.co.uk/pubs/greater-london/kings-head-tooting 🍽️ Food available 🍹 Cocktails available ☀️ Beer garden available ⚽ Live sports shown,51.4338,-0.16314,6,PERONI,£7.15,7.15,"https://www.pint-prices.com/pub/84%20Upper%20Tooting%20Road,%20SW17%207PB/Kings%20Head%20(Tooting)",2026-07-03T23:10:47+00:00
Kings Head (Tooting),"84 Upper Tooting Road, SW17 7PB",🌐 https://www.greeneking.co.uk/pubs/greater-london/kings-head-tooting 🍽️ Food available 🍹 Cocktails available ☀️ Beer garden available ⚽ Live sports shown,51.4338,-0.16314,7,NECK OIL,£7.25,7.25,"https://www.pint-prices.com/pub/84%20Upper%20Tooting%20Road,%20SW17%207PB/Kings%20Head%20(Tooting)",2026-07-03T23:10:47+00:00
The Castlebar,"84 Uxbridge Rd, London W13 8RA, UK",020 8567 3819 🌐 https://www.thecastlebar.uk/ 📧info@thecastlebar.uk 🍽️ Food available 🍹 Cocktails available ☀️ Beer garden available ⚽ Live sports shown 🎸 Live music,51.5118,-0.315369,1,FOSTERS,£5.00,5.0,"https://www.pint-prices.com/pub/84%20Uxbridge%20Rd,%20London%20W13%208RA,%20UK/The%20Castlebar",2026-07-03T23:10:47+00:00
The Castlebar,"84 Uxbridge Rd, London W13 8RA, UK",020 8567 3819 🌐 https://www.thecastlebar.uk/ 📧info@thecastlebar.uk 🍽️ Food available 🍹 Cocktails available ☀️ Beer garden available ⚽ Live sports shown 🎸 Live music,51.5118,-0.315369,2,AMSTEL,£5.90,5.9,"https://www.pint-prices.com/pub/84%20Uxbridge%20Rd,%20London%20W13%208RA,%20UK/The%20Castlebar",2026-07-03T23:10:47+00:00
The Castlebar,"84 Uxbridge Rd, London W13 8RA, UK",020 8567 3819 🌐 https://www.thecastlebar.uk/ 📧info@thecastlebar.uk 🍽️ Food available 🍹 Cocktails available ☀️ Beer garden available ⚽ Live sports shown 🎸 Live music,51.5118,-0.315369,3,RED STRIPE,£5.90,5.9,"https://www.pint-prices.com/pub/84%20Uxbridge%20Rd,%20London%20W13%208RA,%20UK/The%20Castlebar",2026-07-03T23:10:47+00:00
The Castlebar,"84 Uxbridge Rd, London W13 8RA, UK",020 8567 3819 🌐 https://www.thecastlebar.uk/ 📧info@thecastlebar.uk 🍽️ Food available 🍹 Cocktails available ☀️ Beer garden available ⚽ Live sports shown 🎸 Live music,51.5118,-0.315369,4,SAN MIGUEL,£6.10,6.1,"https://www.pint-prices.com/pub/84%20Uxbridge%20Rd,%20London%20W13%208RA,%20UK/The%20Castlebar",2026-07-03T23:10:47+00:00
The Castlebar,"84 Uxbridge Rd, London W13 8RA, UK",020 8567 3819 🌐 https://www.thecastlebar.uk/ 📧info@thecastlebar.uk 🍽️ Food available 🍹 Cocktails available ☀️ Beer garden available ⚽ Live sports shown 🎸 Live music,51.5118,-0.315369,5,GUINNESS,£6.30,6.3,"https://www.pint-prices.com/pub/84%20Uxbridge%20Rd,%20London%20W13%208RA,%20UK/The%20Castlebar",2026-07-03T23:10:47+00:00
The Castlebar,"84 Uxbridge Rd, London W13 8RA, UK",020 8567 3819 🌐 https://www.thecastlebar.uk/ 📧info@thecastlebar.uk 🍽️ Food available 🍹 Cocktails available ☀️ Beer garden available ⚽ Live sports shown 🎸 Live music,51.5118,-0.315369,6,STAROPRAMEN,£6.30,6.3,"https://www.pint-prices.com/pub/84%20Uxbridge%20Rd,%20London%20W13%208RA,%20UK/The%20Castlebar",2026-07-03T23:10:47+00:00
The Castlebar,"84 Uxbridge Rd, London W13 8RA, UK",020 8567 3819 🌐 https://www.thecastlebar.uk/ 📧info@thecastlebar.uk 🍽️ Food available 🍹 Cocktails available ☀️ Beer garden available ⚽ Live sports shown 🎸 Live music,51.5118,-0.315369,7,NECK OIL,£6.80,6.8,"https://www.pint-prices.com/pub/84%20Uxbridge%20Rd,%20London%20W13%208RA,%20UK/The%20Castlebar",2026-07-03T23:10:47+00:00
The Castlebar,"84 Uxbridge Rd, London W13 8RA, UK",020 8567 3819 🌐 https://www.thecastlebar.uk/ 📧info@thecastlebar.uk 🍽️ Food available 🍹 Cocktails available ☀️ Beer garden available ⚽ Live sports shown 🎸 Live music,51.5118,-0.315369,8,PERONI,£6.90,6.9,"https://www.pint-prices.com/pub/84%20Uxbridge%20Rd,%20London%20W13%208RA,%20UK/The%20Castlebar",2026-07-03T23:10:47+00:00
The Hansom Cab,"84-86 Earls Ct Rd, London W8 6EG",,51.4964,-0.197188,1,CASK ALE,£6.00,6.0,"https://www.pint-prices.com/pub/84-86%20Earls%20Ct%20Rd,%20London%20W8%206EG/The%20Hansom%20Cab",2026-07-03T23:10:47+00:00
The Hansom Cab,"84-86 Earls Ct Rd, London W8 6EG",,51.4964,-0.197188,2,BECK'S,£6.10,6.1,"https://www.pint-prices.com/pub/84-86%20Earls%20Ct%20Rd,%20London%20W8%206EG/The%20Hansom%20Cab",2026-07-03T23:10:47+00:00
The Hansom Cab,"84-86 Earls Ct Rd, London W8 6EG",,51.4964,-0.197188,3,ORCHARD PIG CIDER,£6.30,6.3,"https://www.pint-prices.com/pub/84-86%20Earls%20Ct%20Rd,%20London%20W8%206EG/The%20Hansom%20Cab",2026-07-03T23:10:47+00:00
The Hansom Cab,"84-86 Earls Ct Rd, London W8 6EG",,51.4964,-0.197188,4,GUINNESS,£6.60,6.6,"https://www.pint-prices.com/pub/84-86%20Earls%20Ct%20Rd,%20London%20W8%206EG/The%20Hansom%20Cab",2026-07-03T23:10:47+00:00
The Hansom Cab,"84-86 Earls Ct Rd, London W8 6EG",,51.4964,-0.197188,5,MAHOU,£6.80,6.8,"https://www.pint-prices.com/pub/84-86%20Earls%20Ct%20Rd,%20London%20W8%206EG/The%20Hansom%20Cab",2026-07-03T23:10:47+00:00
The Hansom Cab,"84-86 Earls Ct Rd, London W8 6EG",,51.4964,-0.197188,6,HOEGAARDEN,£7.00,7.0,"https://www.pint-prices.com/pub/84-86%20Earls%20Ct%20Rd,%20London%20W8%206EG/The%20Hansom%20Cab",2026-07-03T23:10:47+00:00
The Hansom Cab,"84-86 Earls Ct Rd, London W8 6EG",,51.4964,-0.197188,7,CAMDEN HELLS,£7.10,7.1,"https://www.pint-prices.com/pub/84-86%20Earls%20Ct%20Rd,%20London%20W8%206EG/The%20Hansom%20Cab",2026-07-03T23:10:47+00:00
The Hansom Cab,"84-86 Earls Ct Rd, London W8 6EG",,51.4964,-0.197188,8,CAMDEN PALE ALE,£7.10,7.1,"https://www.pint-prices.com/pub/84-86%20Earls%20Ct%20Rd,%20London%20W8%206EG/The%20Hansom%20Cab",2026-07-03T23:10:47+00:00
The Hansom Cab,"84-86 Earls Ct Rd, London W8 6EG",,51.4964,-0.197188,9,ASAHI,£7.30,7.3,"https://www.pint-prices.com/pub/84-86%20Earls%20Ct%20Rd,%20London%20W8%206EG/The%20Hansom%20Cab",2026-07-03T23:10:47+00:00
The Hansom Cab,"84-86 Earls Ct Rd, London W8 6EG",,51.4964,-0.197188,10,HAWKSTONE LAGER,£7.30,7.3,"https://www.pint-prices.com/pub/84-86%20Earls%20Ct%20Rd,%20London%20W8%206EG/The%20Hansom%20Cab",2026-07-03T23:10:47+00:00
The Hansom Cab,"84-86 Earls Ct Rd, London W8 6EG",,51.4964,-0.197188,11,JUBEL CUT WITH PEACH,£7.50,7.5,"https://www.pint-prices.com/pub/84-86%20Earls%20Ct%20Rd,%20London%20W8%206EG/The%20Hansom%20Cab",2026-07-03T23:10:47+00:00
The Hansom Cab,"84-86 Earls Ct Rd, London W8 6EG",,51.4964,-0.197188,12,PERONI,£7.80,7.8,"https://www.pint-prices.com/pub/84-86%20Earls%20Ct%20Rd,%20London%20W8%206EG/The%20Hansom%20Cab",2026-07-03T23:10:47+00:00
The Hansom Cab,"84-86 Earls Ct Rd, London W8 6EG",,51.4964,-0.197188,13,CAMDEN EAZY IPA,£7.80,7.8,"https://www.pint-prices.com/pub/84-86%20Earls%20Ct%20Rd,%20London%20W8%206EG/The%20Hansom%20Cab",2026-07-03T23:10:47+00:00
The Hansom Cab,"84-86 Earls Ct Rd, London W8 6EG",,51.4964,-0.197188,14,HOEGAARDEN,£7.80,7.8,"https://www.pint-prices.com/pub/84-86%20Earls%20Ct%20Rd,%20London%20W8%206EG/The%20Hansom%20Cab",2026-07-03T23:10:47+00:00
The Moon Under Water - JD Wetherspoon,"84-86 Staines Rd, Hounslow TW3 3LF, UK",020 8572 7506 🌐 https://www.jdwetherspoon.com/pubs/all-pubs/england/london/the-moon-under-water-hounslow 🍽️ Food available 🍹 Cocktails available ☀️ Beer garden available ⚽ Live sports shown,51.467,-0.369349,1,BUD LIGHT,£2.43,2.43,"https://www.pint-prices.com/pub/84-86%20Staines%20Rd,%20Hounslow%20TW3%203LF,%20UK/The%20Moon%20Under%20Water%20-%20JD%20Wetherspoon",2026-07-03T23:10:47+00:00
The Moon Under Water - JD Wetherspoon,"84-86 Staines Rd, Hounslow TW3 3LF, UK",020 8572 7506 🌐 https://www.jdwetherspoon.com/pubs/all-pubs/england/london/the-moon-under-water-hounslow 🍽️ Food available 🍹 Cocktails available ☀️ Beer garden available ⚽ Live sports shown,51.467,-0.369349,2,CARLSBERG PILSNER,£2.66,2.66,"https://www.pint-prices.com/pub/84-86%20Staines%20Rd,%20Hounslow%20TW3%203LF,%20UK/The%20Moon%20Under%20Water%20-%20JD%20Wetherspoon",2026-07-03T23:10:47+00:00
The Moon Under Water - JD Wetherspoon,"84-86 Staines Rd, Hounslow TW3 3LF, UK",020 8572 7506 🌐 https://www.jdwetherspoon.com/pubs/all-pubs/england/london/the-moon-under-water-hounslow 🍽️ Food available 🍹 Cocktails available ☀️ Beer garden available ⚽ Live sports shown,51.467,-0.369349,3,GUINNESS,£3.32,3.32,"https://www.pint-prices.com/pub/84-86%20Staines%20Rd,%20Hounslow%20TW3%203LF,%20UK/The%20Moon%20Under%20Water%20-%20JD%20Wetherspoon",2026-07-03T23:10:47+00:00
The Moon Under Water - JD Wetherspoon,"84-86 Staines Rd, Hounslow TW3 3LF, UK",020 8572 7506 🌐 https://www.jdwetherspoon.com/pubs/all-pubs/england/london/the-moon-under-water-hounslow 🍽️ Food available 🍹 Cocktails available ☀️ Beer garden available ⚽ Live sports shown,51.467,-0.369349,4,CARLING,£3.54,3.54,"https://www.pint-prices.com/pub/84-86%20Staines%20Rd,%20Hounslow%20TW3%203LF,%20UK/The%20Moon%20Under%20Water%20-%20JD%20Wetherspoon",2026-07-03T23:10:47+00:00
The Moon Under Water - JD Wetherspoon,"84-86 Staines Rd, Hounslow TW3 3LF, UK",020 8572 7506 🌐 https://www.jdwetherspoon.com/pubs/all-pubs/england/london/the-moon-under-water-hounslow 🍽️ Food available 🍹 Cocktails available ☀️ Beer garden available ⚽ Live sports shown,51.467,-0.369349,5,COORS,£3.54,3.54,"https://www.pint-prices.com/pub/84-86%20Staines%20Rd,%20Hounslow%20TW3%203LF,%20UK/The%20Moon%20Under%20Water%20-%20JD%20Wetherspoon",2026-07-03T23:10:47+00:00
The Moon Under Water - JD Wetherspoon,"84-86 Staines Rd, Hounslow TW3 3LF, UK",020 8572 7506 🌐 https://www.jdwetherspoon.com/pubs/all-pubs/england/london/the-moon-under-water-hounslow 🍽️ Food available 🍹 Cocktails available ☀️ Beer garden available ⚽ Live sports shown,51.467,-0.369349,6,BUDWEISER,£3.73,3.73,"https://www.pint-prices.com/pub/84-86%20Staines%20Rd,%20Hounslow%20TW3%203LF,%20UK/The%20Moon%20Under%20Water%20-%20JD%20Wetherspoon",2026-07-03T23:10:47+00:00
The Moon Under Water - JD Wetherspoon,"84-86 Staines Rd, Hounslow TW3 3LF, UK",020 8572 7506 🌐 https://www.jdwetherspoon.com/pubs/all-pubs/england/london/the-moon-under-water-hounslow 🍽️ Food available 🍹 Cocktails available ☀️ Beer garden available ⚽ Live sports shown,51.467,-0.369349,7,STELLA ARTOIS,£3.84,3.84,"https://www.pint-prices.com/pub/84-86%20Staines%20Rd,%20Hounslow%20TW3%203LF,%20UK/The%20Moon%20Under%20Water%20-%20JD%20Wetherspoon",2026-07-03T23:10:47+00:00
The Moon Under Water - JD Wetherspoon,"84-86 Staines Rd, Hounslow TW3 3LF, UK",020 8572 7506 🌐 https://www.jdwetherspoon.com/pubs/all-pubs/england/london/the-moon-under-water-hounslow 🍽️ Food available 🍹 Cocktails available ☀️ Beer garden available ⚽ Live sports shown,51.467,-0.369349,8,CORONA,£3.95,3.95,"https://www.pint-prices.com/pub/84-86%20Staines%20Rd,%20Hounslow%20TW3%203LF,%20UK/The%20Moon%20Under%20Water%20-%20JD%20Wetherspoon",2026-07-03T23:10:47+00:00
The Moon Under Water - JD Wetherspoon,"84-86 Staines Rd, Hounslow TW3 3LF, UK",020 8572 7506 🌐 https://www.jdwetherspoon.com/pubs/all-pubs/england/london/the-moon-under-water-hounslow 🍽️ Food available 🍹 Cocktails available ☀️ Beer garden available ⚽ Live sports shown,51.467,-0.369349,9,SAN MIGUEL,£3.95,3.95,"https://www.pint-prices.com/pub/84-86%20Staines%20Rd,%20Hounslow%20TW3%203LF,%20UK/The%20Moon%20Under%20Water%20-%20JD%20Wetherspoon",2026-07-03T23:10:47+00:00
The Moon Under Water - JD Wetherspoon,"84-86 Staines Rd, Hounslow TW3 3LF, UK",020 8572 7506 🌐 https://www.jdwetherspoon.com/pubs/all-pubs/england/london/the-moon-under-water-hounslow 🍽️ Food available 🍹 Cocktails available ☀️ Beer garden available ⚽ Live sports shown,51.467,-0.369349,10,LEFFE BLONDE,£4.28,4.28,"https://www.pint-prices.com/pub/84-86%20Staines%20Rd,%20Hounslow%20TW3%203LF,%20UK/The%20Moon%20Under%20Water%20-%20JD%20Wetherspoon",2026-07-03T23:10:47+00:00
The Prince Albert,"85 Albert Bridge Rd, London SW11 4PF",🌐 https://www.theprincealbertbattersea.co.uk/ 🍽️ Food available 🍹 Cocktails available ⚽ Live sports shown ❓ Pub quiz available,51.4796,-0.165665,1,ESTRELLA,£6.85,6.85,"https://www.pint-prices.com/pub/85%20Albert%20Bridge%20Rd,%20London%20SW11%204PF/The%20Prince%20Albert",2026-07-03T23:10:47+00:00
The Crown,"86 Highgate High St, London N6 5HX",🌐 https://thecrownhighgate.co.uk/ ☀️ Beer garden available 🎸 Live music,51.5711,-0.148768,1,STAROPRAMEN,£6.60,6.6,"https://www.pint-prices.com/pub/86%20Highgate%20High%20St,%20London%20N6%205HX/The%20Crown",2026-07-03T23:10:47+00:00
The Cat's Back,"86-88 Point Pleasant, London SW18 1PP, UK",07523 047335 🌐 https://www.thecatsback.co.uk/index,51.4619,-0.199422,1,BUDWEISER,£5.90,5.9,"https://www.pint-prices.com/pub/86-88%20Point%20Pleasant,%20London%20SW18%201PP,%20UK/The%20Cat's%20Back",2026-07-03T23:10:47+00:00
The Cat's Back,"86-88 Point Pleasant, London SW18 1PP, UK",07523 047335 🌐 https://www.thecatsback.co.uk/index,51.4619,-0.199422,2,CORONA,£6.20,6.2,"https://www.pint-prices.com/pub/86-88%20Point%20Pleasant,%20London%20SW18%201PP,%20UK/The%20Cat's%20Back",2026-07-03T23:10:47+00:00
The Cat's Back,"86-88 Point Pleasant, London SW18 1PP, UK",07523 047335 🌐 https://www.thecatsback.co.uk/index,51.4619,-0.199422,3,GUINNESS,£6.90,6.9,"https://www.pint-prices.com/pub/86-88%20Point%20Pleasant,%20London%20SW18%201PP,%20UK/The%20Cat's%20Back",2026-07-03T23:10:47+00:00
The Cat's Back,"86-88 Point Pleasant, London SW18 1PP, UK",07523 047335 🌐 https://www.thecatsback.co.uk/index,51.4619,-0.199422,4,NECK OIL,£7.20,7.2,"https://www.pint-prices.com/pub/86-88%20Point%20Pleasant,%20London%20SW18%201PP,%20UK/The%20Cat's%20Back",2026-07-03T23:10:47+00:00
The Island Queen,"87 Noel Rd, London N1 8HD",🌐 https://www.theislandqueenislington.co.uk/#/ 🍽️ Food available 🍹 Cocktails available ⚽ Live sports shown ❓ Pub quiz available,51.5332,-0.0984273,1,CAMDEN HELLS,£7.00,7.0,"https://www.pint-prices.com/pub/87%20Noel%20Rd,%20London%20N1%208HD/The%20Island%20Queen",2026-07-03T23:10:47+00:00
The Pig's Head,"87 Rectory Grove, London SW4 0DR",2045685830 🌐 https://www.thepigshead.com/ 🍽️ Food available 🍹 Cocktails available,51.4656,-0.141016,1,PALE ALE,£5.75,5.75,"https://www.pint-prices.com/pub/87%20Rectory%20Grove,%20London%20SW4%200DR/The%20Pig's%20Head",2026-07-03T23:10:47+00:00
The Pig's Head,"87 Rectory Grove, London SW4 0DR",2045685830 🌐 https://www.thepigshead.com/ 🍽️ Food available 🍹 Cocktails available,51.4656,-0.141016,2,GUINNESS,£6.50,6.5,"https://www.pint-prices.com/pub/87%20Rectory%20Grove,%20London%20SW4%200DR/The%20Pig's%20Head",2026-07-03T23:10:47+00:00
The Good Samaritan,"87 Turner St, London E1 2AE",,51.5173,-0.0610334,1,GUINNESS,£5.20,5.2,"https://www.pint-prices.com/pub/87%20Turner%20St,%20London%20E1%202AE/The%20Good%20Samaritan",2026-07-03T23:10:47+00:00
The Good Samaritan,"87 Turner St, London E1 2AE",,51.5173,-0.0610334,2,MADRI,£5.90,5.9,"https://www.pint-prices.com/pub/87%20Turner%20St,%20London%20E1%202AE/The%20Good%20Samaritan",2026-07-03T23:10:47+00:00
Baccarat Bar,"87-135 Brompton Rd, London SW1X 7XL",🍽️ Food available 🍹 Cocktails available,51.4991,-0.164071,1,ASPALL CYDER,£9.50,9.5,"https://www.pint-prices.com/pub/87-135%20Brompton%20Rd,%20London%20SW1X%207XL/Baccarat%20Bar",2026-07-03T23:10:47+00:00
The Bird in Hand,"88 Masbro Rd, Brook Grn, London W14 0LR, UK",020 7371 2721 🌐 http://www.thebirdinhandlondon.com/ 🍽️ Food available,51.4997,-0.215351,1,TRIBUTE,£5.90,5.9,"https://www.pint-prices.com/pub/88%20Masbro%20Rd,%20Brook%20Grn,%20London%20W14%200LR,%20UK/The%20Bird%20in%20Hand",2026-07-03T23:10:47+00:00
The Bird in Hand,"88 Masbro Rd, Brook Grn, London W14 0LR, UK",020 7371 2721 🌐 http://www.thebirdinhandlondon.com/ 🍽️ Food available,51.4997,-0.215351,2,ORCHARD CIDER,£6.00,6.0,"https://www.pint-prices.com/pub/88%20Masbro%20Rd,%20Brook%20Grn,%20London%20W14%200LR,%20UK/The%20Bird%20in%20Hand",2026-07-03T23:10:47+00:00
Hardy's Freehouse,"88 Trafalgar Rd, London SE10 9UW",🌐 https://hardysfreehouse.co.uk/ 🍽️ Food available ⚽ Live sports shown,51.4838,0.0014324,1,FOSTERS,£4.50,4.5,"https://www.pint-prices.com/pub/88%20Trafalgar%20Rd,%20London%20SE10%209UW/Hardy's%20Freehouse",2026-07-03T23:10:47+00:00
The Windsor,"888 Old Kent Rd, London SE15 1NQ",🌐 https://www.thewindsoroldkentroad.co.uk/ ☀️ Beer garden available ⚽ Live sports shown,51.4782,-0.0539051,1,FOSTERS,£4.00,4.0,"https://www.pint-prices.com/pub/888%20Old%20Kent%20Rd,%20London%20SE15%201NQ/The%20Windsor",2026-07-03T23:10:47+00:00
The Nellie Dean,"89 Dean St, London W1D 3SU",🌐 https://nelliedeansoho.co.uk/ 🍽️ Food available 🍹 Cocktails available,51.5149,-0.133461,1,HEINEKEN,£6.10,6.1,"https://www.pint-prices.com/pub/89%20Dean%20St,%20London%20W1D%203SU/The%20Nellie%20Dean",2026-07-03T23:10:47+00:00
Effra Social,"89 Effra Rd, London SW2 1DF, UK",020 7737 6800 🌐 http://effrasocial.co.uk/ 🍽️ Food available 🍹 Cocktails available ☀️ Beer garden available ⚽ Live sports shown 🎸 Live music ❓ Pub quiz available,51.4557,-0.113276,1,CASK ALE,£4.20,4.2,"https://www.pint-prices.com/pub/89%20Effra%20Rd,%20London%20SW2%201DF,%20UK/Effra%20Social",2026-07-03T23:10:47+00:00
Effra Social,"89 Effra Rd, London SW2 1DF, UK",020 7737 6800 🌐 http://effrasocial.co.uk/ 🍽️ Food available 🍹 Cocktails available ☀️ Beer garden available ⚽ Live sports shown 🎸 Live music ❓ Pub quiz available,51.4557,-0.113276,2,GUINNESS,£5.00,5.0,"https://www.pint-prices.com/pub/89%20Effra%20Rd,%20London%20SW2%201DF,%20UK/Effra%20Social",2026-07-03T23:10:47+00:00
Effra Social,"89 Effra Rd, London SW2 1DF, UK",020 7737 6800 🌐 http://effrasocial.co.uk/ 🍽️ Food available 🍹 Cocktails available ☀️ Beer garden available ⚽ Live sports shown 🎸 Live music ❓ Pub quiz available,51.4557,-0.113276,3,HOUSE LAGER,£5.20,5.2,"https://www.pint-prices.com/pub/89%20Effra%20Rd,%20London%20SW2%201DF,%20UK/Effra%20Social",2026-07-03T23:10:47+00:00
The Eight Bells,"89 Fulham High St, London SW6 3JS",2077366307 🍽️ Food available ⚽ Live sports shown 🎸 Live music,51.468,-0.210136,1,DOOMBAR,£4.80,4.8,"https://www.pint-prices.com/pub/89%20Fulham%20High%20St,%20London%20SW6%203JS/The%20Eight%20Bells",2026-07-03T23:10:47+00:00
The Eight Bells,"89 Fulham High St, London SW6 3JS",2077366307 🍽️ Food available ⚽ Live sports shown 🎸 Live music,51.468,-0.210136,2,PRAVHA,£5.10,5.1,"https://www.pint-prices.com/pub/89%20Fulham%20High%20St,%20London%20SW6%203JS/The%20Eight%20Bells",2026-07-03T23:10:47+00:00
Rushmere,"89 Ridgway, London SW19 4SU",020 8946 1652 📧https://www.therushmeresw19.com/find-us 🍽️ Food available ☀️ Beer garden available ⚽ Live sports shown ❓ Pub quiz available,51.4208,-0.220594,1,GREENEKING IPA,£5.45,5.45,"https://www.pint-prices.com/pub/89%20Ridgway,%20London%20SW19%204SU/Rushmere",2026-07-03T23:10:47+00:00
Rushmere,"89 Ridgway, London SW19 4SU",020 8946 1652 📧https://www.therushmeresw19.com/find-us 🍽️ Food available ☀️ Beer garden available ⚽ Live sports shown ❓ Pub quiz available,51.4208,-0.220594,2,GUINNESS,£6.25,6.25,"https://www.pint-prices.com/pub/89%20Ridgway,%20London%20SW19%204SU/Rushmere",2026-07-03T23:10:47+00:00
Rushmere,"89 Ridgway, London SW19 4SU",020 8946 1652 📧https://www.therushmeresw19.com/find-us 🍽️ Food available ☀️ Beer garden available ⚽ Live sports shown ❓ Pub quiz available,51.4208,-0.220594,3,WIMBLEDON LAGER,£6.40,6.4,"https://www.pint-prices.com/pub/89%20Ridgway,%20London%20SW19%204SU/Rushmere",2026-07-03T23:10:47+00:00
The Plough,"89 St John's Hill, London SW11 1SY",2075851844 🌐 https://www.theploughstjohnshill.co.uk/ 🍽️ Food available 🍹 Cocktails available ⚽ Live sports shown ❓ Pub quiz available,51.4615,-0.173227,1,PRAVHA,£6.10,6.1,"https://www.pint-prices.com/pub/89%20St%20John's%20Hill,%20London%20SW11%201SY/The%20Plough",2026-07-03T23:10:47+00:00
The Plough,"89 St John's Hill, London SW11 1SY",2075851844 🌐 https://www.theploughstjohnshill.co.uk/ 🍽️ Food available 🍹 Cocktails available ⚽ Live sports shown ❓ Pub quiz available,51.4615,-0.173227,2,GUINNESS,£6.70,6.7,"https://www.pint-prices.com/pub/89%20St%20John's%20Hill,%20London%20SW11%201SY/The%20Plough",2026-07-03T23:10:47+00:00
The Cow,"89 Westbourne Park Rd, London W2 5QH",🌐 https://thecowlondon.com/ 🍽️ Food available ☀️ Beer garden available 🎸 Live music,51.5192,-0.19538,1,GUINNESS,£6.70,6.7,"https://www.pint-prices.com/pub/89%20Westbourne%20Park%20Rd,%20London%20W2%205QH/The%20Cow",2026-07-03T23:10:47+00:00
The Crosse Keys,"9 Gracechurch St, London EC3V 0DR",🌐 https://www.jdwetherspoon.com/pubs/all-pubs/england/london/the-crosse-keys-city-of-london 🍽️ Food available ⏰ Happy hour,51.5127,-0.0847709,1,CARLSBERG,£4.89,4.89,"https://www.pint-prices.com/pub/9%20Gracechurch%20St,%20London%20EC3V%200DR/The%20Crosse%20Keys",2026-07-03T23:10:47+00:00
Mabel's Tavern,"9 Mabledon Pl, London WC1H 9AZ",🌐 https://www.mabelstavern.co.uk/ 🍽️ Food available ☀️ Beer garden available ⚽ Live sports shown 🎸 Live music,51.5278,-0.127541,1,SINGHA,£7.00,7.0,"https://www.pint-prices.com/pub/9%20Mabledon%20Pl,%20London%20WC1H%209AZ/Mabel's%20Tavern",2026-07-03T23:10:47+00:00
The Blind Rabbit,"9 Weekday Cross, Nottingham NG1 2GB",,52.9515,-1.14579,1,MAHOU,£3.95,3.95,"https://www.pint-prices.com/pub/9%20Weekday%20Cross,%20Nottingham%20NG1%202GB/The%20Blind%20Rabbit",2026-07-03T23:10:47+00:00
Black Cat,"9 Winslade Way, London SE6 4JU, UK",020 7041 9269 🍽️ Food available ⚽ Live sports shown 🎸 Live music,51.4458,-0.0216015,1,JOHN SMITHS,£4.20,4.2,"https://www.pint-prices.com/pub/9%20Winslade%20Way,%20London%20SE6%204JU,%20UK/Black%20Cat",2026-07-03T23:10:47+00:00
The Shanakee,"9-10, Central Buildings, The Broadway, London W5 2NT",🌐 https://theshanakee.com/wp/ 🍽️ Food available ⚽ Live sports shown 🎸 Live music,51.5147,-0.302491,1,GUINNESS,£4.50,4.5,"https://www.pint-prices.com/pub/9-10,%20Central%20Buildings,%20The%20Broadway,%20London%20W5%202NT/The%20Shanakee",2026-07-03T23:10:47+00:00
Salisbury,"90 St Martins Lane, WC2N 4AP",🌐 https://www.greeneking.co.uk/pubs/greater-london/salisbury 🍽️ Food available 🍹 Cocktails available,51.5109,-0.127228,1,AMSTEL,£6.45,6.45,"https://www.pint-prices.com/pub/90%20St%20Martins%20Lane,%20WC2N%204AP/Salisbury",2026-07-03T23:10:47+00:00
Salisbury,"90 St Martins Lane, WC2N 4AP",🌐 https://www.greeneking.co.uk/pubs/greater-london/salisbury 🍽️ Food available 🍹 Cocktails available,51.5109,-0.127228,2,GUINNESS,£6.45,6.45,"https://www.pint-prices.com/pub/90%20St%20Martins%20Lane,%20WC2N%204AP/Salisbury",2026-07-03T23:10:47+00:00
Salisbury,"90 St Martins Lane, WC2N 4AP",🌐 https://www.greeneking.co.uk/pubs/greater-london/salisbury 🍽️ Food available 🍹 Cocktails available,51.5109,-0.127228,3,BIRRA MORETTI,£7.25,7.25,"https://www.pint-prices.com/pub/90%20St%20Martins%20Lane,%20WC2N%204AP/Salisbury",2026-07-03T23:10:47+00:00
Salisbury,"90 St Martins Lane, WC2N 4AP",🌐 https://www.greeneking.co.uk/pubs/greater-london/salisbury 🍽️ Food available 🍹 Cocktails available,51.5109,-0.127228,4,NECK OIL,£7.50,7.5,"https://www.pint-prices.com/pub/90%20St%20Martins%20Lane,%20WC2N%204AP/Salisbury",2026-07-03T23:10:47+00:00
Salisbury,"90 St Martins Lane, WC2N 4AP",🌐 https://www.greeneking.co.uk/pubs/greater-london/salisbury 🍽️ Food available 🍹 Cocktails available,51.5109,-0.127228,5,PERONI,£7.55,7.55,"https://www.pint-prices.com/pub/90%20St%20Martins%20Lane,%20WC2N%204AP/Salisbury",2026-07-03T23:10:47+00:00
The Rose & Crown,"90-92 Lower Sloane St, London SW1W 8BU",🌐 https://www.roseandcrownlowersloane.co.uk/ 🍽️ Food available ☀️ Beer garden available 🎯 Darts available 🎱 Pool available,51.4901,-0.156858,1,FOSTERS,£4.80,4.8,"https://www.pint-prices.com/pub/90-92%20Lower%20Sloane%20St,%20London%20SW1W%208BU/The%20Rose%20%26%20Crown",2026-07-03T23:10:47+00:00
The Carpenter's Arms,"91 Black Lion Ln, London W6 9BG, UK",020 8741 8386 🌐 http://www.carpentersarmsw6.co.uk/ 🍽️ Food available ☀️ Beer garden available ⚽ Live sports shown ❓ Pub quiz available 😎 Cool place,51.4926,-0.242692,1,PALE ALE,£5.20,5.2,"https://www.pint-prices.com/pub/91%20Black%20Lion%20Ln,%20London%20W6%209BG,%20UK/The%20Carpenter's%20Arms",2026-07-03T23:10:47+00:00
The Carpenter's Arms,"91 Black Lion Ln, London W6 9BG, UK",020 8741 8386 🌐 http://www.carpentersarmsw6.co.uk/ 🍽️ Food available ☀️ Beer garden available ⚽ Live sports shown ❓ Pub quiz available 😎 Cool place,51.4926,-0.242692,2,HOUSE LAGER,£6.30,6.3,"https://www.pint-prices.com/pub/91%20Black%20Lion%20Ln,%20London%20W6%209BG,%20UK/The%20Carpenter's%20Arms",2026-07-03T23:10:47+00:00
The Coal Hole,"91-92 Strand, London WC2R 0DW",🌐 https://www.nicholsonspubs.co.uk/restaurants/london/thecoalholestrandlondon#/ 🍽️ Food available,51.5104,-0.121216,1,AMSTEL,£6.35,6.35,"https://www.pint-prices.com/pub/91-92%20Strand,%20London%20WC2R%200DW/The%20Coal%20Hole",2026-07-03T23:10:47+00:00
The Lady Mildmay,"92 Mildmay Park, London N1 4PR",🌐 https://www.ladymildmay.com/ 🍽️ Food available,51.5508,-0.0846581,1,AMSTEL,£5.40,5.4,"https://www.pint-prices.com/pub/92%20Mildmay%20Park,%20London%20N1%204PR/The%20Lady%20Mildmay",2026-07-03T23:10:47+00:00
Tapelia,"92 Northfield Ave, London W13 9RT, UK",020 3441 1718 🌐 https://www.tapelia.co.uk/ 📧info@tapelia.co.uk 🍽️ Food available,51.5032,-0.317403,1,ESTRELLA,£5.45,5.45,"https://www.pint-prices.com/pub/92%20Northfield%20Ave,%20London%20W13%209RT,%20UK/Tapelia",2026-07-03T23:10:47+00:00
The Warrington Hotel,"93 Warrington Crescent, London W9 1EH",🌐 https://www.thewarringtonhotel.co.uk/ 🍽️ Food available 🍹 Cocktails available ☀️ Beer garden available ⏰ Happy hour 🎤 Karaoke available,51.5272,-0.183114,1,BECKS,£5.45,5.45,"https://www.pint-prices.com/pub/93%20Warrington%20Crescent,%20London%20W9%201EH/The%20Warrington%20Hotel",2026-07-03T23:10:47+00:00
The Old Justice,"94 Bermondsey Wall East, London SE16 4TY",☀️ Beer garden available ⚽ Live sports shown 🎸 Live music ❓ Pub quiz available,51.5002,-0.064219,1,OLD HOUSE LAGER,£5.00,5.0,"https://www.pint-prices.com/pub/94%20Bermondsey%20Wall%20East,%20London%20SE16%204TY/The%20Old%20Justice",2026-07-03T23:10:47+00:00
The Old Justice,"94 Bermondsey Wall East, London SE16 4TY",☀️ Beer garden available ⚽ Live sports shown 🎸 Live music ❓ Pub quiz available,51.5002,-0.064219,2,GUINNESS,£5.00,5.0,"https://www.pint-prices.com/pub/94%20Bermondsey%20Wall%20East,%20London%20SE16%204TY/The%20Old%20Justice",2026-07-03T23:10:47+00:00
The Old Justice,"94 Bermondsey Wall East, London SE16 4TY",☀️ Beer garden available ⚽ Live sports shown 🎸 Live music ❓ Pub quiz available,51.5002,-0.064219,3,HOUSE LAGER,£5.00,5.0,"https://www.pint-prices.com/pub/94%20Bermondsey%20Wall%20East,%20London%20SE16%204TY/The%20Old%20Justice",2026-07-03T23:10:47+00:00
The Old Justice,"94 Bermondsey Wall East, London SE16 4TY",☀️ Beer garden available ⚽ Live sports shown 🎸 Live music ❓ Pub quiz available,51.5002,-0.064219,4,HOUSE BITTER,£5.00,5.0,"https://www.pint-prices.com/pub/94%20Bermondsey%20Wall%20East,%20London%20SE16%204TY/The%20Old%20Justice",2026-07-03T23:10:47+00:00
The Old Justice,"94 Bermondsey Wall East, London SE16 4TY",☀️ Beer garden available ⚽ Live sports shown 🎸 Live music ❓ Pub quiz available,51.5002,-0.064219,5,CIDER,£5.50,5.5,"https://www.pint-prices.com/pub/94%20Bermondsey%20Wall%20East,%20London%20SE16%204TY/The%20Old%20Justice",2026-07-03T23:10:47+00:00
The Old Justice,"94 Bermondsey Wall East, London SE16 4TY",☀️ Beer garden available ⚽ Live sports shown 🎸 Live music ❓ Pub quiz available,51.5002,-0.064219,6,HARVEY'S BEST BITTER,£6.20,6.2,"https://www.pint-prices.com/pub/94%20Bermondsey%20Wall%20East,%20London%20SE16%204TY/The%20Old%20Justice",2026-07-03T23:10:47+00:00
The Lamb,"94 Lamb's Conduit St, London WC1N 1EA",🌐 https://www.thelamblondon.com/ 🍽️ Food available 🍹 Cocktails available ⚽ Live sports shown,51.5231,-0.119017,1,ESTRELLA,£6.65,6.65,"https://www.pint-prices.com/pub/94%20Lamb's%20Conduit%20St,%20London%20WC1N%201EA/The%20Lamb",2026-07-03T23:10:47+00:00
The Star by Liverpool Street,"94 Middlesex St, London E1 7EZ",🌐 https://starbyliverpoolstreet.co.uk/ 🍽️ Food available ⚽ Live sports shown 🎸 Live music 🎤 Karaoke available,51.5172,-0.0770489,1,BECKS,£5.50,5.5,"https://www.pint-prices.com/pub/94%20Middlesex%20St,%20London%20E1%207EZ/The%20Star%20by%20Liverpool%20Street",2026-07-03T23:10:47+00:00
The Dublin Castle,"94 Parkway, London NW1 7AN, UK",07949 575149 🌐 http://thedublincastle.com/ 📧Phone them 🎸 Live music,51.5374,-0.145579,1,FOSTERS,£6.00,6.0,"https://www.pint-prices.com/pub/94%20Parkway,%20London%20NW1%207AN,%20UK/The%20Dublin%20Castle",2026-07-03T23:10:47+00:00
The Dublin Castle,"94 Parkway, London NW1 7AN, UK",07949 575149 🌐 http://thedublincastle.com/ 📧Phone them 🎸 Live music,51.5374,-0.145579,2,STRONGBOW,£6.00,6.0,"https://www.pint-prices.com/pub/94%20Parkway,%20London%20NW1%207AN,%20UK/The%20Dublin%20Castle",2026-07-03T23:10:47+00:00
Palm Riverside | Shisha & Hookah Lounge | Lebanese Restaurant | Cocktail Bar | Wandsworth London,"94 Point Pleasant, London SW18 1PP, UK",07700 167899 🌐 https://www.palmriverside.co.uk/?utm_source=Google&utm_medium=Organic&utm_campaign=GMB_Listing 📧info@palmriverside.co.uk 🍽️ Food available 🍹 Cocktails available ☀️ Beer garden available,51.4626,-0.199795,1,PERONI,£5.50,5.5,"https://www.pint-prices.com/pub/94%20Point%20Pleasant,%20London%20SW18%201PP,%20UK/Palm%20Riverside%20%7C%20Shisha%20%26%20Hookah%20Lounge%20%7C%20Lebanese%20Restaurant%20%7C%20Cocktail%20Bar%20%7C%20Wandsworth%20London",2026-07-03T23:10:47+00:00
Palm Riverside | Shisha & Hookah Lounge | Lebanese Restaurant | Cocktail Bar | Wandsworth London,"94 Point Pleasant, London SW18 1PP, UK",07700 167899 🌐 https://www.palmriverside.co.uk/?utm_source=Google&utm_medium=Organic&utm_campaign=GMB_Listing 📧info@palmriverside.co.uk 🍽️ Food available 🍹 Cocktails available ☀️ Beer garden available,51.4626,-0.199795,2,ASAHI,£5.50,5.5,"https://www.pint-prices.com/pub/94%20Point%20Pleasant,%20London%20SW18%201PP,%20UK/Palm%20Riverside%20%7C%20Shisha%20%26%20Hookah%20Lounge%20%7C%20Lebanese%20Restaurant%20%7C%20Cocktail%20Bar%20%7C%20Wandsworth%20London",2026-07-03T23:10:47+00:00
Palm Riverside | Shisha & Hookah Lounge | Lebanese Restaurant | Cocktail Bar | Wandsworth London,"94 Point Pleasant, London SW18 1PP, UK",07700 167899 🌐 https://www.palmriverside.co.uk/?utm_source=Google&utm_medium=Organic&utm_campaign=GMB_Listing 📧info@palmriverside.co.uk 🍽️ Food available 🍹 Cocktails available ☀️ Beer garden available,51.4626,-0.199795,3,GUINNESS,£5.50,5.5,"https://www.pint-prices.com/pub/94%20Point%20Pleasant,%20London%20SW18%201PP,%20UK/Palm%20Riverside%20%7C%20Shisha%20%26%20Hookah%20Lounge%20%7C%20Lebanese%20Restaurant%20%7C%20Cocktail%20Bar%20%7C%20Wandsworth%20London",2026-07-03T23:10:47+00:00
East Putney Tavern,"94-98 Upper Richmond Rd, London SW15 2SP",2081612428 🌐 eastputneytavern.co.uk 🍽️ Food available 🍹 Cocktails available ☀️ Beer garden available 🎸 Live music,51.4599,-0.211877,1,LUCKY SAINT,£5.20,5.2,"https://www.pint-prices.com/pub/94-98%20Upper%20Richmond%20Rd,%20London%20SW15%202SP/East%20Putney%20Tavern",2026-07-03T23:10:47+00:00
East Putney Tavern,"94-98 Upper Richmond Rd, London SW15 2SP",2081612428 🌐 eastputneytavern.co.uk 🍽️ Food available 🍹 Cocktails available ☀️ Beer garden available 🎸 Live music,51.4599,-0.211877,2,AMSTEL,£5.60,5.6,"https://www.pint-prices.com/pub/94-98%20Upper%20Richmond%20Rd,%20London%20SW15%202SP/East%20Putney%20Tavern",2026-07-03T23:10:47+00:00
East Putney Tavern,"94-98 Upper Richmond Rd, London SW15 2SP",2081612428 🌐 eastputneytavern.co.uk 🍽️ Food available 🍹 Cocktails available ☀️ Beer garden available 🎸 Live music,51.4599,-0.211877,3,GUINNESS,£6.30,6.3,"https://www.pint-prices.com/pub/94-98%20Upper%20Richmond%20Rd,%20London%20SW15%202SP/East%20Putney%20Tavern",2026-07-03T23:10:47+00:00
The Jolly Sisters,"95 Bride St, London N7 8AX",☀️ Beer garden available ⚽ Live sports shown 🎯 Darts available,51.5458,-0.112867,1,FOSTERS,£4.30,4.3,"https://www.pint-prices.com/pub/95%20Bride%20St,%20London%20N7%208AX/The%20Jolly%20Sisters",2026-07-03T23:10:47+00:00
The Gregorian,"96 Jamaica Rd, London SE16 4SQ",🌐 https://thegregorian.co.uk/ 🍽️ Food available ☀️ Beer garden available ⚽ Live sports shown 🎸 Live music 🎤 Karaoke available,51.4976,-0.0664212,1,AMSTEL,£5.25,5.25,"https://www.pint-prices.com/pub/96%20Jamaica%20Rd,%20London%20SE16%204SQ/The%20Gregorian",2026-07-03T23:10:47+00:00
The Lexington,"96-98 Pentonville Rd, London N1 9JB",🌐 https://www.thelexington.co.uk/ 🍽️ Food available 🍹 Cocktails available 🎸 Live music,51.5318,-0.111461,1,CRUZCAMPO,£6.20,6.2,"https://www.pint-prices.com/pub/96-98%20Pentonville%20Rd,%20London%20N1%209JB/The%20Lexington",2026-07-03T23:10:47+00:00
The Stanhope Arms,"97 Gloucester Rd, London SW7 4SS",🌐 https://www.greeneking.co.uk/pubs/greater-london/stanhope-arms 🍽️ Food available ☀️ Beer garden available ⚽ Live sports shown,51.4941,-0.182092,1,ESTRELLA,£6.45,6.45,"https://www.pint-prices.com/pub/97%20Gloucester%20Rd,%20London%20SW7%204SS/The%20Stanhope%20Arms",2026-07-03T23:10:47+00:00
Stanhope Arms,"97 Gloucester Road, SW7 4SS",🌐 https://www.greeneking.co.uk/pubs/greater-london/stanhope-arms 🍽️ Food available 🍹 Cocktails available ☀️ Beer garden available ⚽ Live sports shown,51.4941,-0.182092,1,AMSTEL,£6.15,6.15,"https://www.pint-prices.com/pub/97%20Gloucester%20Road,%20SW7%204SS/Stanhope%20Arms",2026-07-03T23:10:47+00:00
Stanhope Arms,"97 Gloucester Road, SW7 4SS",🌐 https://www.greeneking.co.uk/pubs/greater-london/stanhope-arms 🍽️ Food available 🍹 Cocktails available ☀️ Beer garden available ⚽ Live sports shown,51.4941,-0.182092,2,HEINEKEN,£6.80,6.8,"https://www.pint-prices.com/pub/97%20Gloucester%20Road,%20SW7%204SS/Stanhope%20Arms",2026-07-03T23:10:47+00:00
Stanhope Arms,"97 Gloucester Road, SW7 4SS",🌐 https://www.greeneking.co.uk/pubs/greater-london/stanhope-arms 🍽️ Food available 🍹 Cocktails available ☀️ Beer garden available ⚽ Live sports shown,51.4941,-0.182092,3,MADRI,£7.00,7.0,"https://www.pint-prices.com/pub/97%20Gloucester%20Road,%20SW7%204SS/Stanhope%20Arms",2026-07-03T23:10:47+00:00
Stanhope Arms,"97 Gloucester Road, SW7 4SS",🌐 https://www.greeneking.co.uk/pubs/greater-london/stanhope-arms 🍽️ Food available 🍹 Cocktails available ☀️ Beer garden available ⚽ Live sports shown,51.4941,-0.182092,4,BIRRA MORETTI,£7.00,7.0,"https://www.pint-prices.com/pub/97%20Gloucester%20Road,%20SW7%204SS/Stanhope%20Arms",2026-07-03T23:10:47+00:00
Stanhope Arms,"97 Gloucester Road, SW7 4SS",🌐 https://www.greeneking.co.uk/pubs/greater-london/stanhope-arms 🍽️ Food available 🍹 Cocktails available ☀️ Beer garden available ⚽ Live sports shown,51.4941,-0.182092,5,PERONI,£7.25,7.25,"https://www.pint-prices.com/pub/97%20Gloucester%20Road,%20SW7%204SS/Stanhope%20Arms",2026-07-03T23:10:47+00:00
Stanhope Arms,"97 Gloucester Road, SW7 4SS",🌐 https://www.greeneking.co.uk/pubs/greater-london/stanhope-arms 🍽️ Food available 🍹 Cocktails available ☀️ Beer garden available ⚽ Live sports shown,51.4941,-0.182092,6,NECK OIL,£7.45,7.45,"https://www.pint-prices.com/pub/97%20Gloucester%20Road,%20SW7%204SS/Stanhope%20Arms",2026-07-03T23:10:47+00:00
The Sir Richard Steele,"97 Haverstock Hill, London NW3 4RL",🌐 https://thesteelespub.co.uk/ 🍽️ Food available ☀️ Beer garden available ⚽ Live sports shown 🎸 Live music ❓ Pub quiz available,51.5469,-0.158984,1,MAHOU,£4.50,4.5,"https://www.pint-prices.com/pub/97%20Haverstock%20Hill,%20London%20NW3%204RL/The%20Sir%20Richard%20Steele",2026-07-03T23:10:47+00:00
Ye Olde Swiss Cottage,"98 Finchley Rd, London NW3 5EL, UK",020 7722 3487 🍽️ Food available ☀️ Beer garden available 🎯 Darts available,51.5429,-0.174687,1,PALE ALE,£3.40,3.4,"https://www.pint-prices.com/pub/98%20Finchley%20Rd,%20London%20NW3%205EL,%20UK/Ye%20Olde%20Swiss%20Cottage",2026-07-03T23:10:47+00:00
Ye Olde Swiss Cottage,"98 Finchley Rd, London NW3 5EL, UK",020 7722 3487 🍽️ Food available ☀️ Beer garden available 🎯 Darts available,51.5429,-0.174687,2,ALPINE LAGER,£4.20,4.2,"https://www.pint-prices.com/pub/98%20Finchley%20Rd,%20London%20NW3%205EL,%20UK/Ye%20Olde%20Swiss%20Cottage",2026-07-03T23:10:47+00:00
The Rising Sun,"98 Harper Rd, London SE1 6AQ",🌐 no website 🍽️ Food available ☀️ Beer garden available ⚽ Live sports shown 🎸 Live music 🎱 Pool available,51.4947,-0.0930433,1,HEINEKEN,£4.40,4.4,"https://www.pint-prices.com/pub/98%20Harper%20Rd,%20London%20SE1%206AQ/The%20Rising%20Sun",2026-07-03T23:10:47+00:00
The Horatia,"98-102 Holloway Rd, London N7 8JE",🌐 https://www.thehoratia.co.uk/ 🍽️ Food available ⚽ Live sports shown,51.55,-0.108471,1,ROMOLA BIRRA DI ROMA,£5.80,5.8,"https://www.pint-prices.com/pub/98-102%20Holloway%20Rd,%20London%20N7%208JE/The%20Horatia",2026-07-03T23:10:47+00:00
Shakespeare (Victoria),"99 Buckingham Palace Road, SW1W 0RP",2078284913 🌐 https://www.greeneking.co.uk/pubs/greater-london/shakespeare 🍽️ Food available 🍹 Cocktails available ☀️ Beer garden available,51.4963,-0.144937,1,AMSTEL,£6.30,6.3,"https://www.pint-prices.com/pub/99%20Buckingham%20Palace%20Road,%20SW1W%200RP/Shakespeare%20(Victoria)",2026-07-03T23:10:47+00:00
Shakespeare (Victoria),"99 Buckingham Palace Road, SW1W 0RP",2078284913 🌐 https://www.greeneking.co.uk/pubs/greater-london/shakespeare 🍽️ Food available 🍹 Cocktails available ☀️ Beer garden available,51.4963,-0.144937,2,GUINNESS,£6.40,6.4,"https://www.pint-prices.com/pub/99%20Buckingham%20Palace%20Road,%20SW1W%200RP/Shakespeare%20(Victoria)",2026-07-03T23:10:47+00:00
Shakespeare (Victoria),"99 Buckingham Palace Road, SW1W 0RP",2078284913 🌐 https://www.greeneking.co.uk/pubs/greater-london/shakespeare 🍽️ Food available 🍹 Cocktails available ☀️ Beer garden available,51.4963,-0.144937,3,MADRI,£7.00,7.0,"https://www.pint-prices.com/pub/99%20Buckingham%20Palace%20Road,%20SW1W%200RP/Shakespeare%20(Victoria)",2026-07-03T23:10:47+00:00
Shakespeare (Victoria),"99 Buckingham Palace Road, SW1W 0RP",2078284913 🌐 https://www.greeneking.co.uk/pubs/greater-london/shakespeare 🍽️ Food available 🍹 Cocktails available ☀️ Beer garden available,51.4963,-0.144937,4,BIRRA MORETTI,£7.00,7.0,"https://www.pint-prices.com/pub/99%20Buckingham%20Palace%20Road,%20SW1W%200RP/Shakespeare%20(Victoria)",2026-07-03T23:10:47+00:00
Shakespeare (Victoria),"99 Buckingham Palace Road, SW1W 0RP",2078284913 🌐 https://www.greeneking.co.uk/pubs/greater-london/shakespeare 🍽️ Food available 🍹 Cocktails available ☀️ Beer garden available,51.4963,-0.144937,5,NECK OIL,£7.00,7.0,"https://www.pint-prices.com/pub/99%20Buckingham%20Palace%20Road,%20SW1W%200RP/Shakespeare%20(Victoria)",2026-07-03T23:10:47+00:00
Shakespeare (Victoria),"99 Buckingham Palace Road, SW1W 0RP",2078284913 🌐 https://www.greeneking.co.uk/pubs/greater-london/shakespeare 🍽️ Food available 🍹 Cocktails available ☀️ Beer garden available,51.4963,-0.144937,6,PERONI,£7.35,7.35,"https://www.pint-prices.com/pub/99%20Buckingham%20Palace%20Road,%20SW1W%200RP/Shakespeare%20(Victoria)",2026-07-03T23:10:47+00:00
The House of Hammerton,"99 Holloway Rd, London N7 8LT",🌐 https://www.hammertonbrewery.co.uk/site/house-of-hammerton/,51.548,-0.106534,1,DANKE PILSNER,£5.95,5.95,"https://www.pint-prices.com/pub/99%20Holloway%20Rd,%20London%20N7%208LT/The%20House%20of%20Hammerton",2026-07-03T23:10:47+00:00
Feeley's,"99 Union Rd, London SW8 2RF",🍽️ Food available ⚽ Live sports shown 🎸 Live music 🎯 Darts available,51.4715,-0.134943,1,GUINNESS,£4.70,4.7,"https://www.pint-prices.com/pub/99%20Union%20Rd,%20London%20SW8%202RF/Feeley's",2026-07-03T23:10:47+00:00
The Cock Inn,AL1 3NF,,51.7545,-0.336038,1,BIRRA MORETTI,£6.25,6.25,https://www.pint-prices.com/pub/AL1%203NF/The%20Cock%20Inn,2026-07-03T23:10:47+00:00
The Cock Inn,AL1 3NF,,51.7545,-0.336038,2,ASAHI,£6.90,6.9,https://www.pint-prices.com/pub/AL1%203NF/The%20Cock%20Inn,2026-07-03T23:10:47+00:00
Arkstar,"Arch 1, 303 Holloway Rd, London N7 8HS",,51.5529,-0.112912,1,ESTRELLA,£4.90,4.9,"https://www.pint-prices.com/pub/Arch%201,%20303%20Holloway%20Rd,%20London%20N7%208HS/Arkstar",2026-07-03T23:10:47+00:00
The Head of Steam Birmingham,B2 5DP,,52.4802,-1.89898,1,GUINNESS,£6.90,6.9,https://www.pint-prices.com/pub/B2%205DP/The%20Head%20of%20Steam%20Birmingham,2026-07-03T23:10:47+00:00
Lansdown Arms,BN7 2JU,,50.8719,0.0115105,1,THATCHER'S GOLD,£5.10,5.1,https://www.pint-prices.com/pub/BN7%202JU/Lansdown%20Arms,2026-07-03T23:10:47+00:00
The Bristol House,BS23 8UY,,51.3517,-2.9563,1,SAN MIGUEL,£3.50,3.5,https://www.pint-prices.com/pub/BS23%208UY/The%20Bristol%20House%20,2026-07-03T23:10:47+00:00
The Cork,Ba1 1eb,,51.3805,-2.36252,1,BIRRA MORETTI,£6.25,6.25,https://www.pint-prices.com/pub/Ba1%201eb/The%20Cork,2026-07-03T23:10:47+00:00
The Victoria,Belgravia,,51.4956,-0.146035,1,AMSTEL,£6.05,6.05,https://www.pint-prices.com/pub/Belgravia/The%20Victoria,2026-07-03T23:10:47+00:00
Binks Yard,Binks Yard The Island Quarter 1 The Great Northern Close Nottingham NG2 3JL,,52.9486,-1.13944,1,ASAHI,£5.80,5.8,https://www.pint-prices.com/pub/Binks%20Yard%20The%20Island%20Quarter%201%20The%20Great%20Northern%20Close%20Nottingham%20NG2%203JL/Binks%20Yard,2026-07-03T23:10:47+00:00
Blisland inn,Bodmin moor,,53.1844,-0.592895,1,GUINNESS,£5.10,5.1,https://www.pint-prices.com/pub/Bodmin%20moor%20/Blisland%20inn,2026-07-03T23:10:47+00:00
The Rake,"Borough Market, 14A Winchester Walk, London SE1 9AG, UK",020 7407 0557 🌐 https://www.utobeer.co.uk/the-rake,51.5062,-0.0913283,1,HOUSE LAGER,£6.30,6.3,"https://www.pint-prices.com/pub/Borough%20Market,%2014A%20Winchester%20Walk,%20London%20SE1%209AG,%20UK/The%20Rake",2026-07-03T23:10:47+00:00
The Rake,"Borough Market, 14A Winchester Walk, London SE1 9AG, UK",020 7407 0557 🌐 https://www.utobeer.co.uk/the-rake,51.5062,-0.0913283,2,BUDWEISER,£6.30,6.3,"https://www.pint-prices.com/pub/Borough%20Market,%2014A%20Winchester%20Walk,%20London%20SE1%209AG,%20UK/The%20Rake",2026-07-03T23:10:47+00:00
The Furze Wren - JD Wetherspoon,"Broadway Square, Bexleyheath Shopping Centre, 6 Market Pl, Bexleyheath DA6 7DY, UK",020 8298 2590 🌐 https://www.jdwetherspoon.com/pubs/all-pubs/england/london/the-furze-wren-bexleyheath 📧spoons - check app 🍽️ Food available,51.4568,0.146512,1,BUD LIGHT,£2.59,2.59,"https://www.pint-prices.com/pub/Broadway%20Square,%20Bexleyheath%20Shopping%20Centre,%206%20Market%20Pl,%20Bexleyheath%20DA6%207DY,%20UK/The%20Furze%20Wren%20-%20JD%20Wetherspoon",2026-07-03T23:10:47+00:00
The Furze Wren - JD Wetherspoon,"Broadway Square, Bexleyheath Shopping Centre, 6 Market Pl, Bexleyheath DA6 7DY, UK",020 8298 2590 🌐 https://www.jdwetherspoon.com/pubs/all-pubs/england/london/the-furze-wren-bexleyheath 📧spoons - check app 🍽️ Food available,51.4568,0.146512,2,CARLSBERG PILSNER,£2.83,2.83,"https://www.pint-prices.com/pub/Broadway%20Square,%20Bexleyheath%20Shopping%20Centre,%206%20Market%20Pl,%20Bexleyheath%20DA6%207DY,%20UK/The%20Furze%20Wren%20-%20JD%20Wetherspoon",2026-07-03T23:10:47+00:00
The Furze Wren - JD Wetherspoon,"Broadway Square, Bexleyheath Shopping Centre, 6 Market Pl, Bexleyheath DA6 7DY, UK",020 8298 2590 🌐 https://www.jdwetherspoon.com/pubs/all-pubs/england/london/the-furze-wren-bexleyheath 📧spoons - check app 🍽️ Food available,51.4568,0.146512,3,GUINNESS,£3.53,3.53,"https://www.pint-prices.com/pub/Broadway%20Square,%20Bexleyheath%20Shopping%20Centre,%206%20Market%20Pl,%20Bexleyheath%20DA6%207DY,%20UK/The%20Furze%20Wren%20-%20JD%20Wetherspoon",2026-07-03T23:10:47+00:00
The Furze Wren - JD Wetherspoon,"Broadway Square, Bexleyheath Shopping Centre, 6 Market Pl, Bexleyheath DA6 7DY, UK",020 8298 2590 🌐 https://www.jdwetherspoon.com/pubs/all-pubs/england/london/the-furze-wren-bexleyheath 📧spoons - check app 🍽️ Food available,51.4568,0.146512,4,CARLING,£3.89,3.89,"https://www.pint-prices.com/pub/Broadway%20Square,%20Bexleyheath%20Shopping%20Centre,%206%20Market%20Pl,%20Bexleyheath%20DA6%207DY,%20UK/The%20Furze%20Wren%20-%20JD%20Wetherspoon",2026-07-03T23:10:47+00:00
The Furze Wren - JD Wetherspoon,"Broadway Square, Bexleyheath Shopping Centre, 6 Market Pl, Bexleyheath DA6 7DY, UK",020 8298 2590 🌐 https://www.jdwetherspoon.com/pubs/all-pubs/england/london/the-furze-wren-bexleyheath 📧spoons - check app 🍽️ Food available,51.4568,0.146512,5,COORS,£3.89,3.89,"https://www.pint-prices.com/pub/Broadway%20Square,%20Bexleyheath%20Shopping%20Centre,%206%20Market%20Pl,%20Bexleyheath%20DA6%207DY,%20UK/The%20Furze%20Wren%20-%20JD%20Wetherspoon",2026-07-03T23:10:47+00:00
The Furze Wren - JD Wetherspoon,"Broadway Square, Bexleyheath Shopping Centre, 6 Market Pl, Bexleyheath DA6 7DY, UK",020 8298 2590 🌐 https://www.jdwetherspoon.com/pubs/all-pubs/england/london/the-furze-wren-bexleyheath 📧spoons - check app 🍽️ Food available,51.4568,0.146512,6,BUDWEISER,£3.98,3.98,"https://www.pint-prices.com/pub/Broadway%20Square,%20Bexleyheath%20Shopping%20Centre,%206%20Market%20Pl,%20Bexleyheath%20DA6%207DY,%20UK/The%20Furze%20Wren%20-%20JD%20Wetherspoon",2026-07-03T23:10:47+00:00
The Furze Wren - JD Wetherspoon,"Broadway Square, Bexleyheath Shopping Centre, 6 Market Pl, Bexleyheath DA6 7DY, UK",020 8298 2590 🌐 https://www.jdwetherspoon.com/pubs/all-pubs/england/london/the-furze-wren-bexleyheath 📧spoons - check app 🍽️ Food available,51.4568,0.146512,7,STELLA ARTOIS,£4.08,4.08,"https://www.pint-prices.com/pub/Broadway%20Square,%20Bexleyheath%20Shopping%20Centre,%206%20Market%20Pl,%20Bexleyheath%20DA6%207DY,%20UK/The%20Furze%20Wren%20-%20JD%20Wetherspoon",2026-07-03T23:10:47+00:00
The Furze Wren - JD Wetherspoon,"Broadway Square, Bexleyheath Shopping Centre, 6 Market Pl, Bexleyheath DA6 7DY, UK",020 8298 2590 🌐 https://www.jdwetherspoon.com/pubs/all-pubs/england/london/the-furze-wren-bexleyheath 📧spoons - check app 🍽️ Food available,51.4568,0.146512,8,CORONA,£4.20,4.2,"https://www.pint-prices.com/pub/Broadway%20Square,%20Bexleyheath%20Shopping%20Centre,%206%20Market%20Pl,%20Bexleyheath%20DA6%207DY,%20UK/The%20Furze%20Wren%20-%20JD%20Wetherspoon",2026-07-03T23:10:47+00:00
The Furze Wren - JD Wetherspoon,"Broadway Square, Bexleyheath Shopping Centre, 6 Market Pl, Bexleyheath DA6 7DY, UK",020 8298 2590 🌐 https://www.jdwetherspoon.com/pubs/all-pubs/england/london/the-furze-wren-bexleyheath 📧spoons - check app 🍽️ Food available,51.4568,0.146512,9,SAN MIGUEL,£4.20,4.2,"https://www.pint-prices.com/pub/Broadway%20Square,%20Bexleyheath%20Shopping%20Centre,%206%20Market%20Pl,%20Bexleyheath%20DA6%207DY,%20UK/The%20Furze%20Wren%20-%20JD%20Wetherspoon",2026-07-03T23:10:47+00:00
The Furze Wren - JD Wetherspoon,"Broadway Square, Bexleyheath Shopping Centre, 6 Market Pl, Bexleyheath DA6 7DY, UK",020 8298 2590 🌐 https://www.jdwetherspoon.com/pubs/all-pubs/england/london/the-furze-wren-bexleyheath 📧spoons - check app 🍽️ Food available,51.4568,0.146512,10,LEFFE BLONDE,£4.55,4.55,"https://www.pint-prices.com/pub/Broadway%20Square,%20Bexleyheath%20Shopping%20Centre,%206%20Market%20Pl,%20Bexleyheath%20DA6%207DY,%20UK/The%20Furze%20Wren%20-%20JD%20Wetherspoon",2026-07-03T23:10:47+00:00
The Bristol House,Bs22 8be,,51.3517,-2.95629,1,THATCHERS GOLD,£2.80,2.8,https://www.pint-prices.com/pub/Bs22%208be/The%20Bristol%20House%20,2026-07-03T23:10:47+00:00
The Bristol House,Bs22 8be,,51.3517,-2.95629,2,GUINNESS,£4.25,4.25,https://www.pint-prices.com/pub/Bs22%208be/The%20Bristol%20House%20,2026-07-03T23:10:47+00:00
The Dog and Partridge,Bury St Edmunds,,52.246,0.712517,1,GUINESS,£5.70,5.7,https://www.pint-prices.com/pub/Bury%20St%20Edmunds/The%20Dog%20and%20Partridge,2026-07-03T23:10:47+00:00
Stanley’s,CA3 8ES,,54.3288,-2.74893,1,STELLA,£4.50,4.5,https://www.pint-prices.com/pub/CA3%208ES/Stanley%E2%80%99s%20,2026-07-03T23:10:47+00:00
The Bush Inn,CF38 2EP,,51.6653,-3.04977,1,REAL ALE,£2.50,2.5,https://www.pint-prices.com/pub/CF38%202EP/The%20Bush%20Inn,2026-07-03T23:10:47+00:00
The Bush Inn,CF38 2EP,,51.6653,-3.04977,2,FOSTERS,£3.70,3.7,https://www.pint-prices.com/pub/CF38%202EP/The%20Bush%20Inn,2026-07-03T23:10:47+00:00
The Bush Inn,CF38 2EP,,51.6653,-3.04977,3,STELLA ARTOIS,£4.50,4.5,https://www.pint-prices.com/pub/CF38%202EP/The%20Bush%20Inn,2026-07-03T23:10:47+00:00
The Bush Inn,CF38 2EP,,51.6653,-3.04977,4,GUINNESS,£4.80,4.8,https://www.pint-prices.com/pub/CF38%202EP/The%20Bush%20Inn,2026-07-03T23:10:47+00:00
The Bush Inn,CF38 2EP,,51.6653,-3.04977,5,BIRRA MORETTI,£4.85,4.85,https://www.pint-prices.com/pub/CF38%202EP/The%20Bush%20Inn,2026-07-03T23:10:47+00:00
Y Dic Penderyn,CF47 8AP,,51.7473,-3.37826,1,GUINNESS,£9.00,9.0,https://www.pint-prices.com/pub/CF47%208AP/Y%20Dic%20Penderyn,2026-07-03T23:10:47+00:00
Y Dic Penderyn,CF47 8AP,,51.7473,-3.37826,2,GUINNESS,£9.05,9.05,https://www.pint-prices.com/pub/CF47%208AP/Y%20Dic%20Penderyn,2026-07-03T23:10:47+00:00
The Swan,CH43 2HP,,53.3723,-3.05836,1,STELLA,£4.45,4.45,https://www.pint-prices.com/pub/CH43%202HP/The%20Swan,2026-07-03T23:10:47+00:00
The Crown Inn,CT15 4BG,,51.1954,1.26799,1,MORETTI,£6.10,6.1,https://www.pint-prices.com/pub/CT15%204BG/The%20Crown%20Inn,2026-07-03T23:10:47+00:00
The Smack Inn,CT5 1BJ,,51.3593,1.02354,1,GUINNESS,£6.00,6.0,https://www.pint-prices.com/pub/CT5%201BJ/The%20Smack%20Inn,2026-07-03T23:10:47+00:00
The Peter Cushing (Wetherspoons),CT5 1DD,,51.3565,1.0241,1,WORTHINGTON’S CREAMFLOW ALE,£2.11,2.11,https://www.pint-prices.com/pub/CT5%201DD%20/The%20Peter%20Cushing%20(Wetherspoons),2026-07-03T23:10:47+00:00
Catford Bridge Tavern,"Catford Rd, London SE6 4RE, UK",020 3918 5479 🌐 https://www.catfordtavern.com/ 🍽️ Food available 🍹 Cocktails available ☀️ Beer garden available ⚽ Live sports shown 🎸 Live music ❓ Pub quiz available,51.4444,-0.024651,1,NOTTING HELLES,£5.10,5.1,"https://www.pint-prices.com/pub/Catford%20Rd,%20London%20SE6%204RE,%20UK/Catford%20Bridge%20Tavern",2026-07-03T23:10:47+00:00
Slug and Lettuce,Chelmsford,,51.7323,0.476756,1,NECK OIL,£7.20,7.2,https://www.pint-prices.com/pub/Chelmsford/Slug%20and%20Lettuce,2026-07-03T23:10:47+00:00
Bulls Head,Chislehurst,,51.4116,0.0769545,1,BEAVERTOWN NECK OIL,£6.85,6.85,https://www.pint-prices.com/pub/Chislehurst/Bulls%20Head,2026-07-03T23:10:47+00:00
Bulls Head,Chislehurst,,51.4116,0.0769545,2,JUBEL,£7.25,7.25,https://www.pint-prices.com/pub/Chislehurst/Bulls%20Head,2026-07-03T23:10:47+00:00
Hippodrome Casino,"Cranbourn St, Leicester Square, London WC2H 7JH",🌐 https://www.hippodromecasino.com/ 🍽️ Food available 🍹 Cocktails available ☀️ Beer garden available,51.511,-0.129685,1,STELLA ARTOIS,£7.31,7.31,"https://www.pint-prices.com/pub/Cranbourn%20St,%20Leicester%20Square,%20London%20WC2H%207JH/Hippodrome%20Casino",2026-07-03T23:10:47+00:00
The Gate Clock - JD Wetherspoon,"Cutty Sark, 210 Creek Rd, London SE10 9RB, UK",020 8269 2000 🌐 https://www.jdwetherspoon.com/pubs/all-pubs/england/london/the-gate-clock-greenwich?utm_source=googl 🍽️ Food available 🍹 Cocktails available ☀️ Beer garden available ⚽ Live sports shown,51.4816,-0.0112139,1,BUD LIGHT,£2.59,2.59,"https://www.pint-prices.com/pub/Cutty%20Sark,%20210%20Creek%20Rd,%20London%20SE10%209RB,%20UK/The%20Gate%20Clock%20-%20JD%20Wetherspoon",2026-07-03T23:10:47+00:00
The Gate Clock - JD Wetherspoon,"Cutty Sark, 210 Creek Rd, London SE10 9RB, UK",020 8269 2000 🌐 https://www.jdwetherspoon.com/pubs/all-pubs/england/london/the-gate-clock-greenwich?utm_source=googl 🍽️ Food available 🍹 Cocktails available ☀️ Beer garden available ⚽ Live sports shown,51.4816,-0.0112139,2,CARLSBERG PILSNER,£2.83,2.83,"https://www.pint-prices.com/pub/Cutty%20Sark,%20210%20Creek%20Rd,%20London%20SE10%209RB,%20UK/The%20Gate%20Clock%20-%20JD%20Wetherspoon",2026-07-03T23:10:47+00:00
The Gate Clock - JD Wetherspoon,"Cutty Sark, 210 Creek Rd, London SE10 9RB, UK",020 8269 2000 🌐 https://www.jdwetherspoon.com/pubs/all-pubs/england/london/the-gate-clock-greenwich?utm_source=googl 🍽️ Food available 🍹 Cocktails available ☀️ Beer garden available ⚽ Live sports shown,51.4816,-0.0112139,3,GUINNESS,£3.53,3.53,"https://www.pint-prices.com/pub/Cutty%20Sark,%20210%20Creek%20Rd,%20London%20SE10%209RB,%20UK/The%20Gate%20Clock%20-%20JD%20Wetherspoon",2026-07-03T23:10:47+00:00
The Gate Clock - JD Wetherspoon,"Cutty Sark, 210 Creek Rd, London SE10 9RB, UK",020 8269 2000 🌐 https://www.jdwetherspoon.com/pubs/all-pubs/england/london/the-gate-clock-greenwich?utm_source=googl 🍽️ Food available 🍹 Cocktails available ☀️ Beer garden available ⚽ Live sports shown,51.4816,-0.0112139,4,CARLING,£3.89,3.89,"https://www.pint-prices.com/pub/Cutty%20Sark,%20210%20Creek%20Rd,%20London%20SE10%209RB,%20UK/The%20Gate%20Clock%20-%20JD%20Wetherspoon",2026-07-03T23:10:47+00:00
The Gate Clock - JD Wetherspoon,"Cutty Sark, 210 Creek Rd, London SE10 9RB, UK",020 8269 2000 🌐 https://www.jdwetherspoon.com/pubs/all-pubs/england/london/the-gate-clock-greenwich?utm_source=googl 🍽️ Food available 🍹 Cocktails available ☀️ Beer garden available ⚽ Live sports shown,51.4816,-0.0112139,5,COORS,£3.89,3.89,"https://www.pint-prices.com/pub/Cutty%20Sark,%20210%20Creek%20Rd,%20London%20SE10%209RB,%20UK/The%20Gate%20Clock%20-%20JD%20Wetherspoon",2026-07-03T23:10:47+00:00
The Gate Clock - JD Wetherspoon,"Cutty Sark, 210 Creek Rd, London SE10 9RB, UK",020 8269 2000 🌐 https://www.jdwetherspoon.com/pubs/all-pubs/england/london/the-gate-clock-greenwich?utm_source=googl 🍽️ Food available 🍹 Cocktails available ☀️ Beer garden available ⚽ Live sports shown,51.4816,-0.0112139,6,BUDWEISER,£3.96,3.96,"https://www.pint-prices.com/pub/Cutty%20Sark,%20210%20Creek%20Rd,%20London%20SE10%209RB,%20UK/The%20Gate%20Clock%20-%20JD%20Wetherspoon",2026-07-03T23:10:47+00:00
The Gate Clock - JD Wetherspoon,"Cutty Sark, 210 Creek Rd, London SE10 9RB, UK",020 8269 2000 🌐 https://www.jdwetherspoon.com/pubs/all-pubs/england/london/the-gate-clock-greenwich?utm_source=googl 🍽️ Food available 🍹 Cocktails available ☀️ Beer garden available ⚽ Live sports shown,51.4816,-0.0112139,7,STELLA ARTOIS,£4.08,4.08,"https://www.pint-prices.com/pub/Cutty%20Sark,%20210%20Creek%20Rd,%20London%20SE10%209RB,%20UK/The%20Gate%20Clock%20-%20JD%20Wetherspoon",2026-07-03T23:10:47+00:00
The Gate Clock - JD Wetherspoon,"Cutty Sark, 210 Creek Rd, London SE10 9RB, UK",020 8269 2000 🌐 https://www.jdwetherspoon.com/pubs/all-pubs/england/london/the-gate-clock-greenwich?utm_source=googl 🍽️ Food available 🍹 Cocktails available ☀️ Beer garden available ⚽ Live sports shown,51.4816,-0.0112139,8,CORONA,£4.20,4.2,"https://www.pint-prices.com/pub/Cutty%20Sark,%20210%20Creek%20Rd,%20London%20SE10%209RB,%20UK/The%20Gate%20Clock%20-%20JD%20Wetherspoon",2026-07-03T23:10:47+00:00
The Gate Clock - JD Wetherspoon,"Cutty Sark, 210 Creek Rd, London SE10 9RB, UK",020 8269 2000 🌐 https://www.jdwetherspoon.com/pubs/all-pubs/england/london/the-gate-clock-greenwich?utm_source=googl 🍽️ Food available 🍹 Cocktails available ☀️ Beer garden available ⚽ Live sports shown,51.4816,-0.0112139,9,SAN MIGUEL,£4.20,4.2,"https://www.pint-prices.com/pub/Cutty%20Sark,%20210%20Creek%20Rd,%20London%20SE10%209RB,%20UK/The%20Gate%20Clock%20-%20JD%20Wetherspoon",2026-07-03T23:10:47+00:00
The Gate Clock - JD Wetherspoon,"Cutty Sark, 210 Creek Rd, London SE10 9RB, UK",020 8269 2000 🌐 https://www.jdwetherspoon.com/pubs/all-pubs/england/london/the-gate-clock-greenwich?utm_source=googl 🍽️ Food available 🍹 Cocktails available ☀️ Beer garden available ⚽ Live sports shown,51.4816,-0.0112139,10,LEFFE BLONDE,£4.55,4.55,"https://www.pint-prices.com/pub/Cutty%20Sark,%20210%20Creek%20Rd,%20London%20SE10%209RB,%20UK/The%20Gate%20Clock%20-%20JD%20Wetherspoon",2026-07-03T23:10:47+00:00
Fishpool Inn,Cw8 2hp,,53.2047,-2.65268,1,CHESHIRE CAT,£4.55,4.55,https://www.pint-prices.com/pub/Cw8%202hp/Fishpool%20Inn,2026-07-03T23:10:47+00:00
The Hope & Anchor,DN186JQ,,53.804,-1.81964,1,GUINNESS,£5.90,5.9,https://www.pint-prices.com/pub/DN186JQ/The%20Hope%20%26%20Anchor,2026-07-03T23:10:47+00:00
Sprotbrough Country Club,DN5 7SD,,53.5113,-1.19329,1,CRUZCAMPO,£5.50,5.5,https://www.pint-prices.com/pub/DN5%207SD/Sprotbrough%20Country%20Club,2026-07-03T23:10:47+00:00
The George Staples,Da15 8pr,,51.4509,0.102783,1,FOSTERS,£4.45,4.45,https://www.pint-prices.com/pub/Da15%208pr/The%20George%20Staples%20,2026-07-03T23:10:47+00:00
The Jolly Fenman,Da158sw,,51.4514,0.0909231,1,CARLING,£4.60,4.6,https://www.pint-prices.com/pub/Da158sw/The%20Jolly%20Fenman,2026-07-03T23:10:47+00:00
The Queen’s Arms,"Dene Dr, Winsford CW7 1AT",,53.1917,-2.5301,1,STELLA ARTOIS,£3.75,3.75,"https://www.pint-prices.com/pub/Dene%20Dr,%20Winsford%20CW7%201AT/The%20Queen%E2%80%99s%20Arms",2026-07-03T23:10:47+00:00
Standing Order,Derby,,52.924,-1.47794,1,OSMATIC,£1.49,1.49,https://www.pint-prices.com/pub/Derby/Standing%20Order,2026-07-03T23:10:47+00:00
The Blue Boat,"Distillery Wharf, Parr's Way, London, W6 9GD",🌐 https://www.theblueboat.co.uk/ 🍽️ Food available ❓ Pub quiz available,51.4873,-0.225783,1,ASAHI,£7.35,7.35,"https://www.pint-prices.com/pub/Distillery%20Wharf,%20Parr's%20Way,%20London,%20W6%209GD/The%20Blue%20Boat",2026-07-03T23:10:47+00:00
"The Blue Boat, Fulham Reach","Distillery Wharf, Parr's Wy., London W6 9GD, UK",020 3092 2090 🌐 https://www.theblueboat.co.uk/?utm_source=googlemybusiness&utm_medium=organic&utm_campaign=yext&utm_ 📧blueboat@fullers.co.uk 🍽️ Food available ☀️ Beer garden available 🎸 Live music ❓ Pub quiz available,51.4873,-0.225783,1,AMSTEL,£6.20,6.2,"https://www.pint-prices.com/pub/Distillery%20Wharf,%20Parr's%20Wy.,%20London%20W6%209GD,%20UK/The%20Blue%20Boat,%20Fulham%20Reach",2026-07-03T23:10:47+00:00
Queens Head,E154PH,,51.5395,0.004168,1,STAROPRAMEN,£5.00,5.0,https://www.pint-prices.com/pub/E154PH/Queens%20Head,2026-07-03T23:10:47+00:00
Three Colts Tavern,E2 0EL,,51.5262,-0.0556257,1,EXALE THUMPER,£4.00,4.0,https://www.pint-prices.com/pub/E2%200EL/Three%20Colts%20Tavern,2026-07-03T23:10:47+00:00
Three Colts Tavern,E2 0EL,,51.5262,-0.0556257,2,EXALE LAGERAMA,£5.50,5.5,https://www.pint-prices.com/pub/E2%200EL/Three%20Colts%20Tavern,2026-07-03T23:10:47+00:00
Three Colts Tavern,E2 0EL,,51.5262,-0.0556257,3,EXALE SKOOSH,£5.90,5.9,https://www.pint-prices.com/pub/E2%200EL/Three%20Colts%20Tavern,2026-07-03T23:10:47+00:00
Three Colts Tavern,E2 0EL,,51.5262,-0.0556257,4,ADNAMS WILD WAVE CIDER,£5.90,5.9,https://www.pint-prices.com/pub/E2%200EL/Three%20Colts%20Tavern,2026-07-03T23:10:47+00:00
The Shacklewell Arms,E8 2EB,,51.5524,-0.0713909,1,GUINNESS,£7.00,7.0,https://www.pint-prices.com/pub/E8%202EB/The%20Shacklewell%20Arms%20,2026-07-03T23:10:47+00:00
The Crown Tavern,EC1R 0EG,,51.5232,-0.105238,1,GUINESS,£7.30,7.3,https://www.pint-prices.com/pub/EC1R%200EG/The%20Crown%20Tavern,2026-07-03T23:10:47+00:00
The Vintry,EC4N 5AX,,51.5117,-0.0886321,1,ASAHI,£7.90,7.9,https://www.pint-prices.com/pub/EC4N%205AX/The%20Vintry,2026-07-03T23:10:47+00:00
The Albion,EC4V 6AA,,51.5139,-0.104574,1,YOUNG’S ORIGINAL,£5.40,5.4,https://www.pint-prices.com/pub/EC4V%206AA/The%20Albion,2026-07-03T23:10:47+00:00
The Lincoln Arms,EN1 1QT,,51.5332,-0.1222,1,GUINNESS,£4.40,4.4,https://www.pint-prices.com/pub/EN1%201QT/The%20Lincoln%20Arms,2026-07-03T23:10:47+00:00
The Railway Bell,EN48RR,,51.6505,-0.173013,1,BUDWEISER,£3.99,3.99,https://www.pint-prices.com/pub/EN48RR/The%20Railway%20Bell,2026-07-03T23:10:47+00:00
Builders Arms,EN61LR,,51.7064,-0.182581,1,FOSTERS,£4.60,4.6,https://www.pint-prices.com/pub/EN61LR/Builders%20Arms,2026-07-03T23:10:47+00:00
Builders Arms,EN61LR,,51.7064,-0.182581,2,GUINNESS,£5.55,5.55,https://www.pint-prices.com/pub/EN61LR/Builders%20Arms,2026-07-03T23:10:47+00:00
Builders Arms,EN61LR,,51.7064,-0.182581,3,MORETTI,£5.60,5.6,https://www.pint-prices.com/pub/EN61LR/Builders%20Arms,2026-07-03T23:10:47+00:00
The Bull,En10 7dz,,51.7456,-0.0195803,1,ASAHI,£5.75,5.75,https://www.pint-prices.com/pub/En10%207dz/The%20Bull,2026-07-03T23:10:47+00:00
Boom Battle Bar Ealing,"Filmworks Walk, New Broadway, London W5 5FA, UK",020 3161 8176 🌐 https://boombattlebar.com/uk/ealing/?utm_source=GMB&utm_medium=search&utm_campaign=GMB 🍽️ Food available 🍹 Cocktails available,51.5128,-0.307517,1,AMSTEL,£6.10,6.1,"https://www.pint-prices.com/pub/Filmworks%20Walk,%20New%20Broadway,%20London%20W5%205FA,%20UK/Boom%20Battle%20Bar%20Ealing",2026-07-03T23:10:47+00:00
Sylvan post,Forest Hill,,51.4381,-0.0546961,1,HEPCAT,£6.95,6.95,https://www.pint-prices.com/pub/Forest%20Hill/Sylvan%20post,2026-07-03T23:10:47+00:00
Sindercombe Social,"Greater, 2 Goldhawk Rd, London W12 8QD, UK",020 8746 1288 🌐 https://www.thesindercombesocial.co.uk/?utm_source=google&utm_medium=organic&utm_campaign=gmb 🍽️ Food available ⚽ Live sports shown 🎸 Live music 🎤 Karaoke available,51.5032,-0.223936,1,PRAVHA,£6.10,6.1,"https://www.pint-prices.com/pub/Greater,%202%20Goldhawk%20Rd,%20London%20W12%208QD,%20UK/Sindercombe%20Social",2026-07-03T23:10:47+00:00
The Moby Dick,"Greenland Dock, 6 Russell Pl, London SE16 7PL",🌐 https://www.mobydickgreenlanddock.co.uk/ 🍽️ Food available ☀️ Beer garden available,51.4951,-0.0361991,1,AMSTEL,£5.60,5.6,"https://www.pint-prices.com/pub/Greenland%20Dock,%206%20Russell%20Pl,%20London%20SE16%207PL/The%20Moby%20Dick",2026-07-03T23:10:47+00:00
Hallcross,Hallgate Doncaster,,53.5222,-1.12844,1,STAROPRAMEN,£3.00,3.0,https://www.pint-prices.com/pub/Hallgate%20Doncaster%20/Hallcross%20,2026-07-03T23:10:47+00:00
Hazine,"Hazine, 288-290 Broadway, Bexleyheath DA6 8AJ, UK",020 8617 1564 🌐 http://hazine.co.uk/ 📧info@hazine.co.uk 🍽️ Food available 😎 Cool place,51.4582,0.134446,1,EFES,£6.00,6.0,"https://www.pint-prices.com/pub/Hazine,%20288-290%20Broadway,%20Bexleyheath%20DA6%208AJ,%20UK/Hazine",2026-07-03T23:10:47+00:00
Hazine,"Hazine, 288-290 Broadway, Bexleyheath DA6 8AJ, UK",020 8617 1564 🌐 http://hazine.co.uk/ 📧info@hazine.co.uk 🍽️ Food available 😎 Cool place,51.4582,0.134446,2,PERONI,£6.60,6.6,"https://www.pint-prices.com/pub/Hazine,%20288-290%20Broadway,%20Bexleyheath%20DA6%208AJ,%20UK/Hazine",2026-07-03T23:10:47+00:00
The Half Moon,Herne Hill,,51.4535,-0.102284,1,AMSTEL,£5.90,5.9,https://www.pint-prices.com/pub/Herne%20Hill/The%20Half%20Moon,2026-07-03T23:10:47+00:00
The Half Moon,Herne Hill,,51.4535,-0.102284,2,AMSTEL,£5.90,5.9,https://www.pint-prices.com/pub/Herne%20Hill/The%20Half%20Moon,2026-07-03T23:10:47+00:00
Sylvan Post,"Heron House, 24-28 Dartmouth Rd, London SE23 3XZ",🌐 https://sylvanpost.co.uk/ 🍽️ Food available ☀️ Beer garden available ❓ Pub quiz available,51.4381,-0.0546132,1,LONDON PILSNER,£5.80,5.8,"https://www.pint-prices.com/pub/Heron%20House,%2024-28%20Dartmouth%20Rd,%20London%20SE23%203XZ/Sylvan%20Post",2026-07-03T23:10:47+00:00
The Overdraft Tavern,"High St North, London E6 2JA",⚽ Live sports shown 🎱 Pool available,51.5401,0.0508268,1,HEINEKEN,£4.50,4.5,"https://www.pint-prices.com/pub/High%20St%20North,%20London%20E6%202JA/The%20Overdraft%20Tavern",2026-07-03T23:10:47+00:00
"Riverside, Vauxhall","House, 5 Saint George Wharf Hamilton, London SW8 2LE",🌐 https://www.riversidelondon.co.uk/ 🍽️ Food available ☀️ Beer garden available,51.4847,-0.12746,1,ASPALL,£6.85,6.85,"https://www.pint-prices.com/pub/House,%205%20Saint%20George%20Wharf%20Hamilton,%20London%20SW8%202LE/Riverside,%20Vauxhall",2026-07-03T23:10:47+00:00
Rushall half moon,IP21 4QD,,52.3989,1.23069,1,GUINNESS,£4.80,4.8,https://www.pint-prices.com/pub/IP21%204QD/Rushall%20half%20moon%20,2026-07-03T23:10:47+00:00
Red lion,Ipswich,,52.0663,1.12945,1,MADRI,£4.10,4.1,https://www.pint-prices.com/pub/Ipswich%20/Red%20lion%20,2026-07-03T23:10:47+00:00
King Billy,"King William IV, 6 Eyre St, Nottingham NG2 4RG",,52.953,-1.13676,1,SNAKE EYES,£3.80,3.8,"https://www.pint-prices.com/pub/King%20William%20IV,%206%20Eyre%20St,%20Nottingham%20NG2%204RG/King%20Billy",2026-07-03T23:10:47+00:00
King Billy,"King William IV, 6 Eyre St, Nottingham NG2 4RG",,52.953,-1.13676,2,PARDAL,£4.20,4.2,"https://www.pint-prices.com/pub/King%20William%20IV,%206%20Eyre%20St,%20Nottingham%20NG2%204RG/King%20Billy",2026-07-03T23:10:47+00:00
The King Billy,"King William IV, 6 Eyre St, Nottingham NG2 4RG",,52.953,-1.13672,1,STAROPRAMEN,£5.20,5.2,"https://www.pint-prices.com/pub/King%20William%20IV,%206%20Eyre%20St,%20Nottingham%20NG2%204RG/The%20King%20Billy",2026-07-03T23:10:47+00:00
German Gymnasium,"King’s Blvd, Kings Cross, London N1C 4BU",020 7287 8000 🌐 https://www.germangymnasium.com/ 🍽️ Food available 🍹 Cocktails available ☀️ Beer garden available ⚽ Live sports shown 😎 Cool place,51.5332,-0.124783,1,OECHSNER,£6.50,6.5,"https://www.pint-prices.com/pub/King%E2%80%99s%20Blvd,%20Kings%20Cross,%20London%20N1C%204BU/German%20Gymnasium",2026-07-03T23:10:47+00:00
The Old King's Head,"King's Head Yard, London SE1 1NA",🌐 https://www.theoldkingshead.uk.com/ 🍽️ Food available ⚽ Live sports shown ⏰ Happy hour,51.5045,-0.0890168,1,LONDON PRIDE,£5.50,5.5,"https://www.pint-prices.com/pub/King's%20Head%20Yard,%20London%20SE1%201NA/The%20Old%20King's%20Head",2026-07-03T23:10:47+00:00
The Old Plough,LE4 4DP,,52.6752,-1.11849,1,CARLING,£4.20,4.2,https://www.pint-prices.com/pub/LE4%204DP/The%20Old%20Plough,2026-07-03T23:10:47+00:00
The Old Plough,LE4 4DP,,52.6752,-1.11849,2,STAROPRAMEN,£5.50,5.5,https://www.pint-prices.com/pub/LE4%204DP/The%20Old%20Plough,2026-07-03T23:10:47+00:00
The Old Plough,LE4 4DP,,52.6752,-1.11849,3,LEFFE,£7.30,7.3,https://www.pint-prices.com/pub/LE4%204DP/The%20Old%20Plough,2026-07-03T23:10:47+00:00
The White Horse,LE4 4EF,,52.6745,-1.11767,1,CARLING,£4.70,4.7,https://www.pint-prices.com/pub/LE4%204EF/The%20White%20Horse,2026-07-03T23:10:47+00:00
The Chequers,LU5 5LB,,51.8735,-0.583929,1,CARLSBERG,£3.49,3.49,https://www.pint-prices.com/pub/LU5%205LB/The%20Chequers,2026-07-03T23:10:47+00:00
Last Outpost,"Last Outpost, 254 Hither Green Ln, London SE13 6TT, UK",020 8259 4326 📧might be taking the piss out of me 🍽️ Food available ☀️ Beer garden available ⚽ Live sports shown 🎸 Live music ⏰ Happy hour,51.4479,-0.0011426,1,ALL PINTS!,£4.00,4.0,"https://www.pint-prices.com/pub/Last%20Outpost,%20254%20Hither%20Green%20Ln,%20London%20SE13%206TT,%20UK/Last%20Outpost",2026-07-03T23:10:47+00:00
Golden Beam,Leeds,,53.8169,-1.57096,1,DOOMBAR,£2.10,2.1,https://www.pint-prices.com/pub/Leeds/Golden%20Beam,2026-07-03T23:10:47+00:00
Skyrack,Leeds,,53.8197,-1.57655,1,COORS,£4.85,4.85,https://www.pint-prices.com/pub/Leeds/Skyrack,2026-07-03T23:10:47+00:00
Pub on the Park,London Fields,,51.541,-0.0577737,1,INCH’S CIDER,£5.60,5.6,https://www.pint-prices.com/pub/London%20Fields/Pub%20on%20the%20Park,2026-07-03T23:10:47+00:00
The Travellers Home,"Long Ln, Bexleyheath DA7 5AR, UK",01322 525383 🌐 https://www.sizzlingpubs.co.uk/findapub/london/thetravellershomebexleyheath?utm_source=google&utm_me 📧https://enquiry.guestfeedback.co.uk/Suburbanenquiry 🍽️ Food available ⚽ Live sports shown,51.4622,0.151952,1,CARLING,£4.10,4.1,"https://www.pint-prices.com/pub/Long%20Ln,%20Bexleyheath%20DA7%205AR,%20UK/The%20Travellers%20Home",2026-07-03T23:10:47+00:00
The Bull Inn,ME15 0HD,,51.253,0.4864,1,NECK OIL,£5.95,5.95,https://www.pint-prices.com/pub/ME15%200HD/The%20Bull%20Inn,2026-07-03T23:10:47+00:00
Turing Key,MK3 5SQ,,51.9739,-0.731164,1,GUINNESS,£5.95,5.95,https://www.pint-prices.com/pub/MK3%205SQ/Turing%20Key,2026-07-03T23:10:47+00:00
Turing Key,MK3 5SQ,,51.9739,-0.731164,2,NECK OIL,£6.80,6.8,https://www.pint-prices.com/pub/MK3%205SQ/Turing%20Key,2026-07-03T23:10:47+00:00
Masons Arms (Mayfair),"Maddox Street, W1S 1PY",🌐 https://www.greeneking.co.uk/pubs/greater-london/masons-arms 🍽️ Food available 🍹 Cocktails available,51.5127,-0.142568,1,AMSTEL,£6.00,6.0,"https://www.pint-prices.com/pub/Maddox%20Street,%20W1S%201PY/Masons%20Arms%20(Mayfair)",2026-07-03T23:10:47+00:00
Masons Arms (Mayfair),"Maddox Street, W1S 1PY",🌐 https://www.greeneking.co.uk/pubs/greater-london/masons-arms 🍽️ Food available 🍹 Cocktails available,51.5127,-0.142568,2,GUINNESS,£6.35,6.35,"https://www.pint-prices.com/pub/Maddox%20Street,%20W1S%201PY/Masons%20Arms%20(Mayfair)",2026-07-03T23:10:47+00:00
Masons Arms (Mayfair),"Maddox Street, W1S 1PY",🌐 https://www.greeneking.co.uk/pubs/greater-london/masons-arms 🍽️ Food available 🍹 Cocktails available,51.5127,-0.142568,3,NECK OIL,£7.05,7.05,"https://www.pint-prices.com/pub/Maddox%20Street,%20W1S%201PY/Masons%20Arms%20(Mayfair)",2026-07-03T23:10:47+00:00
Masons Arms (Mayfair),"Maddox Street, W1S 1PY",🌐 https://www.greeneking.co.uk/pubs/greater-london/masons-arms 🍽️ Food available 🍹 Cocktails available,51.5127,-0.142568,4,PERONI,£7.35,7.35,"https://www.pint-prices.com/pub/Maddox%20Street,%20W1S%201PY/Masons%20Arms%20(Mayfair)",2026-07-03T23:10:47+00:00
The Dickens Inn,"Marble Quay, St Katharine's Way, London E1W 1UH",🌐 https://www.dickensinn.co.uk/ 🍽️ Food available 🍹 Cocktails available ☀️ Beer garden available 🎸 Live music,51.5065,-0.0708,1,GUINNESS,£6.00,6.0,"https://www.pint-prices.com/pub/Marble%20Quay,%20St%20Katharine's%20Way,%20London%20E1W%201UH/The%20Dickens%20Inn",2026-07-03T23:10:47+00:00
The Rockingham Arms - JD Wetherspoon,"Metro Central Heights, Elephant and Castle, SE1 6BN",🌐 https://www.jdwetherspoon.com/pubs/all-pubs/england/london/the-rockingham-arms-elephant--castle 🍽️ Food available,51.4958,-0.0993189,1,BUD LIGHT,£3.45,3.45,"https://www.pint-prices.com/pub/Metro%20Central%20Heights,%20Elephant%20and%20Castle,%20SE1%206BN/The%20Rockingham%20Arms%20-%20JD%20Wetherspoon",2026-07-03T23:10:47+00:00
The Rockingham Arms - JD Wetherspoon,"Metro Central Heights, Elephant and Castle, SE1 6BN",🌐 https://www.jdwetherspoon.com/pubs/all-pubs/england/london/the-rockingham-arms-elephant--castle 🍽️ Food available,51.4958,-0.0993189,2,CARLSBERG PILSNER,£4.00,4.0,"https://www.pint-prices.com/pub/Metro%20Central%20Heights,%20Elephant%20and%20Castle,%20SE1%206BN/The%20Rockingham%20Arms%20-%20JD%20Wetherspoon",2026-07-03T23:10:47+00:00
The Rockingham Arms - JD Wetherspoon,"Metro Central Heights, Elephant and Castle, SE1 6BN",🌐 https://www.jdwetherspoon.com/pubs/all-pubs/england/london/the-rockingham-arms-elephant--castle 🍽️ Food available,51.4958,-0.0993189,3,CARLING,£4.72,4.72,"https://www.pint-prices.com/pub/Metro%20Central%20Heights,%20Elephant%20and%20Castle,%20SE1%206BN/The%20Rockingham%20Arms%20-%20JD%20Wetherspoon",2026-07-03T23:10:47+00:00
The Rockingham Arms - JD Wetherspoon,"Metro Central Heights, Elephant and Castle, SE1 6BN",🌐 https://www.jdwetherspoon.com/pubs/all-pubs/england/london/the-rockingham-arms-elephant--castle 🍽️ Food available,51.4958,-0.0993189,4,COORS,£4.72,4.72,"https://www.pint-prices.com/pub/Metro%20Central%20Heights,%20Elephant%20and%20Castle,%20SE1%206BN/The%20Rockingham%20Arms%20-%20JD%20Wetherspoon",2026-07-03T23:10:47+00:00
The Rockingham Arms - JD Wetherspoon,"Metro Central Heights, Elephant and Castle, SE1 6BN",🌐 https://www.jdwetherspoon.com/pubs/all-pubs/england/london/the-rockingham-arms-elephant--castle 🍽️ Food available,51.4958,-0.0993189,5,STELLA ARTOIS,£4.91,4.91,"https://www.pint-prices.com/pub/Metro%20Central%20Heights,%20Elephant%20and%20Castle,%20SE1%206BN/The%20Rockingham%20Arms%20-%20JD%20Wetherspoon",2026-07-03T23:10:47+00:00
The Rockingham Arms - JD Wetherspoon,"Metro Central Heights, Elephant and Castle, SE1 6BN",🌐 https://www.jdwetherspoon.com/pubs/all-pubs/england/london/the-rockingham-arms-elephant--castle 🍽️ Food available,51.4958,-0.0993189,6,BUDWEISER,£4.95,4.95,"https://www.pint-prices.com/pub/Metro%20Central%20Heights,%20Elephant%20and%20Castle,%20SE1%206BN/The%20Rockingham%20Arms%20-%20JD%20Wetherspoon",2026-07-03T23:10:47+00:00
The Rockingham Arms - JD Wetherspoon,"Metro Central Heights, Elephant and Castle, SE1 6BN",🌐 https://www.jdwetherspoon.com/pubs/all-pubs/england/london/the-rockingham-arms-elephant--castle 🍽️ Food available,51.4958,-0.0993189,7,CORONA,£5.39,5.39,"https://www.pint-prices.com/pub/Metro%20Central%20Heights,%20Elephant%20and%20Castle,%20SE1%206BN/The%20Rockingham%20Arms%20-%20JD%20Wetherspoon",2026-07-03T23:10:47+00:00
The Rockingham Arms - JD Wetherspoon,"Metro Central Heights, Elephant and Castle, SE1 6BN",🌐 https://www.jdwetherspoon.com/pubs/all-pubs/england/london/the-rockingham-arms-elephant--castle 🍽️ Food available,51.4958,-0.0993189,8,SAN MIGUEL,£5.39,5.39,"https://www.pint-prices.com/pub/Metro%20Central%20Heights,%20Elephant%20and%20Castle,%20SE1%206BN/The%20Rockingham%20Arms%20-%20JD%20Wetherspoon",2026-07-03T23:10:47+00:00
The Rockingham Arms - JD Wetherspoon,"Metro Central Heights, Elephant and Castle, SE1 6BN",🌐 https://www.jdwetherspoon.com/pubs/all-pubs/england/london/the-rockingham-arms-elephant--castle 🍽️ Food available,51.4958,-0.0993189,9,LEFFE BLONDE,£5.73,5.73,"https://www.pint-prices.com/pub/Metro%20Central%20Heights,%20Elephant%20and%20Castle,%20SE1%206BN/The%20Rockingham%20Arms%20-%20JD%20Wetherspoon",2026-07-03T23:10:47+00:00
Ossary Arms,Mk45 2qq,,52.0283,-0.493769,1,MORRETTI,£5.10,5.1,https://www.pint-prices.com/pub/Mk45%202qq/Ossary%20Arms,2026-07-03T23:10:47+00:00
Grumpys Bar,"Montreal, Canada",,51.4985,-0.0488888,1,BELLE GUELLE PILSNER,£4.17,4.17,"https://www.pint-prices.com/pub/Montreal,%20Canada%20/Grumpys%20Bar",2026-07-03T23:10:47+00:00
The Prince,N22 8PA,,51.6012,-0.116167,1,BOHEM - MARTINA,£5.00,5.0,https://www.pint-prices.com/pub/N22%208PA/The%20Prince,2026-07-03T23:10:47+00:00
The Prince,N22 8PA,,51.6012,-0.116167,2,BOHEM - AMOS,£5.50,5.5,https://www.pint-prices.com/pub/N22%208PA/The%20Prince,2026-07-03T23:10:47+00:00
The Old George,NE1 1EZ,,54.9714,-1.61284,1,MORETTI,£2.50,2.5,https://www.pint-prices.com/pub/NE1%201EZ/The%20Old%20George,2026-07-03T23:10:47+00:00
Camperdown pub,NE12 5XS,,55.0432,-1.5792,1,COORS,£3.20,3.2,https://www.pint-prices.com/pub/NE12%205XS/Camperdown%20pub,2026-07-03T23:10:47+00:00
St Teresa’s Club,NE6 5HP,,54.9844,-1.58177,1,STAROPRAMEN,£3.60,3.6,https://www.pint-prices.com/pub/NE6%205HP/St%20Teresa%E2%80%99s%20Club,2026-07-03T23:10:47+00:00
The Air Hostess,NG12 4EA,,52.9012,-1.09861,1,AMSTEL,£4.80,4.8,https://www.pint-prices.com/pub/NG12%204EA/The%20Air%20Hostess,2026-07-03T23:10:47+00:00
Warwick Arms,NR2 3LD,,52.624,1.27563,1,MADRI,£4.80,4.8,https://www.pint-prices.com/pub/NR2%203LD/Warwick%20Arms,2026-07-03T23:10:47+00:00
Garden Gate,NW3 2QE,,51.2431,-0.763673,1,ASAHI,£7.25,7.25,https://www.pint-prices.com/pub/NW3%202QE/Garden%20Gate,2026-07-03T23:10:47+00:00
The Garden Gate,NW32QE,,51.5547,-0.165574,1,BEAVER TOWN NECK OIL,£7.55,7.55,https://www.pint-prices.com/pub/NW32QE/The%20Garden%20Gate,2026-07-03T23:10:47+00:00
The Rose,New Cross,,51.4749,-0.0396784,1,AMSTEL,£5.10,5.1,https://www.pint-prices.com/pub/New%20Cross/The%20Rose,2026-07-03T23:10:47+00:00
The Rose,New Cross,,51.4749,-0.0396784,2,AMSTEL,£5.10,5.1,https://www.pint-prices.com/pub/New%20Cross/The%20Rose,2026-07-03T23:10:47+00:00
The Rose,New Cross,,51.4749,-0.0396784,3,BEAVERTOWN NECK OIL,£6.80,6.8,https://www.pint-prices.com/pub/New%20Cross/The%20Rose,2026-07-03T23:10:47+00:00
The Junction,"Noble House, 3-5 Islington High St, London N1 9LQ",🌐 https://www.urbanpubsandbars.com/venues/the-junction 🍽️ Food available 🍹 Cocktails available 🎸 Live music,51.5322,-0.106404,1,CRUZCAMPO,£6.40,6.4,"https://www.pint-prices.com/pub/Noble%20House,%203-5%20Islington%20High%20St,%20London%20N1%209LQ/The%20Junction",2026-07-03T23:10:47+00:00
The Pant-yr-Ochain,"Old Wrexham Rd, Gresford, Wrexham LL12 8TY",,53.0764,-2.98484,1,SHROPSHIRE GOLD,£5.00,5.0,"https://www.pint-prices.com/pub/Old%20Wrexham%20Rd,%20Gresford,%20Wrexham%20LL12%208TY/The%20Pant-yr-Ochain",2026-07-03T23:10:47+00:00
The Ordnance Arms,"Ordnance Arms, 29 Ordnance Hill, London NW8 6PS, UK",020 7722 0278 🍽️ Food available ☀️ Beer garden available,51.5358,-0.171502,1,ALPINE LAGER,£4.20,4.2,"https://www.pint-prices.com/pub/Ordnance%20Arms,%2029%20Ordnance%20Hill,%20London%20NW8%206PS,%20UK/The%20Ordnance%20Arms",2026-07-03T23:10:47+00:00
Orford House Social Club,"Orford House, 73 Orford Rd, London E17 9QR",🌐 https://www.orfordhouse.org/ 🍽️ Food available,51.5818,-0.01478,1,STOWFORD PRESS,£4.40,4.4,"https://www.pint-prices.com/pub/Orford%20House,%2073%20Orford%20Rd,%20London%20E17%209QR/Orford%20House%20Social%20Club",2026-07-03T23:10:47+00:00
Samuel's,PR8 4AG,,54.811,-2.44009,1,SAMUEL'S PILSNER,£5.00,5.0,https://www.pint-prices.com/pub/PR8%204AG/Samuel's,2026-07-03T23:10:47+00:00
The Trafalgar,"Park Row, London SE10 9NW",🌐 https://www.trafalgartavern.co.uk/ 🍽️ Food available ☀️ Beer garden available,51.4841,-0.0041379,1,NECK OIL,£8.40,8.4,"https://www.pint-prices.com/pub/Park%20Row,%20London%20SE10%209NW/The%20Trafalgar",2026-07-03T23:10:47+00:00
The Trafalgar,"Park Row, London SE10 9NW",🌐 https://www.trafalgartavern.co.uk/ 🍽️ Food available ☀️ Beer garden available,51.4841,-0.0041379,2,NECK OIL,£8.40,8.4,"https://www.pint-prices.com/pub/Park%20Row,%20London%20SE10%209NW/The%20Trafalgar",2026-07-03T23:10:47+00:00
The Abbots Way Bar and Grill,"Plymouth, Devon, PL6 6QW",,50.4296,-4.12264,1,KRONENBOURG 1664,£3.40,3.4,"https://www.pint-prices.com/pub/Plymouth,%20Devon,%20PL6%206QW/The%20Abbots%20Way%20Bar%20and%20Grill",2026-07-03T23:10:47+00:00
Kitty O’Hanlons,"Plymouth, PL1 2AH",,50.3714,-4.14245,1,GUINNESS,£5.00,5.0,"https://www.pint-prices.com/pub/Plymouth,%20PL1%202AH/Kitty%20O%E2%80%99Hanlons",2026-07-03T23:10:47+00:00
Tap Tavern,"Princes St, Richmond TW9 1ED, UK",020 8940 2118 🌐 http://www.taptavern.co.uk/ 📧contact@taptavern.co.uk 🍽️ Food available 🍹 Cocktails available,51.4614,-0.30257,1,GRANDSTAND BITTER,£5.50,5.5,"https://www.pint-prices.com/pub/Princes%20St,%20Richmond%20TW9%201ED,%20UK/Tap%20Tavern",2026-07-03T23:10:47+00:00
Tap Tavern,"Princes St, Richmond TW9 1ED, UK",020 8940 2118 🌐 http://www.taptavern.co.uk/ 📧contact@taptavern.co.uk 🍽️ Food available 🍹 Cocktails available,51.4614,-0.30257,2,TAP TAVERN PILSNER,£6.80,6.8,"https://www.pint-prices.com/pub/Princes%20St,%20Richmond%20TW9%201ED,%20UK/Tap%20Tavern",2026-07-03T23:10:47+00:00
The Rocket - JD Wetherspoon,"Putney Wharf Tower, Brewhouse Lane, Putney, SW15 2JQ",🌐 https://www.jdwetherspoon.com/pubs/all-pubs/england/london/the-rocket-putney 🍽️ Food available 🍹 Cocktails available ☀️ Beer garden available,51.4652,-0.212773,1,BUD LIGHT,£3.18,3.18,"https://www.pint-prices.com/pub/Putney%20Wharf%20Tower,%20Brewhouse%20Lane,%20Putney,%20SW15%202JQ/The%20Rocket%20-%20JD%20Wetherspoon",2026-07-03T23:10:47+00:00
The Rocket - JD Wetherspoon,"Putney Wharf Tower, Brewhouse Lane, Putney, SW15 2JQ",🌐 https://www.jdwetherspoon.com/pubs/all-pubs/england/london/the-rocket-putney 🍽️ Food available 🍹 Cocktails available ☀️ Beer garden available,51.4652,-0.212773,2,CARLSBERG PILSNER,£4.25,4.25,"https://www.pint-prices.com/pub/Putney%20Wharf%20Tower,%20Brewhouse%20Lane,%20Putney,%20SW15%202JQ/The%20Rocket%20-%20JD%20Wetherspoon",2026-07-03T23:10:47+00:00
The Rocket - JD Wetherspoon,"Putney Wharf Tower, Brewhouse Lane, Putney, SW15 2JQ",🌐 https://www.jdwetherspoon.com/pubs/all-pubs/england/london/the-rocket-putney 🍽️ Food available 🍹 Cocktails available ☀️ Beer garden available,51.4652,-0.212773,3,CARLING,£4.72,4.72,"https://www.pint-prices.com/pub/Putney%20Wharf%20Tower,%20Brewhouse%20Lane,%20Putney,%20SW15%202JQ/The%20Rocket%20-%20JD%20Wetherspoon",2026-07-03T23:10:47+00:00
The Rocket - JD Wetherspoon,"Putney Wharf Tower, Brewhouse Lane, Putney, SW15 2JQ",🌐 https://www.jdwetherspoon.com/pubs/all-pubs/england/london/the-rocket-putney 🍽️ Food available 🍹 Cocktails available ☀️ Beer garden available,51.4652,-0.212773,4,COORS,£4.72,4.72,"https://www.pint-prices.com/pub/Putney%20Wharf%20Tower,%20Brewhouse%20Lane,%20Putney,%20SW15%202JQ/The%20Rocket%20-%20JD%20Wetherspoon",2026-07-03T23:10:47+00:00
The Rocket - JD Wetherspoon,"Putney Wharf Tower, Brewhouse Lane, Putney, SW15 2JQ",🌐 https://www.jdwetherspoon.com/pubs/all-pubs/england/london/the-rocket-putney 🍽️ Food available 🍹 Cocktails available ☀️ Beer garden available,51.4652,-0.212773,5,BUDWEISER,£4.79,4.79,"https://www.pint-prices.com/pub/Putney%20Wharf%20Tower,%20Brewhouse%20Lane,%20Putney,%20SW15%202JQ/The%20Rocket%20-%20JD%20Wetherspoon",2026-07-03T23:10:47+00:00
The Rocket - JD Wetherspoon,"Putney Wharf Tower, Brewhouse Lane, Putney, SW15 2JQ",🌐 https://www.jdwetherspoon.com/pubs/all-pubs/england/london/the-rocket-putney 🍽️ Food available 🍹 Cocktails available ☀️ Beer garden available,51.4652,-0.212773,6,GUINNESS,£4.85,4.85,"https://www.pint-prices.com/pub/Putney%20Wharf%20Tower,%20Brewhouse%20Lane,%20Putney,%20SW15%202JQ/The%20Rocket%20-%20JD%20Wetherspoon",2026-07-03T23:10:47+00:00
The Rocket - JD Wetherspoon,"Putney Wharf Tower, Brewhouse Lane, Putney, SW15 2JQ",🌐 https://www.jdwetherspoon.com/pubs/all-pubs/england/london/the-rocket-putney 🍽️ Food available 🍹 Cocktails available ☀️ Beer garden available,51.4652,-0.212773,7,STELLA ARTOIS,£5.07,5.07,"https://www.pint-prices.com/pub/Putney%20Wharf%20Tower,%20Brewhouse%20Lane,%20Putney,%20SW15%202JQ/The%20Rocket%20-%20JD%20Wetherspoon",2026-07-03T23:10:47+00:00
The Rocket - JD Wetherspoon,"Putney Wharf Tower, Brewhouse Lane, Putney, SW15 2JQ",🌐 https://www.jdwetherspoon.com/pubs/all-pubs/england/london/the-rocket-putney 🍽️ Food available 🍹 Cocktails available ☀️ Beer garden available,51.4652,-0.212773,8,CORONA,£5.19,5.19,"https://www.pint-prices.com/pub/Putney%20Wharf%20Tower,%20Brewhouse%20Lane,%20Putney,%20SW15%202JQ/The%20Rocket%20-%20JD%20Wetherspoon",2026-07-03T23:10:47+00:00
The Rocket - JD Wetherspoon,"Putney Wharf Tower, Brewhouse Lane, Putney, SW15 2JQ",🌐 https://www.jdwetherspoon.com/pubs/all-pubs/england/london/the-rocket-putney 🍽️ Food available 🍹 Cocktails available ☀️ Beer garden available,51.4652,-0.212773,9,SAN MIGUEL,£5.19,5.19,"https://www.pint-prices.com/pub/Putney%20Wharf%20Tower,%20Brewhouse%20Lane,%20Putney,%20SW15%202JQ/The%20Rocket%20-%20JD%20Wetherspoon",2026-07-03T23:10:47+00:00
The Rocket - JD Wetherspoon,"Putney Wharf Tower, Brewhouse Lane, Putney, SW15 2JQ",🌐 https://www.jdwetherspoon.com/pubs/all-pubs/england/london/the-rocket-putney 🍽️ Food available 🍹 Cocktails available ☀️ Beer garden available,51.4652,-0.212773,10,LEFFE BLONDE,£5.50,5.5,"https://www.pint-prices.com/pub/Putney%20Wharf%20Tower,%20Brewhouse%20Lane,%20Putney,%20SW15%202JQ/The%20Rocket%20-%20JD%20Wetherspoon",2026-07-03T23:10:47+00:00
Bayswater Arms,"Queensway, W2 4QH",🌐 https://www.greeneking.co.uk/pubs/greater-london/bayswater-arms 🍽️ Food available 🍹 Cocktails available ☀️ Beer garden available,51.5121,-0.187488,1,AMSTEL,£6.40,6.4,"https://www.pint-prices.com/pub/Queensway,%20W2%204QH/Bayswater%20Arms",2026-07-03T23:10:47+00:00
Bayswater Arms,"Queensway, W2 4QH",🌐 https://www.greeneking.co.uk/pubs/greater-london/bayswater-arms 🍽️ Food available 🍹 Cocktails available ☀️ Beer garden available,51.5121,-0.187488,2,GUINNESS,£6.40,6.4,"https://www.pint-prices.com/pub/Queensway,%20W2%204QH/Bayswater%20Arms",2026-07-03T23:10:47+00:00
Bayswater Arms,"Queensway, W2 4QH",🌐 https://www.greeneking.co.uk/pubs/greater-london/bayswater-arms 🍽️ Food available 🍹 Cocktails available ☀️ Beer garden available,51.5121,-0.187488,3,MADRI,£7.05,7.05,"https://www.pint-prices.com/pub/Queensway,%20W2%204QH/Bayswater%20Arms",2026-07-03T23:10:47+00:00
Bayswater Arms,"Queensway, W2 4QH",🌐 https://www.greeneking.co.uk/pubs/greater-london/bayswater-arms 🍽️ Food available 🍹 Cocktails available ☀️ Beer garden available,51.5121,-0.187488,4,BIRRA MORETTI,£7.05,7.05,"https://www.pint-prices.com/pub/Queensway,%20W2%204QH/Bayswater%20Arms",2026-07-03T23:10:47+00:00
Bayswater Arms,"Queensway, W2 4QH",🌐 https://www.greeneking.co.uk/pubs/greater-london/bayswater-arms 🍽️ Food available 🍹 Cocktails available ☀️ Beer garden available,51.5121,-0.187488,5,ESTRELLA,£7.25,7.25,"https://www.pint-prices.com/pub/Queensway,%20W2%204QH/Bayswater%20Arms",2026-07-03T23:10:47+00:00
Bayswater Arms,"Queensway, W2 4QH",🌐 https://www.greeneking.co.uk/pubs/greater-london/bayswater-arms 🍽️ Food available 🍹 Cocktails available ☀️ Beer garden available,51.5121,-0.187488,6,PERONI,£7.45,7.45,"https://www.pint-prices.com/pub/Queensway,%20W2%204QH/Bayswater%20Arms",2026-07-03T23:10:47+00:00
Bayswater Arms,"Queensway, W2 4QH",🌐 https://www.greeneking.co.uk/pubs/greater-london/bayswater-arms 🍽️ Food available 🍹 Cocktails available ☀️ Beer garden available,51.5121,-0.187488,7,NECK OIL,£7.55,7.55,"https://www.pint-prices.com/pub/Queensway,%20W2%204QH/Bayswater%20Arms",2026-07-03T23:10:47+00:00
The Hope Tap,RG1 1EP,,51.4564,-0.975382,1,WORTHINGTON'S CREAMFLOW,£1.99,1.99,https://www.pint-prices.com/pub/RG1%201EP/The%20Hope%20Tap,2026-07-03T23:10:47+00:00
The Back Of Beyond,RG1 3BY,,51.4547,-0.963437,1,GUINNESS,£3.80,3.8,https://www.pint-prices.com/pub/RG1%203BY/The%20Back%20Of%20Beyond,2026-07-03T23:10:47+00:00
The lyndhurst,RG14DG,,51.4536,-0.961475,1,GUINNESS,£5.60,5.6,https://www.pint-prices.com/pub/RG14DG/The%20lyndhurst,2026-07-03T23:10:47+00:00
Railway,"Railway, SW4 7UR",,53.2302,-1.91829,1,CAMDEN HELLS,£7.40,7.4,"https://www.pint-prices.com/pub/Railway,%20SW4%207UR/Railway",2026-07-03T23:10:47+00:00
Crabtree (Fulham),"Rainville Rd, London SW6 6TY, UK",🌐 https://www.thecrabtreew6.co.uk/ 🍽️ Food available 🍹 Cocktails available ☀️ Beer garden available ⚽ Live sports shown 🎸 Live music ❓ Pub quiz available,51.4833,-0.223639,1,ASAHI,£7.40,7.4,"https://www.pint-prices.com/pub/Rainville%20Rd,%20London%20SW6%206TY,%20UK/Crabtree%20(Fulham)",2026-07-03T23:10:47+00:00
Oakford social,Reading,,51.4577,-0.971612,1,BOTTLE OF CORONA (330ML),£5.55,5.55,https://www.pint-prices.com/pub/Reading%20/Oakford%20social,2026-07-03T23:10:47+00:00
The greyfriar,Reading,,51.4587,-0.97557,1,DING,£5.90,5.9,https://www.pint-prices.com/pub/Reading%20/The%20greyfriar,2026-07-03T23:10:47+00:00
Liberty London,"Regent St., Carnaby, London W1B 5AH",🌐 https://www.libertylondon.com/uk/experiences/arthurs-restaurant-at-liberty.html 🍽️ Food available 😎 Cool place,51.5134,-0.140045,1,AMSTEL,£5.80,5.8,"https://www.pint-prices.com/pub/Regent%20St.,%20Carnaby,%20London%20W1B%205AH/Liberty%20London",2026-07-03T23:10:47+00:00
Rescue Rooms,"Rescue Rooms, Masonic Pl, Goldsmith St, Nottingham NG1 5LB",,52.9562,-1.15352,1,BROOKLYN PILSNER,£4.90,4.9,"https://www.pint-prices.com/pub/Rescue%20Rooms,%20Masonic%20Pl,%20Goldsmith%20St,%20Nottingham%20NG1%205LB/Rescue%20Rooms",2026-07-03T23:10:47+00:00
Bexleyheath Working Mens Club,"Royal Oak Rd, Bexleyheath DA6 7HG, UK",020 8303 2163 ☀️ Beer garden available ⚽ Live sports shown 🎸 Live music 🎱 Pool available,51.4555,0.142405,1,HEINEKEN SILVER,£3.90,3.9,"https://www.pint-prices.com/pub/Royal%20Oak%20Rd,%20Bexleyheath%20DA6%207HG,%20UK/Bexleyheath%20Working%20Mens%20Club",2026-07-03T23:10:47+00:00
Sheffield Tap,S1 2bp,,53.3788,-1.46273,1,SHEAF STREET,£4.50,4.5,https://www.pint-prices.com/pub/S1%202BP/Sheffield%20Tap,2026-07-03T23:10:47+00:00
Sheffield Tap,S1 2bp,,53.3788,-1.46273,2,BLONDE STAR,£4.60,4.6,https://www.pint-prices.com/pub/S1%202BP/Sheffield%20Tap,2026-07-03T23:10:47+00:00
Sheffield Tap,S1 2bp,,53.3788,-1.46273,1,SHEAF STREET,£4.50,4.5,https://www.pint-prices.com/pub/S1%202bp/Sheffield%20Tap,2026-07-03T23:10:47+00:00
Sheffield Tap,S1 2bp,,53.3788,-1.46273,2,BLONDE STAR,£4.60,4.6,https://www.pint-prices.com/pub/S1%202bp/Sheffield%20Tap,2026-07-03T23:10:47+00:00
The Ball,S10 1UD,,53.3844,-1.50848,1,PERONI,£5.90,5.9,https://www.pint-prices.com/pub/S10%201UD/The%20Ball,2026-07-03T23:10:47+00:00
The Beer Engine,S11 8FJ,,53.3725,-1.47743,1,BLONDE,£3.60,3.6,https://www.pint-prices.com/pub/S11%208FJ/The%20Beer%20Engine,2026-07-03T23:10:47+00:00
The Shakey,S6 2BY,,53.4029,-1.50111,1,MADRI,£5.15,5.15,https://www.pint-prices.com/pub/S6%202BY/The%20Shakey,2026-07-03T23:10:47+00:00
The Rawson Spring,S6 2LN,,53.4019,-1.50037,1,STELLA,£3.92,3.92,https://www.pint-prices.com/pub/S6%202LN/The%20Rawson%20Spring%20,2026-07-03T23:10:47+00:00
Walkley Cottage,S6 5DD,,53.3942,-1.50561,1,CRUZCAMPO,£5.75,5.75,https://www.pint-prices.com/pub/S6%205DD/Walkley%20Cottage,2026-07-03T23:10:47+00:00
Y Sgwâr,SA38 9BG,,52.0371,-4.46972,1,MADRI,£4.00,4.0,https://www.pint-prices.com/pub/SA38%209BG/Y%20Sgw%C3%A2r,2026-07-03T23:10:47+00:00
The Ship,SE11 6QR,,51.4932,-0.110559,1,BUDVAR,£5.90,5.9,https://www.pint-prices.com/pub/SE11%206QR/The%20Ship,2026-07-03T23:10:47+00:00
The Ship,SE11 6QR,,51.4932,-0.110559,2,CRUZCAMPO,£6.05,6.05,https://www.pint-prices.com/pub/SE11%206QR/The%20Ship,2026-07-03T23:10:47+00:00
Salt quay rotherhithe,SE16 5qu,,51.5046,-0.0475652,1,GUINNESS,£6.50,6.5,https://www.pint-prices.com/pub/SE16%205qu/Salt%20quay%20rotherhithe,2026-07-03T23:10:47+00:00
The Valley,SE7 8AN,,51.4864,0.0361585,1,GROLSCH,£6.20,6.2,https://www.pint-prices.com/pub/SE7%208AN/The%20Valley,2026-07-03T23:10:47+00:00
The Snug Bar Ware,SG12 9BY,,51.8106,-0.029613,1,CRUZCAMPO,£5.00,5.0,https://www.pint-prices.com/pub/SG12%209BY/The%20Snug%20Bar%20Ware,2026-07-03T23:10:47+00:00
The Prince Albert,SW13 9QQ,,51.4796,-0.16579,1,FOSTERS,£6.40,6.4,https://www.pint-prices.com/pub/SW13%209QQ/The%20Prince%20Albert,2026-07-03T23:10:47+00:00
The Windmill,SW4 9DE,,51.454,-0.122486,1,ESTRELLA,£7.00,7.0,https://www.pint-prices.com/pub/SW4%209DE/The%20Windmill,2026-07-03T23:10:47+00:00
The Windmill,SW4,,52.8376,-0.381308,1,ESTRELLA,£7.00,7.0,https://www.pint-prices.com/pub/SW4/The%20Windmill,2026-07-03T23:10:47+00:00
Pelican Inn,Sa38 9ap,,52.0385,-4.46769,1,GUINNESS,£4.40,4.4,https://www.pint-prices.com/pub/Sa38%209ap/Pelican%20Inn,2026-07-03T23:10:47+00:00
The Three Tuns - LSE Student Union,"Saw Swee Hock Student Centre WC2B, London",🌐 https://www.lsesu.com/social/three-tuns/,51.5148,-0.117513,1,BUD LIGHT,£2.95,2.95,"https://www.pint-prices.com/pub/Saw%20Swee%20Hock%20Student%20Centre%20WC2B,%20London/The%20Three%20Tuns%20-%20LSE%20Student%20Union",2026-07-03T23:10:47+00:00
The Duke of Kent,"Scotch Common, London W13 8DL",🍽️ Food available 🍹 Cocktails available ☀️ Beer garden available ❓ Pub quiz available 😎 Cool place,51.525,-0.319512,1,ERDINGER,£7.75,7.75,"https://www.pint-prices.com/pub/Scotch%20Common,%20London%20W13%208DL/The%20Duke%20of%20Kent",2026-07-03T23:10:47+00:00
The Kings Arms,Se114xd,,51.5044,-0.109113,1,GUINNESS,£5.50,5.5,https://www.pint-prices.com/pub/Se114xd%20/The%20Kings%20Arms,2026-07-03T23:10:47+00:00
The Kings Arms,Se114xd,,51.5044,-0.109113,2,MADRI,£6.00,6.0,https://www.pint-prices.com/pub/Se114xd%20/The%20Kings%20Arms,2026-07-03T23:10:47+00:00
Finchley United Services Club Ltd,"St Kilda, 307 Ballards Ln, London N12 8LY, UK",020 8445 3542 📧Facebook or phone,51.6125,-0.178148,1,FOSTERS,£3.20,3.2,"https://www.pint-prices.com/pub/St%20Kilda,%20307%20Ballards%20Ln,%20London%20N12%208LY,%20UK/Finchley%20United%20Services%20Club%20Ltd",2026-07-03T23:10:47+00:00
Finchley United Services Club Ltd,"St Kilda, 307 Ballards Ln, London N12 8LY, UK",020 8445 3542 📧Facebook or phone,51.6125,-0.178148,2,CARLING,£3.20,3.2,"https://www.pint-prices.com/pub/St%20Kilda,%20307%20Ballards%20Ln,%20London%20N12%208LY,%20UK/Finchley%20United%20Services%20Club%20Ltd",2026-07-03T23:10:47+00:00
Finchley United Services Club Ltd,"St Kilda, 307 Ballards Ln, London N12 8LY, UK",020 8445 3542 📧Facebook or phone,51.6125,-0.178148,3,STRONGBOW,£3.20,3.2,"https://www.pint-prices.com/pub/St%20Kilda,%20307%20Ballards%20Ln,%20London%20N12%208LY,%20UK/Finchley%20United%20Services%20Club%20Ltd",2026-07-03T23:10:47+00:00
The Coronation Hall - JD Wetherspoon,"St Mark's Hill, Surbiton, KT6 4LQ",🍽️ Food available 🍹 Cocktails available ⚽ Live sports shown,51.3937,-0.302971,1,BUD LIGHT,£2.59,2.59,"https://www.pint-prices.com/pub/St%20Mark's%20Hill,%20Surbiton,%20KT6%204LQ/The%20Coronation%20Hall%20-%20JD%20Wetherspoon",2026-07-03T23:10:47+00:00
The Coronation Hall - JD Wetherspoon,"St Mark's Hill, Surbiton, KT6 4LQ",🍽️ Food available 🍹 Cocktails available ⚽ Live sports shown,51.3937,-0.302971,2,CARLSBERG PILSNER,£2.83,2.83,"https://www.pint-prices.com/pub/St%20Mark's%20Hill,%20Surbiton,%20KT6%204LQ/The%20Coronation%20Hall%20-%20JD%20Wetherspoon",2026-07-03T23:10:47+00:00
The Coronation Hall - JD Wetherspoon,"St Mark's Hill, Surbiton, KT6 4LQ",🍽️ Food available 🍹 Cocktails available ⚽ Live sports shown,51.3937,-0.302971,3,GUINNESS,£3.53,3.53,"https://www.pint-prices.com/pub/St%20Mark's%20Hill,%20Surbiton,%20KT6%204LQ/The%20Coronation%20Hall%20-%20JD%20Wetherspoon",2026-07-03T23:10:47+00:00
The Coronation Hall - JD Wetherspoon,"St Mark's Hill, Surbiton, KT6 4LQ",🍽️ Food available 🍹 Cocktails available ⚽ Live sports shown,51.3937,-0.302971,4,CARLING,£3.89,3.89,"https://www.pint-prices.com/pub/St%20Mark's%20Hill,%20Surbiton,%20KT6%204LQ/The%20Coronation%20Hall%20-%20JD%20Wetherspoon",2026-07-03T23:10:47+00:00
The Coronation Hall - JD Wetherspoon,"St Mark's Hill, Surbiton, KT6 4LQ",🍽️ Food available 🍹 Cocktails available ⚽ Live sports shown,51.3937,-0.302971,5,COORS,£3.89,3.89,"https://www.pint-prices.com/pub/St%20Mark's%20Hill,%20Surbiton,%20KT6%204LQ/The%20Coronation%20Hall%20-%20JD%20Wetherspoon",2026-07-03T23:10:47+00:00
The Coronation Hall - JD Wetherspoon,"St Mark's Hill, Surbiton, KT6 4LQ",🍽️ Food available 🍹 Cocktails available ⚽ Live sports shown,51.3937,-0.302971,6,BUDWEISER,£3.96,3.96,"https://www.pint-prices.com/pub/St%20Mark's%20Hill,%20Surbiton,%20KT6%204LQ/The%20Coronation%20Hall%20-%20JD%20Wetherspoon",2026-07-03T23:10:47+00:00
The Coronation Hall - JD Wetherspoon,"St Mark's Hill, Surbiton, KT6 4LQ",🍽️ Food available 🍹 Cocktails available ⚽ Live sports shown,51.3937,-0.302971,7,STELLA ARTOIS,£4.08,4.08,"https://www.pint-prices.com/pub/St%20Mark's%20Hill,%20Surbiton,%20KT6%204LQ/The%20Coronation%20Hall%20-%20JD%20Wetherspoon",2026-07-03T23:10:47+00:00
The Coronation Hall - JD Wetherspoon,"St Mark's Hill, Surbiton, KT6 4LQ",🍽️ Food available 🍹 Cocktails available ⚽ Live sports shown,51.3937,-0.302971,8,CORONA,£4.20,4.2,"https://www.pint-prices.com/pub/St%20Mark's%20Hill,%20Surbiton,%20KT6%204LQ/The%20Coronation%20Hall%20-%20JD%20Wetherspoon",2026-07-03T23:10:47+00:00
The Coronation Hall - JD Wetherspoon,"St Mark's Hill, Surbiton, KT6 4LQ",🍽️ Food available 🍹 Cocktails available ⚽ Live sports shown,51.3937,-0.302971,9,SAN MIGUEL,£4.20,4.2,"https://www.pint-prices.com/pub/St%20Mark's%20Hill,%20Surbiton,%20KT6%204LQ/The%20Coronation%20Hall%20-%20JD%20Wetherspoon",2026-07-03T23:10:47+00:00
The Coronation Hall - JD Wetherspoon,"St Mark's Hill, Surbiton, KT6 4LQ",🍽️ Food available 🍹 Cocktails available ⚽ Live sports shown,51.3937,-0.302971,10,LEFFE BLONDE,£4.55,4.55,"https://www.pint-prices.com/pub/St%20Mark's%20Hill,%20Surbiton,%20KT6%204LQ/The%20Coronation%20Hall%20-%20JD%20Wetherspoon",2026-07-03T23:10:47+00:00
Stanley’s,Stanley’s bar and cafe,,55.3781,-3.43597,1,STELLA,£4.50,4.5,https://www.pint-prices.com/pub/Stanley%E2%80%99s%20bar%20and%20cafe%20/Stanley%E2%80%99s%20,2026-07-03T23:10:47+00:00
Porter and Sorter,"Station Rd, East, Croydon CR0 6BT, UK",020 8688 4296 🌐 http://www.porterandsorterpub.co.uk/?y_source=1_MTIyOTQ3ODktNzE1LWxvY2F0aW9uLndlYnNpdGU%3D 🍽️ Food available 🍹 Cocktails available ☀️ Beer garden available ⚽ Live sports shown 🎸 Live music 🎱 Pool available ⏰ Happy hour,51.3788,-0.101704,1,FOSTERS,£4.45,4.45,"https://www.pint-prices.com/pub/Station%20Rd,%20East,%20Croydon%20CR0%206BT,%20UK/Porter%20and%20Sorter",2026-07-03T23:10:47+00:00
The Railway Bell,"Station Rd, Hampton TW12 2AP",🍽️ Food available,51.4157,-0.370931,1,STRAROPRAMEN,£6.00,6.0,"https://www.pint-prices.com/pub/Station%20Rd,%20Hampton%20TW12%202AP/The%20Railway%20Bell",2026-07-03T23:10:47+00:00
The Waterloo Tap,"Sutton Walk, London SE1 8RL",🌐 https://www.waterlootap.com/ 🍽️ Food available,51.5045,-0.115019,1,BITBURGER,£5.80,5.8,"https://www.pint-prices.com/pub/Sutton%20Walk,%20London%20SE1%208RL/The%20Waterloo%20Tap",2026-07-03T23:10:47+00:00
The Dolphin,Sydenham,,51.4261,-0.0485584,1,CAMDEN HELLS,£6.60,6.6,https://www.pint-prices.com/pub/Sydenham/The%20Dolphin,2026-07-03T23:10:47+00:00
The Plough,TN11 9AJ,,51.1998,0.242382,1,NECK OIL,£6.40,6.4,https://www.pint-prices.com/pub/TN11%209AJ/The%20Plough,2026-07-03T23:10:47+00:00
Katzenjammers,"The Hop Exchange, 24 Southwark St, London SE1 1TY, UK",020 7234 0835 🌐 http://www.katzenjammers.co.uk/ 🍽️ Food available 🎸 Live music,51.5049,-0.091374,1,KINGSTON ALE,£6.60,6.6,"https://www.pint-prices.com/pub/The%20Hop%20Exchange,%2024%20Southwark%20St,%20London%20SE1%201TY,%20UK/Katzenjammers",2026-07-03T23:10:47+00:00
The New Fairlop Oak - JD Wetherspoon,"The New Fairlop Oak, Fencepiece Rd, Ilford IG6 2JP, UK",020 8500 2217 🌐 https://www.jdwetherspoon.com/pubs/all-pubs/england/essex/the-new-fairlop-oak-fairlop?utm_source=goo 🍽️ Food available,51.5941,0.0850607,1,BUD LIGHT,£2.43,2.43,"https://www.pint-prices.com/pub/The%20New%20Fairlop%20Oak,%20Fencepiece%20Rd,%20Ilford%20IG6%202JP,%20UK/The%20New%20Fairlop%20Oak%20-%20JD%20Wetherspoon",2026-07-03T23:10:47+00:00
The New Fairlop Oak - JD Wetherspoon,"The New Fairlop Oak, Fencepiece Rd, Ilford IG6 2JP, UK",020 8500 2217 🌐 https://www.jdwetherspoon.com/pubs/all-pubs/england/essex/the-new-fairlop-oak-fairlop?utm_source=goo 🍽️ Food available,51.5941,0.0850607,2,CARLSBERG PILSNER,£2.66,2.66,"https://www.pint-prices.com/pub/The%20New%20Fairlop%20Oak,%20Fencepiece%20Rd,%20Ilford%20IG6%202JP,%20UK/The%20New%20Fairlop%20Oak%20-%20JD%20Wetherspoon",2026-07-03T23:10:47+00:00
The New Fairlop Oak - JD Wetherspoon,"The New Fairlop Oak, Fencepiece Rd, Ilford IG6 2JP, UK",020 8500 2217 🌐 https://www.jdwetherspoon.com/pubs/all-pubs/england/essex/the-new-fairlop-oak-fairlop?utm_source=goo 🍽️ Food available,51.5941,0.0850607,3,GUINNESS,£3.32,3.32,"https://www.pint-prices.com/pub/The%20New%20Fairlop%20Oak,%20Fencepiece%20Rd,%20Ilford%20IG6%202JP,%20UK/The%20New%20Fairlop%20Oak%20-%20JD%20Wetherspoon",2026-07-03T23:10:47+00:00
The New Fairlop Oak - JD Wetherspoon,"The New Fairlop Oak, Fencepiece Rd, Ilford IG6 2JP, UK",020 8500 2217 🌐 https://www.jdwetherspoon.com/pubs/all-pubs/england/essex/the-new-fairlop-oak-fairlop?utm_source=goo 🍽️ Food available,51.5941,0.0850607,4,CARLING,£3.54,3.54,"https://www.pint-prices.com/pub/The%20New%20Fairlop%20Oak,%20Fencepiece%20Rd,%20Ilford%20IG6%202JP,%20UK/The%20New%20Fairlop%20Oak%20-%20JD%20Wetherspoon",2026-07-03T23:10:47+00:00
The New Fairlop Oak - JD Wetherspoon,"The New Fairlop Oak, Fencepiece Rd, Ilford IG6 2JP, UK",020 8500 2217 🌐 https://www.jdwetherspoon.com/pubs/all-pubs/england/essex/the-new-fairlop-oak-fairlop?utm_source=goo 🍽️ Food available,51.5941,0.0850607,5,COORS,£3.54,3.54,"https://www.pint-prices.com/pub/The%20New%20Fairlop%20Oak,%20Fencepiece%20Rd,%20Ilford%20IG6%202JP,%20UK/The%20New%20Fairlop%20Oak%20-%20JD%20Wetherspoon",2026-07-03T23:10:47+00:00
The New Fairlop Oak - JD Wetherspoon,"The New Fairlop Oak, Fencepiece Rd, Ilford IG6 2JP, UK",020 8500 2217 🌐 https://www.jdwetherspoon.com/pubs/all-pubs/england/essex/the-new-fairlop-oak-fairlop?utm_source=goo 🍽️ Food available,51.5941,0.0850607,6,BUDWEISER,£3.73,3.73,"https://www.pint-prices.com/pub/The%20New%20Fairlop%20Oak,%20Fencepiece%20Rd,%20Ilford%20IG6%202JP,%20UK/The%20New%20Fairlop%20Oak%20-%20JD%20Wetherspoon",2026-07-03T23:10:47+00:00
The New Fairlop Oak - JD Wetherspoon,"The New Fairlop Oak, Fencepiece Rd, Ilford IG6 2JP, UK",020 8500 2217 🌐 https://www.jdwetherspoon.com/pubs/all-pubs/england/essex/the-new-fairlop-oak-fairlop?utm_source=goo 🍽️ Food available,51.5941,0.0850607,7,STELLA ARTOIS,£3.84,3.84,"https://www.pint-prices.com/pub/The%20New%20Fairlop%20Oak,%20Fencepiece%20Rd,%20Ilford%20IG6%202JP,%20UK/The%20New%20Fairlop%20Oak%20-%20JD%20Wetherspoon",2026-07-03T23:10:47+00:00
The New Fairlop Oak - JD Wetherspoon,"The New Fairlop Oak, Fencepiece Rd, Ilford IG6 2JP, UK",020 8500 2217 🌐 https://www.jdwetherspoon.com/pubs/all-pubs/england/essex/the-new-fairlop-oak-fairlop?utm_source=goo 🍽️ Food available,51.5941,0.0850607,8,CORONA,£3.95,3.95,"https://www.pint-prices.com/pub/The%20New%20Fairlop%20Oak,%20Fencepiece%20Rd,%20Ilford%20IG6%202JP,%20UK/The%20New%20Fairlop%20Oak%20-%20JD%20Wetherspoon",2026-07-03T23:10:47+00:00
The New Fairlop Oak - JD Wetherspoon,"The New Fairlop Oak, Fencepiece Rd, Ilford IG6 2JP, UK",020 8500 2217 🌐 https://www.jdwetherspoon.com/pubs/all-pubs/england/essex/the-new-fairlop-oak-fairlop?utm_source=goo 🍽️ Food available,51.5941,0.0850607,9,SAN MIGUEL,£3.95,3.95,"https://www.pint-prices.com/pub/The%20New%20Fairlop%20Oak,%20Fencepiece%20Rd,%20Ilford%20IG6%202JP,%20UK/The%20New%20Fairlop%20Oak%20-%20JD%20Wetherspoon",2026-07-03T23:10:47+00:00
The New Fairlop Oak - JD Wetherspoon,"The New Fairlop Oak, Fencepiece Rd, Ilford IG6 2JP, UK",020 8500 2217 🌐 https://www.jdwetherspoon.com/pubs/all-pubs/england/essex/the-new-fairlop-oak-fairlop?utm_source=goo 🍽️ Food available,51.5941,0.0850607,10,LEFFE BLONDE,£4.28,4.28,"https://www.pint-prices.com/pub/The%20New%20Fairlop%20Oak,%20Fencepiece%20Rd,%20Ilford%20IG6%202JP,%20UK/The%20New%20Fairlop%20Oak%20-%20JD%20Wetherspoon",2026-07-03T23:10:47+00:00
The Orange Tree,"The Orange Tree, 7 Totteridge Village, London, Greater London, N20 8NX",🌐 https://www.theorangetreetotteridge.co.uk/#/ 🍽️ Food available,51.63,-0.197447,1,PERONI,£6.00,6.0,"https://www.pint-prices.com/pub/The%20Orange%20Tree,%207%20Totteridge%20Village,%20London,%20Greater%20London,%20N20%208NX/The%20Orange%20Tree",2026-07-03T23:10:47+00:00
The Orange Tree,"The Orange Tree, 7 Totteridge Village, London, Greater London, N20 8NX",🌐 https://www.theorangetreetotteridge.co.uk/#/ 🍽️ Food available,51.63,-0.197447,2,PERONI,£6.00,6.0,"https://www.pint-prices.com/pub/The%20Orange%20Tree,%207%20Totteridge%20Village,%20London,%20Greater%20London,%20N20%208NX/The%20Orange%20Tree",2026-07-03T23:10:47+00:00
The Orange Tree,"The Orange Tree, 7 Totteridge Village, London, Greater London, N20 8NX",🌐 https://www.theorangetreetotteridge.co.uk/#/ 🍽️ Food available,51.63,-0.197447,3,GUINNESS,£6.10,6.1,"https://www.pint-prices.com/pub/The%20Orange%20Tree,%207%20Totteridge%20Village,%20London,%20Greater%20London,%20N20%208NX/The%20Orange%20Tree",2026-07-03T23:10:47+00:00
The Orange Tree,"The Orange Tree, 7 Totteridge Village, London, Greater London, N20 8NX",🌐 https://www.theorangetreetotteridge.co.uk/#/ 🍽️ Food available,51.63,-0.197447,4,GUINNESS,£6.10,6.1,"https://www.pint-prices.com/pub/The%20Orange%20Tree,%207%20Totteridge%20Village,%20London,%20Greater%20London,%20N20%208NX/The%20Orange%20Tree",2026-07-03T23:10:47+00:00
The Old Brewery,"The Pepys Building, The Old Royal Naval College, London SE10 9NN, UK",020 3437 2222 🌐 https://www.oldbrewerygreenwich.com/ 📧oldbrewery@youngs.co.uk 🍽️ Food available 🍹 Cocktails available ☀️ Beer garden available ⚽ Live sports shown,51.4827,-0.0066964,1,AMSTEL,£5.75,5.75,"https://www.pint-prices.com/pub/The%20Pepys%20Building,%20The%20Old%20Royal%20Naval%20College,%20London%20SE10%209NN,%20UK/The%20Old%20Brewery",2026-07-03T23:10:47+00:00
The Old Brewery,"The Pepys Building, The Old Royal Naval College, London SE10 9NN, UK",020 3437 2222 🌐 https://www.oldbrewerygreenwich.com/ 📧oldbrewery@youngs.co.uk 🍽️ Food available 🍹 Cocktails available ☀️ Beer garden available ⚽ Live sports shown,51.4827,-0.0066964,2,GUINNESS,£6.60,6.6,"https://www.pint-prices.com/pub/The%20Pepys%20Building,%20The%20Old%20Royal%20Naval%20College,%20London%20SE10%209NN,%20UK/The%20Old%20Brewery",2026-07-03T23:10:47+00:00
The Old Brewery,"The Pepys Building, The Old Royal Naval College, London SE10 9NN, UK",020 3437 2222 🌐 https://www.oldbrewerygreenwich.com/ 📧oldbrewery@youngs.co.uk 🍽️ Food available 🍹 Cocktails available ☀️ Beer garden available ⚽ Live sports shown,51.4827,-0.0066964,3,PERONI,£6.95,6.95,"https://www.pint-prices.com/pub/The%20Pepys%20Building,%20The%20Old%20Royal%20Naval%20College,%20London%20SE10%209NN,%20UK/The%20Old%20Brewery",2026-07-03T23:10:47+00:00
The Old Brewery,"The Pepys Building, The Old Royal Naval College, London SE10 9NN, UK",020 3437 2222 🌐 https://www.oldbrewerygreenwich.com/ 📧oldbrewery@youngs.co.uk 🍽️ Food available 🍹 Cocktails available ☀️ Beer garden available ⚽ Live sports shown,51.4827,-0.0066964,4,ASAHI,£7.05,7.05,"https://www.pint-prices.com/pub/The%20Pepys%20Building,%20The%20Old%20Royal%20Naval%20College,%20London%20SE10%209NN,%20UK/The%20Old%20Brewery",2026-07-03T23:10:47+00:00
The Red Lion,"The Red Lion, 10 North Rd, Bromley BR1 3LG, UK",020 8460 2691 🌐 http://redlionbromley.co.uk/ 📧Phone them 🍽️ Food available ☀️ Beer garden available ⚽ Live sports shown 🎯 Darts available,51.41,0.0216528,1,GREENEKING IPA,£5.00,5.0,"https://www.pint-prices.com/pub/The%20Red%20Lion,%2010%20North%20Rd,%20Bromley%20BR1%203LG,%20UK/The%20Red%20Lion",2026-07-03T23:10:47+00:00
Royal Sovereign,"The Royal Sovereign, 64 Northwold Rd, London E5 8RL, UK",020 8806 2449 🌐 http://www.royalsovereignclapton.co.uk/ 📧royalsov@hotmail.com 🍽️ Food available ☀️ Beer garden available 🎸 Live music,51.5627,-0.0631828,1,AMSTEL,£5.50,5.5,"https://www.pint-prices.com/pub/The%20Royal%20Sovereign,%2064%20Northwold%20Rd,%20London%20E5%208RL,%20UK/Royal%20Sovereign",2026-07-03T23:10:47+00:00
Royal Sovereign,"The Royal Sovereign, 64 Northwold Rd, London E5 8RL, UK",020 8806 2449 🌐 http://www.royalsovereignclapton.co.uk/ 📧royalsov@hotmail.com 🍽️ Food available ☀️ Beer garden available 🎸 Live music,51.5627,-0.0631828,2,HEINEKEN,£5.80,5.8,"https://www.pint-prices.com/pub/The%20Royal%20Sovereign,%2064%20Northwold%20Rd,%20London%20E5%208RL,%20UK/Royal%20Sovereign",2026-07-03T23:10:47+00:00
Royal Sovereign,"The Royal Sovereign, 64 Northwold Rd, London E5 8RL, UK",020 8806 2449 🌐 http://www.royalsovereignclapton.co.uk/ 📧royalsov@hotmail.com 🍽️ Food available ☀️ Beer garden available 🎸 Live music,51.5627,-0.0631828,3,GUINNESS,£6.00,6.0,"https://www.pint-prices.com/pub/The%20Royal%20Sovereign,%2064%20Northwold%20Rd,%20London%20E5%208RL,%20UK/Royal%20Sovereign",2026-07-03T23:10:47+00:00
The Keys,The Tower of London - EC3N 4AB,,51.5082,-0.0761879,1,GUINNESS,£3.50,3.5,https://www.pint-prices.com/pub/The%20Tower%20of%20London%20-%20EC3N%204AB/The%20Keys%20,2026-07-03T23:10:47+00:00
The minories,Tower gateway,,51.5105,-0.0747693,1,OLD MOUT,£8.15,8.15,https://www.pint-prices.com/pub/Tower%20gateway%20/The%20minories%20,2026-07-03T23:10:47+00:00
Natural Kitchen,"Trinity Square, 7 Pepys Street, London EC3N 4AF",020 3246 1043 🌐 https://www.naturalkitchen.co.uk/london-trinity-square/ 🍽️ Food available 🍹 Cocktails available ☀️ Beer garden available,51.511,-0.0785883,1,PRAVHA,£6.50,6.5,"https://www.pint-prices.com/pub/Trinity%20Square,%207%20Pepys%20Street,%20London%20EC3N%204AF/Natural%20Kitchen",2026-07-03T23:10:47+00:00
Devynkė,Užupio g. 4,,54.6804,25.2935,1,MURPHY'S,£5.50,5.5,https://www.pint-prices.com/pub/U%C5%BEupio%20g.%204/Devynk%C4%97,2026-07-03T23:10:47+00:00
Myllet Arms,UB6 8TE,,51.533,-0.323072,1,STELLA ARTOIS,£5.05,5.05,https://www.pint-prices.com/pub/UB6%208TE/Myllet%20Arms%20,2026-07-03T23:10:47+00:00
The Richmal Crompton - JD Wetherspoon,"Unit 23, Westmoreland Place, Bromley BR1 1DS, UK",020 8464 1586 🌐 https://www.jdwetherspoon.com/pubs/all-pubs/england/london/the-richmal-crompton-bromley 🍽️ Food available,51.399,0.0168152,1,BUD LIGHT,£2.55,2.55,"https://www.pint-prices.com/pub/Unit%2023,%20Westmoreland%20Place,%20Bromley%20BR1%201DS,%20UK/The%20Richmal%20Crompton%20-%20JD%20Wetherspoon",2026-07-03T23:10:47+00:00
The Richmal Crompton - JD Wetherspoon,"Unit 23, Westmoreland Place, Bromley BR1 1DS, UK",020 8464 1586 🌐 https://www.jdwetherspoon.com/pubs/all-pubs/england/london/the-richmal-crompton-bromley 🍽️ Food available,51.399,0.0168152,2,CARLSBERG PILSNER,£2.83,2.83,"https://www.pint-prices.com/pub/Unit%2023,%20Westmoreland%20Place,%20Bromley%20BR1%201DS,%20UK/The%20Richmal%20Crompton%20-%20JD%20Wetherspoon",2026-07-03T23:10:47+00:00
The Richmal Crompton - JD Wetherspoon,"Unit 23, Westmoreland Place, Bromley BR1 1DS, UK",020 8464 1586 🌐 https://www.jdwetherspoon.com/pubs/all-pubs/england/london/the-richmal-crompton-bromley 🍽️ Food available,51.399,0.0168152,3,BUDWEISER,£3.84,3.84,"https://www.pint-prices.com/pub/Unit%2023,%20Westmoreland%20Place,%20Bromley%20BR1%201DS,%20UK/The%20Richmal%20Crompton%20-%20JD%20Wetherspoon",2026-07-03T23:10:47+00:00
The Richmal Crompton - JD Wetherspoon,"Unit 23, Westmoreland Place, Bromley BR1 1DS, UK",020 8464 1586 🌐 https://www.jdwetherspoon.com/pubs/all-pubs/england/london/the-richmal-crompton-bromley 🍽️ Food available,51.399,0.0168152,4,CARLING,£3.88,3.88,"https://www.pint-prices.com/pub/Unit%2023,%20Westmoreland%20Place,%20Bromley%20BR1%201DS,%20UK/The%20Richmal%20Crompton%20-%20JD%20Wetherspoon",2026-07-03T23:10:47+00:00
The Richmal Crompton - JD Wetherspoon,"Unit 23, Westmoreland Place, Bromley BR1 1DS, UK",020 8464 1586 🌐 https://www.jdwetherspoon.com/pubs/all-pubs/england/london/the-richmal-crompton-bromley 🍽️ Food available,51.399,0.0168152,5,COORS,£3.88,3.88,"https://www.pint-prices.com/pub/Unit%2023,%20Westmoreland%20Place,%20Bromley%20BR1%201DS,%20UK/The%20Richmal%20Crompton%20-%20JD%20Wetherspoon",2026-07-03T23:10:47+00:00
The Richmal Crompton - JD Wetherspoon,"Unit 23, Westmoreland Place, Bromley BR1 1DS, UK",020 8464 1586 🌐 https://www.jdwetherspoon.com/pubs/all-pubs/england/london/the-richmal-crompton-bromley 🍽️ Food available,51.399,0.0168152,6,GUINNESS,£3.88,3.88,"https://www.pint-prices.com/pub/Unit%2023,%20Westmoreland%20Place,%20Bromley%20BR1%201DS,%20UK/The%20Richmal%20Crompton%20-%20JD%20Wetherspoon",2026-07-03T23:10:47+00:00
The Richmal Crompton - JD Wetherspoon,"Unit 23, Westmoreland Place, Bromley BR1 1DS, UK",020 8464 1586 🌐 https://www.jdwetherspoon.com/pubs/all-pubs/england/london/the-richmal-crompton-bromley 🍽️ Food available,51.399,0.0168152,7,STELLA ARTOIS,£4.28,4.28,"https://www.pint-prices.com/pub/Unit%2023,%20Westmoreland%20Place,%20Bromley%20BR1%201DS,%20UK/The%20Richmal%20Crompton%20-%20JD%20Wetherspoon",2026-07-03T23:10:47+00:00
The Richmal Crompton - JD Wetherspoon,"Unit 23, Westmoreland Place, Bromley BR1 1DS, UK",020 8464 1586 🌐 https://www.jdwetherspoon.com/pubs/all-pubs/england/london/the-richmal-crompton-bromley 🍽️ Food available,51.399,0.0168152,8,CORONA,£4.40,4.4,"https://www.pint-prices.com/pub/Unit%2023,%20Westmoreland%20Place,%20Bromley%20BR1%201DS,%20UK/The%20Richmal%20Crompton%20-%20JD%20Wetherspoon",2026-07-03T23:10:47+00:00
The Richmal Crompton - JD Wetherspoon,"Unit 23, Westmoreland Place, Bromley BR1 1DS, UK",020 8464 1586 🌐 https://www.jdwetherspoon.com/pubs/all-pubs/england/london/the-richmal-crompton-bromley 🍽️ Food available,51.399,0.0168152,9,SAN MIGUEL,£4.40,4.4,"https://www.pint-prices.com/pub/Unit%2023,%20Westmoreland%20Place,%20Bromley%20BR1%201DS,%20UK/The%20Richmal%20Crompton%20-%20JD%20Wetherspoon",2026-07-03T23:10:47+00:00
The Richmal Crompton - JD Wetherspoon,"Unit 23, Westmoreland Place, Bromley BR1 1DS, UK",020 8464 1586 🌐 https://www.jdwetherspoon.com/pubs/all-pubs/england/london/the-richmal-crompton-bromley 🍽️ Food available,51.399,0.0168152,10,LEFFE BLONDE,£4.73,4.73,"https://www.pint-prices.com/pub/Unit%2023,%20Westmoreland%20Place,%20Bromley%20BR1%201DS,%20UK/The%20Richmal%20Crompton%20-%20JD%20Wetherspoon",2026-07-03T23:10:47+00:00
The Horniman at Hays,"Unit 26, Hay’s Galleria, Greater, London SE1 2HD, UK",020 7407 1991 🌐 https://www.nicholsonspubs.co.uk/restaurants/london/thehornimanathayslondonbridge?utm_source=google& 🍽️ Food available 😎 Cool place,51.4971,-0.0663029,1,HOUSE LAGER,£7.00,7.0,"https://www.pint-prices.com/pub/Unit%2026,%20Hay%E2%80%99s%20Galleria,%20Greater,%20London%20SE1%202HD,%20UK/The%20Horniman%20at%20Hays",2026-07-03T23:10:47+00:00
The Moon on the Square - JD Wetherspoon,"Unit 30, The Centre, Feltham, TW13 4AU",🍽️ Food available 🍹 Cocktails available ⚽ Live sports shown,51.4452,-0.411801,1,BUD LIGHT,£2.43,2.43,"https://www.pint-prices.com/pub/Unit%2030,%20The%20Centre,%20Feltham,%20TW13%204AU/The%20Moon%20on%20the%20Square%20-%20JD%20Wetherspoon",2026-07-03T23:10:47+00:00
The Moon on the Square - JD Wetherspoon,"Unit 30, The Centre, Feltham, TW13 4AU",🍽️ Food available 🍹 Cocktails available ⚽ Live sports shown,51.4452,-0.411801,2,CARLSBERG PILSNER,£2.66,2.66,"https://www.pint-prices.com/pub/Unit%2030,%20The%20Centre,%20Feltham,%20TW13%204AU/The%20Moon%20on%20the%20Square%20-%20JD%20Wetherspoon",2026-07-03T23:10:47+00:00
The Moon on the Square - JD Wetherspoon,"Unit 30, The Centre, Feltham, TW13 4AU",🍽️ Food available 🍹 Cocktails available ⚽ Live sports shown,51.4452,-0.411801,3,GUINNESS,£3.32,3.32,"https://www.pint-prices.com/pub/Unit%2030,%20The%20Centre,%20Feltham,%20TW13%204AU/The%20Moon%20on%20the%20Square%20-%20JD%20Wetherspoon",2026-07-03T23:10:47+00:00
The Moon on the Square - JD Wetherspoon,"Unit 30, The Centre, Feltham, TW13 4AU",🍽️ Food available 🍹 Cocktails available ⚽ Live sports shown,51.4452,-0.411801,4,CARLING,£3.54,3.54,"https://www.pint-prices.com/pub/Unit%2030,%20The%20Centre,%20Feltham,%20TW13%204AU/The%20Moon%20on%20the%20Square%20-%20JD%20Wetherspoon",2026-07-03T23:10:47+00:00
The Moon on the Square - JD Wetherspoon,"Unit 30, The Centre, Feltham, TW13 4AU",🍽️ Food available 🍹 Cocktails available ⚽ Live sports shown,51.4452,-0.411801,5,COORS,£3.54,3.54,"https://www.pint-prices.com/pub/Unit%2030,%20The%20Centre,%20Feltham,%20TW13%204AU/The%20Moon%20on%20the%20Square%20-%20JD%20Wetherspoon",2026-07-03T23:10:47+00:00
The Moon on the Square - JD Wetherspoon,"Unit 30, The Centre, Feltham, TW13 4AU",🍽️ Food available 🍹 Cocktails available ⚽ Live sports shown,51.4452,-0.411801,6,BUDWEISER,£3.73,3.73,"https://www.pint-prices.com/pub/Unit%2030,%20The%20Centre,%20Feltham,%20TW13%204AU/The%20Moon%20on%20the%20Square%20-%20JD%20Wetherspoon",2026-07-03T23:10:47+00:00
The Moon on the Square - JD Wetherspoon,"Unit 30, The Centre, Feltham, TW13 4AU",🍽️ Food available 🍹 Cocktails available ⚽ Live sports shown,51.4452,-0.411801,7,STELLA ARTOIS,£3.84,3.84,"https://www.pint-prices.com/pub/Unit%2030,%20The%20Centre,%20Feltham,%20TW13%204AU/The%20Moon%20on%20the%20Square%20-%20JD%20Wetherspoon",2026-07-03T23:10:47+00:00
The Moon on the Square - JD Wetherspoon,"Unit 30, The Centre, Feltham, TW13 4AU",🍽️ Food available 🍹 Cocktails available ⚽ Live sports shown,51.4452,-0.411801,8,CORONA,£3.95,3.95,"https://www.pint-prices.com/pub/Unit%2030,%20The%20Centre,%20Feltham,%20TW13%204AU/The%20Moon%20on%20the%20Square%20-%20JD%20Wetherspoon",2026-07-03T23:10:47+00:00
The Moon on the Square - JD Wetherspoon,"Unit 30, The Centre, Feltham, TW13 4AU",🍽️ Food available 🍹 Cocktails available ⚽ Live sports shown,51.4452,-0.411801,9,SAN MIGUEL,£3.95,3.95,"https://www.pint-prices.com/pub/Unit%2030,%20The%20Centre,%20Feltham,%20TW13%204AU/The%20Moon%20on%20the%20Square%20-%20JD%20Wetherspoon",2026-07-03T23:10:47+00:00
The Moon on the Square - JD Wetherspoon,"Unit 30, The Centre, Feltham, TW13 4AU",🍽️ Food available 🍹 Cocktails available ⚽ Live sports shown,51.4452,-0.411801,10,LEFFE BLONDE,£4.28,4.28,"https://www.pint-prices.com/pub/Unit%2030,%20The%20Centre,%20Feltham,%20TW13%204AU/The%20Moon%20on%20the%20Square%20-%20JD%20Wetherspoon",2026-07-03T23:10:47+00:00
"Brewdog, Wandsworth","Unit 4, Southside Shopping Centre, London SW18 4TF",🌐 https://www.brewdog.com/uk/wandsworth 🍽️ Food available ☀️ Beer garden available ❓ Pub quiz available,51.4546,-0.193666,1,PUNK IPA,£5.95,5.95,"https://www.pint-prices.com/pub/Unit%204,%20Southside%20Shopping%20Centre,%20London%20SW18%204TF/Brewdog,%20Wandsworth",2026-07-03T23:10:47+00:00
"Brewdog, Wandsworth","Unit 4, Southside Shopping Centre, London SW18 4TF",🌐 https://www.brewdog.com/uk/wandsworth 🍽️ Food available ☀️ Beer garden available ❓ Pub quiz available,51.4546,-0.193666,2,PUNK IPA,£5.95,5.95,"https://www.pint-prices.com/pub/Unit%204,%20Southside%20Shopping%20Centre,%20London%20SW18%204TF/Brewdog,%20Wandsworth",2026-07-03T23:10:47+00:00
Wetherspoons (Victoria Station) - JD Wetherspoon,"Unit 5 (1st Floor above WHSmith), Victoria Station Concourse, London SW1V 1JT, UK",020 7931 0445 🌐 https://www.jdwetherspoon.com/pubs/all-pubs/england/london/wetherspoons-victoria-station-concourse 🍽️ Food available,51.4953,-0.144238,1,BUD LIGHT,£4.39,4.39,"https://www.pint-prices.com/pub/Unit%205%20(1st%20Floor%20above%20WHSmith),%20Victoria%20Station%20Concourse,%20London%20SW1V%201JT,%20UK/Wetherspoons%20(Victoria%20Station)%20-%20JD%20Wetherspoon",2026-07-03T23:10:47+00:00
Wetherspoons (Victoria Station) - JD Wetherspoon,"Unit 5 (1st Floor above WHSmith), Victoria Station Concourse, London SW1V 1JT, UK",020 7931 0445 🌐 https://www.jdwetherspoon.com/pubs/all-pubs/england/london/wetherspoons-victoria-station-concourse 🍽️ Food available,51.4953,-0.144238,2,CARLSBERG PILSNER,£5.38,5.38,"https://www.pint-prices.com/pub/Unit%205%20(1st%20Floor%20above%20WHSmith),%20Victoria%20Station%20Concourse,%20London%20SW1V%201JT,%20UK/Wetherspoons%20(Victoria%20Station)%20-%20JD%20Wetherspoon",2026-07-03T23:10:47+00:00
Wetherspoons (Victoria Station) - JD Wetherspoon,"Unit 5 (1st Floor above WHSmith), Victoria Station Concourse, London SW1V 1JT, UK",020 7931 0445 🌐 https://www.jdwetherspoon.com/pubs/all-pubs/england/london/wetherspoons-victoria-station-concourse 🍽️ Food available,51.4953,-0.144238,3,CARLING,£5.82,5.82,"https://www.pint-prices.com/pub/Unit%205%20(1st%20Floor%20above%20WHSmith),%20Victoria%20Station%20Concourse,%20London%20SW1V%201JT,%20UK/Wetherspoons%20(Victoria%20Station)%20-%20JD%20Wetherspoon",2026-07-03T23:10:47+00:00
Wetherspoons (Victoria Station) - JD Wetherspoon,"Unit 5 (1st Floor above WHSmith), Victoria Station Concourse, London SW1V 1JT, UK",020 7931 0445 🌐 https://www.jdwetherspoon.com/pubs/all-pubs/england/london/wetherspoons-victoria-station-concourse 🍽️ Food available,51.4953,-0.144238,4,COORS,£5.82,5.82,"https://www.pint-prices.com/pub/Unit%205%20(1st%20Floor%20above%20WHSmith),%20Victoria%20Station%20Concourse,%20London%20SW1V%201JT,%20UK/Wetherspoons%20(Victoria%20Station)%20-%20JD%20Wetherspoon",2026-07-03T23:10:47+00:00
Wetherspoons (Victoria Station) - JD Wetherspoon,"Unit 5 (1st Floor above WHSmith), Victoria Station Concourse, London SW1V 1JT, UK",020 7931 0445 🌐 https://www.jdwetherspoon.com/pubs/all-pubs/england/london/wetherspoons-victoria-station-concourse 🍽️ Food available,51.4953,-0.144238,5,BUDWEISER,£5.89,5.89,"https://www.pint-prices.com/pub/Unit%205%20(1st%20Floor%20above%20WHSmith),%20Victoria%20Station%20Concourse,%20London%20SW1V%201JT,%20UK/Wetherspoons%20(Victoria%20Station)%20-%20JD%20Wetherspoon",2026-07-03T23:10:47+00:00
Wetherspoons (Victoria Station) - JD Wetherspoon,"Unit 5 (1st Floor above WHSmith), Victoria Station Concourse, London SW1V 1JT, UK",020 7931 0445 🌐 https://www.jdwetherspoon.com/pubs/all-pubs/england/london/wetherspoons-victoria-station-concourse 🍽️ Food available,51.4953,-0.144238,6,STELLA ARTOIS,£6.33,6.33,"https://www.pint-prices.com/pub/Unit%205%20(1st%20Floor%20above%20WHSmith),%20Victoria%20Station%20Concourse,%20London%20SW1V%201JT,%20UK/Wetherspoons%20(Victoria%20Station)%20-%20JD%20Wetherspoon",2026-07-03T23:10:47+00:00
Wetherspoons (Victoria Station) - JD Wetherspoon,"Unit 5 (1st Floor above WHSmith), Victoria Station Concourse, London SW1V 1JT, UK",020 7931 0445 🌐 https://www.jdwetherspoon.com/pubs/all-pubs/england/london/wetherspoons-victoria-station-concourse 🍽️ Food available,51.4953,-0.144238,7,SAN MIGUEL,£6.44,6.44,"https://www.pint-prices.com/pub/Unit%205%20(1st%20Floor%20above%20WHSmith),%20Victoria%20Station%20Concourse,%20London%20SW1V%201JT,%20UK/Wetherspoons%20(Victoria%20Station)%20-%20JD%20Wetherspoon",2026-07-03T23:10:47+00:00
Wetherspoons (Victoria Station) - JD Wetherspoon,"Unit 5 (1st Floor above WHSmith), Victoria Station Concourse, London SW1V 1JT, UK",020 7931 0445 🌐 https://www.jdwetherspoon.com/pubs/all-pubs/england/london/wetherspoons-victoria-station-concourse 🍽️ Food available,51.4953,-0.144238,8,STAROPRAMEN,£6.44,6.44,"https://www.pint-prices.com/pub/Unit%205%20(1st%20Floor%20above%20WHSmith),%20Victoria%20Station%20Concourse,%20London%20SW1V%201JT,%20UK/Wetherspoons%20(Victoria%20Station)%20-%20JD%20Wetherspoon",2026-07-03T23:10:47+00:00
Wetherspoons (Victoria Station) - JD Wetherspoon,"Unit 5 (1st Floor above WHSmith), Victoria Station Concourse, London SW1V 1JT, UK",020 7931 0445 🌐 https://www.jdwetherspoon.com/pubs/all-pubs/england/london/wetherspoons-victoria-station-concourse 🍽️ Food available,51.4953,-0.144238,9,CORONA,£6.73,6.73,"https://www.pint-prices.com/pub/Unit%205%20(1st%20Floor%20above%20WHSmith),%20Victoria%20Station%20Concourse,%20London%20SW1V%201JT,%20UK/Wetherspoons%20(Victoria%20Station)%20-%20JD%20Wetherspoon",2026-07-03T23:10:47+00:00
Wetherspoons (Victoria Station) - JD Wetherspoon,"Unit 5 (1st Floor above WHSmith), Victoria Station Concourse, London SW1V 1JT, UK",020 7931 0445 🌐 https://www.jdwetherspoon.com/pubs/all-pubs/england/london/wetherspoons-victoria-station-concourse 🍽️ Food available,51.4953,-0.144238,10,LEFFE BLONDE,£6.77,6.77,"https://www.pint-prices.com/pub/Unit%205%20(1st%20Floor%20above%20WHSmith),%20Victoria%20Station%20Concourse,%20London%20SW1V%201JT,%20UK/Wetherspoons%20(Victoria%20Station)%20-%20JD%20Wetherspoon",2026-07-03T23:10:47+00:00
Spouter's Corner - JD Wetherspoon,"Unit 5, Spouter's Corner, 180 High Rd, London N22 6EJ, UK",020 8881 3891 🌐 https://www.jdwetherspoon.com/pubs/all-pubs/england/london/spouters-corner-wood-green 🍽️ Food available ☀️ Beer garden available ⚽ Live sports shown,51.5966,-0.108916,1,BUD LIGHT,£2.59,2.59,"https://www.pint-prices.com/pub/Unit%205,%20Spouter's%20Corner,%20180%20High%20Rd,%20London%20N22%206EJ,%20UK/Spouter's%20Corner%20-%20JD%20Wetherspoon",2026-07-03T23:10:47+00:00
Spouter's Corner - JD Wetherspoon,"Unit 5, Spouter's Corner, 180 High Rd, London N22 6EJ, UK",020 8881 3891 🌐 https://www.jdwetherspoon.com/pubs/all-pubs/england/london/spouters-corner-wood-green 🍽️ Food available ☀️ Beer garden available ⚽ Live sports shown,51.5966,-0.108916,2,CARLSBERG PILSNER,£2.83,2.83,"https://www.pint-prices.com/pub/Unit%205,%20Spouter's%20Corner,%20180%20High%20Rd,%20London%20N22%206EJ,%20UK/Spouter's%20Corner%20-%20JD%20Wetherspoon",2026-07-03T23:10:47+00:00
Spouter's Corner - JD Wetherspoon,"Unit 5, Spouter's Corner, 180 High Rd, London N22 6EJ, UK",020 8881 3891 🌐 https://www.jdwetherspoon.com/pubs/all-pubs/england/london/spouters-corner-wood-green 🍽️ Food available ☀️ Beer garden available ⚽ Live sports shown,51.5966,-0.108916,3,GUINNESS,£3.53,3.53,"https://www.pint-prices.com/pub/Unit%205,%20Spouter's%20Corner,%20180%20High%20Rd,%20London%20N22%206EJ,%20UK/Spouter's%20Corner%20-%20JD%20Wetherspoon",2026-07-03T23:10:47+00:00
Spouter's Corner - JD Wetherspoon,"Unit 5, Spouter's Corner, 180 High Rd, London N22 6EJ, UK",020 8881 3891 🌐 https://www.jdwetherspoon.com/pubs/all-pubs/england/london/spouters-corner-wood-green 🍽️ Food available ☀️ Beer garden available ⚽ Live sports shown,51.5966,-0.108916,4,CARLING,£3.89,3.89,"https://www.pint-prices.com/pub/Unit%205,%20Spouter's%20Corner,%20180%20High%20Rd,%20London%20N22%206EJ,%20UK/Spouter's%20Corner%20-%20JD%20Wetherspoon",2026-07-03T23:10:47+00:00
Spouter's Corner - JD Wetherspoon,"Unit 5, Spouter's Corner, 180 High Rd, London N22 6EJ, UK",020 8881 3891 🌐 https://www.jdwetherspoon.com/pubs/all-pubs/england/london/spouters-corner-wood-green 🍽️ Food available ☀️ Beer garden available ⚽ Live sports shown,51.5966,-0.108916,5,COORS,£3.89,3.89,"https://www.pint-prices.com/pub/Unit%205,%20Spouter's%20Corner,%20180%20High%20Rd,%20London%20N22%206EJ,%20UK/Spouter's%20Corner%20-%20JD%20Wetherspoon",2026-07-03T23:10:47+00:00
Spouter's Corner - JD Wetherspoon,"Unit 5, Spouter's Corner, 180 High Rd, London N22 6EJ, UK",020 8881 3891 🌐 https://www.jdwetherspoon.com/pubs/all-pubs/england/london/spouters-corner-wood-green 🍽️ Food available ☀️ Beer garden available ⚽ Live sports shown,51.5966,-0.108916,6,BUDWEISER,£3.96,3.96,"https://www.pint-prices.com/pub/Unit%205,%20Spouter's%20Corner,%20180%20High%20Rd,%20London%20N22%206EJ,%20UK/Spouter's%20Corner%20-%20JD%20Wetherspoon",2026-07-03T23:10:47+00:00
Spouter's Corner - JD Wetherspoon,"Unit 5, Spouter's Corner, 180 High Rd, London N22 6EJ, UK",020 8881 3891 🌐 https://www.jdwetherspoon.com/pubs/all-pubs/england/london/spouters-corner-wood-green 🍽️ Food available ☀️ Beer garden available ⚽ Live sports shown,51.5966,-0.108916,7,CORONA,£4.20,4.2,"https://www.pint-prices.com/pub/Unit%205,%20Spouter's%20Corner,%20180%20High%20Rd,%20London%20N22%206EJ,%20UK/Spouter's%20Corner%20-%20JD%20Wetherspoon",2026-07-03T23:10:47+00:00
Spouter's Corner - JD Wetherspoon,"Unit 5, Spouter's Corner, 180 High Rd, London N22 6EJ, UK",020 8881 3891 🌐 https://www.jdwetherspoon.com/pubs/all-pubs/england/london/spouters-corner-wood-green 🍽️ Food available ☀️ Beer garden available ⚽ Live sports shown,51.5966,-0.108916,8,STELLA ARTOIS,£4.20,4.2,"https://www.pint-prices.com/pub/Unit%205,%20Spouter's%20Corner,%20180%20High%20Rd,%20London%20N22%206EJ,%20UK/Spouter's%20Corner%20-%20JD%20Wetherspoon",2026-07-03T23:10:47+00:00
Spouter's Corner - JD Wetherspoon,"Unit 5, Spouter's Corner, 180 High Rd, London N22 6EJ, UK",020 8881 3891 🌐 https://www.jdwetherspoon.com/pubs/all-pubs/england/london/spouters-corner-wood-green 🍽️ Food available ☀️ Beer garden available ⚽ Live sports shown,51.5966,-0.108916,9,SAN MIGUEL,£4.20,4.2,"https://www.pint-prices.com/pub/Unit%205,%20Spouter's%20Corner,%20180%20High%20Rd,%20London%20N22%206EJ,%20UK/Spouter's%20Corner%20-%20JD%20Wetherspoon",2026-07-03T23:10:47+00:00
Spouter's Corner - JD Wetherspoon,"Unit 5, Spouter's Corner, 180 High Rd, London N22 6EJ, UK",020 8881 3891 🌐 https://www.jdwetherspoon.com/pubs/all-pubs/england/london/spouters-corner-wood-green 🍽️ Food available ☀️ Beer garden available ⚽ Live sports shown,51.5966,-0.108916,10,LEFFE BLONDE,£4.55,4.55,"https://www.pint-prices.com/pub/Unit%205,%20Spouter's%20Corner,%20180%20High%20Rd,%20London%20N22%206EJ,%20UK/Spouter's%20Corner%20-%20JD%20Wetherspoon",2026-07-03T23:10:47+00:00
Signal Box,"Unit 53, Euston Station, London NW1 2DU",🌐 https://www.signalboxeuston.co.uk/ 🍽️ Food available,51.5264,-0.13577,1,LONDON PRIDE,£6.25,6.25,"https://www.pint-prices.com/pub/Unit%2053,%20Euston%20Station,%20London%20NW1%202DU/Signal%20Box",2026-07-03T23:10:47+00:00
Signal Box,"Unit 53, Euston Station, London NW1 2DU",🌐 https://www.signalboxeuston.co.uk/ 🍽️ Food available,51.5264,-0.13577,2,GRIFFIN IPA,£6.65,6.65,"https://www.pint-prices.com/pub/Unit%2053,%20Euston%20Station,%20London%20NW1%202DU/Signal%20Box",2026-07-03T23:10:47+00:00
BrewDog Waterloo,"Unit G, Waterloo Station, 01 The Sidings, London SE1 7BH",,51.5023,-0.115374,1,FOOL'S GOLD,£7.95,7.95,"https://www.pint-prices.com/pub/Unit%20G,%20Waterloo%20Station,%2001%20The%20Sidings,%20London%20SE1%207BH/BrewDog%20Waterloo",2026-07-03T23:10:47+00:00
Flight Club,Victoria,,51.4974,-0.142945,1,AMSTEL,£6.20,6.2,https://www.pint-prices.com/pub/Victoria/Flight%20Club,2026-07-03T23:10:47+00:00
O'Briens,W13 9AU,,51.5113,-0.315468,1,GUINNESS,£4.70,4.7,https://www.pint-prices.com/pub/W13%209AU/O'Briens%20,2026-07-03T23:10:47+00:00
Adam and Eve,W1T 3QQ,,51.4696,-1.04477,1,YOUNG’S ORIGINAL,£5.40,5.4,https://www.pint-prices.com/pub/W1T%203QQ/Adam%20and%20Eve,2026-07-03T23:10:47+00:00
Belushi’s,W6 7AB,,51.4933,-0.224437,1,HEINEKEN,£6.40,6.4,https://www.pint-prices.com/pub/W6%207AB/Belushi%E2%80%99s,2026-07-03T23:10:47+00:00
Belushi’s,W6 7AB,,51.4933,-0.224437,2,STONE WOOD,£6.80,6.8,https://www.pint-prices.com/pub/W6%207AB/Belushi%E2%80%99s,2026-07-03T23:10:47+00:00
W7 The Green,W7 3TX,,51.5071,-0.339595,1,AMSTEL,£5.60,5.6,https://www.pint-prices.com/pub/W7%203TX/W7%20The%20Green,2026-07-03T23:10:47+00:00
Yorkshire Grey,WC1X 8PN,,51.5189,-0.141361,1,AMSTEL,£6.35,6.35,https://www.pint-prices.com/pub/WC1X%208PN/Yorkshire%20Grey,2026-07-03T23:10:47+00:00
The Pennsylvanian (JD Wetherspoons),WD3 1AN,,51.6386,-0.46995,1,WORTHINGTON’S CREAMFLOW ALE,£1.99,1.99,https://www.pint-prices.com/pub/WD3%201AN/The%20Pennsylvanian%20(JD%20Wetherspoons),2026-07-03T23:10:47+00:00
The Pennsylvanian (JD Wetherspoons),WD3 1AN,,51.6386,-0.46995,2,REBELLION IPA,£2.90,2.9,https://www.pint-prices.com/pub/WD3%201AN/The%20Pennsylvanian%20(JD%20Wetherspoons),2026-07-03T23:10:47+00:00
The Feathers,WD3 1DJ,,51.6317,-0.570586,1,TIMOTHY TAYLOR’S LANDLORD ALE,£5.20,5.2,https://www.pint-prices.com/pub/WD3%201DJ/The%20Feathers,2026-07-03T23:10:47+00:00
The Coach & Horses,WD3 1ER,,51.5139,-0.129688,1,TIMOTHY TAYLOR’S LANDLORD ALE,£5.10,5.1,https://www.pint-prices.com/pub/WD3%201ER/The%20Coach%20%26%20Horses,2026-07-03T23:10:47+00:00
Bistro 1651,WV10 7NW,,52.6492,-2.09741,1,PERONI,£6.00,6.0,https://www.pint-prices.com/pub/WV10%207NW/Bistro%201651,2026-07-03T23:10:47+00:00
The Alliance,"West Hampstead, NW6 1NR",,51.551,-0.201055,1,ASPALL CIDER,£5.80,5.8,"https://www.pint-prices.com/pub/West%20Hampstead,%20NW6%201NR/The%20Alliance",2026-07-03T23:10:47+00:00
The Alliance,"West Hampstead, NW6 1NR",,51.551,-0.201055,2,STAROPRAMEN,£7.00,7.0,"https://www.pint-prices.com/pub/West%20Hampstead,%20NW6%201NR/The%20Alliance",2026-07-03T23:10:47+00:00
The Ledger Building - JD Wetherspoon,"West India Quay, 4 Hertsmere Rd, London E14 4AL, UK",020 7536 7770 🌐 https://www.jdwetherspoon.com/pubs/all-pubs/england/london/the-ledger-building-docklands?utm_source= 🍽️ Food available 🍹 Cocktails available ☀️ Beer garden available,51.5077,-0.0238721,1,BUD LIGHT,£4.13,4.13,"https://www.pint-prices.com/pub/West%20India%20Quay,%204%20Hertsmere%20Rd,%20London%20E14%204AL,%20UK/The%20Ledger%20Building%20-%20JD%20Wetherspoon",2026-07-03T23:10:47+00:00
The Ledger Building - JD Wetherspoon,"West India Quay, 4 Hertsmere Rd, London E14 4AL, UK",020 7536 7770 🌐 https://www.jdwetherspoon.com/pubs/all-pubs/england/london/the-ledger-building-docklands?utm_source= 🍽️ Food available 🍹 Cocktails available ☀️ Beer garden available,51.5077,-0.0238721,2,CARLSBERG PILSNER,£5.06,5.06,"https://www.pint-prices.com/pub/West%20India%20Quay,%204%20Hertsmere%20Rd,%20London%20E14%204AL,%20UK/The%20Ledger%20Building%20-%20JD%20Wetherspoon",2026-07-03T23:10:47+00:00
The Ledger Building - JD Wetherspoon,"West India Quay, 4 Hertsmere Rd, London E14 4AL, UK",020 7536 7770 🌐 https://www.jdwetherspoon.com/pubs/all-pubs/england/london/the-ledger-building-docklands?utm_source= 🍽️ Food available 🍹 Cocktails available ☀️ Beer garden available,51.5077,-0.0238721,3,CARLING,£5.29,5.29,"https://www.pint-prices.com/pub/West%20India%20Quay,%204%20Hertsmere%20Rd,%20London%20E14%204AL,%20UK/The%20Ledger%20Building%20-%20JD%20Wetherspoon",2026-07-03T23:10:47+00:00
The Ledger Building - JD Wetherspoon,"West India Quay, 4 Hertsmere Rd, London E14 4AL, UK",020 7536 7770 🌐 https://www.jdwetherspoon.com/pubs/all-pubs/england/london/the-ledger-building-docklands?utm_source= 🍽️ Food available 🍹 Cocktails available ☀️ Beer garden available,51.5077,-0.0238721,4,COORS,£5.29,5.29,"https://www.pint-prices.com/pub/West%20India%20Quay,%204%20Hertsmere%20Rd,%20London%20E14%204AL,%20UK/The%20Ledger%20Building%20-%20JD%20Wetherspoon",2026-07-03T23:10:47+00:00
The Ledger Building - JD Wetherspoon,"West India Quay, 4 Hertsmere Rd, London E14 4AL, UK",020 7536 7770 🌐 https://www.jdwetherspoon.com/pubs/all-pubs/england/london/the-ledger-building-docklands?utm_source= 🍽️ Food available 🍹 Cocktails available ☀️ Beer garden available,51.5077,-0.0238721,5,BUDWEISER,£5.54,5.54,"https://www.pint-prices.com/pub/West%20India%20Quay,%204%20Hertsmere%20Rd,%20London%20E14%204AL,%20UK/The%20Ledger%20Building%20-%20JD%20Wetherspoon",2026-07-03T23:10:47+00:00
The Ledger Building - JD Wetherspoon,"West India Quay, 4 Hertsmere Rd, London E14 4AL, UK",020 7536 7770 🌐 https://www.jdwetherspoon.com/pubs/all-pubs/england/london/the-ledger-building-docklands?utm_source= 🍽️ Food available 🍹 Cocktails available ☀️ Beer garden available,51.5077,-0.0238721,6,GUINNESS,£5.74,5.74,"https://www.pint-prices.com/pub/West%20India%20Quay,%204%20Hertsmere%20Rd,%20London%20E14%204AL,%20UK/The%20Ledger%20Building%20-%20JD%20Wetherspoon",2026-07-03T23:10:47+00:00
The Ledger Building - JD Wetherspoon,"West India Quay, 4 Hertsmere Rd, London E14 4AL, UK",020 7536 7770 🌐 https://www.jdwetherspoon.com/pubs/all-pubs/england/london/the-ledger-building-docklands?utm_source= 🍽️ Food available 🍹 Cocktails available ☀️ Beer garden available,51.5077,-0.0238721,7,STELLA ARTOIS,£5.95,5.95,"https://www.pint-prices.com/pub/West%20India%20Quay,%204%20Hertsmere%20Rd,%20London%20E14%204AL,%20UK/The%20Ledger%20Building%20-%20JD%20Wetherspoon",2026-07-03T23:10:47+00:00
The Ledger Building - JD Wetherspoon,"West India Quay, 4 Hertsmere Rd, London E14 4AL, UK",020 7536 7770 🌐 https://www.jdwetherspoon.com/pubs/all-pubs/england/london/the-ledger-building-docklands?utm_source= 🍽️ Food available 🍹 Cocktails available ☀️ Beer garden available,51.5077,-0.0238721,8,CORONA,£6.05,6.05,"https://www.pint-prices.com/pub/West%20India%20Quay,%204%20Hertsmere%20Rd,%20London%20E14%204AL,%20UK/The%20Ledger%20Building%20-%20JD%20Wetherspoon",2026-07-03T23:10:47+00:00
The Ledger Building - JD Wetherspoon,"West India Quay, 4 Hertsmere Rd, London E14 4AL, UK",020 7536 7770 🌐 https://www.jdwetherspoon.com/pubs/all-pubs/england/london/the-ledger-building-docklands?utm_source= 🍽️ Food available 🍹 Cocktails available ☀️ Beer garden available,51.5077,-0.0238721,9,SAN MIGUEL,£6.05,6.05,"https://www.pint-prices.com/pub/West%20India%20Quay,%204%20Hertsmere%20Rd,%20London%20E14%204AL,%20UK/The%20Ledger%20Building%20-%20JD%20Wetherspoon",2026-07-03T23:10:47+00:00
The Ledger Building - JD Wetherspoon,"West India Quay, 4 Hertsmere Rd, London E14 4AL, UK",020 7536 7770 🌐 https://www.jdwetherspoon.com/pubs/all-pubs/england/london/the-ledger-building-docklands?utm_source= 🍽️ Food available 🍹 Cocktails available ☀️ Beer garden available,51.5077,-0.0238721,10,LEFFE BLONDE,£6.37,6.37,"https://www.pint-prices.com/pub/West%20India%20Quay,%204%20Hertsmere%20Rd,%20London%20E14%204AL,%20UK/The%20Ledger%20Building%20-%20JD%20Wetherspoon",2026-07-03T23:10:47+00:00
VEEN SHISHA,"Westmoreland Place, Churchill Way, Bromley BR1 1EA, UK",07450 084808 🌐 http://shishapoint.co.uk/ 📧Phone them,51.4027,0.0148378,1,MADRI,£5.50,5.5,"https://www.pint-prices.com/pub/Westmoreland%20Place,%20Churchill%20Way,%20Bromley%20BR1%201EA,%20UK/VEEN%20SHISHA",2026-07-03T23:10:47+00:00
Green Man,"Wildcroft Rd, London SW15 3NG",2087888096 🌐 https://www.greenmanputney.co.uk/ 🍽️ Food available 🍹 Cocktails available ☀️ Beer garden available ⚽ Live sports shown ❓ Pub quiz available,51.4516,-0.224359,1,YOUNGS ORIGINAL,£5.65,5.65,"https://www.pint-prices.com/pub/Wildcroft%20Rd,%20London%20SW15%203NG/Green%20Man",2026-07-03T23:10:47+00:00
Green Man,"Wildcroft Rd, London SW15 3NG",2087888096 🌐 https://www.greenmanputney.co.uk/ 🍽️ Food available 🍹 Cocktails available ☀️ Beer garden available ⚽ Live sports shown ❓ Pub quiz available,51.4516,-0.224359,2,PRAVHA,£6.00,6.0,"https://www.pint-prices.com/pub/Wildcroft%20Rd,%20London%20SW15%203NG/Green%20Man",2026-07-03T23:10:47+00:00
Green Man,"Wildcroft Rd, London SW15 3NG",2087888096 🌐 https://www.greenmanputney.co.uk/ 🍽️ Food available 🍹 Cocktails available ☀️ Beer garden available ⚽ Live sports shown ❓ Pub quiz available,51.4516,-0.224359,3,GUINNESS,£6.70,6.7,"https://www.pint-prices.com/pub/Wildcroft%20Rd,%20London%20SW15%203NG/Green%20Man",2026-07-03T23:10:47+00:00
Pavilion,"Wood Lane, W12 0HQ",🌐 https://www.greeneking.co.uk/pubs/greater-london/pavilion 🍽️ Food available 🍹 Cocktails available ☀️ Beer garden available ⚽ Live sports shown,51.5188,-0.227991,1,FOSTERS,£5.25,5.25,"https://www.pint-prices.com/pub/Wood%20Lane,%20W12%200HQ/Pavilion",2026-07-03T23:10:47+00:00
Pavilion,"Wood Lane, W12 0HQ",🌐 https://www.greeneking.co.uk/pubs/greater-london/pavilion 🍽️ Food available 🍹 Cocktails available ☀️ Beer garden available ⚽ Live sports shown,51.5188,-0.227991,2,AMSTEL,£5.45,5.45,"https://www.pint-prices.com/pub/Wood%20Lane,%20W12%200HQ/Pavilion",2026-07-03T23:10:47+00:00
Pavilion,"Wood Lane, W12 0HQ",🌐 https://www.greeneking.co.uk/pubs/greater-london/pavilion 🍽️ Food available 🍹 Cocktails available ☀️ Beer garden available ⚽ Live sports shown,51.5188,-0.227991,3,GUINNESS,£5.50,5.5,"https://www.pint-prices.com/pub/Wood%20Lane,%20W12%200HQ/Pavilion",2026-07-03T23:10:47+00:00
Pavilion,"Wood Lane, W12 0HQ",🌐 https://www.greeneking.co.uk/pubs/greater-london/pavilion 🍽️ Food available 🍹 Cocktails available ☀️ Beer garden available ⚽ Live sports shown,51.5188,-0.227991,4,NECK OIL,£6.10,6.1,"https://www.pint-prices.com/pub/Wood%20Lane,%20W12%200HQ/Pavilion",2026-07-03T23:10:47+00:00
Pavilion,"Wood Lane, W12 0HQ",🌐 https://www.greeneking.co.uk/pubs/greater-london/pavilion 🍽️ Food available 🍹 Cocktails available ☀️ Beer garden available ⚽ Live sports shown,51.5188,-0.227991,5,BIRRA MORETTI,£6.20,6.2,"https://www.pint-prices.com/pub/Wood%20Lane,%20W12%200HQ/Pavilion",2026-07-03T23:10:47+00:00
Pavilion,"Wood Lane, W12 0HQ",🌐 https://www.greeneking.co.uk/pubs/greater-london/pavilion 🍽️ Food available 🍹 Cocktails available ☀️ Beer garden available ⚽ Live sports shown,51.5188,-0.227991,6,PERONI,£6.45,6.45,"https://www.pint-prices.com/pub/Wood%20Lane,%20W12%200HQ/Pavilion",2026-07-03T23:10:47+00:00
Beechwood Sport Pub & Kitchen,"Worship St, London EC2A 2FA",🌐 https://beechwoodsportspub.com/ 🍽️ Food available ⚽ Live sports shown,51.5216,-0.0794693,1,AMSTEL,£6.40,6.4,"https://www.pint-prices.com/pub/Worship%20St,%20London%20EC2A%202FA/Beechwood%20Sport%20Pub%20%26%20Kitchen",2026-07-03T23:10:47+00:00
Beechwood Sport Pub & Kitchen,"Worship St, London EC2A 2FA",🌐 https://beechwoodsportspub.com/ 🍽️ Food available ⚽ Live sports shown,51.5216,-0.0794693,2,AMSTEL,£6.40,6.4,"https://www.pint-prices.com/pub/Worship%20St,%20London%20EC2A%202FA/Beechwood%20Sport%20Pub%20%26%20Kitchen",2026-07-03T23:10:47+00:00
The Open Ditch,Wr26ny,,52.2424,-2.27274,1,ASAHI,£4.30,4.3,https://www.pint-prices.com/pub/Wr26ny/The%20Open%20Ditch,2026-07-03T23:10:47+00:00
The Black Horse,en6 3ps,,51.7023,-0.23857,1,BIRRA MORETTI,£5.60,5.6,https://www.pint-prices.com/pub/en6%203ps/The%20Black%20Horse,2026-07-03T23:10:47+00:00
Ye Olde Black Bear,gl20 5bj,,51.9962,-2.15598,1,STOWFORD PRESS,£4.60,4.6,https://www.pint-prices.com/pub/gl20%205bj/Ye%20Olde%20Black%20Bear,2026-07-03T23:10:47+00:00
Ye Olde Black Bear,gl20 5bj,,51.9962,-2.15598,2,STOWFORD PRESS,£5.40,5.4,https://www.pint-prices.com/pub/gl20%205bj/Ye%20Olde%20Black%20Bear,2026-07-03T23:10:47+00:00
Ye Olde Black Bear,gl20 5jb,,51.9874,-2.15374,1,STOWFORD PRESS,£5.40,5.4,https://www.pint-prices.com/pub/gl20%205jb%20/Ye%20Olde%20Black%20Bear,2026-07-03T23:10:47+00:00
Ye Olde Black Bear,gl20 5jb,,51.9874,-2.15374,2,STOWFORD PRESS,£5.40,5.4,https://www.pint-prices.com/pub/gl20%205jb%20/Ye%20Olde%20Black%20Bear,2026-07-03T23:10:47+00:00
The Union Rooms,pl1 2su,,50.3695,-4.148,1,COORS,£2.99,2.99,https://www.pint-prices.com/pub/pl1%202su/The%20Union%20Rooms,2026-07-03T23:10:47+00:00
Samuels and Co,pr84ag,,52.4018,-0.0831148,1,SAMUELS PILSNER,£5.00,5.0,https://www.pint-prices.com/pub/pr84ag/Samuels%20and%20Co,2026-07-03T23:10:47+00:00
Samuels and Co,pr84ag,,52.4018,-0.0831148,2,MENABREA,£5.50,5.5,https://www.pint-prices.com/pub/pr84ag/Samuels%20and%20Co,2026-07-03T23:10:47+00:00
The Lido Cafe (Now 400 Rabbits),"the lido cafe, Dulwich Rd, London SE24 0PA, UK",🌐 http://www.400rabbits.co.uk/hernehill 📧info@400rabbits.co.uk 🍽️ Food available,51.4533,-0.106092,1,KELLER PILSNER,£6.70,6.7,"https://www.pint-prices.com/pub/the%20lido%20cafe,%20Dulwich%20Rd,%20London%20SE24%200PA,%20UK/The%20Lido%20Cafe%20(Now%20400%20Rabbits)",2026-07-03T23:10:47+00:00
Rushmere,wimbledon,,51.4215,-0.206403,1,GUINESS,£6.55,6.55,https://www.pint-prices.com/pub/wimbledon/Rushmere,2026-07-03T23:10:47+00:00
