{"type":"FeatureCollection","provenance":{"source":"https://www.jdwetherspoon.com/wp-json/wp/v2/pubs","observedAt":"2026-07-11T11:51:37Z","kind":"scraped-directory"},"features":[{"type":"Feature","geometry":{"type":"Point","coordinates":[-1.283443,51.670176]},"properties":{"name":"The Narrows","slug":"the-narrows-abingdon-on-thames","jdwPubId":"5779","townCity":"Abingdon-on-Thames","postcode":"OX14 5BB","country":"England","pageUrl":"https://www.jdwetherspoon.com/pubs/the-narrows-abingdon-on-thames/","menuUrl":"https://www.jdwetherspoon.com/pub-menus/the-narrows-abingdon-on-thames/","facilities":["Step-free access","Baby change","Changing places","Wi-Fi","TV screens","Licensed outside area"],"regions":["England","Oxfordshire"],"source":"J D Wetherspoon official site (WP REST via Firecrawl)","observedAt":"2026-07-11T11:51:37Z"}},{"type":"Feature","geometry":{"type":"Point","coordinates":[-2.363892,53.752709]},"properties":{"name":"The Commercial Hotel","slug":"the-commercial-hotel-accrington","jdwPubId":"6652","townCity":"Accrington","postcode":"BB5 2EN","country":"England","pageUrl":"https://www.jdwetherspoon.com/pubs/the-commercial-hotel-accrington/","menuUrl":"https://www.jdwetherspoon.com/pub-menus/the-commercial-hotel-accrington/","facilities":["Wi-Fi","TV screens","Licensed outside area","Baby change","Step-free access"],"regions":["England","Lancashire"],"source":"J D Wetherspoon official site (WP REST via Firecrawl)","observedAt":"2026-07-11T11:51:37Z"}},{"type":"Feature","geometry":{"type":"Point","coordinates":[-0.276566,51.508265]},"properties":{"name":"The Red Lion & Pineapple","slug":"the-red-lion-pineapple-acton","jdwPubId":"59","townCity":"Acton","postcode":"W3 9BP","country":"England","pageUrl":"https://www.jdwetherspoon.com/pubs/the-red-lion-pineapple-acton/","menuUrl":"https://www.jdwetherspoon.com/pub-menus/the-red-lion-pineapple-acton/","facilities":["Step-free access","Licensed outside area","TV screens","Wi-Fi"],"regions":["England","Ealing"],"source":"J D Wetherspoon official site (WP REST via Firecrawl)","observedAt":"2026-07-11T11:51:37Z"}},{"type":"Feature","geometry":{"type":"Point","coordinates":[-0.767638,51.249835]},"properties":{"name":"The Queen Hotel","slug":"the-queen-hotel-aldershot","jdwPubId":"7211","townCity":"Aldershot","postcode":"GU11 1BH","country":"England","pageUrl":"https://www.jdwetherspoon.com/pubs/the-queen-hotel-aldershot/","menuUrl":"https://www.jdwetherspoon.com/pub-menus/the-queen-hotel-aldershot/","facilities":["Step-free access","Baby change","Accommodation","Wi-Fi"],"regions":["England","Hampshire"],"source":"J D Wetherspoon official site (WP REST via Firecrawl)","observedAt":"2026-07-11T11:51:37Z"}},{"type":"Feature","geometry":{"type":"Point","coordinates":[-1.919698,52.603429]},"properties":{"name":"The Avion","slug":"the-avion-aldridge","jdwPubId":"6882","townCity":"Aldridge","postcode":"WS9 8PT","country":"England","pageUrl":"https://www.jdwetherspoon.com/pubs/the-avion-aldridge/","menuUrl":"https://www.jdwetherspoon.com/pub-menus/the-avion-aldridge/","facilities":["Wi-Fi","Step-free access","Licensed outside area","TV screens"],"regions":["England","West Midlands"],"source":"J D Wetherspoon official site (WP REST via Firecrawl)","observedAt":"2026-07-11T11:51:37Z"}},{"type":"Feature","geometry":{"type":"Point","coordinates":[-1.390282,53.097116]},"properties":{"name":"Waggon and Horses","slug":"waggon-and-horses-alfreton","jdwPubId":"5103","townCity":"Alfreton","postcode":"DE55 7AF","country":"England","pageUrl":"https://www.jdwetherspoon.com/pubs/waggon-and-horses-alfreton/","menuUrl":"https://www.jdwetherspoon.com/pub-menus/waggon-and-horses-alfreton/","facilities":["Step-free access","Baby change","Licensed outside area","TV screens","Wi-Fi"],"regions":["England","Derbyshire"],"source":"J D Wetherspoon official site (WP REST via Firecrawl)","observedAt":"2026-07-11T11:51:37Z"}},{"type":"Feature","geometry":{"type":"Point","coordinates":[-0.978074,51.146559]},"properties":{"name":"The Ivy House","slug":"the-ivy-house-alton","jdwPubId":"5731","townCity":"Alton","postcode":"GU34 1SS","country":"England","pageUrl":"https://www.jdwetherspoon.com/pubs/the-ivy-house-alton/","menuUrl":"https://www.jdwetherspoon.com/pub-menus/the-ivy-house-alton/","facilities":["Wi-Fi","TV screens","Licensed outside area","Baby change","Step-free access"],"regions":["England","Hampshire"],"source":"J D Wetherspoon official site (WP REST via Firecrawl)","observedAt":"2026-07-11T11:51:37Z"}},{"type":"Feature","geometry":{"type":"Point","coordinates":[-2.352027,53.38416]},"properties":{"name":"The Unicorn","slug":"the-unicorn-altrincham","jdwPubId":"1632","townCity":"Altrincham","postcode":"WA14 2DP","country":"England","pageUrl":"https://www.jdwetherspoon.com/pubs/the-unicorn-altrincham/","menuUrl":"https://www.jdwetherspoon.com/pub-menus/the-unicorn-altrincham/","facilities":["Wi-Fi","TV screens","Licensed outside area","Baby change","Step-free access"],"regions":["England","Cheshire"],"source":"J D Wetherspoon official site (WP REST via Firecrawl)","observedAt":"2026-07-11T11:51:37Z"}},{"type":"Feature","geometry":{"type":"Point","coordinates":[-1.780965,51.172115]},"properties":{"name":"The Bell","slug":"the-bell-amesbury","jdwPubId":"6638","townCity":"Amesbury","postcode":"SP4 7AW","country":"England","pageUrl":"https://www.jdwetherspoon.com/pubs/the-bell-amesbury/","menuUrl":"https://www.jdwetherspoon.com/pub-menus/the-bell-amesbury/","facilities":["Step-free access","Baby change","Licensed outside area","TV screens"],"regions":["England","Wiltshire"],"source":"J D Wetherspoon official site (WP REST via Firecrawl)","observedAt":"2026-07-11T11:51:37Z"}},{"type":"Feature","geometry":{"type":"Point","coordinates":[-1.478963,51.206874]},"properties":{"name":"The John Russell Fox","slug":"the-john-russell-fox-andover","jdwPubId":"1345","townCity":"Andover","postcode":"SP10 1NY","country":"England","pageUrl":"https://www.jdwetherspoon.com/pubs/the-john-russell-fox-andover/","menuUrl":"https://www.jdwetherspoon.com/pub-menus/the-john-russell-fox-andover/","facilities":["Step-free access","Baby change","Licensed outside area","Wi-Fi","TV screens","Accommodation"],"regions":["England","Hampshire"],"source":"J D Wetherspoon official site (WP REST via Firecrawl)","observedAt":"2026-07-11T11:51:37Z"}},{"type":"Feature","geometry":{"type":"Point","coordinates":[-1.130417,53.001748]},"properties":{"name":"The Ernehale","slug":"the-ernehale-arnold","jdwPubId":"1168","townCity":"Arnold","postcode":"NG5 6JN","country":"England","pageUrl":"https://www.jdwetherspoon.com/pubs/the-ernehale-arnold/","menuUrl":"https://www.jdwetherspoon.com/pub-menus/the-ernehale-arnold/","facilities":["Step-free access","Baby change","Licensed outside area","TV screens","Wi-Fi"],"regions":["England","Nottinghamshire"],"source":"J D Wetherspoon official site (WP REST via Firecrawl)","observedAt":"2026-07-11T11:51:37Z"}},{"type":"Feature","geometry":{"type":"Point","coordinates":[-1.473575,52.746712]},"properties":{"name":"The Shoulder of Mutton","slug":"the-shoulder-of-mutton-ashby-de-la-zouch","jdwPubId":"6901","townCity":"Ashby-de-la-Zouch","postcode":"LE65 1AF","country":"England","pageUrl":"https://www.jdwetherspoon.com/pubs/the-shoulder-of-mutton-ashby-de-la-zouch/","menuUrl":"https://www.jdwetherspoon.com/pub-menus/the-shoulder-of-mutton-ashby-de-la-zouch/","facilities":["Step-free access","Licensed outside area","Wi-Fi"],"regions":["England","Leicestershire"],"source":"J D Wetherspoon official site (WP REST via Firecrawl)","observedAt":"2026-07-11T11:51:37Z"}},{"type":"Feature","geometry":{"type":"Point","coordinates":[0.875148,51.149034]},"properties":{"name":"The County Hotel","slug":"the-county-hotel-ashford","jdwPubId":"530","townCity":"Ashford","postcode":"TN24 8TD","country":"England","pageUrl":"https://www.jdwetherspoon.com/pubs/the-county-hotel-ashford/","menuUrl":"https://www.jdwetherspoon.com/pub-menus/the-county-hotel-ashford/","facilities":["Wi-Fi","TV screens","Licensed outside area","Baby change","Step-free access"],"regions":["England","Kent"],"source":"J D Wetherspoon official site (WP REST via Firecrawl)","observedAt":"2026-07-11T11:51:37Z"}},{"type":"Feature","geometry":{"type":"Point","coordinates":[-1.567594,55.183414]},"properties":{"name":"The Rohan Kanhai","slug":"the-rohan-kanhai-ashington","jdwPubId":"548","townCity":"Ashington","postcode":"NE63 9UX","country":"England","pageUrl":"https://www.jdwetherspoon.com/pubs/the-rohan-kanhai-ashington/","menuUrl":"https://www.jdwetherspoon.com/pub-menus/the-rohan-kanhai-ashington/","facilities":["Step-free access","Licensed outside area","TV screens","Wi-Fi"],"regions":["England","Northumberland"],"source":"J D Wetherspoon official site (WP REST via Firecrawl)","observedAt":"2026-07-11T11:51:37Z"}},{"type":"Feature","geometry":{"type":"Point","coordinates":[-2.637073,53.486816]},"properties":{"name":"The Sir Thomas Gerard","slug":"the-sir-thomas-gerard-ashton-in-makerfield","jdwPubId":"543","townCity":"Ashton-in-Makerfield","postcode":"WN4 9AN","country":"England","pageUrl":"https://www.jdwetherspoon.com/pubs/the-sir-thomas-gerard-ashton-in-makerfield/","menuUrl":"https://www.jdwetherspoon.com/pub-menus/the-sir-thomas-gerard-ashton-in-makerfield/","facilities":["Wi-Fi","Step-free access","Licensed outside area","TV screens"],"regions":["England","Lancashire"],"source":"J D Wetherspoon official site (WP REST via Firecrawl)","observedAt":"2026-07-11T11:51:37Z"}},{"type":"Feature","geometry":{"type":"Point","coordinates":[-2.092356,53.489888]},"properties":{"name":"The Ash Tree","slug":"the-ash-tree-ashton-under-lyne","jdwPubId":"311","townCity":"Ashton-under-Lyne","postcode":"OL6 6DA","country":"England","pageUrl":"https://www.jdwetherspoon.com/pubs/the-ash-tree-ashton-under-lyne/","menuUrl":"https://www.jdwetherspoon.com/pub-menus/the-ash-tree-ashton-under-lyne/","facilities":["Step-free access","Baby change","Licensed outside area","TV screens","Wi-Fi"],"regions":["England","Lancashire"],"source":"J D Wetherspoon official site (WP REST via Firecrawl)","observedAt":"2026-07-11T11:51:37Z"}},{"type":"Feature","geometry":{"type":"Point","coordinates":[-0.809839,51.815398]},"properties":{"name":"The White Hart","slug":"the-white-hart-aylesbury","jdwPubId":"6402","townCity":"Aylesbury","postcode":"HP20 1UR","country":"England","pageUrl":"https://www.jdwetherspoon.com/pubs/the-white-hart-aylesbury/","menuUrl":"https://www.jdwetherspoon.com/pub-menus/the-white-hart-aylesbury/","facilities":["Music","Step-free access","Baby change","Projector and screen","Licensed outside area","TV screens","Wi-Fi"],"regions":["England","Buckinghamshire"],"source":"J D Wetherspoon official site (WP REST via Firecrawl)","observedAt":"2026-07-11T11:51:37Z"}},{"type":"Feature","geometry":{"type":"Point","coordinates":[-1.33877,52.060556]},"properties":{"name":"The Exchange","slug":"the-exchange-banbury","jdwPubId":"258","townCity":"Banbury","postcode":"OX16 5LA","country":"England","pageUrl":"https://www.jdwetherspoon.com/pubs/the-exchange-banbury/","menuUrl":"https://www.jdwetherspoon.com/pub-menus/the-exchange-banbury/","facilities":["Step-free access","Baby change","TV screens","Wi-Fi"],"regions":["England","Oxfordshire"],"source":"J D Wetherspoon official site (WP REST via Firecrawl)","observedAt":"2026-07-11T11:51:37Z"}},{"type":"Feature","geometry":{"type":"Point","coordinates":[-0.173009,51.650381]},"properties":{"name":"The Railway Bell","slug":"the-railway-bell-barnet","jdwPubId":"9","townCity":"Barnet","postcode":"EN4 8RR","country":"England","pageUrl":"https://www.jdwetherspoon.com/pubs/the-railway-bell-barnet/","menuUrl":"https://www.jdwetherspoon.com/pub-menus/the-railway-bell-barnet/","facilities":["Wi-Fi","TV screens","Licensed outside area","Baby change","Step-free access"],"regions":["England","Barnet"],"source":"J D Wetherspoon official site (WP REST via Firecrawl)","observedAt":"2026-07-11T11:51:37Z"}},{"type":"Feature","geometry":{"type":"Point","coordinates":[-1.481735,53.552901]},"properties":{"name":"The Joseph Bramah","slug":"the-joseph-bramah-barnsley","jdwPubId":"5279","townCity":"Barnsley","postcode":"S70 2PX","country":"England","pageUrl":"https://www.jdwetherspoon.com/pubs/the-joseph-bramah-barnsley/","menuUrl":"https://www.jdwetherspoon.com/pub-menus/the-joseph-bramah-barnsley/","facilities":["Wi-Fi","TV screens","Licensed outside area","Baby change","Step-free access","Music"],"regions":["England","South Yorkshire"],"source":"J D Wetherspoon official site (WP REST via Firecrawl)","observedAt":"2026-07-11T11:51:37Z"}},{"type":"Feature","geometry":{"type":"Point","coordinates":[-4.05812,51.08076]},"properties":{"name":"The Panniers","slug":"the-panniers-barnstaple","jdwPubId":"1155","townCity":"Barnstaple","postcode":"EX31 1RX","country":"England","pageUrl":"https://www.jdwetherspoon.com/pubs/the-panniers-barnstaple/","menuUrl":"https://www.jdwetherspoon.com/pub-menus/the-panniers-barnstaple/","facilities":["Step-free access","Licensed outside area","TV screens","Wi-Fi"],"regions":["England","Devon"],"source":"J D Wetherspoon official site (WP REST via Firecrawl)","observedAt":"2026-07-11T11:51:37Z"}},{"type":"Feature","geometry":{"type":"Point","coordinates":[-4.06028,51.078846]},"properties":{"name":"The Water Gate","slug":"the-water-gate-barnstaple","jdwPubId":"5978","townCity":"Barnstaple","postcode":"EX31 1EU","country":"England","pageUrl":"https://www.jdwetherspoon.com/pubs/the-water-gate-barnstaple/","menuUrl":"https://www.jdwetherspoon.com/pub-menus/the-water-gate-barnstaple/","facilities":["Music","Step-free access","Baby change","Projector and screen","Licensed outside area","TV screens"],"regions":["England","Devon"],"source":"J D Wetherspoon official site (WP REST via Firecrawl)","observedAt":"2026-07-11T11:51:37Z"}},{"type":"Feature","geometry":{"type":"Point","coordinates":[-3.227954,54.115776]},"properties":{"name":"The Furness Railway","slug":"the-furness-railway-barrow-in-furness","jdwPubId":"516","townCity":"Barrow-in-Furness","postcode":"LA14 5UB","country":"England","pageUrl":"https://www.jdwetherspoon.com/pubs/the-furness-railway-barrow-in-furness/","menuUrl":"https://www.jdwetherspoon.com/pub-menus/the-furness-railway-barrow-in-furness/","facilities":["Wi-Fi","TV screens","Accommodation","Licensed outside area","Baby change","Meeting facilities","Step-free access"],"regions":["England","Cumbria"],"source":"J D Wetherspoon official site (WP REST via Firecrawl)","observedAt":"2026-07-11T11:51:37Z"}},{"type":"Feature","geometry":{"type":"Point","coordinates":[0.45908,51.57015]},"properties":{"name":"Sigered, King of Essex","slug":"sigered-king-of-essex-basildon","jdwPubId":"7578","townCity":"Basildon","postcode":"SS14 1HG","country":"England","pageUrl":"https://www.jdwetherspoon.com/pubs/sigered-king-of-essex-basildon/","menuUrl":"https://www.jdwetherspoon.com/pub-menus/sigered-king-of-essex-basildon/","facilities":["Wi-Fi","TV screens","Baby change","Step-free access"],"regions":["England","Essex"],"source":"J D Wetherspoon official site (WP REST via Firecrawl)","observedAt":"2026-07-11T11:51:37Z"}},{"type":"Feature","geometry":{"type":"Point","coordinates":[-1.085469,51.265567]},"properties":{"name":"The Angel","slug":"the-angel-basingstoke","jdwPubId":"4084","townCity":"Basingstoke","postcode":"RG21 7BB","country":"England","pageUrl":"https://www.jdwetherspoon.com/pubs/the-angel-basingstoke/","menuUrl":"https://www.jdwetherspoon.com/pub-menus/the-angel-basingstoke/","facilities":["Wi-Fi","TV screens","Licensed outside area","Baby change","Step-free access"],"regions":["England","Hampshire"],"source":"J D Wetherspoon official site (WP REST via Firecrawl)","observedAt":"2026-07-11T11:51:37Z"}},{"type":"Feature","geometry":{"type":"Point","coordinates":[-1.087566,51.262356]},"properties":{"name":"The Maidenhead Inn","slug":"the-maidenhead-inn-basingstoke","jdwPubId":"2803","townCity":"Basingstoke","postcode":"RG21 7ED","country":"England","pageUrl":"https://www.jdwetherspoon.com/pubs/the-maidenhead-inn-basingstoke/","menuUrl":"https://www.jdwetherspoon.com/pub-menus/the-maidenhead-inn-basingstoke/","facilities":["Wi-Fi","TV screens","Licensed outside area","Step-free access"],"regions":["England","Hampshire"],"source":"J D Wetherspoon official site (WP REST via Firecrawl)","observedAt":"2026-07-11T11:51:37Z"}},{"type":"Feature","geometry":{"type":"Point","coordinates":[-2.364582,51.380979]},"properties":{"name":"The King of Wessex","slug":"the-king-of-wessex-bath","jdwPubId":"2609","townCity":"Bath","postcode":"BA1 2BX","country":"England","pageUrl":"https://www.jdwetherspoon.com/pubs/the-king-of-wessex-bath/","menuUrl":"https://www.jdwetherspoon.com/pub-menus/the-king-of-wessex-bath/","facilities":["Wi-Fi","TV screens","Baby change","Step-free access"],"regions":["England","Somerset"],"source":"J D Wetherspoon official site (WP REST via Firecrawl)","observedAt":"2026-07-11T11:51:37Z"}},{"type":"Feature","geometry":{"type":"Point","coordinates":[-2.36124525,51.38495763]},"properties":{"name":"The Old Post Office","slug":"the-old-post-office-bath","jdwPubId":"7670","townCity":"Bath","postcode":"BA1 2EB","country":"England","pageUrl":"https://www.jdwetherspoon.com/pubs/the-old-post-office-bath/","menuUrl":"https://www.jdwetherspoon.com/pub-menus/the-old-post-office-bath/","facilities":["Music","Step-free access","Baby change","Licensed outside area","TV screens","Wi-Fi"],"regions":["England","Somerset"],"source":"J D Wetherspoon official site (WP REST via Firecrawl)","observedAt":"2026-07-11T11:51:37Z"}},{"type":"Feature","geometry":{"type":"Point","coordinates":[-1.628588,53.712637]},"properties":{"name":"The Union Rooms","slug":"the-union-rooms-batley","jdwPubId":"2080","townCity":"Batley","postcode":"WF17 5HW","country":"England","pageUrl":"https://www.jdwetherspoon.com/pubs/the-union-rooms-batley/","menuUrl":"https://www.jdwetherspoon.com/pub-menus/the-union-rooms-batley/","facilities":["Step-free access","Meeting facilities","Baby change","Projector and screen","Licensed outside area","TV screens"],"regions":["England","West Yorkshire"],"source":"J D Wetherspoon official site (WP REST via Firecrawl)","observedAt":"2026-07-11T11:51:37Z"}},{"type":"Feature","geometry":{"type":"Point","coordinates":[-0.167485,51.464029]},"properties":{"name":"The London and South Western","slug":"the-london-and-south-western-battersea","jdwPubId":"7249","townCity":"Battersea","postcode":"SW11 1LJ","country":"England","pageUrl":"https://www.jdwetherspoon.com/pubs/the-london-and-south-western-battersea/","menuUrl":"https://www.jdwetherspoon.com/pub-menus/the-london-and-south-western-battersea/","facilities":["Wi-Fi","TV screens","Changing places","Licensed outside area","Baby change","Step-free access"],"regions":["England","Wandsworth"],"source":"J D Wetherspoon official site (WP REST via Firecrawl)","observedAt":"2026-07-11T11:51:37Z"}},{"type":"Feature","geometry":{"type":"Point","coordinates":[-0.64577,51.61098]},"properties":{"name":"The Chiltern","slug":"the-chiltern-beaconsfield","jdwPubId":"7583","townCity":"Beaconsfield","postcode":"HP9 1QR","country":"England","pageUrl":"https://www.jdwetherspoon.com/pubs/the-chiltern-beaconsfield/","menuUrl":"https://www.jdwetherspoon.com/pub-menus/the-chiltern-beaconsfield/","facilities":["Wi-Fi","TV screens","Licensed outside area","Baby change","Step-free access"],"regions":["England","Buckinghamshire"],"source":"J D Wetherspoon official site (WP REST via Firecrawl)","observedAt":"2026-07-11T11:51:37Z"}},{"type":"Feature","geometry":{"type":"Point","coordinates":[1.563152,52.457558]},"properties":{"name":"The Kings Head Hotel","slug":"the-kings-head-hotel-beccles","jdwPubId":"6377","townCity":"Beccles","postcode":"NR34 9HA","country":"England","pageUrl":"https://www.jdwetherspoon.com/pubs/the-kings-head-hotel-beccles/","menuUrl":"https://www.jdwetherspoon.com/pub-menus/the-kings-head-hotel-beccles/","facilities":["Step-free access","Baby change","Licensed outside area","Accommodation","TV screens","Wi-Fi"],"regions":["England","Suffolk"],"source":"J D Wetherspoon official site (WP REST via Firecrawl)","observedAt":"2026-07-11T11:51:37Z"}},{"type":"Feature","geometry":{"type":"Point","coordinates":[-0.471718,52.136021]},"properties":{"name":"The Pilgrim’s Progress","slug":"the-pilgrims-progress-bedford","jdwPubId":"474","townCity":"Bedford","postcode":"MK40 1QB","country":"England","pageUrl":"https://www.jdwetherspoon.com/pubs/the-pilgrims-progress-bedford/","menuUrl":"https://www.jdwetherspoon.com/pub-menus/the-pilgrims-progress-bedford/","facilities":["Step-free access","Baby change","Licensed outside area","Changing places","Accommodation","TV screens","Wi-Fi","Meeting facilities"],"regions":["England","Bedfordshire"],"source":"J D Wetherspoon official site (WP REST via Firecrawl)","observedAt":"2026-07-11T11:51:37Z"}},{"type":"Feature","geometry":{"type":"Point","coordinates":[-1.600477,55.131345]},"properties":{"name":"The Red Lion","slug":"the-red-lion-bedlington","jdwPubId":"6389","townCity":"Bedlington","postcode":"NE22 5TZ","country":"England","pageUrl":"https://www.jdwetherspoon.com/pubs/the-red-lion-bedlington/","menuUrl":"https://www.jdwetherspoon.com/pub-menus/the-red-lion-bedlington/","facilities":["Step-free access","Licensed outside area","TV screens","Wi-Fi"],"regions":["England","Northumberland"],"source":"J D Wetherspoon official site (WP REST via Firecrawl)","observedAt":"2026-07-11T11:51:37Z"}},{"type":"Feature","geometry":{"type":"Point","coordinates":[-1.471069,52.479607]},"properties":{"name":"The Bear & Ragged Staff","slug":"the-bear-ragged-staff-bedworth","jdwPubId":"2145","townCity":"Bedworth","postcode":"CV12 8JA","country":"England","pageUrl":"https://www.jdwetherspoon.com/pubs/the-bear-ragged-staff-bedworth/","menuUrl":"https://www.jdwetherspoon.com/pub-menus/the-bear-ragged-staff-bedworth/","facilities":["Wi-Fi","Step-free access","Licensed outside area","TV screens"],"regions":["England","Warwickshire"],"source":"J D Wetherspoon official site (WP REST via Firecrawl)","observedAt":"2026-07-11T11:51:37Z"}},{"type":"Feature","geometry":{"type":"Point","coordinates":[-1.21682,52.926352]},"properties":{"name":"The Last Post","slug":"the-last-post-beeston","jdwPubId":"758","townCity":"Beeston","postcode":"NG9 1AA","country":"England","pageUrl":"https://www.jdwetherspoon.com/pubs/the-last-post-beeston/","menuUrl":"https://www.jdwetherspoon.com/pub-menus/the-last-post-beeston/","facilities":["Wi-Fi","TV screens","Licensed outside area","Baby change","Step-free access"],"regions":["England","Nottinghamshire"],"source":"J D Wetherspoon official site (WP REST via Firecrawl)","observedAt":"2026-07-11T11:51:37Z"}},{"type":"Feature","geometry":{"type":"Point","coordinates":[-0.563154,51.759795]},"properties":{"name":"The Crown","slug":"the-crown-berkhamsted","jdwPubId":"473","townCity":"Berkhamsted","postcode":"HP4 3HH","country":"England","pageUrl":"https://www.jdwetherspoon.com/pubs/the-crown-berkhamsted/","menuUrl":"https://www.jdwetherspoon.com/pub-menus/the-crown-berkhamsted/","facilities":["Step-free access","Licensed outside area","Wi-Fi"],"regions":["England","Hertfordshire"],"source":"J D Wetherspoon official site (WP REST via Firecrawl)","observedAt":"2026-07-11T11:51:37Z"}},{"type":"Feature","geometry":{"type":"Point","coordinates":[-1.93405143,55.68629442]},"properties":{"name":"The Sir Thomas Haggerston","slug":"the-sir-thomas-haggerston-berwick-upon-tweed","jdwPubId":"7906","townCity":"Berwick-upon-Tweed","postcode":"TD15 2PA","country":"England","pageUrl":"https://www.jdwetherspoon.com/pubs/the-sir-thomas-haggerston-berwick-upon-tweed/","menuUrl":"https://www.jdwetherspoon.com/pub-menus/the-sir-thomas-haggerston-berwick-upon-tweed/","facilities":["Wi-Fi","Sky Sports","TV screens","Changing places","Licensed outside area","Baby change","Electric vehicle charging","Step-free access"],"regions":["England","Northumberland"],"source":"J D Wetherspoon official site (WP REST via Firecrawl)","observedAt":"2026-07-11T11:51:37Z"}},{"type":"Feature","geometry":{"type":"Point","coordinates":[-0.433352,53.84292]},"properties":{"name":"The Cross Keys","slug":"the-cross-keys-beverley","jdwPubId":"6803","townCity":"Beverley","postcode":"HU17 8EE","country":"England","pageUrl":"https://www.jdwetherspoon.com/pubs/the-cross-keys-beverley/","menuUrl":"https://www.jdwetherspoon.com/pub-menus/the-cross-keys-beverley/","facilities":["Step-free access","Meeting facilities","Baby change","Wi-Fi","TV screens","Licensed outside area"],"regions":["England","East Riding of Yorkshire"],"source":"J D Wetherspoon official site (WP REST via Firecrawl)","observedAt":"2026-07-11T11:51:37Z"}},{"type":"Feature","geometry":{"type":"Point","coordinates":[-2.315428,52.37577]},"properties":{"name":"George Hotel","slug":"george-hotel-bewdley","jdwPubId":"5504","townCity":"Bewdley","postcode":"DY12 2AW","country":"England","pageUrl":"https://www.jdwetherspoon.com/pubs/george-hotel-bewdley/","menuUrl":"https://www.jdwetherspoon.com/pub-menus/george-hotel-bewdley/","facilities":["TV screens","Accommodation","Licensed outside area","Baby change","Step-free access"],"regions":["England","Worcestershire"],"source":"J D Wetherspoon official site (WP REST via Firecrawl)","observedAt":"2026-07-11T11:51:37Z"}},{"type":"Feature","geometry":{"type":"Point","coordinates":[0.4691042,50.8402211]},"properties":{"name":"The Picture Playhouse","slug":"the-picture-playhouse-bexhill-on-sea","jdwPubId":"7139","townCity":"Bexhill-on-Sea","postcode":"TN40 1DY","country":"England","pageUrl":"https://www.jdwetherspoon.com/pubs/the-picture-playhouse-bexhill-on-sea/","menuUrl":"https://www.jdwetherspoon.com/pub-menus/the-picture-playhouse-bexhill-on-sea/","facilities":["Wi-Fi","TV screens","Baby change"],"regions":["England","East Sussex"],"source":"J D Wetherspoon official site (WP REST via Firecrawl)","observedAt":"2026-07-11T11:51:37Z"}},{"type":"Feature","geometry":{"type":"Point","coordinates":[0.147673,51.456605]},"properties":{"name":"The Furze Wren","slug":"the-furze-wren-bexleyheath","jdwPubId":"2862","townCity":"Bexleyheath","postcode":"DA7 4JD","country":"England","pageUrl":"https://www.jdwetherspoon.com/pubs/the-furze-wren-bexleyheath/","menuUrl":"https://www.jdwetherspoon.com/pub-menus/the-furze-wren-bexleyheath/","facilities":["Wi-Fi","Step-free access","Baby change","Licensed outside area","TV screens"],"regions":["England","Bexley"],"source":"J D Wetherspoon official site (WP REST via Firecrawl)","observedAt":"2026-07-11T11:51:37Z"}},{"type":"Feature","geometry":{"type":"Point","coordinates":[0.137447,51.457745]},"properties":{"name":"The Wrong ’Un","slug":"the-wrong-un-bexleyheath","jdwPubId":"100","townCity":"Bexleyheath","postcode":"DA6 8AS","country":"England","pageUrl":"https://www.jdwetherspoon.com/pubs/the-wrong-un-bexleyheath/","menuUrl":"https://www.jdwetherspoon.com/pub-menus/the-wrong-un-bexleyheath/","facilities":["Step-free access","Baby change","TV screens","Wi-Fi"],"regions":["England","Bexley"],"source":"J D Wetherspoon official site (WP REST via Firecrawl)","observedAt":"2026-07-11T11:51:37Z"}},{"type":"Feature","geometry":{"type":"Point","coordinates":[-1.151713,51.898817]},"properties":{"name":"The Penny Black","slug":"the-penny-black-bicester","jdwPubId":"556","townCity":"Bicester","postcode":"OX26 6JW","country":"England","pageUrl":"https://www.jdwetherspoon.com/pubs/the-penny-black-bicester/","menuUrl":"https://www.jdwetherspoon.com/pub-menus/the-penny-black-bicester/","facilities":["Step-free access","Baby change","Licensed outside area","TV screens","Wi-Fi"],"regions":["England","Oxfordshire"],"source":"J D Wetherspoon official site (WP REST via Firecrawl)","observedAt":"2026-07-11T11:51:37Z"}},{"type":"Feature","geometry":{"type":"Point","coordinates":[-2.176331,53.115715]},"properties":{"name":"The Bradley Green","slug":"the-bradley-green-biddulph","jdwPubId":"1898","townCity":"Biddulph","postcode":"ST8 6AS","country":"England","pageUrl":"https://www.jdwetherspoon.com/pubs/the-bradley-green-biddulph/","menuUrl":"https://www.jdwetherspoon.com/pub-menus/the-bradley-green-biddulph/","facilities":["Wi-Fi","TV screens","Licensed outside area","Baby change","Step-free access"],"regions":["England","Staffordshire"],"source":"J D Wetherspoon official site (WP REST via Firecrawl)","observedAt":"2026-07-11T11:51:37Z"}},{"type":"Feature","geometry":{"type":"Point","coordinates":[-4.205854,51.019901]},"properties":{"name":"The Rose Salterne","slug":"the-rose-salterne-bideford","jdwPubId":"6449","townCity":"Bideford","postcode":"EX39 2PZ","country":"England","pageUrl":"https://www.jdwetherspoon.com/pubs/the-rose-salterne-bideford/","menuUrl":"https://www.jdwetherspoon.com/pub-menus/the-rose-salterne-bideford/","facilities":["Licensed outside area","Step-free access","TV screens","Wi-Fi"],"regions":["England","Devon"],"source":"J D Wetherspoon official site (WP REST via Firecrawl)","observedAt":"2026-07-11T11:51:37Z"}},{"type":"Feature","geometry":{"type":"Point","coordinates":[-0.264907,52.0869051]},"properties":{"name":"The Crown Hotel","slug":"the-crown-hotel-biggleswade","jdwPubId":"7243","townCity":"Biggleswade","postcode":"SG18 0JE","country":"England","pageUrl":"https://www.jdwetherspoon.com/pubs/the-crown-hotel-biggleswade/","menuUrl":"https://www.jdwetherspoon.com/pub-menus/the-crown-hotel-biggleswade/","facilities":["Step-free access","Baby change","Licensed outside area","Changing places","Accommodation","TV screens","Wi-Fi"],"regions":["England","Bedfordshire"],"source":"J D Wetherspoon official site (WP REST via Firecrawl)","observedAt":"2026-07-11T11:51:37Z"}},{"type":"Feature","geometry":{"type":"Point","coordinates":[0.418519,51.626914]},"properties":{"name":"The Blue Boar","slug":"the-blue-boar-billericay","jdwPubId":"1379","townCity":"Billericay","postcode":"CM12 9BA","country":"England","pageUrl":"https://www.jdwetherspoon.com/pubs/the-blue-boar-billericay/","menuUrl":"https://www.jdwetherspoon.com/pub-menus/the-blue-boar-billericay/","facilities":["Wi-Fi","TV screens","Licensed outside area","Baby change","Step-free access"],"regions":["England","Essex"],"source":"J D Wetherspoon official site (WP REST via Firecrawl)","observedAt":"2026-07-11T11:51:37Z"}},{"type":"Feature","geometry":{"type":"Point","coordinates":[-1.294102,54.607379]},"properties":{"name":"The Half Moon Inn","slug":"the-half-moon-inn-billingham","jdwPubId":"7043","townCity":"Billingham","postcode":"TS23 2NW","country":"England","pageUrl":"https://www.jdwetherspoon.com/pubs/the-half-moon-inn-billingham/","menuUrl":"https://www.jdwetherspoon.com/pub-menus/the-half-moon-inn-billingham/","facilities":["Step-free access","Baby change","TV screens","Wi-Fi"],"regions":["England","Stockton-on-Tees"],"source":"J D Wetherspoon official site (WP REST via Firecrawl)","observedAt":"2026-07-11T11:51:37Z"}},{"type":"Feature","geometry":{"type":"Point","coordinates":[-2.080305,52.564048]},"properties":{"name":"The Sir Henry Newbolt","slug":"the-sir-henry-newbolt-bilston","jdwPubId":"1470","townCity":"Bilston","postcode":"WV14 0EP","country":"England","pageUrl":"https://www.jdwetherspoon.com/pubs/the-sir-henry-newbolt-bilston/","menuUrl":"https://www.jdwetherspoon.com/pub-menus/the-sir-henry-newbolt-bilston/","facilities":["Wi-Fi","TV screens","Licensed outside area","Step-free access"],"regions":["England","West Midlands"],"source":"J D Wetherspoon official site (WP REST via Firecrawl)","observedAt":"2026-07-11T11:51:37Z"}},{"type":"Feature","geometry":{"type":"Point","coordinates":[-0.951655,52.952653]},"properties":{"name":"The Butter Cross","slug":"the-butter-cross-bingham","jdwPubId":"6487","townCity":"Bingham","postcode":"NG13 8AP","country":"England","pageUrl":"https://www.jdwetherspoon.com/pubs/the-butter-cross-bingham/","menuUrl":"https://www.jdwetherspoon.com/pub-menus/the-butter-cross-bingham/","facilities":["Wi-Fi","TV screens","Licensed outside area","Meeting facilities","Step-free access"],"regions":["England","Nottinghamshire"],"source":"J D Wetherspoon official site (WP REST via Firecrawl)","observedAt":"2026-07-11T11:51:37Z"}},{"type":"Feature","geometry":{"type":"Point","coordinates":[-1.837362,53.847262]},"properties":{"name":"The Myrtle Grove","slug":"the-myrtle-grove-bingley","jdwPubId":"1739","townCity":"Bingley","postcode":"BD16 1AJ","country":"England","pageUrl":"https://www.jdwetherspoon.com/pubs/the-myrtle-grove-bingley/","menuUrl":"https://www.jdwetherspoon.com/pub-menus/the-myrtle-grove-bingley/","facilities":["TV screens","Licensed outside area","Projector and screen","Baby change","Meeting facilities","Step-free access"],"regions":["England","West Yorkshire"],"source":"J D Wetherspoon official site (WP REST via Firecrawl)","observedAt":"2026-07-11T11:51:37Z"}},{"type":"Feature","geometry":{"type":"Point","coordinates":[-3.018088,53.392383]},"properties":{"name":"The Brass Balance","slug":"the-brass-balance-birkenhead","jdwPubId":"2071","townCity":"Birkenhead","postcode":"CH41 6AB","country":"England","pageUrl":"https://www.jdwetherspoon.com/pubs/the-brass-balance-birkenhead/","menuUrl":"https://www.jdwetherspoon.com/pub-menus/the-brass-balance-birkenhead/","facilities":["Wi-Fi","TV screens","Licensed outside area","Baby change","Step-free access"],"regions":["England","Merseyside"],"source":"J D Wetherspoon official site (WP REST via Firecrawl)","observedAt":"2026-07-11T11:51:37Z"}},{"type":"Feature","geometry":{"type":"Point","coordinates":[-1.92718995,52.44925242]},"properties":{"name":"Joe’s","slug":"joes-birmingham","jdwPubId":"7914","townCity":"Birmingham","postcode":"B15 2TU","country":"England","pageUrl":"https://www.jdwetherspoon.com/pubs/joes-bar-birmingham/","menuUrl":"https://www.jdwetherspoon.com/pub-menus/joes-birmingham/","facilities":["Music","TNT Sports","Step-free access","Bike storage","Baby change","Projector and screen","Licensed outside area","TV screens","Sky Sports","Wi-Fi"],"regions":["England","West Midlands"],"source":"J D Wetherspoon official site (WP REST via Firecrawl)","observedAt":"2026-07-11T11:51:37Z"}},{"type":"Feature","geometry":{"type":"Point","coordinates":[-1.902602,52.516921]},"properties":{"name":"The Arthur Robertson","slug":"the-arthur-robertson-birmingham","jdwPubId":"5834","townCity":"Birmingham","postcode":"B42 1AA","country":"England","pageUrl":"https://www.jdwetherspoon.com/pubs/the-arthur-robertson-birmingham/","menuUrl":"https://www.jdwetherspoon.com/pub-menus/the-arthur-robertson-birmingham/","facilities":["Wi-Fi","TV screens","Licensed outside area","Baby change","Step-free access"],"regions":["England","West Midlands"],"source":"J D Wetherspoon official site (WP REST via Firecrawl)","observedAt":"2026-07-11T11:51:37Z"}},{"type":"Feature","geometry":{"type":"Point","coordinates":[-1.973423,52.411922]},"properties":{"name":"The Black Horse","slug":"the-black-horse-birmingham","jdwPubId":"6234","townCity":"Birmingham","postcode":"B31 2QT","country":"England","pageUrl":"https://www.jdwetherspoon.com/pubs/the-black-horse-birmingham/","menuUrl":"https://www.jdwetherspoon.com/pub-menus/the-black-horse-birmingham/","facilities":["Wi-Fi","TV screens","Licensed outside area","Room hire","Baby change","Bike storage","Meeting facilities","Step-free access"],"regions":["England","West Midlands"],"source":"J D Wetherspoon official site (WP REST via Firecrawl)","observedAt":"2026-07-11T11:51:37Z"}},{"type":"Feature","geometry":{"type":"Point","coordinates":[-1.900193,52.479918]},"properties":{"name":"The Briar Rose","slug":"the-briar-rose-birmingham","jdwPubId":"791","townCity":"Birmingham","postcode":"B2 5RE","country":"England","pageUrl":"https://www.jdwetherspoon.com/pubs/the-briar-rose-birmingham/","menuUrl":"https://www.jdwetherspoon.com/pub-menus/the-briar-rose-birmingham/","facilities":["Step-free access","Meeting facilities","Baby change","Room hire","Accommodation","TV screens","Wi-Fi"],"regions":["England","West Midlands"],"source":"J D Wetherspoon official site (WP REST via Firecrawl)","observedAt":"2026-07-11T11:51:37Z"}},{"type":"Feature","geometry":{"type":"Point","coordinates":[-1.83997,52.524249]},"properties":{"name":"The Charlie Hall","slug":"the-charlie-hall-birmingham","jdwPubId":"1355","townCity":"Birmingham","postcode":"B23 6SH","country":"England","pageUrl":"https://www.jdwetherspoon.com/pubs/the-charlie-hall-birmingham/","menuUrl":"https://www.jdwetherspoon.com/pub-menus/the-charlie-hall-birmingham/","facilities":["Wi-Fi","Step-free access","Licensed outside area","TV screens"],"regions":["England","West Midlands"],"source":"J D Wetherspoon official site (WP REST via Firecrawl)","observedAt":"2026-07-11T11:51:37Z"}},{"type":"Feature","geometry":{"type":"Point","coordinates":[-1.896646,52.474271]},"properties":{"name":"The Dragon Inn","slug":"the-dragon-inn-birmingham","jdwPubId":"5609","townCity":"Birmingham","postcode":"B5 4TD","country":"England","pageUrl":"https://www.jdwetherspoon.com/pubs/the-dragon-inn-birmingham/","menuUrl":"https://www.jdwetherspoon.com/pub-menus/the-dragon-inn-birmingham/","facilities":["Step-free access","Licensed outside area","TV screens","Wi-Fi"],"regions":["England","West Midlands"],"source":"J D Wetherspoon official site (WP REST via Firecrawl)","observedAt":"2026-07-11T11:51:37Z"}},{"type":"Feature","geometry":{"type":"Point","coordinates":[-1.912312,52.476565]},"properties":{"name":"The Figure of Eight","slug":"the-figure-of-eight-birmingham","jdwPubId":"295","townCity":"Birmingham","postcode":"B1 2HG","country":"England","pageUrl":"https://www.jdwetherspoon.com/pubs/the-figure-of-eight-birmingham/","menuUrl":"https://www.jdwetherspoon.com/pub-menus/the-figure-of-eight-birmingham/","facilities":["Step-free access","Baby change","Projector and screen","Licensed outside area","TV screens","Wi-Fi"],"regions":["England","West Midlands"],"source":"J D Wetherspoon official site (WP REST via Firecrawl)","observedAt":"2026-07-11T11:51:37Z"}},{"type":"Feature","geometry":{"type":"Point","coordinates":[-1.819487,52.492716]},"properties":{"name":"The Hornet","slug":"the-hornet-birmingham","jdwPubId":"1670","townCity":"Birmingham","postcode":"B8 2LY","country":"England","pageUrl":"https://www.jdwetherspoon.com/pubs/the-hornet-birmingham/","menuUrl":"https://www.jdwetherspoon.com/pub-menus/the-hornet-birmingham/","facilities":["Wi-Fi","TV screens","Licensed outside area","Racing TV","Baby change","Step-free access"],"regions":["England","West Midlands"],"source":"J D Wetherspoon official site (WP REST via Firecrawl)","observedAt":"2026-07-11T11:51:37Z"}},{"type":"Feature","geometry":{"type":"Point","coordinates":[-1.899,52.478]},"properties":{"name":"The London and North Western","slug":"the-london-and-north-western-birmingham","jdwPubId":"7430","townCity":"Birmingham","postcode":"B2 4QE","country":"England","pageUrl":"https://www.jdwetherspoon.com/pubs/the-london-and-north-western-birmingham/","menuUrl":"https://www.jdwetherspoon.com/pub-menus/the-london-and-north-western-birmingham/","facilities":["Wi-Fi","TV screens","Licensed outside area","Baby change","Step-free access"],"regions":["England","Birmingham"],"source":"J D Wetherspoon official site (WP REST via Firecrawl)","observedAt":"2026-07-11T11:51:37Z"}},{"type":"Feature","geometry":{"type":"Point","coordinates":[-1.92662486,52.4078348]},"properties":{"name":"The Navigation Inn","slug":"the-navigation-inn-birmingham","jdwPubId":"7528","townCity":"Birmingham","postcode":"B30 3LS","country":"England","pageUrl":"https://www.jdwetherspoon.com/pubs/the-navigation-inn-birmingham/","menuUrl":"https://www.jdwetherspoon.com/pub-menus/the-navigation-inn-birmingham/","facilities":["Step-free access","Bike storage","Baby change","Licensed outside area","TV screens","Wi-Fi"],"regions":["England","Birmingham"],"source":"J D Wetherspoon official site (WP REST via Firecrawl)","observedAt":"2026-07-11T11:51:37Z"}},{"type":"Feature","geometry":{"type":"Point","coordinates":[-1.910082,52.478124]},"properties":{"name":"The Soloman Cutler","slug":"the-soloman-cutler-birmingham","jdwPubId":"4124","townCity":"Birmingham","postcode":"B1 2DS","country":"England","pageUrl":"https://www.jdwetherspoon.com/pubs/the-soloman-cutler-birmingham/","menuUrl":"https://www.jdwetherspoon.com/pub-menus/the-soloman-cutler-birmingham/","facilities":["Wi-Fi","TV screens","Licensed outside area","Projector and screen","Room hire","Baby change","Meeting facilities","Step-free access","Music"],"regions":["England","West Midlands"],"source":"J D Wetherspoon official site (WP REST via Firecrawl)","observedAt":"2026-07-11T11:51:37Z"}},{"type":"Feature","geometry":{"type":"Point","coordinates":[-1.819665,52.44673]},"properties":{"name":"The Spread Eagle","slug":"the-spread-eagle-birmingham","jdwPubId":"398","townCity":"Birmingham","postcode":"B27 6BL","country":"England","pageUrl":"https://www.jdwetherspoon.com/pubs/the-spread-eagle-birmingham/","menuUrl":"https://www.jdwetherspoon.com/pub-menus/the-spread-eagle-birmingham/","facilities":["Step-free access","Baby change","TV screens","Wi-Fi"],"regions":["England","West Midlands"],"source":"J D Wetherspoon official site (WP REST via Firecrawl)","observedAt":"2026-07-11T11:51:37Z"}},{"type":"Feature","geometry":{"type":"Point","coordinates":[-1.894953,52.481874]},"properties":{"name":"The Square Peg","slug":"the-square-peg-birmingham","jdwPubId":"82","townCity":"Birmingham","postcode":"B4 6PH","country":"England","pageUrl":"https://www.jdwetherspoon.com/pubs/the-square-peg-birmingham/","menuUrl":"https://www.jdwetherspoon.com/pub-menus/the-square-peg-birmingham/","facilities":["Step-free access","Baby change","Projector and screen","TV screens","Wi-Fi"],"regions":["England","West Midlands"],"source":"J D Wetherspoon official site (WP REST via Firecrawl)","observedAt":"2026-07-11T11:51:37Z"}},{"type":"Feature","geometry":{"type":"Point","coordinates":[-1.808551,52.467438]},"properties":{"name":"The William Tyler","slug":"the-william-tyler-birmingham","jdwPubId":"6299","townCity":"Birmingham","postcode":"B25 8UT","country":"England","pageUrl":"https://www.jdwetherspoon.com/pubs/the-william-tyler-birmingham/","menuUrl":"https://www.jdwetherspoon.com/pub-menus/the-william-tyler-birmingham/","facilities":["TV screens","Licensed outside area","Step-free access"],"regions":["England","West Midlands"],"source":"J D Wetherspoon official site (WP REST via Firecrawl)","observedAt":"2026-07-11T11:51:37Z"}},{"type":"Feature","geometry":{"type":"Point","coordinates":[-1.732618,52.453344]},"properties":{"name":"Wetherspoon, Birmingham Airport","slug":"wetherspoon-birmingham-airport-birmingham","jdwPubId":"6137","townCity":"Birmingham","postcode":"B26 3QJ","country":"England","pageUrl":"https://www.jdwetherspoon.com/pubs/wetherspoon-birmingham/","menuUrl":"https://www.jdwetherspoon.com/pub-menus/wetherspoon-birmingham-airport-birmingham/","facilities":["Step-free access","TV screens"],"regions":["England","Birmingham"],"source":"J D Wetherspoon official site (WP REST via Firecrawl)","observedAt":"2026-07-11T11:51:37Z"}},{"type":"Feature","geometry":{"type":"Point","coordinates":[-1.72188,52.45153]},"properties":{"name":"Wetherspoons","slug":"wetherspoons-birmingham","jdwPubId":"7933","townCity":"Birmingham","postcode":"B40 1NT","country":"England","pageUrl":"https://www.jdwetherspoon.com/pubs/wetherspoons-birmingham-2/","menuUrl":"https://www.jdwetherspoon.com/pub-menus/wetherspoons-birmingham/","facilities":["Step-free access","Licensed outside area","TV screens"],"regions":["England","West Midlands"],"source":"J D Wetherspoon official site (WP REST via Firecrawl)","observedAt":"2026-07-11T11:51:37Z"}},{"type":"Feature","geometry":{"type":"Point","coordinates":[-1.673088,54.665303]},"properties":{"name":"The Stanley Jefferson","slug":"the-stanley-jefferson-bishop-auckland","jdwPubId":"5268","townCity":"Bishop Auckland","postcode":"DL14 7NJ","country":"England","pageUrl":"https://www.jdwetherspoon.com/pubs/the-stanley-jefferson-bishop-auckland/","menuUrl":"https://www.jdwetherspoon.com/pub-menus/the-stanley-jefferson-bishop-auckland/","facilities":["Step-free access","Licensed outside area","TV screens","Wi-Fi"],"regions":["England","County Durham"],"source":"J D Wetherspoon official site (WP REST via Firecrawl)","observedAt":"2026-07-11T11:51:37Z"}},{"type":"Feature","geometry":{"type":"Point","coordinates":[0.162104,51.869167]},"properties":{"name":"The Port Jackson","slug":"the-port-jackson-bishops-stortford","jdwPubId":"6391","townCity":"Bishop’s Stortford","postcode":"CM23 3GN","country":"England","pageUrl":"https://www.jdwetherspoon.com/pubs/the-port-jackson-bishops-stortford/","menuUrl":"https://www.jdwetherspoon.com/pub-menus/the-port-jackson-bishops-stortford/","facilities":["Wi-Fi","TV screens","Licensed outside area","Meeting facilities","Step-free access"],"regions":["England","Hertfordshire"],"source":"J D Wetherspoon official site (WP REST via Firecrawl)","observedAt":"2026-07-11T11:51:37Z"}},{"type":"Feature","geometry":{"type":"Point","coordinates":[-2.482473,53.746712]},"properties":{"name":"The Postal Order","slug":"the-postal-order-blackburn","jdwPubId":"272","townCity":"Blackburn","postcode":"BB2 2BY","country":"England","pageUrl":"https://www.jdwetherspoon.com/pubs/the-postal-order-blackburn/","menuUrl":"https://www.jdwetherspoon.com/pub-menus/the-postal-order-blackburn/","facilities":["Wi-Fi","TV screens","Licensed outside area","Baby change","Step-free access"],"regions":["England","Lancashire"],"source":"J D Wetherspoon official site (WP REST via Firecrawl)","observedAt":"2026-07-11T11:51:37Z"}},{"type":"Feature","geometry":{"type":"Point","coordinates":[-3.055058,53.816919]},"properties":{"name":"The Albert and The Lion","slug":"the-albert-and-the-lion-blackpool","jdwPubId":"5649","townCity":"Blackpool","postcode":"FY1 4RU","country":"England","pageUrl":"https://www.jdwetherspoon.com/pubs/the-albert-and-the-lion-blackpool/","menuUrl":"https://www.jdwetherspoon.com/pub-menus/the-albert-and-the-lion-blackpool/","facilities":["Wi-Fi","Licensed outside area","Baby change","Step-free access"],"regions":["England","Lancashire"],"source":"J D Wetherspoon official site (WP REST via Firecrawl)","observedAt":"2026-07-11T11:51:37Z"}},{"type":"Feature","geometry":{"type":"Point","coordinates":[-3.055122,53.818256]},"properties":{"name":"The Layton Rakes","slug":"the-layton-rakes-blackpool","jdwPubId":"5333","townCity":"Blackpool","postcode":"FY1 1ET","country":"England","pageUrl":"https://www.jdwetherspoon.com/pubs/the-layton-rakes-blackpool/","menuUrl":"https://www.jdwetherspoon.com/pub-menus/the-layton-rakes-blackpool/","facilities":["Music","Wi-Fi","Step-free access","TV screens","Licensed outside area","Projector and screen","Baby change"],"regions":["England","Lancashire"],"source":"J D Wetherspoon official site (WP REST via Firecrawl)","observedAt":"2026-07-11T11:51:37Z"}},{"type":"Feature","geometry":{"type":"Point","coordinates":[-3.056067,53.794853]},"properties":{"name":"The Velvet Coaster","slug":"the-velvet-coaster-blackpool","jdwPubId":"7275","townCity":"Blackpool","postcode":"FY4 1BA","country":"England","pageUrl":"https://www.jdwetherspoon.com/pubs/the-velvet-coaster-blackpool/","menuUrl":"https://www.jdwetherspoon.com/pub-menus/the-velvet-coaster-blackpool/","facilities":["Step-free access","Baby change","Licensed outside area","Changing places","TV screens","Wi-Fi"],"regions":["England","Lancashire"],"source":"J D Wetherspoon official site (WP REST via Firecrawl)","observedAt":"2026-07-11T11:51:37Z"}},{"type":"Feature","geometry":{"type":"Point","coordinates":[-2.004171,52.61478]},"properties":{"name":"The Bloxwich Showman","slug":"the-bloxwich-showman-bloxwich","jdwPubId":"6875","townCity":"Bloxwich","postcode":"WS3 3JT","country":"England","pageUrl":"https://www.jdwetherspoon.com/pubs/the-bloxwich-showman-bloxwich/","menuUrl":"https://www.jdwetherspoon.com/pub-menus/the-bloxwich-showman-bloxwich/","facilities":["Wi-Fi","TV screens","Step-free access"],"regions":["England","West Midlands"],"source":"J D Wetherspoon official site (WP REST via Firecrawl)","observedAt":"2026-07-11T11:51:37Z"}},{"type":"Feature","geometry":{"type":"Point","coordinates":[-1.508041,55.126572]},"properties":{"name":"The Wallaw","slug":"the-wallaw-blyth","jdwPubId":"5516","townCity":"Blyth","postcode":"NE24 2DX","country":"England","pageUrl":"https://www.jdwetherspoon.com/pubs/the-wallaw-blyth/","menuUrl":"https://www.jdwetherspoon.com/pub-menus/the-wallaw-blyth/","facilities":["Wi-Fi","TV screens","Licensed outside area","Baby change","Step-free access"],"regions":["England","Northumberland"],"source":"J D Wetherspoon official site (WP REST via Firecrawl)","observedAt":"2026-07-11T11:51:37Z"}},{"type":"Feature","geometry":{"type":"Point","coordinates":[-0.67554,50.783175]},"properties":{"name":"The Hatter’s Inn","slug":"the-hatters-inn-bognor-regis","jdwPubId":"217","townCity":"Bognor Regis","postcode":"PO21 1QT","country":"England","pageUrl":"https://www.jdwetherspoon.com/pubs/the-hatters-inn-bognor-regis/","menuUrl":"https://www.jdwetherspoon.com/pub-menus/the-hatters-inn-bognor-regis/","facilities":["TV screens","Licensed outside area","Projector and screen","Step-free access"],"regions":["England","West Sussex"],"source":"J D Wetherspoon official site (WP REST via Firecrawl)","observedAt":"2026-07-11T11:51:37Z"}},{"type":"Feature","geometry":{"type":"Point","coordinates":[-2.42683,53.577473]},"properties":{"name":"The Spinning Mule","slug":"the-spinning-mule-bolton","jdwPubId":"200","townCity":"Bolton","postcode":"BL1 1JT","country":"England","pageUrl":"https://www.jdwetherspoon.com/pubs/the-spinning-mule-bolton/","menuUrl":"https://www.jdwetherspoon.com/pub-menus/the-spinning-mule-bolton/","facilities":["Wi-Fi","TV screens","Baby change","Step-free access"],"regions":["England","Greater Manchester"],"source":"J D Wetherspoon official site (WP REST via Firecrawl)","observedAt":"2026-07-11T11:51:37Z"}},{"type":"Feature","geometry":{"type":"Point","coordinates":[-0.024404,52.976692]},"properties":{"name":"The Moon Under Water, Boston","slug":"the-moon-under-water-boston-boston","jdwPubId":"606","townCity":"Boston","postcode":"PE21 8SH","country":"England","pageUrl":"https://www.jdwetherspoon.com/pubs/the-moon-under-water-boston/","menuUrl":"https://www.jdwetherspoon.com/pub-menus/the-moon-under-water-boston-boston/","facilities":["Step-free access","Baby change","Licensed outside area","TV screens","Wi-Fi"],"regions":["England","Lincolnshire"],"source":"J D Wetherspoon official site (WP REST via Firecrawl)","observedAt":"2026-07-11T11:51:37Z"}},{"type":"Feature","geometry":{"type":"Point","coordinates":[-0.37678,52.76957]},"properties":{"name":"The Raymond Mays","slug":"the-raymond-mays-bourne","jdwPubId":"7370","townCity":"Bourne ","postcode":"PE10 9AB","country":"England","pageUrl":"https://www.jdwetherspoon.com/pubs/the-raymond-mays-bourne/","menuUrl":"https://www.jdwetherspoon.com/pub-menus/the-raymond-mays-bourne/","facilities":["Step-free access","Baby change","Licensed outside area","TV screens","Wi-Fi"],"regions":["England","Lincolnshire"],"source":"J D Wetherspoon official site (WP REST via Firecrawl)","observedAt":"2026-07-11T11:51:37Z"}},{"type":"Feature","geometry":{"type":"Point","coordinates":[-1.8761,50.720638]},"properties":{"name":"The Mary Shelley","slug":"the-mary-shelley-bournemouth","jdwPubId":"6009","townCity":"Bournemouth","postcode":"BH1 2AD","country":"England","pageUrl":"https://www.jdwetherspoon.com/pubs/the-mary-shelley-bournemouth/","menuUrl":"https://www.jdwetherspoon.com/pub-menus/the-mary-shelley-bournemouth/","facilities":["Music","Step-free access","Baby change","Projector and screen","Licensed outside area","TV screens","Wi-Fi"],"regions":["England","Dorset"],"source":"J D Wetherspoon official site (WP REST via Firecrawl)","observedAt":"2026-07-11T11:51:37Z"}},{"type":"Feature","geometry":{"type":"Point","coordinates":[-1.880494,50.718063]},"properties":{"name":"The Moon in the Square","slug":"the-moon-in-the-square-bournemouth","jdwPubId":"164","townCity":"Bournemouth","postcode":"BH2 5AQ","country":"England","pageUrl":"https://www.jdwetherspoon.com/pubs/the-moon-in-the-square-bournemouth/","menuUrl":"https://www.jdwetherspoon.com/pub-menus/the-moon-in-the-square-bournemouth/","facilities":["Step-free access","Baby change","Licensed outside area","TV screens","Wi-Fi"],"regions":["England","Dorset"],"source":"J D Wetherspoon official site (WP REST via Firecrawl)","observedAt":"2026-07-11T11:51:37Z"}},{"type":"Feature","geometry":{"type":"Point","coordinates":[-1.878568,50.743354]},"properties":{"name":"The Parkstone and Heatherlands","slug":"the-parkstone-and-heatherlands-bournemouth","jdwPubId":"5570","townCity":"Bournemouth","postcode":"BH9 2AN","country":"England","pageUrl":"https://www.jdwetherspoon.com/pubs/the-parkstone-and-heatherlands-bournemouth/","menuUrl":"https://www.jdwetherspoon.com/pub-menus/the-parkstone-and-heatherlands-bournemouth/","facilities":["Wi-Fi","TV screens","Licensed outside area","Baby change","Step-free access"],"regions":["England","Dorset"],"source":"J D Wetherspoon official site (WP REST via Firecrawl)","observedAt":"2026-07-11T11:51:37Z"}},{"type":"Feature","geometry":{"type":"Point","coordinates":[-0.745366,51.416569]},"properties":{"name":"The Old Manor","slug":"the-old-manor-bracknell","jdwPubId":"65","townCity":"Bracknell","postcode":"RG12 1BP","country":"England","pageUrl":"https://www.jdwetherspoon.com/pubs/the-old-manor-bracknell/","menuUrl":"https://www.jdwetherspoon.com/pub-menus/the-old-manor-bracknell/","facilities":["Step-free access","Wi-Fi","TV screens","Licensed outside area","Room hire","Baby change","Meeting facilities"],"regions":["England","Berkshire"],"source":"J D Wetherspoon official site (WP REST via Firecrawl)","observedAt":"2026-07-11T11:51:37Z"}},{"type":"Feature","geometry":{"type":"Point","coordinates":[-1.754838,53.793032]},"properties":{"name":"The Turls Green","slug":"the-turls-green-bradford","jdwPubId":"4219","townCity":"Bradford","postcode":"BD1 1HY","country":"England","pageUrl":"https://www.jdwetherspoon.com/pubs/the-turls-green-bradford/","menuUrl":"https://www.jdwetherspoon.com/pub-menus/the-turls-green-bradford/","facilities":["TV screens","Licensed outside area","Baby change","Step-free access"],"regions":["England","West Yorkshire"],"source":"J D Wetherspoon official site (WP REST via Firecrawl)","observedAt":"2026-07-11T11:51:37Z"}},{"type":"Feature","geometry":{"type":"Point","coordinates":[0.553562,51.877172]},"properties":{"name":"The Picture Palace","slug":"the-picture-palace-braintree","jdwPubId":"698","townCity":"Braintree","postcode":"CM7 3HA","country":"England","pageUrl":"https://www.jdwetherspoon.com/pubs/the-picture-palace-braintree/","menuUrl":"https://www.jdwetherspoon.com/pub-menus/the-picture-palace-braintree/","facilities":["Step-free access","Baby change","Projector and screen","TV screens","Wi-Fi"],"regions":["England","Essex"],"source":"J D Wetherspoon official site (WP REST via Firecrawl)","observedAt":"2026-07-11T11:51:37Z"}},{"type":"Feature","geometry":{"type":"Point","coordinates":[0.304492,51.620812]},"properties":{"name":"The Dairyman","slug":"the-dairyman-brentwood","jdwPubId":"7111","townCity":"Brentwood","postcode":"CM14 4AB","country":"England","pageUrl":"https://www.jdwetherspoon.com/pubs/the-dairyman-brentwood/","menuUrl":"https://www.jdwetherspoon.com/pub-menus/the-dairyman-brentwood/","facilities":["Wi-Fi","TV screens","Step-free access"],"regions":["England","Essex"],"source":"J D Wetherspoon official site (WP REST via Firecrawl)","observedAt":"2026-07-11T11:51:37Z"}},{"type":"Feature","geometry":{"type":"Point","coordinates":[-2.420223,52.536721]},"properties":{"name":"The Jewel of the Severn","slug":"the-jewel-of-the-severn-bridgnorth","jdwPubId":"2092","townCity":"Bridgnorth","postcode":"WV16 4DS","country":"England","pageUrl":"https://www.jdwetherspoon.com/pubs/the-jewel-of-the-severn-bridgnorth/","menuUrl":"https://www.jdwetherspoon.com/pub-menus/the-jewel-of-the-severn-bridgnorth/","facilities":["Wi-Fi","TV screens","Licensed outside area","Baby change","Step-free access"],"regions":["England","Shropshire"],"source":"J D Wetherspoon official site (WP REST via Firecrawl)","observedAt":"2026-07-11T11:51:37Z"}},{"type":"Feature","geometry":{"type":"Point","coordinates":[-3.004078,51.127462]},"properties":{"name":"The Carnival Inn","slug":"the-carnival-inn-bridgwater","jdwPubId":"2346","townCity":"Bridgwater","postcode":"TA6 3LY","country":"England","pageUrl":"https://www.jdwetherspoon.com/pubs/the-carnival-inn-bridgwater/","menuUrl":"https://www.jdwetherspoon.com/pub-menus/the-carnival-inn-bridgwater/","facilities":["Wi-Fi","TV screens","Licensed outside area","Step-free access"],"regions":["England","Somerset"],"source":"J D Wetherspoon official site (WP REST via Firecrawl)","observedAt":"2026-07-11T11:51:37Z"}},{"type":"Feature","geometry":{"type":"Point","coordinates":[-0.187999,54.083651]},"properties":{"name":"The Prior John","slug":"the-prior-john-bridlington","jdwPubId":"1002","townCity":"Bridlington","postcode":"YO15 2QD","country":"England","pageUrl":"https://www.jdwetherspoon.com/pubs/the-prior-john-bridlington/","menuUrl":"https://www.jdwetherspoon.com/pub-menus/the-prior-john-bridlington/","facilities":["Wi-Fi","Step-free access","Baby change","Licensed outside area","TV screens"],"regions":["England","East Riding of Yorkshire"],"source":"J D Wetherspoon official site (WP REST via Firecrawl)","observedAt":"2026-07-11T11:51:37Z"}},{"type":"Feature","geometry":{"type":"Point","coordinates":[-2.757899,50.733496]},"properties":{"name":"The Greyhound","slug":"the-greyhound-bridport","jdwPubId":"911","townCity":"Bridport","postcode":"DT6 3LF","country":"England","pageUrl":"https://www.jdwetherspoon.com/pubs/the-greyhound-bridport/","menuUrl":"https://www.jdwetherspoon.com/pub-menus/the-greyhound-bridport/","facilities":["Step-free access","Meeting facilities","Room hire","Licensed outside area","Accommodation","TV screens","Wi-Fi","Baby change"],"regions":["England","Dorset"],"source":"J D Wetherspoon official site (WP REST via Firecrawl)","observedAt":"2026-07-11T11:51:37Z"}},{"type":"Feature","geometry":{"type":"Point","coordinates":[-2.111407,52.479426]},"properties":{"name":"Abraham Darby","slug":"abraham-darby-brierley-hill","jdwPubId":"5243","townCity":"Brierley Hill","postcode":"DY5 1QX","country":"England","pageUrl":"https://www.jdwetherspoon.com/pubs/abraham-darby-brierley-hill/","menuUrl":"https://www.jdwetherspoon.com/pub-menus/abraham-darby-brierley-hill/","facilities":["Step-free access","Projector and screen","Licensed outside area","TV screens","Wi-Fi"],"regions":["England","West Midlands"],"source":"J D Wetherspoon official site (WP REST via Firecrawl)","observedAt":"2026-07-11T11:51:37Z"}},{"type":"Feature","geometry":{"type":"Point","coordinates":[-2.114407,52.485688]},"properties":{"name":"The Waterfront Inn","slug":"the-waterfront-inn-brierley-hill","jdwPubId":"1227","townCity":"Brierley Hill","postcode":"DY5 1XG","country":"England","pageUrl":"https://www.jdwetherspoon.com/pubs/the-waterfront-inn-brierley-hill/","menuUrl":"https://www.jdwetherspoon.com/pub-menus/the-waterfront-inn-brierley-hill/","facilities":["Step-free access","Baby change","Licensed outside area","TV screens","Wi-Fi"],"regions":["England","West Midlands"],"source":"J D Wetherspoon official site (WP REST via Firecrawl)","observedAt":"2026-07-11T11:51:37Z"}},{"type":"Feature","geometry":{"type":"Point","coordinates":[-0.488763,53.5524]},"properties":{"name":"The White Horse","slug":"the-white-horse-brigg","jdwPubId":"6788","townCity":"Brigg","postcode":"DN20 8JR","country":"England","pageUrl":"https://www.jdwetherspoon.com/pubs/the-white-horse-brigg/","menuUrl":"https://www.jdwetherspoon.com/pub-menus/the-white-horse-brigg/","facilities":["Step-free access","Baby change","Licensed outside area","Wi-Fi"],"regions":["England","Lincolnshire"],"source":"J D Wetherspoon official site (WP REST via Firecrawl)","observedAt":"2026-07-11T11:51:37Z"}},{"type":"Feature","geometry":{"type":"Point","coordinates":[-1.779926,53.701401]},"properties":{"name":"The Richard Oastler","slug":"the-richard-oastler-brighouse","jdwPubId":"937","townCity":"Brighouse","postcode":"HD6 1JN","country":"England","pageUrl":"https://www.jdwetherspoon.com/pubs/the-richard-oastler-brighouse/","menuUrl":"https://www.jdwetherspoon.com/pub-menus/the-richard-oastler-brighouse/","facilities":["Step-free access","Licensed outside area","TV screens"],"regions":["England","West Yorkshire"],"source":"J D Wetherspoon official site (WP REST via Firecrawl)","observedAt":"2026-07-11T11:51:37Z"}},{"type":"Feature","geometry":{"type":"Point","coordinates":[-0.144418,50.822812]},"properties":{"name":"The Bright Helm","slug":"the-bright-helm-brighton","jdwPubId":"896","townCity":"Brighton","postcode":"BN1 2RE","country":"England","pageUrl":"https://www.jdwetherspoon.com/pubs/the-bright-helm-brighton/","menuUrl":"https://www.jdwetherspoon.com/pub-menus/the-bright-helm-brighton/","facilities":["Wi-Fi","Step-free access"],"regions":["England","East Sussex"],"source":"J D Wetherspoon official site (WP REST via Firecrawl)","observedAt":"2026-07-11T11:51:37Z"}},{"type":"Feature","geometry":{"type":"Point","coordinates":[-0.140446,50.822988]},"properties":{"name":"The Post & Telegraph","slug":"the-post-telegraph-brighton","jdwPubId":"6221","townCity":"Brighton","postcode":"BN1 1EA","country":"England","pageUrl":"https://www.jdwetherspoon.com/pubs/the-post-telegraph-brighton/","menuUrl":"https://www.jdwetherspoon.com/pub-menus/the-post-telegraph-brighton/","facilities":["Baby change","TV screens","Wi-Fi"],"regions":["England","East Sussex"],"source":"J D Wetherspoon official site (WP REST via Firecrawl)","observedAt":"2026-07-11T11:51:37Z"}},{"type":"Feature","geometry":{"type":"Point","coordinates":[-0.105217,50.81215]},"properties":{"name":"The West Quay","slug":"the-west-quay-brighton","jdwPubId":"5340","townCity":"Brighton","postcode":"BN2 5UT","country":"England","pageUrl":"https://www.jdwetherspoon.com/pubs/the-west-quay-brighton/","menuUrl":"https://www.jdwetherspoon.com/pub-menus/the-west-quay-brighton/","facilities":["Wi-Fi","TV screens","Licensed outside area","Projector and screen","Baby change","Step-free access"],"regions":["England","East Sussex"],"source":"J D Wetherspoon official site (WP REST via Firecrawl)","observedAt":"2026-07-11T11:51:37Z"}},{"type":"Feature","geometry":{"type":"Point","coordinates":[-2.48055221,51.49841166]},"properties":{"name":"Emersons Green","slug":"emersons-green-bristol","jdwPubId":"7943","townCity":"Bristol","postcode":"BS16 7AN","country":"England","pageUrl":"https://www.jdwetherspoon.com/pubs/emersons-green-bristol/","menuUrl":"https://www.jdwetherspoon.com/pub-menus/emersons-green-bristol/","facilities":["Step-free access","Meeting facilities","Bike storage","Baby change","Licensed outside area","TV screens","Wi-Fi"],"regions":["England","Bristol"],"source":"J D Wetherspoon official site (WP REST via Firecrawl)","observedAt":"2026-07-11T11:51:37Z"}},{"type":"Feature","geometry":{"type":"Point","coordinates":[-2.600943,51.441129]},"properties":{"name":"Robert Fitzharding","slug":"robert-fitzharding-bristol","jdwPubId":"456","townCity":"Bristol","postcode":"BS3 1BN","country":"England","pageUrl":"https://www.jdwetherspoon.com/pubs/robert-fitzharding-bristol/","menuUrl":"https://www.jdwetherspoon.com/pub-menus/robert-fitzharding-bristol/","facilities":["Step-free access","Baby change","Licensed outside area","TV screens","Wi-Fi"],"regions":["England","Bristol"],"source":"J D Wetherspoon official site (WP REST via Firecrawl)","observedAt":"2026-07-11T11:51:37Z"}},{"type":"Feature","geometry":{"type":"Point","coordinates":[-2.605208,51.455866]},"properties":{"name":"The Berkeley","slug":"the-berkeley-bristol","jdwPubId":"222","townCity":"Bristol","postcode":"BS8 1QE","country":"England","pageUrl":"https://www.jdwetherspoon.com/pubs/the-berkeley-bristol/","menuUrl":"https://www.jdwetherspoon.com/pub-menus/the-berkeley-bristol/","facilities":["Wi-Fi","Step-free access","TV screens"],"regions":["England","Bristol"],"source":"J D Wetherspoon official site (WP REST via Firecrawl)","observedAt":"2026-07-11T11:51:37Z"}},{"type":"Feature","geometry":{"type":"Point","coordinates":[-2.594428,51.454454]},"properties":{"name":"The Commercial Rooms","slug":"the-commercial-rooms-bristol","jdwPubId":"183","townCity":"Bristol","postcode":"BS1 1HT","country":"England","pageUrl":"https://www.jdwetherspoon.com/pubs/the-commercial-rooms-bristol/","menuUrl":"https://www.jdwetherspoon.com/pub-menus/the-commercial-rooms-bristol/","facilities":["Step-free access","Wi-Fi"],"regions":["England","Bristol"],"source":"J D Wetherspoon official site (WP REST via Firecrawl)","observedAt":"2026-07-11T11:51:37Z"}},{"type":"Feature","geometry":{"type":"Point","coordinates":[-2.506893,51.462386]},"properties":{"name":"The Kingswood Colliers","slug":"the-kingswood-colliers-bristol","jdwPubId":"609","townCity":"Bristol","postcode":"BS15 8HP","country":"England","pageUrl":"https://www.jdwetherspoon.com/pubs/the-kingswood-colliers-bristol/","menuUrl":"https://www.jdwetherspoon.com/pub-menus/the-kingswood-colliers-bristol/","facilities":["Step-free access","Licensed outside area","TV screens","Wi-Fi"],"regions":["England","Bristol"],"source":"J D Wetherspoon official site (WP REST via Firecrawl)","observedAt":"2026-07-11T11:51:37Z"}},{"type":"Feature","geometry":{"type":"Point","coordinates":[-2.582064,51.450828]},"properties":{"name":"The Knights Templar","slug":"the-knights-templar-bristol","jdwPubId":"2703","townCity":"Bristol","postcode":"BS1 6DG","country":"England","pageUrl":"https://www.jdwetherspoon.com/pubs/the-knights-templar-bristol/","menuUrl":"https://www.jdwetherspoon.com/pub-menus/the-knights-templar-bristol/","facilities":["Step-free access","Licensed outside area","TV screens","Wi-Fi"],"regions":["England","Bristol"],"source":"J D Wetherspoon official site (WP REST via Firecrawl)","observedAt":"2026-07-11T11:51:37Z"}},{"type":"Feature","geometry":{"type":"Point","coordinates":[-2.765912,51.485909]},"properties":{"name":"The Posset Cup","slug":"the-posset-cup-bristol","jdwPubId":"7098","townCity":"Bristol","postcode":"BS20 7QZ","country":"England","pageUrl":"https://www.jdwetherspoon.com/pubs/the-posset-cup-bristol/","menuUrl":"https://www.jdwetherspoon.com/pub-menus/the-posset-cup-bristol/","facilities":["Step-free access","Baby change","Licensed outside area","TV screens","Wi-Fi"],"regions":["England","Somerset"],"source":"J D Wetherspoon official site (WP REST via Firecrawl)","observedAt":"2026-07-11T11:51:37Z"}},{"type":"Feature","geometry":{"type":"Point","coordinates":[-2.510118,51.481194]},"properties":{"name":"The Staple Hill Oak","slug":"the-staple-hill-oak-bristol","jdwPubId":"640","townCity":"Bristol","postcode":"BS16 5HN","country":"England","pageUrl":"https://www.jdwetherspoon.com/pubs/the-staple-hill-oak-bristol/","menuUrl":"https://www.jdwetherspoon.com/pub-menus/the-staple-hill-oak-bristol/","facilities":["Wi-Fi","Step-free access","Licensed outside area","TV screens"],"regions":["England","Bristol"],"source":"J D Wetherspoon official site (WP REST via Firecrawl)","observedAt":"2026-07-11T11:51:37Z"}},{"type":"Feature","geometry":{"type":"Point","coordinates":[-2.530289,51.479661]},"properties":{"name":"The Van Dyck Forum","slug":"the-van-dyck-forum-bristol","jdwPubId":"559","townCity":"Bristol","postcode":"BS16 3UA","country":"England","pageUrl":"https://www.jdwetherspoon.com/pubs/the-van-dyck-forum-bristol/","menuUrl":"https://www.jdwetherspoon.com/pub-menus/the-van-dyck-forum-bristol/","facilities":["Wi-Fi","Step-free access","TV screens"],"regions":["England","Bristol"],"source":"J D Wetherspoon official site (WP REST via Firecrawl)","observedAt":"2026-07-11T11:51:37Z"}},{"type":"Feature","geometry":{"type":"Point","coordinates":[-2.608749,51.462859]},"properties":{"name":"The W. G. Grace","slug":"the-w-g-grace-bristol","jdwPubId":"6907","townCity":"Bristol","postcode":"BS8 2NT","country":"England","pageUrl":"https://www.jdwetherspoon.com/pubs/the-w-g-grace-bristol/","menuUrl":"https://www.jdwetherspoon.com/pub-menus/the-w-g-grace-bristol/","facilities":["Step-free access","Licensed outside area","TV screens","Wi-Fi"],"regions":["England","Bristol"],"source":"J D Wetherspoon official site (WP REST via Firecrawl)","observedAt":"2026-07-11T11:51:37Z"}},{"type":"Feature","geometry":{"type":"Point","coordinates":[-2.598749,51.449838]},"properties":{"name":"V-Shed","slug":"v-shed-bristol","jdwPubId":"2473","townCity":"Bristol","postcode":"BS1 5UH","country":"England","pageUrl":"https://www.jdwetherspoon.com/pubs/v-shed-bristol/","menuUrl":"https://www.jdwetherspoon.com/pub-menus/v-shed-bristol/","facilities":["Wi-Fi","TV screens","Licensed outside area","Step-free access","Music"],"regions":["England","Bristol"],"source":"J D Wetherspoon official site (WP REST via Firecrawl)","observedAt":"2026-07-11T11:51:37Z"}},{"type":"Feature","geometry":{"type":"Point","coordinates":[-3.515982,50.393704]},"properties":{"name":"The Vigilance","slug":"the-vigilance-brixham","jdwPubId":"688","townCity":"Brixham","postcode":"TQ5 9DE","country":"England","pageUrl":"https://www.jdwetherspoon.com/pubs/the-vigilance-brixham/","menuUrl":"https://www.jdwetherspoon.com/pub-menus/the-vigilance-brixham/","facilities":["TV screens","Wi-Fi","Baby change","Step-free access"],"regions":["England","Devon"],"source":"J D Wetherspoon official site (WP REST via Firecrawl)","observedAt":"2026-07-11T11:51:37Z"}},{"type":"Feature","geometry":{"type":"Point","coordinates":[-0.114514,51.463752]},"properties":{"name":"The Beehive","slug":"the-beehive-brixton","jdwPubId":"51","townCity":"Brixton","postcode":"SW9 7DG","country":"England","pageUrl":"https://www.jdwetherspoon.com/pubs/the-beehive-brixton/","menuUrl":"https://www.jdwetherspoon.com/pub-menus/the-beehive-brixton/","facilities":["Wi-Fi","TV screens"],"regions":["England","Lambeth"],"source":"J D Wetherspoon official site (WP REST via Firecrawl)","observedAt":"2026-07-11T11:51:37Z"}},{"type":"Feature","geometry":{"type":"Point","coordinates":[-1.993428,50.759362]},"properties":{"name":"The Blackwater Stream","slug":"the-blackwater-stream-broadstone","jdwPubId":"6476","townCity":"Broadstone","postcode":"BH18 8DP","country":"England","pageUrl":"https://www.jdwetherspoon.com/pubs/the-blackwater-stream-broadstone/","menuUrl":"https://www.jdwetherspoon.com/pub-menus/the-blackwater-stream-broadstone/","facilities":["Wi-Fi","TV screens","Step-free access","Licensed outside area"],"regions":["England","Dorset"],"source":"J D Wetherspoon official site (WP REST via Firecrawl)","observedAt":"2026-07-11T11:51:37Z"}},{"type":"Feature","geometry":{"type":"Point","coordinates":[-0.036417,51.464138]},"properties":{"name":"The Brockley Barge","slug":"the-brockley-barge-brockley","jdwPubId":"1006","townCity":"Brockley","postcode":"SE4 2RR","country":"England","pageUrl":"https://www.jdwetherspoon.com/pubs/the-brockley-barge-brockley/","menuUrl":"https://www.jdwetherspoon.com/pub-menus/the-brockley-barge-brockley/","facilities":["Wi-Fi","TV screens","Licensed outside area","Step-free access"],"regions":["England","Lewisham"],"source":"J D Wetherspoon official site (WP REST via Firecrawl)","observedAt":"2026-07-11T11:51:37Z"}},{"type":"Feature","geometry":{"type":"Point","coordinates":[0.013233,51.406371]},"properties":{"name":"The Greyhound","slug":"the-greyhound-bromley","jdwPubId":"6364","townCity":"Bromley","postcode":"BR1 1NY","country":"England","pageUrl":"https://www.jdwetherspoon.com/pubs/the-greyhound-bromley/","menuUrl":"https://www.jdwetherspoon.com/pub-menus/the-greyhound-bromley/","facilities":["Wi-Fi","TV screens","Licensed outside area","Step-free access"],"regions":["England","Bromley"],"source":"J D Wetherspoon official site (WP REST via Firecrawl)","observedAt":"2026-07-11T11:51:37Z"}},{"type":"Feature","geometry":{"type":"Point","coordinates":[0.016744,51.399671]},"properties":{"name":"The Richmal Crompton","slug":"the-richmal-crompton-bromley","jdwPubId":"704","townCity":"Bromley","postcode":"BR1 1DS","country":"England","pageUrl":"https://www.jdwetherspoon.com/pubs/the-richmal-crompton-bromley/","menuUrl":"https://www.jdwetherspoon.com/pub-menus/the-richmal-crompton-bromley/","facilities":["Step-free access","Baby change","Licensed outside area","TV screens","Wi-Fi"],"regions":["England","Bromley"],"source":"J D Wetherspoon official site (WP REST via Firecrawl)","observedAt":"2026-07-11T11:51:37Z"}},{"type":"Feature","geometry":{"type":"Point","coordinates":[-2.061787,52.333918]},"properties":{"name":"Golden Cross Hotel","slug":"golden-cross-hotel-bromsgrove","jdwPubId":"176","townCity":"Bromsgrove","postcode":"B61 8HH","country":"England","pageUrl":"https://www.jdwetherspoon.com/pubs/golden-cross-hotel-bromsgrove/","menuUrl":"https://www.jdwetherspoon.com/pub-menus/golden-cross-hotel-bromsgrove/","facilities":["TV screens","Licensed outside area","Step-free access"],"regions":["England","Worcestershire"],"source":"J D Wetherspoon official site (WP REST via Firecrawl)","observedAt":"2026-07-11T11:51:37Z"}},{"type":"Feature","geometry":{"type":"Point","coordinates":[-0.131755,50.956203]},"properties":{"name":"The Six Gold Martlets","slug":"the-six-gold-martlets-burgess-hill","jdwPubId":"6946","townCity":"Burgess Hill","postcode":"RH15 9BQ","country":"England","pageUrl":"https://www.jdwetherspoon.com/pubs/the-six-gold-martlets-burgess-hill/","menuUrl":"https://www.jdwetherspoon.com/pub-menus/the-six-gold-martlets-burgess-hill/","facilities":["Step-free access","Baby change","Licensed outside area","TV screens"],"regions":["England","West Sussex"],"source":"J D Wetherspoon official site (WP REST via Firecrawl)","observedAt":"2026-07-11T11:51:37Z"}},{"type":"Feature","geometry":{"type":"Point","coordinates":[-2.998761,51.23429]},"properties":{"name":"The Reeds Arms","slug":"the-reeds-arms-burnham-on-sea","jdwPubId":"4439","townCity":"Burnham-on-Sea","postcode":"TA8 1BT","country":"England","pageUrl":"https://www.jdwetherspoon.com/pubs/the-reeds-arms-burnham-on-sea/","menuUrl":"https://www.jdwetherspoon.com/pub-menus/the-reeds-arms-burnham-on-sea/","facilities":["Wi-Fi","TV screens","Licensed outside area","Meeting facilities","Step-free access"],"regions":["England","Somerset"],"source":"J D Wetherspoon official site (WP REST via Firecrawl)","observedAt":"2026-07-11T11:51:37Z"}},{"type":"Feature","geometry":{"type":"Point","coordinates":[-2.240758,53.788985]},"properties":{"name":"The Boot Inn","slug":"the-boot-inn-burnley","jdwPubId":"6165","townCity":"Burnley","postcode":"BB11 1NG","country":"England","pageUrl":"https://www.jdwetherspoon.com/pubs/the-boot-inn-burnley/","menuUrl":"https://www.jdwetherspoon.com/pub-menus/the-boot-inn-burnley/","facilities":["Wi-Fi","Licensed outside area","Baby change"],"regions":["England","Lancashire"],"source":"J D Wetherspoon official site (WP REST via Firecrawl)","observedAt":"2026-07-11T11:51:37Z"}},{"type":"Feature","geometry":{"type":"Point","coordinates":[-1.629501,52.802992]},"properties":{"name":"The Lord Burton","slug":"the-lord-burton-burton-upon-trent","jdwPubId":"412","townCity":"Burton upon Trent","postcode":"DE14 1JE","country":"England","pageUrl":"https://www.jdwetherspoon.com/pubs/the-lord-burton-burton-upon-trent/","menuUrl":"https://www.jdwetherspoon.com/pub-menus/the-lord-burton-burton-upon-trent/","facilities":["Wi-Fi","TV screens","Licensed outside area","Step-free access"],"regions":["England","Staffordshire"],"source":"J D Wetherspoon official site (WP REST via Firecrawl)","observedAt":"2026-07-11T11:51:37Z"}},{"type":"Feature","geometry":{"type":"Point","coordinates":[-2.298262,53.59145]},"properties":{"name":"The Art Picture House","slug":"the-art-picture-house-bury","jdwPubId":"6264","townCity":"Bury","postcode":"BL9 0AY","country":"England","pageUrl":"https://www.jdwetherspoon.com/pubs/the-art-picture-house-bury/","menuUrl":"https://www.jdwetherspoon.com/pub-menus/the-art-picture-house-bury/","facilities":["Music","Step-free access","TV screens"],"regions":["England","Greater Manchester"],"source":"J D Wetherspoon official site (WP REST via Firecrawl)","observedAt":"2026-07-11T11:51:37Z"}},{"type":"Feature","geometry":{"type":"Point","coordinates":[0.712276,52.244723]},"properties":{"name":"The Corn Exchange","slug":"the-corn-exchange-bury-st-edmunds","jdwPubId":"6382","townCity":"Bury St Edmunds","postcode":"IP33 1UL","country":"England","pageUrl":"https://www.jdwetherspoon.com/pubs/the-corn-exchange-bury-st-edmunds/","menuUrl":"https://www.jdwetherspoon.com/pub-menus/the-corn-exchange-bury-st-edmunds/","facilities":["Wi-Fi","Baby change","Step-free access"],"regions":["England","Suffolk"],"source":"J D Wetherspoon official site (WP REST via Firecrawl)","observedAt":"2026-07-11T11:51:37Z"}},{"type":"Feature","geometry":{"type":"Point","coordinates":[-1.905302,53.259412]},"properties":{"name":"The Wye Bridge House","slug":"the-wye-bridge-house-buxton","jdwPubId":"1681","townCity":"Buxton","postcode":"SK17 7DJ","country":"England","pageUrl":"https://www.jdwetherspoon.com/pubs/the-wye-bridge-house-buxton/","menuUrl":"https://www.jdwetherspoon.com/pub-menus/the-wye-bridge-house-buxton/","facilities":["Step-free access","Baby change","Projector and screen","Licensed outside area","TV screens","Wi-Fi"],"regions":["England","Derbyshire"],"source":"J D Wetherspoon official site (WP REST via Firecrawl)","observedAt":"2026-07-11T11:51:37Z"}},{"type":"Feature","geometry":{"type":"Point","coordinates":[-0.743687,51.337192]},"properties":{"name":"The Claude du Vall","slug":"the-claude-du-vall-camberley","jdwPubId":"2009","townCity":"Camberley","postcode":"GU15 3RB","country":"England","pageUrl":"https://www.jdwetherspoon.com/pubs/the-claude-du-vall-camberley/","menuUrl":"https://www.jdwetherspoon.com/pub-menus/the-claude-du-vall-camberley/","facilities":["Wi-Fi","TV screens","Licensed outside area","Step-free access"],"regions":["England","Surrey"],"source":"J D Wetherspoon official site (WP REST via Firecrawl)","observedAt":"2026-07-11T11:51:37Z"}},{"type":"Feature","geometry":{"type":"Point","coordinates":[-0.09002,51.464865]},"properties":{"name":"The Fox on the Hill","slug":"the-fox-on-the-hill-camberwell","jdwPubId":"134","townCity":"Camberwell","postcode":"SE5 8EH","country":"England","pageUrl":"https://www.jdwetherspoon.com/pubs/the-fox-on-the-hill-camberwell/","menuUrl":"https://www.jdwetherspoon.com/pub-menus/the-fox-on-the-hill-camberwell/","facilities":["Wi-Fi","TV screens","Licensed outside area","Projector and screen","Baby change","Bike storage","Meeting facilities","Step-free access"],"regions":["England","Southwark"],"source":"J D Wetherspoon official site (WP REST via Firecrawl)","observedAt":"2026-07-11T11:51:37Z"}},{"type":"Feature","geometry":{"type":"Point","coordinates":[-5.301041,50.213624]},"properties":{"name":"The John Francis Basset","slug":"the-john-francis-basset-camborne","jdwPubId":"6006","townCity":"Camborne","postcode":"TR14 8JZ","country":"England","pageUrl":"https://www.jdwetherspoon.com/pubs/the-john-francis-basset-camborne/","menuUrl":"https://www.jdwetherspoon.com/pub-menus/the-john-francis-basset-camborne/","facilities":["Step-free access","Baby change","Accommodation","TV screens","Wi-Fi","Licensed outside area"],"regions":["England","Cornwall"],"source":"J D Wetherspoon official site (WP REST via Firecrawl)","observedAt":"2026-07-11T11:51:37Z"}},{"type":"Feature","geometry":{"type":"Point","coordinates":[0.123872,52.202936]},"properties":{"name":"The Regal","slug":"the-regal-cambridge","jdwPubId":"748","townCity":"Cambridge","postcode":"CB2 3AR","country":"England","pageUrl":"https://www.jdwetherspoon.com/pubs/the-regal-cambridge/","menuUrl":"https://www.jdwetherspoon.com/pub-menus/the-regal-cambridge/","facilities":["Wi-Fi","TV screens","Licensed outside area","Step-free access","Music"],"regions":["England","Cambridgeshire"],"source":"J D Wetherspoon official site (WP REST via Firecrawl)","observedAt":"2026-07-11T11:51:37Z"}},{"type":"Feature","geometry":{"type":"Point","coordinates":[-0.12637,51.5325544]},"properties":{"name":"The Barrel Vault","slug":"the-barrel-vault-camden","jdwPubId":"7498","townCity":"Camden","postcode":"N1C 4QP","country":"England","pageUrl":"https://www.jdwetherspoon.com/pubs/the-barrel-vault-camden/","menuUrl":"https://www.jdwetherspoon.com/pub-menus/the-barrel-vault-camden/","facilities":["Step-free access","Baby change","Licensed outside area","Wi-Fi"],"regions":["England","London"],"source":"J D Wetherspoon official site (WP REST via Firecrawl)","observedAt":"2026-07-11T11:51:37Z"}},{"type":"Feature","geometry":{"type":"Point","coordinates":[-0.145664,51.540874]},"properties":{"name":"The Ice Wharf","slug":"the-ice-wharf-camden","jdwPubId":"2450","townCity":"Camden","postcode":"NW1 7BY","country":"England","pageUrl":"https://www.jdwetherspoon.com/pubs/the-ice-wharf-camden/","menuUrl":"https://www.jdwetherspoon.com/pub-menus/the-ice-wharf-camden/","facilities":["Wi-Fi","TV screens","Licensed outside area","Baby change","Step-free access","Music"],"regions":["England","Camden"],"source":"J D Wetherspoon official site (WP REST via Firecrawl)","observedAt":"2026-07-11T11:51:37Z"}},{"type":"Feature","geometry":{"type":"Point","coordinates":[-2.032219,52.689474]},"properties":{"name":"The Linford Arms","slug":"the-linford-arms-cannock","jdwPubId":"1328","townCity":"Cannock","postcode":"WS11 1BN","country":"England","pageUrl":"https://www.jdwetherspoon.com/pubs/the-linford-arms-cannock/","menuUrl":"https://www.jdwetherspoon.com/pub-menus/the-linford-arms-cannock/","facilities":["Wi-Fi","TV screens","Licensed outside area","Baby change","Meeting facilities","Step-free access"],"regions":["England","Staffordshire"],"source":"J D Wetherspoon official site (WP REST via Firecrawl)","observedAt":"2026-07-11T11:51:37Z"}},{"type":"Feature","geometry":{"type":"Point","coordinates":[1.083504,51.278429]},"properties":{"name":"The Thomas Ingoldsby","slug":"the-thomas-ingoldsby-canterbury","jdwPubId":"291","townCity":"Canterbury","postcode":"CT1 2HG","country":"England","pageUrl":"https://www.jdwetherspoon.com/pubs/the-thomas-ingoldsby-canterbury/","menuUrl":"https://www.jdwetherspoon.com/pub-menus/the-thomas-ingoldsby-canterbury/","facilities":["Wi-Fi","TV screens","Accommodation","Licensed outside area","Baby change","Step-free access"],"regions":["England","Kent"],"source":"J D Wetherspoon official site (WP REST via Firecrawl)","observedAt":"2026-07-11T11:51:37Z"}},{"type":"Feature","geometry":{"type":"Point","coordinates":[1.075665,51.281969]},"properties":{"name":"The West Gate Inn","slug":"the-west-gate-inn-canterbury","jdwPubId":"673","townCity":"Canterbury","postcode":"CT2 7EB","country":"England","pageUrl":"https://www.jdwetherspoon.com/pubs/the-west-gate-inn-canterbury/","menuUrl":"https://www.jdwetherspoon.com/pub-menus/the-west-gate-inn-canterbury/","facilities":["Wi-Fi","TV screens","Licensed outside area","Step-free access"],"regions":["England","Kent"],"source":"J D Wetherspoon official site (WP REST via Firecrawl)","observedAt":"2026-07-11T11:51:37Z"}},{"type":"Feature","geometry":{"type":"Point","coordinates":[-2.931917,54.89132]},"properties":{"name":"The William Rufus","slug":"the-william-rufus-carlisle","jdwPubId":"4365","townCity":"Carlisle","postcode":"CA1 1QS","country":"England","pageUrl":"https://www.jdwetherspoon.com/pubs/the-william-rufus-carlisle/","menuUrl":"https://www.jdwetherspoon.com/pub-menus/the-william-rufus-carlisle/","facilities":["Wi-Fi","Sky Sports","TV screens","Licensed outside area","Projector and screen","Racing TV","Baby change","Step-free access","TNT Sports","Music"],"regions":["England","Cumbria"],"source":"J D Wetherspoon official site (WP REST via Firecrawl)","observedAt":"2026-07-11T11:51:37Z"}},{"type":"Feature","geometry":{"type":"Point","coordinates":[-2.930705,54.890756]},"properties":{"name":"Woodrow Wilson","slug":"woodrow-wilson-carlisle","jdwPubId":"470","townCity":"Carlisle","postcode":"CA1 1QS","country":"England","pageUrl":"https://www.jdwetherspoon.com/pubs/woodrow-wilson-carlisle/","menuUrl":"https://www.jdwetherspoon.com/pub-menus/woodrow-wilson-carlisle/","facilities":["Wi-Fi","TV screens","Licensed outside area","Step-free access"],"regions":["England","Cumbria"],"source":"J D Wetherspoon official site (WP REST via Firecrawl)","observedAt":"2026-07-11T11:51:37Z"}},{"type":"Feature","geometry":{"type":"Point","coordinates":[-1.353853,53.726941]},"properties":{"name":"The Glass Blower","slug":"the-glass-blower-castleford","jdwPubId":"855","townCity":"Castleford","postcode":"WF10 1JD","country":"England","pageUrl":"https://www.jdwetherspoon.com/pubs/the-glass-blower-castleford/","menuUrl":"https://www.jdwetherspoon.com/pub-menus/the-glass-blower-castleford/","facilities":["Step-free access","Licensed outside area","TV screens"],"regions":["England","West Yorkshire"],"source":"J D Wetherspoon official site (WP REST via Firecrawl)","observedAt":"2026-07-11T11:51:37Z"}},{"type":"Feature","geometry":{"type":"Point","coordinates":[-1.341896,53.710173]},"properties":{"name":"The Winter Seam","slug":"the-winter-seam-castleford","jdwPubId":"2779","townCity":"Castleford","postcode":"WF10 4TA","country":"England","pageUrl":"https://www.jdwetherspoon.com/pubs/the-winter-seam-castleford/","menuUrl":"https://www.jdwetherspoon.com/pub-menus/the-winter-seam-castleford/","facilities":["TV screens","Licensed outside area","Projector and screen","Baby change","Step-free access"],"regions":["England","West Yorkshire"],"source":"J D Wetherspoon official site (WP REST via Firecrawl)","observedAt":"2026-07-11T11:51:37Z"}},{"type":"Feature","geometry":{"type":"Point","coordinates":[0.13027,51.570419]},"properties":{"name":"The Eva Hart","slug":"the-eva-hart-chadwell-heath","jdwPubId":"562","townCity":"Chadwell Heath","postcode":"RM6 4AH","country":"England","pageUrl":"https://www.jdwetherspoon.com/pubs/the-eva-hart-chadwell-heath/","menuUrl":"https://www.jdwetherspoon.com/pub-menus/the-eva-hart-chadwell-heath/","facilities":["Wi-Fi","TV screens","Licensed outside area","Baby change","Step-free access"],"regions":["England","Redbridge"],"source":"J D Wetherspoon official site (WP REST via Firecrawl)","observedAt":"2026-07-11T11:51:37Z"}},{"type":"Feature","geometry":{"type":"Point","coordinates":[-2.96261,50.873112]},"properties":{"name":"The Cerdic","slug":"the-cerdic-chard","jdwPubId":"2337","townCity":"Chard","postcode":"TA20 1PT","country":"England","pageUrl":"https://www.jdwetherspoon.com/pubs/the-cerdic-chard/","menuUrl":"https://www.jdwetherspoon.com/pub-menus/the-cerdic-chard/","facilities":["Wi-Fi","TV screens","Licensed outside area","Baby change","Step-free access"],"regions":["England","Somerset"],"source":"J D Wetherspoon official site (WP REST via Firecrawl)","observedAt":"2026-07-11T11:51:37Z"}},{"type":"Feature","geometry":{"type":"Point","coordinates":[0.522704,51.382159]},"properties":{"name":"The Thomas Waghorn","slug":"the-thomas-waghorn-chatham","jdwPubId":"6549","townCity":"Chatham","postcode":"ME4 4JL","country":"England","pageUrl":"https://www.jdwetherspoon.com/pubs/the-thomas-waghorn-chatham/","menuUrl":"https://www.jdwetherspoon.com/pub-menus/the-thomas-waghorn-chatham/","facilities":["Step-free access","Baby change","TV screens","Wi-Fi"],"regions":["England","Kent"],"source":"J D Wetherspoon official site (WP REST via Firecrawl)","observedAt":"2026-07-11T11:51:37Z"}},{"type":"Feature","geometry":{"type":"Point","coordinates":[-1.989753,52.986782]},"properties":{"name":"The Wheatsheaf","slug":"the-wheatsheaf-cheadle","jdwPubId":"6226","townCity":"Cheadle","postcode":"ST10 1AR","country":"England","pageUrl":"https://www.jdwetherspoon.com/pubs/the-wheatsheaf-cheadle/","menuUrl":"https://www.jdwetherspoon.com/pub-menus/the-wheatsheaf-cheadle/","facilities":["TV screens","Licensed outside area","Step-free access"],"regions":["England","Staffordshire"],"source":"J D Wetherspoon official site (WP REST via Firecrawl)","observedAt":"2026-07-11T11:51:37Z"}},{"type":"Feature","geometry":{"type":"Point","coordinates":[0.473302,51.732532]},"properties":{"name":"The Ivory Peg","slug":"the-ivory-peg-chelmsford","jdwPubId":"4055","townCity":"Chelmsford","postcode":"CM2 0SW","country":"England","pageUrl":"https://www.jdwetherspoon.com/pubs/the-ivory-peg-chelmsford/","menuUrl":"https://www.jdwetherspoon.com/pub-menus/the-ivory-peg-chelmsford/","facilities":["Step-free access","Baby change","TV screens","Wi-Fi"],"regions":["England","Essex"],"source":"J D Wetherspoon official site (WP REST via Firecrawl)","observedAt":"2026-07-11T11:51:37Z"}},{"type":"Feature","geometry":{"type":"Point","coordinates":[-2.075858,51.900895]},"properties":{"name":"The Bank House","slug":"the-bank-house-cheltenham","jdwPubId":"6209","townCity":"Cheltenham","postcode":"GL50 3JL","country":"England","pageUrl":"https://www.jdwetherspoon.com/pubs/the-bank-house-cheltenham/","menuUrl":"https://www.jdwetherspoon.com/pub-menus/the-bank-house-cheltenham/","facilities":["Wi-Fi","Step-free access","Licensed outside area","TV screens"],"regions":["England","Gloucestershire"],"source":"J D Wetherspoon official site (WP REST via Firecrawl)","observedAt":"2026-07-11T11:51:37Z"}},{"type":"Feature","geometry":{"type":"Point","coordinates":[-2.072483,51.897521]},"properties":{"name":"The Moon Under Water, Cheltenham","slug":"the-moon-under-water-cheltenham-cheltenham","jdwPubId":"778","townCity":"Cheltenham","postcode":"GL53 7HA","country":"England","pageUrl":"https://www.jdwetherspoon.com/pubs/the-moon-under-water-cheltenham/","menuUrl":"https://www.jdwetherspoon.com/pub-menus/the-moon-under-water-cheltenham-cheltenham/","facilities":["Licensed outside area","Music","Step-free access","Baby change","TV screens","Wi-Fi"],"regions":["England","Gloucestershire"],"source":"J D Wetherspoon official site (WP REST via Firecrawl)","observedAt":"2026-07-11T11:51:37Z"}},{"type":"Feature","geometry":{"type":"Point","coordinates":[-2.8954316,53.1943986]},"properties":{"name":"The Bull and Stirrup Hotel","slug":"the-bull-and-stirrup-hotel-chester","jdwPubId":"7295","townCity":"Chester","postcode":"CH1 4EE","country":"England","pageUrl":"https://www.jdwetherspoon.com/pubs/the-bull-and-stirrup-hotel-chester/","menuUrl":"https://www.jdwetherspoon.com/pub-menus/the-bull-and-stirrup-hotel-chester/","facilities":["Wi-Fi","TV screens","Accommodation","Licensed outside area","Baby change","Step-free access"],"regions":["England","Cheshire"],"source":"J D Wetherspoon official site (WP REST via Firecrawl)","observedAt":"2026-07-11T11:51:37Z"}},{"type":"Feature","geometry":{"type":"Point","coordinates":[-2.884266,53.191467]},"properties":{"name":"The Square Bottle","slug":"the-square-bottle-chester","jdwPubId":"209","townCity":"Chester","postcode":"CH1 1HB","country":"England","pageUrl":"https://www.jdwetherspoon.com/pubs/the-square-bottle-chester/","menuUrl":"https://www.jdwetherspoon.com/pub-menus/the-square-bottle-chester/","facilities":["Step-free access","Meeting facilities","Licensed outside area","TV screens","Wi-Fi"],"regions":["England","Cheshire"],"source":"J D Wetherspoon official site (WP REST via Firecrawl)","observedAt":"2026-07-11T11:51:37Z"}},{"type":"Feature","geometry":{"type":"Point","coordinates":[-1.573391,54.852139]},"properties":{"name":"The Wicket Gate","slug":"the-wicket-gate-chester-le-street","jdwPubId":"6261","townCity":"Chester-le-Street","postcode":"DH3 3AX","country":"England","pageUrl":"https://www.jdwetherspoon.com/pubs/the-wicket-gate-chester-le-street/","menuUrl":"https://www.jdwetherspoon.com/pub-menus/the-wicket-gate-chester-le-street/","facilities":["Wi-Fi","TV screens","Licensed outside area","Baby change","Step-free access"],"regions":["England","County Durham"],"source":"J D Wetherspoon official site (WP REST via Firecrawl)","observedAt":"2026-07-11T11:51:37Z"}},{"type":"Feature","geometry":{"type":"Point","coordinates":[-1.424153,53.235225]},"properties":{"name":"Spa Lane Vaults","slug":"spa-lane-vaults-chesterfield","jdwPubId":"2930","townCity":"Chesterfield","postcode":"S41 7TH","country":"England","pageUrl":"https://www.jdwetherspoon.com/pubs/spa-lane-vaults-chesterfield/","menuUrl":"https://www.jdwetherspoon.com/pub-menus/spa-lane-vaults-chesterfield/","facilities":["Wi-Fi","Step-free access","Baby change","Projector and screen","Licensed outside area","TV screens"],"regions":["England","Derbyshire"],"source":"J D Wetherspoon official site (WP REST via Firecrawl)","observedAt":"2026-07-11T11:51:37Z"}},{"type":"Feature","geometry":{"type":"Point","coordinates":[-1.293819,53.229884]},"properties":{"name":"The Pillar of Rock","slug":"the-pillar-of-rock-chesterfield","jdwPubId":"6747","townCity":"Chesterfield","postcode":"S44 6PP","country":"England","pageUrl":"https://www.jdwetherspoon.com/pubs/the-pillar-of-rock-chesterfield/","menuUrl":"https://www.jdwetherspoon.com/pub-menus/the-pillar-of-rock-chesterfield/","facilities":["Step-free access","Baby change","Licensed outside area","TV screens","Wi-Fi"],"regions":["England","Derbyshire"],"source":"J D Wetherspoon official site (WP REST via Firecrawl)","observedAt":"2026-07-11T11:51:37Z"}},{"type":"Feature","geometry":{"type":"Point","coordinates":[-1.431165,53.235196]},"properties":{"name":"The Portland Hotel","slug":"the-portland-hotel-chesterfield","jdwPubId":"2020","townCity":"Chesterfield","postcode":"S40 1AY","country":"England","pageUrl":"https://www.jdwetherspoon.com/pubs/the-portland-hotel-chesterfield/","menuUrl":"https://www.jdwetherspoon.com/pub-menus/the-portland-hotel-chesterfield/","facilities":["Wi-Fi","TV screens","Accommodation","Licensed outside area","Baby change","Meeting facilities","Step-free access"],"regions":["England","Derbyshire"],"source":"J D Wetherspoon official site (WP REST via Firecrawl)","observedAt":"2026-07-11T11:51:37Z"}},{"type":"Feature","geometry":{"type":"Point","coordinates":[-0.779968,50.836676]},"properties":{"name":"The Dolphin & Anchor","slug":"the-dolphin-anchor-chichester","jdwPubId":"237","townCity":"Chichester","postcode":"PO19 1QD","country":"England","pageUrl":"https://www.jdwetherspoon.com/pubs/the-dolphin-anchor-chichester/","menuUrl":"https://www.jdwetherspoon.com/pub-menus/the-dolphin-anchor-chichester/","facilities":["TV screens","Licensed outside area","Baby change","Step-free access"],"regions":["England","West Sussex"],"source":"J D Wetherspoon official site (WP REST via Firecrawl)","observedAt":"2026-07-11T11:51:37Z"}},{"type":"Feature","geometry":{"type":"Point","coordinates":[-0.017282,51.616348]},"properties":{"name":"The Kings Ford","slug":"the-kings-ford-chingford","jdwPubId":"214","townCity":"Chingford","postcode":"E4 8JL","country":"England","pageUrl":"https://www.jdwetherspoon.com/pubs/the-kings-ford-chingford/","menuUrl":"https://www.jdwetherspoon.com/pub-menus/the-kings-ford-chingford/","facilities":["Wi-Fi","TV screens","Licensed outside area","Step-free access"],"regions":["England","Waltham Forest"],"source":"J D Wetherspoon official site (WP REST via Firecrawl)","observedAt":"2026-07-11T11:51:37Z"}},{"type":"Feature","geometry":{"type":"Point","coordinates":[-2.117888,51.45839]},"properties":{"name":"The Bridge House","slug":"the-bridge-house-chippenham","jdwPubId":"5955","townCity":"Chippenham","postcode":"SN15 3WL","country":"England","pageUrl":"https://www.jdwetherspoon.com/pubs/the-bridge-house-chippenham/","menuUrl":"https://www.jdwetherspoon.com/pub-menus/the-bridge-house-chippenham/","facilities":["TV screens","Licensed outside area","Meeting facilities","Step-free access"],"regions":["England","Wiltshire"],"source":"J D Wetherspoon official site (WP REST via Firecrawl)","observedAt":"2026-07-11T11:51:37Z"}},{"type":"Feature","geometry":{"type":"Point","coordinates":[-2.630574,53.653949]},"properties":{"name":"The Sir Henry Tate","slug":"the-sir-henry-tate-chorley","jdwPubId":"2038","townCity":"Chorley","postcode":"PR7 1DB","country":"England","pageUrl":"https://www.jdwetherspoon.com/pubs/the-sir-henry-tate-chorley/","menuUrl":"https://www.jdwetherspoon.com/pub-menus/the-sir-henry-tate-chorley/","facilities":["Wi-Fi","TV screens","Licensed outside area","Baby change","Step-free access","Music"],"regions":["England","Lancashire"],"source":"J D Wetherspoon official site (WP REST via Firecrawl)","observedAt":"2026-07-11T11:51:37Z"}},{"type":"Feature","geometry":{"type":"Point","coordinates":[-2.27864,53.444237]},"properties":{"name":"The Sedge Lynn","slug":"the-sedge-lynn-chorlton-cum-hardy","jdwPubId":"1090","townCity":"Chorlton-cum-Hardy","postcode":"M21 9PN","country":"England","pageUrl":"https://www.jdwetherspoon.com/pubs/the-sedge-lynn-chorlton-cum-hardy/","menuUrl":"https://www.jdwetherspoon.com/pub-menus/the-sedge-lynn-chorlton-cum-hardy/","facilities":["Step-free access","Baby change","Licensed outside area","Wi-Fi"],"regions":["England","Manchester"],"source":"J D Wetherspoon official site (WP REST via Firecrawl)","observedAt":"2026-07-11T11:51:37Z"}},{"type":"Feature","geometry":{"type":"Point","coordinates":[-0.080963,51.517643]},"properties":{"name":"Hamilton Hall","slug":"hamilton-hall-city-of-london","jdwPubId":"42","townCity":"City of London","postcode":"EC2M 7PY","country":"England","pageUrl":"https://www.jdwetherspoon.com/pubs/hamilton-hall-city-of-london/","menuUrl":"https://www.jdwetherspoon.com/pub-menus/hamilton-hall-city-of-london/","facilities":["Step-free access","Licensed outside area","Wi-Fi"],"regions":["England","City of London"],"source":"J D Wetherspoon official site (WP REST via Firecrawl)","observedAt":"2026-07-11T11:51:37Z"}},{"type":"Feature","geometry":{"type":"Point","coordinates":[-0.08471,51.51267]},"properties":{"name":"The Crosse Keys","slug":"the-crosse-keys-city-of-london","jdwPubId":"364","townCity":"City of London","postcode":"EC3V 0DR","country":"England","pageUrl":"https://www.jdwetherspoon.com/pubs/the-crosse-keys-city-of-london/","menuUrl":"https://www.jdwetherspoon.com/pub-menus/the-crosse-keys-city-of-london/","facilities":["Baby change","Step-free access","Projector and screen","TV screens","Wi-Fi"],"regions":["England","City of London"],"source":"J D Wetherspoon official site (WP REST via Firecrawl)","observedAt":"2026-07-11T11:51:37Z"}},{"type":"Feature","geometry":{"type":"Point","coordinates":[-0.078563,51.509695]},"properties":{"name":"The Liberty Bounds","slug":"the-liberty-bounds-city-of-london","jdwPubId":"550","townCity":"City of London","postcode":"EC3N 4AA","country":"England","pageUrl":"https://www.jdwetherspoon.com/pubs/the-liberty-bounds-city-of-london/","menuUrl":"https://www.jdwetherspoon.com/pub-menus/the-liberty-bounds-city-of-london/","facilities":["Step-free access","TV screens","Wi-Fi"],"regions":["England","City of London"],"source":"J D Wetherspoon official site (WP REST via Firecrawl)","observedAt":"2026-07-11T11:51:37Z"}},{"type":"Feature","geometry":{"type":"Point","coordinates":[-0.090251,51.511362]},"properties":{"name":"The Sir John Hawkshaw","slug":"the-sir-john-hawkshaw-city-of-london","jdwPubId":"7077","townCity":"City of London","postcode":"EC4N 6AP","country":"England","pageUrl":"https://www.jdwetherspoon.com/pubs/the-sir-john-hawkshaw-city-of-london/","menuUrl":"https://www.jdwetherspoon.com/pub-menus/the-sir-john-hawkshaw-city-of-london/","facilities":["Wi-Fi","TV screens","Step-free access"],"regions":["England","City of London"],"source":"J D Wetherspoon official site (WP REST via Firecrawl)","observedAt":"2026-07-11T11:51:37Z"}},{"type":"Feature","geometry":{"type":"Point","coordinates":[1.154217,51.787608]},"properties":{"name":"Moon and Starfish","slug":"moon-and-starfish-clacton-on-sea","jdwPubId":"438","townCity":"Clacton-on-Sea","postcode":"CO15 1PU","country":"England","pageUrl":"https://www.jdwetherspoon.com/pubs/moon-and-starfish-clacton-on-sea/","menuUrl":"https://www.jdwetherspoon.com/pub-menus/moon-and-starfish-clacton-on-sea/","facilities":["Wi-Fi","TV screens","Licensed outside area","Baby change","Step-free access"],"regions":["England","Essex"],"source":"J D Wetherspoon official site (WP REST via Firecrawl)","observedAt":"2026-07-11T11:51:37Z"}},{"type":"Feature","geometry":{"type":"Point","coordinates":[-1.712401,53.724622]},"properties":{"name":"The Obediah Brooke","slug":"the-obediah-brooke-cleckheaton","jdwPubId":"1904","townCity":"Cleckheaton","postcode":"BD19 3JH","country":"England","pageUrl":"https://www.jdwetherspoon.com/pubs/the-obediah-brooke-cleckheaton/","menuUrl":"https://www.jdwetherspoon.com/pub-menus/the-obediah-brooke-cleckheaton/","facilities":["TV screens","Licensed outside area","Baby change","Step-free access"],"regions":["England","West Yorkshire"],"source":"J D Wetherspoon official site (WP REST via Firecrawl)","observedAt":"2026-07-11T11:51:37Z"}},{"type":"Feature","geometry":{"type":"Point","coordinates":[-0.031085,53.560768]},"properties":{"name":"The Coliseum Picture Theatre","slug":"the-coliseum-picture-theatre-cleethorpes","jdwPubId":"7190","townCity":"Cleethorpes","postcode":"DN35 8JN","country":"England","pageUrl":"https://www.jdwetherspoon.com/pubs/the-coliseum-picture-theatre-cleethorpes/","menuUrl":"https://www.jdwetherspoon.com/pub-menus/the-coliseum-picture-theatre-cleethorpes/","facilities":["Wi-Fi","Step-free access","Baby change","Licensed outside area","TV screens"],"regions":["England","Lincolnshire"],"source":"J D Wetherspoon official site (WP REST via Firecrawl)","observedAt":"2026-07-11T11:51:37Z"}},{"type":"Feature","geometry":{"type":"Point","coordinates":[0.00435627,53.53384985]},"properties":{"name":"The Humber Stone","slug":"the-humber-stone-cleethorpes","jdwPubId":"7907","townCity":"Cleethorpes","postcode":"DN35 0PW","country":"England","pageUrl":"https://www.jdwetherspoon.com/pubs/the-humber-stone-cleethorpes/","menuUrl":"https://www.jdwetherspoon.com/pub-menus/the-humber-stone-cleethorpes/","facilities":[],"regions":["England","Lincolnshire"],"source":"J D Wetherspoon official site (WP REST via Firecrawl)","observedAt":"2026-07-11T11:51:37Z"}},{"type":"Feature","geometry":{"type":"Point","coordinates":[-1.374327,52.723504]},"properties":{"name":"The Monkey Walk","slug":"the-monkey-walk-coalville","jdwPubId":"1727","townCity":"Coalville","postcode":"LE67 3WD","country":"England","pageUrl":"https://www.jdwetherspoon.com/pubs/the-monkey-walk-coalville/","menuUrl":"https://www.jdwetherspoon.com/pub-menus/the-monkey-walk-coalville/","facilities":["Wi-Fi","TV screens","Licensed outside area","Step-free access"],"regions":["England","Leicestershire"],"source":"J D Wetherspoon official site (WP REST via Firecrawl)","observedAt":"2026-07-11T11:51:37Z"}},{"type":"Feature","geometry":{"type":"Point","coordinates":[0.896916,51.887618]},"properties":{"name":"The Playhouse","slug":"the-playhouse-colchester","jdwPubId":"137","townCity":"Colchester","postcode":"CO2 7AA","country":"England","pageUrl":"https://www.jdwetherspoon.com/pubs/the-playhouse-colchester/","menuUrl":"https://www.jdwetherspoon.com/pub-menus/the-playhouse-colchester/","facilities":["Step-free access","Baby change","Racing TV","Projector and screen","TV screens","Wi-Fi"],"regions":["England","Essex"],"source":"J D Wetherspoon official site (WP REST via Firecrawl)","observedAt":"2026-07-11T11:51:37Z"}},{"type":"Feature","geometry":{"type":"Point","coordinates":[-0.251046,51.587353]},"properties":{"name":"The Moon Under Water, Colindale","slug":"the-moon-under-water-colindale-colindale","jdwPubId":"30","townCity":"Colindale","postcode":"NW9 6RR","country":"England","pageUrl":"https://www.jdwetherspoon.com/pubs/the-moon-under-water-colindale/","menuUrl":"https://www.jdwetherspoon.com/pub-menus/the-moon-under-water-colindale-colindale/","facilities":["Wi-Fi","TV screens","Racing TV","Baby change","Step-free access"],"regions":["England","Barnet"],"source":"J D Wetherspoon official site (WP REST via Firecrawl)","observedAt":"2026-07-11T11:51:37Z"}},{"type":"Feature","geometry":{"type":"Point","coordinates":[0.160898,51.59888]},"properties":{"name":"The Colley Rowe Inn","slug":"the-colley-rowe-inn-collier-row","jdwPubId":"614","townCity":"Collier Row","postcode":"RM5 3PA","country":"England","pageUrl":"https://www.jdwetherspoon.com/pubs/the-colley-rowe-inn-collier-row/","menuUrl":"https://www.jdwetherspoon.com/pub-menus/the-colley-rowe-inn-collier-row/","facilities":["Wi-Fi","TV screens","Baby change","Step-free access"],"regions":["England","Havering"],"source":"J D Wetherspoon official site (WP REST via Firecrawl)","observedAt":"2026-07-11T11:51:37Z"}},{"type":"Feature","geometry":{"type":"Point","coordinates":[-2.170443,53.856709]},"properties":{"name":"The Wallace Hartley","slug":"the-wallace-hartley-colne","jdwPubId":"5603","townCity":"Colne","postcode":"BB8 0EB","country":"England","pageUrl":"https://www.jdwetherspoon.com/pubs/the-wallace-hartley-colne/","menuUrl":"https://www.jdwetherspoon.com/pub-menus/the-wallace-hartley-colne/","facilities":["Step-free access","Baby change","Licensed outside area","TV screens","Wi-Fi"],"regions":["England","Lancashire"],"source":"J D Wetherspoon official site (WP REST via Firecrawl)","observedAt":"2026-07-11T11:51:37Z"}},{"type":"Feature","geometry":{"type":"Point","coordinates":[-2.214671,53.163783]},"properties":{"name":"The Counting House","slug":"the-counting-house-congleton","jdwPubId":"632","townCity":"Congleton","postcode":"CW12 1AH","country":"England","pageUrl":"https://www.jdwetherspoon.com/pubs/the-counting-house-congleton/","menuUrl":"https://www.jdwetherspoon.com/pub-menus/the-counting-house-congleton/","facilities":["Wi-Fi","Step-free access","Licensed outside area","TV screens"],"regions":["England","Cheshire"],"source":"J D Wetherspoon official site (WP REST via Firecrawl)","observedAt":"2026-07-11T11:51:37Z"}},{"type":"Feature","geometry":{"type":"Point","coordinates":[-1.830787,54.852039]},"properties":{"name":"The Company Row","slug":"the-company-row-consett","jdwPubId":"540","townCity":"Consett","postcode":"DH8 5BQ","country":"England","pageUrl":"https://www.jdwetherspoon.com/pubs/the-company-row-consett/","menuUrl":"https://www.jdwetherspoon.com/pub-menus/the-company-row-consett/","facilities":["Wi-Fi","TV screens","Licensed outside area","Baby change","Step-free access"],"regions":["England","County Durham"],"source":"J D Wetherspoon official site (WP REST via Firecrawl)","observedAt":"2026-07-11T11:51:37Z"}},{"type":"Feature","geometry":{"type":"Point","coordinates":[-0.70602,52.507544]},"properties":{"name":"The Samuel Lloyd","slug":"the-samuel-lloyd-corby","jdwPubId":"5385","townCity":"Corby","postcode":"NN17 4AP","country":"England","pageUrl":"https://www.jdwetherspoon.com/pubs/the-samuel-lloyd-corby/","menuUrl":"https://www.jdwetherspoon.com/pub-menus/the-samuel-lloyd-corby/","facilities":["Wi-Fi","TV screens","Licensed outside area","Baby change","Step-free access"],"regions":["England","Northamptonshire"],"source":"J D Wetherspoon official site (WP REST via Firecrawl)","observedAt":"2026-07-11T11:51:37Z"}},{"type":"Feature","geometry":{"type":"Point","coordinates":[-0.699317,52.487058]},"properties":{"name":"The Saxon Crown","slug":"the-saxon-crown-corby","jdwPubId":"5811","townCity":"Corby","postcode":"NN17 1FN","country":"England","pageUrl":"https://www.jdwetherspoon.com/pubs/the-saxon-crown-corby/","menuUrl":"https://www.jdwetherspoon.com/pub-menus/the-saxon-crown-corby/","facilities":["Step-free access","Meeting facilities","Baby change","Room hire","Licensed outside area","Accommodation","TV screens","Wi-Fi"],"regions":["England","Northamptonshire"],"source":"J D Wetherspoon official site (WP REST via Firecrawl)","observedAt":"2026-07-11T11:51:37Z"}},{"type":"Feature","geometry":{"type":"Point","coordinates":[-1.067159,50.844878]},"properties":{"name":"The First Post","slug":"the-first-post-cosham","jdwPubId":"684","townCity":"Cosham","postcode":"PO6 3AG","country":"England","pageUrl":"https://www.jdwetherspoon.com/pubs/the-first-post-cosham/","menuUrl":"https://www.jdwetherspoon.com/pub-menus/the-first-post-cosham/","facilities":["Wi-Fi","Sky Sports","TV screens","Licensed outside area","Baby change","Step-free access","TNT Sports"],"regions":["England","Hampshire"],"source":"J D Wetherspoon official site (WP REST via Firecrawl)","observedAt":"2026-07-11T11:51:37Z"}},{"type":"Feature","geometry":{"type":"Point","coordinates":[-1.530717,52.39965]},"properties":{"name":"The City Arms","slug":"the-city-arms-coventry","jdwPubId":"1823","townCity":"Coventry","postcode":"CV5 6EP","country":"England","pageUrl":"https://www.jdwetherspoon.com/pubs/the-city-arms-coventry/","menuUrl":"https://www.jdwetherspoon.com/pub-menus/the-city-arms-coventry/","facilities":["Wi-Fi","TV screens","Licensed outside area","Step-free access"],"regions":["England","West Midlands"],"source":"J D Wetherspoon official site (WP REST via Firecrawl)","observedAt":"2026-07-11T11:51:37Z"}},{"type":"Feature","geometry":{"type":"Point","coordinates":[-1.508567,52.40713]},"properties":{"name":"The Earl of Mercia","slug":"the-earl-of-mercia-coventry","jdwPubId":"2192","townCity":"Coventry","postcode":"CV1 5RE","country":"England","pageUrl":"https://www.jdwetherspoon.com/pubs/the-earl-of-mercia-coventry/","menuUrl":"https://www.jdwetherspoon.com/pub-menus/the-earl-of-mercia-coventry/","facilities":["Step-free access","Licensed outside area","TV screens","Wi-Fi"],"regions":["England","West Midlands"],"source":"J D Wetherspoon official site (WP REST via Firecrawl)","observedAt":"2026-07-11T11:51:37Z"}},{"type":"Feature","geometry":{"type":"Point","coordinates":[-1.509486,52.409068]},"properties":{"name":"The Flying Standard","slug":"the-flying-standard-coventry","jdwPubId":"163","townCity":"Coventry","postcode":"CV1 1FL","country":"England","pageUrl":"https://www.jdwetherspoon.com/pubs/the-flying-standard-coventry/","menuUrl":"https://www.jdwetherspoon.com/pub-menus/the-flying-standard-coventry/","facilities":["Step-free access","Baby change","Licensed outside area","TV screens","Wi-Fi"],"regions":["England","West Midlands"],"source":"J D Wetherspoon official site (WP REST via Firecrawl)","observedAt":"2026-07-11T11:51:37Z"}},{"type":"Feature","geometry":{"type":"Point","coordinates":[-2.082466,52.472103]},"properties":{"name":"The Moon Under Water, Cradley Heath","slug":"the-moon-under-water-cradley-heath-cradley-heath","jdwPubId":"495","townCity":"Cradley Heath","postcode":"B64 5HJ","country":"England","pageUrl":"https://www.jdwetherspoon.com/pubs/the-moon-under-water-cradley-heath/","menuUrl":"https://www.jdwetherspoon.com/pub-menus/the-moon-under-water-cradley-heath-cradley-heath/","facilities":["Step-free access","Licensed outside area","TV screens","Wi-Fi"],"regions":["England","West Midlands"],"source":"J D Wetherspoon official site (WP REST via Firecrawl)","observedAt":"2026-07-11T11:51:37Z"}},{"type":"Feature","geometry":{"type":"Point","coordinates":[-1.585128,55.086589]},"properties":{"name":"John The Clerk of Cramlington","slug":"john-the-clerk-of-cramlington-cramlington","jdwPubId":"7087","townCity":"Cramlington","postcode":"NE23 1DN","country":"England","pageUrl":"https://www.jdwetherspoon.com/pubs/john-the-clerk-of-cramlington-cramlington/","menuUrl":"https://www.jdwetherspoon.com/pub-menus/john-the-clerk-of-cramlington-cramlington/","facilities":["Wi-Fi","Step-free access","Baby change","Licensed outside area","TV screens"],"regions":["England","Northumberland"],"source":"J D Wetherspoon official site (WP REST via Firecrawl)","observedAt":"2026-07-11T11:51:37Z"}},{"type":"Feature","geometry":{"type":"Point","coordinates":[-1.58132,55.06538]},"properties":{"name":"The New Moor Farm","slug":"the-new-moor-farm-cramlington","jdwPubId":"7941","townCity":"Cramlington","postcode":"NE23 7QA","country":"England","pageUrl":"https://www.jdwetherspoon.com/pubs/the-new-moor-farm-cramlington/","menuUrl":"https://www.jdwetherspoon.com/pub-menus/the-new-moor-farm-cramlington/","facilities":["Wi-Fi","Step-free access","Meeting facilities","Baby change","Licensed outside area"],"regions":["England","Tyne and Wear"],"source":"J D Wetherspoon official site (WP REST via Firecrawl)","observedAt":"2026-07-11T11:51:37Z"}},{"type":"Feature","geometry":{"type":"Point","coordinates":[-0.163049,51.15599]},"properties":{"name":"The Beehive","slug":"the-beehive-crawley","jdwPubId":"6583","townCity":"Crawley","postcode":"RH6 0NQ","country":"England","pageUrl":"https://www.jdwetherspoon.com/pubs/the-beehive-crawley/","menuUrl":"https://www.jdwetherspoon.com/pub-menus/the-beehive-crawley/","facilities":["Step-free access","TV screens"],"regions":["England","West Sussex"],"source":"J D Wetherspoon official site (WP REST via Firecrawl)","observedAt":"2026-07-11T11:51:37Z"}},{"type":"Feature","geometry":{"type":"Point","coordinates":[-0.163049,51.15599]},"properties":{"name":"The Flying Horse","slug":"the-flying-horse-crawley","jdwPubId":"5785","townCity":"Crawley","postcode":"RH6 0NN","country":"England","pageUrl":"https://www.jdwetherspoon.com/pubs/the-flying-horse-crawley/","menuUrl":"https://www.jdwetherspoon.com/pub-menus/the-flying-horse-crawley/","facilities":["Step-free access","TV screens"],"regions":["England","West Sussex"],"source":"J D Wetherspoon official site (WP REST via Firecrawl)","observedAt":"2026-07-11T11:51:37Z"}},{"type":"Feature","geometry":{"type":"Point","coordinates":[-0.190369,51.115383]},"properties":{"name":"The Jubilee Oak","slug":"the-jubilee-oak-crawley","jdwPubId":"206","townCity":"Crawley","postcode":"RH10 1BU","country":"England","pageUrl":"https://www.jdwetherspoon.com/pubs/the-jubilee-oak-crawley/","menuUrl":"https://www.jdwetherspoon.com/pub-menus/the-jubilee-oak-crawley/","facilities":["TV screens","Licensed outside area","Baby change","Step-free access"],"regions":["England","West Sussex"],"source":"J D Wetherspoon official site (WP REST via Firecrawl)","observedAt":"2026-07-11T11:51:37Z"}},{"type":"Feature","geometry":{"type":"Point","coordinates":[-0.179121,51.161299]},"properties":{"name":"The Red Lion","slug":"the-red-lion-crawley","jdwPubId":"19","townCity":"Crawley","postcode":"RH6 0PJ","country":"England","pageUrl":"https://www.jdwetherspoon.com/pubs/the-red-lion-crawley/","menuUrl":"https://www.jdwetherspoon.com/pub-menus/the-red-lion-crawley/","facilities":["Step-free access","TV screens"],"regions":["England","West Sussex"],"source":"J D Wetherspoon official site (WP REST via Firecrawl)","observedAt":"2026-07-11T11:51:37Z"}},{"type":"Feature","geometry":{"type":"Point","coordinates":[-0.211525,51.553529]},"properties":{"name":"The Beaten Docket","slug":"the-beaten-docket-cricklewood","jdwPubId":"35","townCity":"Cricklewood","postcode":"NW2 3ET","country":"England","pageUrl":"https://www.jdwetherspoon.com/pubs/the-beaten-docket-cricklewood/","menuUrl":"https://www.jdwetherspoon.com/pub-menus/the-beaten-docket-cricklewood/","facilities":["Wi-Fi","TV screens","Licensed outside area","Racing TV","Baby change","Step-free access"],"regions":["England","Barnet"],"source":"J D Wetherspoon official site (WP REST via Firecrawl)","observedAt":"2026-07-11T11:51:37Z"}},{"type":"Feature","geometry":{"type":"Point","coordinates":[-1.7431,54.715016]},"properties":{"name":"The Horse Shoe Inn","slug":"the-horse-shoe-inn-crook","jdwPubId":"6687","townCity":"Crook","postcode":"DL15 9BG","country":"England","pageUrl":"https://www.jdwetherspoon.com/pubs/the-horse-shoe-inn-crook/","menuUrl":"https://www.jdwetherspoon.com/pub-menus/the-horse-shoe-inn-crook/","facilities":["Step-free access","Meeting facilities","Wi-Fi","TV screens","Licensed outside area","Baby change"],"regions":["England","County Durham"],"source":"J D Wetherspoon official site (WP REST via Firecrawl)","observedAt":"2026-07-11T11:51:37Z"}},{"type":"Feature","geometry":{"type":"Point","coordinates":[0.161607,51.060505]},"properties":{"name":"The Crowborough Cross","slug":"the-crowborough-cross-crowborough","jdwPubId":"7264","townCity":"Crowborough","postcode":"TN6 1AF","country":"England","pageUrl":"https://www.jdwetherspoon.com/pubs/the-crowborough-cross-crowborough/","menuUrl":"https://www.jdwetherspoon.com/pub-menus/the-crowborough-cross-crowborough/","facilities":["Wi-Fi","TV screens","Licensed outside area","Room hire","Baby change","Step-free access"],"regions":["England","East Sussex"],"source":"J D Wetherspoon official site (WP REST via Firecrawl)","observedAt":"2026-07-11T11:51:37Z"}},{"type":"Feature","geometry":{"type":"Point","coordinates":[-0.07155773,51.36253042]},"properties":{"name":"Coombe Lodge","slug":"coombe-lodge-croydon","jdwPubId":"7944","townCity":"Croydon","postcode":"CR0 5RB","country":"England","pageUrl":"https://www.jdwetherspoon.com/pubs/coombe-lodge-croydon/","menuUrl":"https://www.jdwetherspoon.com/pub-menus/coombe-lodge-croydon/","facilities":["Wi-Fi","TV screens","Changing places","Licensed outside area","Room hire","Baby change","Bike storage","Meeting facilities","Step-free access"],"regions":["England","Croydon"],"source":"J D Wetherspoon official site (WP REST via Firecrawl)","observedAt":"2026-07-11T11:51:37Z"}},{"type":"Feature","geometry":{"type":"Point","coordinates":[-0.098439,51.37405]},"properties":{"name":"The George","slug":"the-george-croydon","jdwPubId":"50","townCity":"Croydon","postcode":"CR0 1LA","country":"England","pageUrl":"https://www.jdwetherspoon.com/pubs/the-george-croydon/","menuUrl":"https://www.jdwetherspoon.com/pub-menus/the-george-croydon/","facilities":["Wi-Fi","TV screens","Licensed outside area","Projector and screen","Baby change","Step-free access"],"regions":["England","Croydon"],"source":"J D Wetherspoon official site (WP REST via Firecrawl)","observedAt":"2026-07-11T11:51:37Z"}},{"type":"Feature","geometry":{"type":"Point","coordinates":[-1.557235,54.52558]},"properties":{"name":"The Tanners Hall","slug":"the-tanners-hall-darlington","jdwPubId":"302","townCity":"Darlington","postcode":"DL3 7LL","country":"England","pageUrl":"https://www.jdwetherspoon.com/pubs/the-tanners-hall-darlington/","menuUrl":"https://www.jdwetherspoon.com/pub-menus/the-tanners-hall-darlington/","facilities":["Step-free access","Baby change","Racing TV","Licensed outside area","TV screens","Wi-Fi"],"regions":["England","County Durham"],"source":"J D Wetherspoon official site (WP REST via Firecrawl)","observedAt":"2026-07-11T11:51:37Z"}},{"type":"Feature","geometry":{"type":"Point","coordinates":[-1.552607,54.525575]},"properties":{"name":"The William Stead","slug":"the-william-stead-darlington","jdwPubId":"4114","townCity":"Darlington","postcode":"DL1 1LU","country":"England","pageUrl":"https://www.jdwetherspoon.com/pubs/the-william-stead-darlington/","menuUrl":"https://www.jdwetherspoon.com/pub-menus/the-william-stead-darlington/","facilities":["Step-free access","Baby change","Licensed outside area","TV screens","Wi-Fi"],"regions":["England","County Durham"],"source":"J D Wetherspoon official site (WP REST via Firecrawl)","observedAt":"2026-07-11T11:51:37Z"}},{"type":"Feature","geometry":{"type":"Point","coordinates":[0.214793,51.444745]},"properties":{"name":"The Flying Boat","slug":"the-flying-boat-dartford","jdwPubId":"6149","townCity":"Dartford","postcode":"DA1 2DT","country":"England","pageUrl":"https://www.jdwetherspoon.com/pubs/the-flying-boat-dartford/","menuUrl":"https://www.jdwetherspoon.com/pub-menus/the-flying-boat-dartford/","facilities":["Wi-Fi","TV screens","Licensed outside area","Baby change","Step-free access"],"regions":["England","Kent"],"source":"J D Wetherspoon official site (WP REST via Firecrawl)","observedAt":"2026-07-11T11:51:37Z"}},{"type":"Feature","geometry":{"type":"Point","coordinates":[-2.465437,53.696006]},"properties":{"name":"The Old Chapel","slug":"the-old-chapel-darwen","jdwPubId":"6666","townCity":"Darwen","postcode":"BB3 2RJ","country":"England","pageUrl":"https://www.jdwetherspoon.com/pubs/the-old-chapel-darwen/","menuUrl":"https://www.jdwetherspoon.com/pub-menus/the-old-chapel-darwen/","facilities":["Baby change","Licensed outside area","TV screens","Wi-Fi","Meeting facilities","Step-free access"],"regions":["England","Lancashire"],"source":"J D Wetherspoon official site (WP REST via Firecrawl)","observedAt":"2026-07-11T11:51:37Z"}},{"type":"Feature","geometry":{"type":"Point","coordinates":[-1.164515,52.257668]},"properties":{"name":"The Saracens Head Inn","slug":"the-saracens-head-inn-daventry","jdwPubId":"2890","townCity":"Daventry","postcode":"NN11 4GG","country":"England","pageUrl":"https://www.jdwetherspoon.com/pubs/the-saracens-head-inn-daventry/","menuUrl":"https://www.jdwetherspoon.com/pub-menus/the-saracens-head-inn-daventry/","facilities":["Wi-Fi","TV screens","Licensed outside area","Room hire","Meeting facilities","Step-free access"],"regions":["England","Northamptonshire"],"source":"J D Wetherspoon official site (WP REST via Firecrawl)","observedAt":"2026-07-11T11:51:37Z"}},{"type":"Feature","geometry":{"type":"Point","coordinates":[1.401747,51.223092]},"properties":{"name":"The Sir Norman Wisdom","slug":"the-sir-norman-wisdom-deal","jdwPubId":"6436","townCity":"Deal","postcode":"CT14 6ET","country":"England","pageUrl":"https://www.jdwetherspoon.com/pubs/the-sir-norman-wisdom-deal/","menuUrl":"https://www.jdwetherspoon.com/pub-menus/the-sir-norman-wisdom-deal/","facilities":["Step-free access","Baby change","Licensed outside area","TV screens","Wi-Fi"],"regions":["England","Kent"],"source":"J D Wetherspoon official site (WP REST via Firecrawl)","observedAt":"2026-07-11T11:51:37Z"}},{"type":"Feature","geometry":{"type":"Point","coordinates":[-1.478165,52.924163]},"properties":{"name":"The Standing Order","slug":"the-standing-order-derby","jdwPubId":"170","townCity":"Derby","postcode":"DE1 3GL","country":"England","pageUrl":"https://www.jdwetherspoon.com/pubs/the-standing-order-derby/","menuUrl":"https://www.jdwetherspoon.com/pub-menus/the-standing-order-derby/","facilities":["Wi-Fi","TV screens","Licensed outside area","Projector and screen","Baby change","Step-free access"],"regions":["England","Derbyshire"],"source":"J D Wetherspoon official site (WP REST via Firecrawl)","observedAt":"2026-07-11T11:51:37Z"}},{"type":"Feature","geometry":{"type":"Point","coordinates":[0.939354,52.680983]},"properties":{"name":"The Romany Rye","slug":"the-romany-rye-dereham","jdwPubId":"5937","townCity":"Dereham","postcode":"NR19 1DL","country":"England","pageUrl":"https://www.jdwetherspoon.com/pubs/the-romany-rye-dereham/","menuUrl":"https://www.jdwetherspoon.com/pub-menus/the-romany-rye-dereham/","facilities":["Step-free access","Baby change","Licensed outside area","Accommodation","TV screens","Wi-Fi"],"regions":["England","Norfolk"],"source":"J D Wetherspoon official site (WP REST via Firecrawl)","observedAt":"2026-07-11T11:51:37Z"}},{"type":"Feature","geometry":{"type":"Point","coordinates":[-1.995355,51.351756]},"properties":{"name":"The Silk Mercer","slug":"the-silk-mercer-devizes","jdwPubId":"4351","townCity":"Devizes","postcode":"SN10 1BL","country":"England","pageUrl":"https://www.jdwetherspoon.com/pubs/the-silk-mercer-devizes/","menuUrl":"https://www.jdwetherspoon.com/pub-menus/the-silk-mercer-devizes/","facilities":["TV screens","Licensed outside area","Baby change","Step-free access"],"regions":["England","Wiltshire"],"source":"J D Wetherspoon official site (WP REST via Firecrawl)","observedAt":"2026-07-11T11:51:37Z"}},{"type":"Feature","geometry":{"type":"Point","coordinates":[-0.024544,51.507563]},"properties":{"name":"The Ledger Building","slug":"the-ledger-building-docklands","jdwPubId":"1637","townCity":"Docklands","postcode":"E14 4AL","country":"England","pageUrl":"https://www.jdwetherspoon.com/pubs/the-ledger-building-docklands/","menuUrl":"https://www.jdwetherspoon.com/pub-menus/the-ledger-building-docklands/","facilities":["Wi-Fi","TV screens","Licensed outside area","Baby change"],"regions":["England","London"],"source":"J D Wetherspoon official site (WP REST via Firecrawl)","observedAt":"2026-07-11T11:51:37Z"}},{"type":"Feature","geometry":{"type":"Point","coordinates":[-1.134002,53.522466]},"properties":{"name":"The Gate House","slug":"the-gate-house-doncaster","jdwPubId":"2259","townCity":"Doncaster","postcode":"DN1 1TS","country":"England","pageUrl":"https://www.jdwetherspoon.com/pubs/the-gate-house-doncaster/","menuUrl":"https://www.jdwetherspoon.com/pub-menus/the-gate-house-doncaster/","facilities":["Step-free access","Licensed outside area","TV screens","Wi-Fi"],"regions":["England","South Yorkshire"],"source":"J D Wetherspoon official site (WP REST via Firecrawl)","observedAt":"2026-07-11T11:51:37Z"}},{"type":"Feature","geometry":{"type":"Point","coordinates":[-1.132554,53.523957]},"properties":{"name":"The Red Lion","slug":"the-red-lion-doncaster","jdwPubId":"4128","townCity":"Doncaster","postcode":"DN1 1NH","country":"England","pageUrl":"https://www.jdwetherspoon.com/pubs/the-red-lion-doncaster/","menuUrl":"https://www.jdwetherspoon.com/pub-menus/the-red-lion-doncaster/","facilities":["Baby change","Licensed outside area","Accommodation","TV screens","Wi-Fi"],"regions":["England","South Yorkshire"],"source":"J D Wetherspoon official site (WP REST via Firecrawl)","observedAt":"2026-07-11T11:51:37Z"}},{"type":"Feature","geometry":{"type":"Point","coordinates":[-2.439143,50.715187]},"properties":{"name":"The Royal Oak","slug":"the-royal-oak-dorchester","jdwPubId":"1548","townCity":"Dorchester","postcode":"DT1 1UW","country":"England","pageUrl":"https://www.jdwetherspoon.com/pubs/the-royal-oak-dorchester/","menuUrl":"https://www.jdwetherspoon.com/pub-menus/the-royal-oak-dorchester/","facilities":["Wi-Fi","TV screens","Licensed outside area","Baby change","Meeting facilities","Step-free access"],"regions":["England","Dorset"],"source":"J D Wetherspoon official site (WP REST via Firecrawl)","observedAt":"2026-07-11T11:51:37Z"}},{"type":"Feature","geometry":{"type":"Point","coordinates":[1.312592,51.125805]},"properties":{"name":"The Eight Bells","slug":"the-eight-bells-dover","jdwPubId":"397","townCity":"Dover","postcode":"CT16 1BZ","country":"England","pageUrl":"https://www.jdwetherspoon.com/pubs/the-eight-bells-dover/","menuUrl":"https://www.jdwetherspoon.com/pub-menus/the-eight-bells-dover/","facilities":["Wi-Fi","TV screens","Licensed outside area","Baby change","Step-free access"],"regions":["England","Kent"],"source":"J D Wetherspoon official site (WP REST via Firecrawl)","observedAt":"2026-07-11T11:51:37Z"}},{"type":"Feature","geometry":{"type":"Point","coordinates":[0.373821,52.60295]},"properties":{"name":"The Whalebone","slug":"the-whalebone-downham-market","jdwPubId":"7320","townCity":"Downham Market","postcode":"PE38 9DJ","country":"England","pageUrl":"https://www.jdwetherspoon.com/pubs/the-whalebone-downham-market/","menuUrl":"https://www.jdwetherspoon.com/pub-menus/the-whalebone-downham-market/","facilities":["Wi-Fi","TV screens","Baby change"],"regions":["England","Norfolk"],"source":"J D Wetherspoon official site (WP REST via Firecrawl)","observedAt":"2026-07-11T11:51:37Z"}},{"type":"Feature","geometry":{"type":"Point","coordinates":[-0.440338,54.006331]},"properties":{"name":"The Benjamin Fawcett","slug":"the-benjamin-fawcett-driffield","jdwPubId":"6203","townCity":"Driffield","postcode":"YO25 6SW","country":"England","pageUrl":"https://www.jdwetherspoon.com/pubs/the-benjamin-fawcett-driffield/","menuUrl":"https://www.jdwetherspoon.com/pub-menus/the-benjamin-fawcett-driffield/","facilities":["Wi-Fi","TV screens","Licensed outside area","Baby change","Step-free access"],"regions":["England","East Riding of Yorkshire"],"source":"J D Wetherspoon official site (WP REST via Firecrawl)","observedAt":"2026-07-11T11:51:37Z"}},{"type":"Feature","geometry":{"type":"Point","coordinates":[-2.084455,52.509425]},"properties":{"name":"The Full Moon","slug":"the-full-moon-dudley","jdwPubId":"189","townCity":"Dudley","postcode":"DY1 1PY","country":"England","pageUrl":"https://www.jdwetherspoon.com/pubs/the-full-moon-dudley/","menuUrl":"https://www.jdwetherspoon.com/pub-menus/the-full-moon-dudley/","facilities":["Step-free access","Baby change","TV screens","Wi-Fi"],"regions":["England","West Midlands"],"source":"J D Wetherspoon official site (WP REST via Firecrawl)","observedAt":"2026-07-11T11:51:37Z"}},{"type":"Feature","geometry":{"type":"Point","coordinates":[-0.521186,51.889702]},"properties":{"name":"The Gary Cooper","slug":"the-gary-cooper-dunstable","jdwPubId":"5639","townCity":"Dunstable","postcode":"LU5 4GP","country":"England","pageUrl":"https://www.jdwetherspoon.com/pubs/the-gary-cooper-dunstable/","menuUrl":"https://www.jdwetherspoon.com/pub-menus/the-gary-cooper-dunstable/","facilities":["Wi-Fi","TV screens","Licensed outside area","Baby change","Step-free access"],"regions":["England","Bedfordshire"],"source":"J D Wetherspoon official site (WP REST via Firecrawl)","observedAt":"2026-07-11T11:51:37Z"}},{"type":"Feature","geometry":{"type":"Point","coordinates":[-1.575286,54.777955]},"properties":{"name":"The Bishops’ Mill","slug":"the-bishops-mill-durham","jdwPubId":"5326","townCity":"Durham","postcode":"DH1 1SQ","country":"England","pageUrl":"https://www.jdwetherspoon.com/pubs/the-bishops-mill-durham/","menuUrl":"https://www.jdwetherspoon.com/pub-menus/the-bishops-mill-durham/","facilities":["Wi-Fi","Music","TNT Sports","Step-free access","Baby change","Racing TV","Projector and screen","Licensed outside area","TV screens","Sky Sports"],"regions":["England","County Durham"],"source":"J D Wetherspoon official site (WP REST via Firecrawl)","observedAt":"2026-07-11T11:51:37Z"}},{"type":"Feature","geometry":{"type":"Point","coordinates":[-0.298768,51.513603]},"properties":{"name":"The Sir Michael Balcon","slug":"the-sir-michael-balcon-ealing","jdwPubId":"6014","townCity":"Ealing","postcode":"W5 3TJ","country":"England","pageUrl":"https://www.jdwetherspoon.com/pubs/the-sir-michael-balcon-ealing/","menuUrl":"https://www.jdwetherspoon.com/pub-menus/the-sir-michael-balcon-ealing/","facilities":["Wi-Fi","TV screens","Licensed outside area","Baby change","Step-free access"],"regions":["England","Ealing"],"source":"J D Wetherspoon official site (WP REST via Firecrawl)","observedAt":"2026-07-11T11:51:37Z"}},{"type":"Feature","geometry":{"type":"Point","coordinates":[-2.220421,53.408019]},"properties":{"name":"The Gateway","slug":"the-gateway-east-didsbury","jdwPubId":"6738","townCity":"East Didsbury","postcode":"M20 5PG","country":"England","pageUrl":"https://www.jdwetherspoon.com/pubs/the-gateway-east-didsbury/","menuUrl":"https://www.jdwetherspoon.com/pub-menus/the-gateway-east-didsbury/","facilities":["Step-free access","Meeting facilities","Licensed outside area","Wi-Fi","TV screens","Baby change"],"regions":["England","Greater Manchester"],"source":"J D Wetherspoon official site (WP REST via Firecrawl)","observedAt":"2026-07-11T11:51:37Z"}},{"type":"Feature","geometry":{"type":"Point","coordinates":[-0.008773,51.126476]},"properties":{"name":"The Ounce & Ivy Bush","slug":"the-ounce-ivy-bush-east-grinstead","jdwPubId":"2873","townCity":"East Grinstead","postcode":"RH19 3DJ","country":"England","pageUrl":"https://www.jdwetherspoon.com/pubs/the-ounce-ivy-bush-east-grinstead/","menuUrl":"https://www.jdwetherspoon.com/pub-menus/the-ounce-ivy-bush-east-grinstead/","facilities":["TV screens","Baby change","Step-free access"],"regions":["England","West Sussex"],"source":"J D Wetherspoon official site (WP REST via Firecrawl)","observedAt":"2026-07-11T11:51:37Z"}},{"type":"Feature","geometry":{"type":"Point","coordinates":[0.284555,50.767602]},"properties":{"name":"Cornfield Garage","slug":"cornfield-garage-eastbourne","jdwPubId":"280","townCity":"Eastbourne","postcode":"BN21 4QD","country":"England","pageUrl":"https://www.jdwetherspoon.com/pubs/cornfield-garage-eastbourne/","menuUrl":"https://www.jdwetherspoon.com/pub-menus/cornfield-garage-eastbourne/","facilities":["Wi-Fi","TV screens","Licensed outside area","Baby change","Step-free access"],"regions":["England","East Sussex"],"source":"J D Wetherspoon official site (WP REST via Firecrawl)","observedAt":"2026-07-11T11:51:37Z"}},{"type":"Feature","geometry":{"type":"Point","coordinates":[0.281549,50.768832]},"properties":{"name":"The London & County","slug":"the-london-county-eastbourne","jdwPubId":"6189","townCity":"Eastbourne","postcode":"BN21 3LX","country":"England","pageUrl":"https://www.jdwetherspoon.com/pubs/the-london-county-eastbourne/","menuUrl":"https://www.jdwetherspoon.com/pub-menus/the-london-county-eastbourne/","facilities":["Music","Step-free access","Meeting facilities","Baby change","TV screens","Wi-Fi"],"regions":["England","East Sussex"],"source":"J D Wetherspoon official site (WP REST via Firecrawl)","observedAt":"2026-07-11T11:51:37Z"}},{"type":"Feature","geometry":{"type":"Point","coordinates":[-1.350602,50.969443]},"properties":{"name":"The Wagon Works","slug":"the-wagon-works-eastleigh","jdwPubId":"6147","townCity":"Eastleigh","postcode":"SO50 9FJ","country":"England","pageUrl":"https://www.jdwetherspoon.com/pubs/the-wagon-works-eastleigh/","menuUrl":"https://www.jdwetherspoon.com/pub-menus/the-wagon-works-eastleigh/","facilities":["Wi-Fi","TV screens","Changing places","Licensed outside area","Baby change","Step-free access"],"regions":["England","Hampshire"],"source":"J D Wetherspoon official site (WP REST via Firecrawl)","observedAt":"2026-07-11T11:51:37Z"}},{"type":"Feature","geometry":{"type":"Point","coordinates":[-2.334663,53.483229]},"properties":{"name":"The Eccles Cross","slug":"the-eccles-cross-eccles","jdwPubId":"312","townCity":"Eccles","postcode":"M30 0BP","country":"England","pageUrl":"https://www.jdwetherspoon.com/pubs/the-eccles-cross-eccles/","menuUrl":"https://www.jdwetherspoon.com/pub-menus/the-eccles-cross-eccles/","facilities":["Step-free access","Licensed outside area","TV screens","Wi-Fi"],"regions":["England","Manchester"],"source":"J D Wetherspoon official site (WP REST via Firecrawl)","observedAt":"2026-07-11T11:51:37Z"}},{"type":"Feature","geometry":{"type":"Point","coordinates":[-0.099727,51.496082]},"properties":{"name":"The Rockingham Arms","slug":"the-rockingham-arms-elephant-and-castle","jdwPubId":"1260","townCity":"Elephant and Castle","postcode":"SE1 6BN","country":"England","pageUrl":"https://www.jdwetherspoon.com/pubs/the-rockingham-arms-elephant-and-castle/","menuUrl":"https://www.jdwetherspoon.com/pub-menus/the-rockingham-arms-elephant-and-castle/","facilities":["Wi-Fi","Licensed outside area","Baby change","Step-free access"],"regions":["England","Southwark"],"source":"J D Wetherspoon official site (WP REST via Firecrawl)","observedAt":"2026-07-11T11:51:37Z"}},{"type":"Feature","geometry":{"type":"Point","coordinates":[-2.923208,53.282852]},"properties":{"name":"The Wheatsheaf","slug":"the-wheatsheaf-ellesmere-port","jdwPubId":"2923","townCity":"Ellesmere Port","postcode":"CH66 3LN","country":"England","pageUrl":"https://www.jdwetherspoon.com/pubs/the-wheatsheaf-ellesmere-port/","menuUrl":"https://www.jdwetherspoon.com/pub-menus/the-wheatsheaf-ellesmere-port/","facilities":["Step-free access","Baby change","Racing TV","Licensed outside area","TV screens","Wi-Fi"],"regions":["England","Cheshire"],"source":"J D Wetherspoon official site (WP REST via Firecrawl)","observedAt":"2026-07-11T11:51:37Z"}},{"type":"Feature","geometry":{"type":"Point","coordinates":[-0.087759,51.658782]},"properties":{"name":"The Moon Under Water, Enfield","slug":"the-moon-under-water-enfield-enfield","jdwPubId":"24","townCity":"Enfield","postcode":"EN2 6NN","country":"England","pageUrl":"https://www.jdwetherspoon.com/pubs/the-moon-under-water-enfield/","menuUrl":"https://www.jdwetherspoon.com/pub-menus/the-moon-under-water-enfield-enfield/","facilities":["Wi-Fi","TV screens","Licensed outside area","Baby change","Step-free access"],"regions":["England","Enfield"],"source":"J D Wetherspoon official site (WP REST via Firecrawl)","observedAt":"2026-07-11T11:51:37Z"}},{"type":"Feature","geometry":{"type":"Point","coordinates":[-0.270009,51.332762]},"properties":{"name":"The Assembly Rooms","slug":"the-assembly-rooms-epsom","jdwPubId":"174","townCity":"Epsom","postcode":"KT19 8EH","country":"England","pageUrl":"https://www.jdwetherspoon.com/pubs/the-assembly-rooms-epsom/","menuUrl":"https://www.jdwetherspoon.com/pub-menus/the-assembly-rooms-epsom/","facilities":["Wi-Fi","TV screens","Licensed outside area","Baby change","Step-free access"],"regions":["England","Surrey"],"source":"J D Wetherspoon official site (WP REST via Firecrawl)","observedAt":"2026-07-11T11:51:37Z"}},{"type":"Feature","geometry":{"type":"Point","coordinates":[-0.13243,51.52897]},"properties":{"name":"The Captain Flinders","slug":"the-captain-flinders-euston","jdwPubId":"7618","townCity":"Euston","postcode":"NW1 1DA","country":"England","pageUrl":"https://www.jdwetherspoon.com/pubs/the-captain-flinders-euston/","menuUrl":"https://www.jdwetherspoon.com/pub-menus/the-captain-flinders-euston/","facilities":["Licensed outside area","Baby change","TV screens","Wi-Fi"],"regions":["England","Camden"],"source":"J D Wetherspoon official site (WP REST via Firecrawl)","observedAt":"2026-07-11T11:51:37Z"}},{"type":"Feature","geometry":{"type":"Point","coordinates":[-1.946456,52.094272]},"properties":{"name":"The Old Swanne Inne","slug":"the-old-swanne-inne-evesham","jdwPubId":"953","townCity":"Evesham","postcode":"WR11 4HG","country":"England","pageUrl":"https://www.jdwetherspoon.com/pubs/the-old-swanne-inne-evesham/","menuUrl":"https://www.jdwetherspoon.com/pub-menus/the-old-swanne-inne-evesham/","facilities":["Step-free access","Licensed outside area","TV screens"],"regions":["England","Worcestershire"],"source":"J D Wetherspoon official site (WP REST via Firecrawl)","observedAt":"2026-07-11T11:51:37Z"}},{"type":"Feature","geometry":{"type":"Point","coordinates":[-3.530044,50.720565]},"properties":{"name":"George’s Meeting House","slug":"georges-meeting-house-exeter","jdwPubId":"1040","townCity":"Exeter","postcode":"EX1 1ED","country":"England","pageUrl":"https://www.jdwetherspoon.com/pubs/georges-meeting-house-exeter/","menuUrl":"https://www.jdwetherspoon.com/pub-menus/georges-meeting-house-exeter/","facilities":["Wi-Fi","Step-free access","Baby change","Licensed outside area","TV screens"],"regions":["England","Devon"],"source":"J D Wetherspoon official site (WP REST via Firecrawl)","observedAt":"2026-07-11T11:51:37Z"}},{"type":"Feature","geometry":{"type":"Point","coordinates":[-3.5329,50.722202]},"properties":{"name":"The Chevalier Inn","slug":"the-chevalier-inn-exeter","jdwPubId":"6217","townCity":"Exeter","postcode":"EX4 3HR","country":"England","pageUrl":"https://www.jdwetherspoon.com/pubs/the-chevalier-inn-exeter/","menuUrl":"https://www.jdwetherspoon.com/pub-menus/the-chevalier-inn-exeter/","facilities":["Music","Step-free access","TV screens","Wi-Fi"],"regions":["England","Devon"],"source":"J D Wetherspoon official site (WP REST via Firecrawl)","observedAt":"2026-07-11T11:51:37Z"}},{"type":"Feature","geometry":{"type":"Point","coordinates":[-3.539669,50.730207]},"properties":{"name":"The Imperial","slug":"the-imperial-exeter","jdwPubId":"253","townCity":"Exeter","postcode":"EX4 4AH","country":"England","pageUrl":"https://www.jdwetherspoon.com/pubs/the-imperial-exeter/","menuUrl":"https://www.jdwetherspoon.com/pub-menus/the-imperial-exeter/","facilities":["Step-free access","Licensed outside area","TV screens","Wi-Fi"],"regions":["England","Devon"],"source":"J D Wetherspoon official site (WP REST via Firecrawl)","observedAt":"2026-07-11T11:51:37Z"}},{"type":"Feature","geometry":{"type":"Point","coordinates":[-3.544117,50.715339]},"properties":{"name":"The Sawyer’s Arms","slug":"the-sawyers-arms-exeter","jdwPubId":"6035","townCity":"Exeter","postcode":"EX4 1JD","country":"England","pageUrl":"https://www.jdwetherspoon.com/pubs/the-sawyers-arms-exeter/","menuUrl":"https://www.jdwetherspoon.com/pub-menus/the-sawyers-arms-exeter/","facilities":["TV screens","Licensed outside area","Step-free access"],"regions":["England","Devon"],"source":"J D Wetherspoon official site (WP REST via Firecrawl)","observedAt":"2026-07-11T11:51:37Z"}},{"type":"Feature","geometry":{"type":"Point","coordinates":[-3.413702,50.62033]},"properties":{"name":"The Powder Monkey","slug":"the-powder-monkey-exmouth","jdwPubId":"259","townCity":"Exmouth","postcode":"EX8 1RJ","country":"England","pageUrl":"https://www.jdwetherspoon.com/pubs/the-powder-monkey-exmouth/","menuUrl":"https://www.jdwetherspoon.com/pub-menus/the-powder-monkey-exmouth/","facilities":["Wi-Fi","TV screens","Licensed outside area","Baby change","Step-free access"],"regions":["England","Devon"],"source":"J D Wetherspoon official site (WP REST via Firecrawl)","observedAt":"2026-07-11T11:51:37Z"}},{"type":"Feature","geometry":{"type":"Point","coordinates":[-3.36673932,50.61492747]},"properties":{"name":"The Red Rocks","slug":"the-red-rocks-exmouth","jdwPubId":"7909","townCity":"Exmouth","postcode":"EX8 5BT","country":"England","pageUrl":"https://www.jdwetherspoon.com/pubs/the-red-rocks-exmouth/","menuUrl":"https://www.jdwetherspoon.com/pub-menus/the-red-rocks-exmouth/","facilities":["Wi-Fi","TV screens","Changing places","Baby change","Electric vehicle charging","Step-free access"],"regions":["England","Devon"],"source":"J D Wetherspoon official site (WP REST via Firecrawl)","observedAt":"2026-07-11T11:51:37Z"}},{"type":"Feature","geometry":{"type":"Point","coordinates":[0.085138,51.594121]},"properties":{"name":"The New Fairlop Oak","slug":"the-new-fairlop-oak-fairlop","jdwPubId":"43","townCity":"Fairlop","postcode":"IG6 2JP","country":"England","pageUrl":"https://www.jdwetherspoon.com/pubs/the-new-fairlop-oak-fairlop/","menuUrl":"https://www.jdwetherspoon.com/pub-menus/the-new-fairlop-oak-fairlop/","facilities":["Wi-Fi","TV screens","Licensed outside area","Baby change","Step-free access"],"regions":["England","Redbridge"],"source":"J D Wetherspoon official site (WP REST via Firecrawl)","observedAt":"2026-07-11T11:51:37Z"}},{"type":"Feature","geometry":{"type":"Point","coordinates":[0.848525,52.828667]},"properties":{"name":"The Limes","slug":"the-limes-fakenham","jdwPubId":"6970","townCity":"Fakenham","postcode":"NR21 9AZ","country":"England","pageUrl":"https://www.jdwetherspoon.com/pubs/the-limes-fakenham/","menuUrl":"https://www.jdwetherspoon.com/pub-menus/the-limes-fakenham/","facilities":["Wi-Fi","TV screens","Licensed outside area","Baby change","Step-free access"],"regions":["England","Norfolk"],"source":"J D Wetherspoon official site (WP REST via Firecrawl)","observedAt":"2026-07-11T11:51:37Z"}},{"type":"Feature","geometry":{"type":"Point","coordinates":[-5.073068,50.154786]},"properties":{"name":"The Packet Station","slug":"the-packet-station-falmouth","jdwPubId":"1033","townCity":"Falmouth","postcode":"TR11 3QA","country":"England","pageUrl":"https://www.jdwetherspoon.com/pubs/the-packet-station-falmouth/","menuUrl":"https://www.jdwetherspoon.com/pub-menus/the-packet-station-falmouth/","facilities":["Wi-Fi","TV screens","Licensed outside area","Projector and screen","Baby change","Step-free access"],"regions":["England","Cornwall"],"source":"J D Wetherspoon official site (WP REST via Firecrawl)","observedAt":"2026-07-11T11:51:37Z"}},{"type":"Feature","geometry":{"type":"Point","coordinates":[-1.176949,50.852333]},"properties":{"name":"The Crown Inn","slug":"the-crown-inn-fareham","jdwPubId":"6148","townCity":"Fareham","postcode":"PO16 0JW","country":"England","pageUrl":"https://www.jdwetherspoon.com/pubs/the-crown-inn-fareham/","menuUrl":"https://www.jdwetherspoon.com/pub-menus/the-crown-inn-fareham/","facilities":["Wi-Fi","Licensed outside area","Baby change","Step-free access"],"regions":["England","Hampshire"],"source":"J D Wetherspoon official site (WP REST via Firecrawl)","observedAt":"2026-07-11T11:51:37Z"}},{"type":"Feature","geometry":{"type":"Point","coordinates":[-1.24794726,50.8861778]},"properties":{"name":"The Round Coppice","slug":"the-round-coppice-fareham","jdwPubId":"7668","townCity":"Fareham","postcode":"PO15 7PD","country":"England","pageUrl":"https://www.jdwetherspoon.com/pubs/the-round-coppice-fareham/","menuUrl":"https://www.jdwetherspoon.com/pub-menus/the-round-coppice-fareham/","facilities":["Wi-Fi","TV screens","Licensed outside area","Baby change","Bike storage","Electric vehicle charging","Step-free access"],"regions":["England","Hampshire"],"source":"J D Wetherspoon official site (WP REST via Firecrawl)","observedAt":"2026-07-11T11:51:37Z"}},{"type":"Feature","geometry":{"type":"Point","coordinates":[-0.756707,51.293438]},"properties":{"name":"The Tilly Shilling","slug":"the-tilly-shilling-farnborough","jdwPubId":"6240","townCity":"Farnborough","postcode":"GU14 7PG","country":"England","pageUrl":"https://www.jdwetherspoon.com/pubs/the-tilly-shilling-farnborough/","menuUrl":"https://www.jdwetherspoon.com/pub-menus/the-tilly-shilling-farnborough/","facilities":["Baby change","Licensed outside area","TV screens","Wi-Fi","Step-free access"],"regions":["England","Hampshire"],"source":"J D Wetherspoon official site (WP REST via Firecrawl)","observedAt":"2026-07-11T11:51:37Z"}},{"type":"Feature","geometry":{"type":"Point","coordinates":[-0.105882,51.519816]},"properties":{"name":"The Sir John Oldcastle","slug":"the-sir-john-oldcastle-farringdon","jdwPubId":"430","townCity":"Farringdon","postcode":"EC1M 3JF","country":"England","pageUrl":"https://www.jdwetherspoon.com/pubs/the-sir-john-oldcastle-farringdon/","menuUrl":"https://www.jdwetherspoon.com/pub-menus/the-sir-john-oldcastle-farringdon/","facilities":["Wi-Fi","TV screens"],"regions":["England","Farringdon"],"source":"J D Wetherspoon official site (WP REST via Firecrawl)","observedAt":"2026-07-11T11:51:37Z"}},{"type":"Feature","geometry":{"type":"Point","coordinates":[0.891083,51.313756]},"properties":{"name":"The Leading Light","slug":"the-leading-light-faversham","jdwPubId":"498","townCity":"Faversham","postcode":"ME13 8NZ","country":"England","pageUrl":"https://www.jdwetherspoon.com/pubs/the-leading-light-faversham/","menuUrl":"https://www.jdwetherspoon.com/pub-menus/the-leading-light-faversham/","facilities":["Wi-Fi","TV screens","Licensed outside area","Baby change","Step-free access"],"regions":["England","Kent"],"source":"J D Wetherspoon official site (WP REST via Firecrawl)","observedAt":"2026-07-11T11:51:37Z"}},{"type":"Feature","geometry":{"type":"Point","coordinates":[-0.410089,51.44636]},"properties":{"name":"The Moon on the Square","slug":"the-moon-on-the-square-feltham","jdwPubId":"227","townCity":"Feltham","postcode":"TW13 4AU","country":"England","pageUrl":"https://www.jdwetherspoon.com/pubs/the-moon-on-the-square-feltham/","menuUrl":"https://www.jdwetherspoon.com/pub-menus/the-moon-on-the-square-feltham/","facilities":["Step-free access","TV screens","Wi-Fi"],"regions":["England","Hounslow"],"source":"J D Wetherspoon official site (WP REST via Firecrawl)","observedAt":"2026-07-11T11:51:37Z"}},{"type":"Feature","geometry":{"type":"Point","coordinates":[-0.282304,54.189714]},"properties":{"name":"The Five Stones","slug":"the-five-stones-filey","jdwPubId":"7901","townCity":"Filey","postcode":"YO14 9RF","country":"England","pageUrl":"https://www.jdwetherspoon.com/pubs/the-five-stones-filey/","menuUrl":"https://www.jdwetherspoon.com/pub-menus/the-five-stones-filey/","facilities":["TNT Sports","Step-free access","Electric vehicle charging","Baby change","Licensed outside area","Changing places","TV screens","Sky Sports","Wi-Fi"],"regions":["England","North Yorkshire"],"source":"J D Wetherspoon official site (WP REST via Firecrawl)","observedAt":"2026-07-11T11:51:37Z"}},{"type":"Feature","geometry":{"type":"Point","coordinates":[-0.845027,51.278858]},"properties":{"name":"The Prince Arthur","slug":"the-prince-arthur-fleet","jdwPubId":"532","townCity":"Fleet","postcode":"GU51 4BX","country":"England","pageUrl":"https://www.jdwetherspoon.com/pubs/the-prince-arthur-fleet/","menuUrl":"https://www.jdwetherspoon.com/pub-menus/the-prince-arthur-fleet/","facilities":["Step-free access","Licensed outside area","Wi-Fi","TV screens"],"regions":["England","Hampshire"],"source":"J D Wetherspoon official site (WP REST via Firecrawl)","observedAt":"2026-07-11T11:51:37Z"}},{"type":"Feature","geometry":{"type":"Point","coordinates":[-3.01980232,53.89814333]},"properties":{"name":"The Springfield","slug":"the-springfield-fleetwood","jdwPubId":"7937","townCity":"Fleetwood","postcode":"FY7 8JY","country":"England","pageUrl":"https://www.jdwetherspoon.com/pubs/the-springfield-fleetwood/","menuUrl":"https://www.jdwetherspoon.com/pub-menus/the-springfield-fleetwood/","facilities":["Step-free access","Electric vehicle charging","Baby change","Licensed outside area","TV screens","Wi-Fi"],"regions":["Blackpool","England"],"source":"J D Wetherspoon official site (WP REST via Firecrawl)","observedAt":"2026-07-11T11:51:37Z"}},{"type":"Feature","geometry":{"type":"Point","coordinates":[-3.011607,53.921906]},"properties":{"name":"The Thomas Drummond","slug":"the-thomas-drummond-fleetwood","jdwPubId":"2218","townCity":"Fleetwood","postcode":"FY7 6JE","country":"England","pageUrl":"https://www.jdwetherspoon.com/pubs/the-thomas-drummond-fleetwood/","menuUrl":"https://www.jdwetherspoon.com/pub-menus/the-thomas-drummond-fleetwood/","facilities":["Step-free access","Baby change","Licensed outside area","TV screens","Wi-Fi"],"regions":["England","Lancashire"],"source":"J D Wetherspoon official site (WP REST via Firecrawl)","observedAt":"2026-07-11T11:51:37Z"}},{"type":"Feature","geometry":{"type":"Point","coordinates":[1.18142,51.080596]},"properties":{"name":"The Samuel Peto","slug":"the-samuel-peto-folkestone","jdwPubId":"213","townCity":"Folkestone","postcode":"CT20 1EY","country":"England","pageUrl":"https://www.jdwetherspoon.com/pubs/the-samuel-peto-folkestone/","menuUrl":"https://www.jdwetherspoon.com/pub-menus/the-samuel-peto-folkestone/","facilities":["Wi-Fi","TV screens","Step-free access"],"regions":["England","Kent"],"source":"J D Wetherspoon official site (WP REST via Firecrawl)","observedAt":"2026-07-11T11:51:37Z"}},{"type":"Feature","geometry":{"type":"Point","coordinates":[-0.19488,51.4804]},"properties":{"name":"Walham Green","slug":"walham-green-fulham","jdwPubId":"7634","townCity":"Fulham","postcode":"SW6 1BY","country":"England","pageUrl":"https://www.jdwetherspoon.com/pubs/walham-green-fulham/","menuUrl":"https://www.jdwetherspoon.com/pub-menus/walham-green-fulham/","facilities":["Baby change","Licensed outside area","TV screens","Wi-Fi"],"regions":["England","Hammersmith & Fulham"],"source":"J D Wetherspoon official site (WP REST via Firecrawl)","observedAt":"2026-07-11T11:51:37Z"}},{"type":"Feature","geometry":{"type":"Point","coordinates":[-0.777033,53.398454]},"properties":{"name":"The Sweyn Forkbeard","slug":"the-sweyn-forkbeard-gainsborough","jdwPubId":"605","townCity":"Gainsborough","postcode":"DN21 2DP","country":"England","pageUrl":"https://www.jdwetherspoon.com/pubs/the-sweyn-forkbeard-gainsborough/","menuUrl":"https://www.jdwetherspoon.com/pub-menus/the-sweyn-forkbeard-gainsborough/","facilities":["Step-free access","Baby change","Licensed outside area","TV screens","Wi-Fi"],"regions":["England","Lincolnshire"],"source":"J D Wetherspoon official site (WP REST via Firecrawl)","observedAt":"2026-07-11T11:51:37Z"}},{"type":"Feature","geometry":{"type":"Point","coordinates":[-1.602189,54.961737]},"properties":{"name":"The Tilley Stone","slug":"the-tilley-stone-gateshead","jdwPubId":"6132","townCity":"Gateshead","postcode":"NE8 1ED","country":"England","pageUrl":"https://www.jdwetherspoon.com/pubs/the-tilley-stone-gateshead/","menuUrl":"https://www.jdwetherspoon.com/pub-menus/the-tilley-stone-gateshead/","facilities":["Step-free access","Baby change","Licensed outside area","TV screens","Wi-Fi"],"regions":["England","Tyne and Wear"],"source":"J D Wetherspoon official site (WP REST via Firecrawl)","observedAt":"2026-07-11T11:51:37Z"}},{"type":"Feature","geometry":{"type":"Point","coordinates":[-1.668555,54.957641]},"properties":{"name":"Wetherspoons","slug":"wetherspoons-gateshead","jdwPubId":"646","townCity":"Gateshead","postcode":"NE11 9XX","country":"England","pageUrl":"https://www.jdwetherspoon.com/pubs/wetherspoons-gateshead/","menuUrl":"https://www.jdwetherspoon.com/pub-menus/wetherspoons-gateshead/","facilities":["Wi-Fi","Baby change","Step-free access"],"regions":["England","Tyne and Wear"],"source":"J D Wetherspoon official site (WP REST via Firecrawl)","observedAt":"2026-07-11T11:51:37Z"}},{"type":"Feature","geometry":{"type":"Point","coordinates":[-1.948946,53.442653]},"properties":{"name":"The Smithy Fold","slug":"the-smithy-fold-glossop","jdwPubId":"6416","townCity":"Glossop","postcode":"SK13 8HS","country":"England","pageUrl":"https://www.jdwetherspoon.com/pubs/the-smithy-fold-glossop/","menuUrl":"https://www.jdwetherspoon.com/pub-menus/the-smithy-fold-glossop/","facilities":["Wi-Fi","Step-free access","Licensed outside area","TV screens"],"regions":["England","Derbyshire"],"source":"J D Wetherspoon official site (WP REST via Firecrawl)","observedAt":"2026-07-11T11:51:37Z"}},{"type":"Feature","geometry":{"type":"Point","coordinates":[-2.253147,51.861708]},"properties":{"name":"The Lord High Constable of England","slug":"the-lord-high-constable-of-england-gloucester","jdwPubId":"7102","townCity":"Gloucester","postcode":"GL1 2EH","country":"England","pageUrl":"https://www.jdwetherspoon.com/pubs/the-lord-high-constable-of-england-gloucester/","menuUrl":"https://www.jdwetherspoon.com/pub-menus/the-lord-high-constable-of-england-gloucester/","facilities":["Step-free access","Meeting facilities","Baby change","Licensed outside area","TV screens","Wi-Fi"],"regions":["England","Gloucestershire"],"source":"J D Wetherspoon official site (WP REST via Firecrawl)","observedAt":"2026-07-11T11:51:37Z"}},{"type":"Feature","geometry":{"type":"Point","coordinates":[-2.242722,51.86581]},"properties":{"name":"The Regal","slug":"the-regal-gloucester","jdwPubId":"224","townCity":"Gloucester","postcode":"GL1 1RP","country":"England","pageUrl":"https://www.jdwetherspoon.com/pubs/the-regal-gloucester/","menuUrl":"https://www.jdwetherspoon.com/pub-menus/the-regal-gloucester/","facilities":["Music","Step-free access","Baby change","Licensed outside area","TV screens","Wi-Fi"],"regions":["England","Gloucestershire"],"source":"J D Wetherspoon official site (WP REST via Firecrawl)","observedAt":"2026-07-11T11:51:37Z"}},{"type":"Feature","geometry":{"type":"Point","coordinates":[-0.612217,51.185709]},"properties":{"name":"The Jack Phillips","slug":"the-jack-phillips-godalming","jdwPubId":"557","townCity":"Godalming","postcode":"GU7 1DY","country":"England","pageUrl":"https://www.jdwetherspoon.com/pubs/the-jack-phillips-godalming/","menuUrl":"https://www.jdwetherspoon.com/pub-menus/the-jack-phillips-godalming/","facilities":["Wi-Fi","TV screens","Licensed outside area","Room hire","Baby change","Meeting facilities","Step-free access"],"regions":["England","Surrey"],"source":"J D Wetherspoon official site (WP REST via Firecrawl)","observedAt":"2026-07-11T11:51:37Z"}},{"type":"Feature","geometry":{"type":"Point","coordinates":[-0.871177,53.70353]},"properties":{"name":"The City and County","slug":"the-city-and-county-goole","jdwPubId":"1977","townCity":"Goole","postcode":"DN14 5DR","country":"England","pageUrl":"https://www.jdwetherspoon.com/pubs/the-city-and-county-goole/","menuUrl":"https://www.jdwetherspoon.com/pub-menus/the-city-and-county-goole/","facilities":["Wi-Fi","TV screens","Licensed outside area","Baby change","Step-free access"],"regions":["England","East Riding of Yorkshire"],"source":"J D Wetherspoon official site (WP REST via Firecrawl)","observedAt":"2026-07-11T11:51:37Z"}},{"type":"Feature","geometry":{"type":"Point","coordinates":[-1.121126,50.795369]},"properties":{"name":"The Star","slug":"the-star-gosport","jdwPubId":"1373","townCity":"Gosport","postcode":"PO12 1DF","country":"England","pageUrl":"https://www.jdwetherspoon.com/pubs/the-star-gosport/","menuUrl":"https://www.jdwetherspoon.com/pub-menus/the-star-gosport/","facilities":["Wi-Fi","TV screens","Licensed outside area","Baby change","Step-free access"],"regions":["England","Hampshire"],"source":"J D Wetherspoon official site (WP REST via Firecrawl)","observedAt":"2026-07-11T11:51:37Z"}},{"type":"Feature","geometry":{"type":"Point","coordinates":[-2.96637129,54.15764921]},"properties":{"name":"The Alfred Wainwright","slug":"the-alfred-wainwright-grange-over-sands","jdwPubId":"7920","townCity":"Grange-over-Sands","postcode":"LA11 7LT","country":"England","pageUrl":"https://www.jdwetherspoon.com/pubs/the-alfred-wainwright-grange-over-sands/","menuUrl":"https://www.jdwetherspoon.com/pub-menus/the-alfred-wainwright-grange-over-sands/","facilities":["Wi-Fi","Step-free access","Electric vehicle charging","Baby change","Licensed outside area","TV screens"],"regions":["England","Cumbria"],"source":"J D Wetherspoon official site (WP REST via Firecrawl)","observedAt":"2026-07-11T11:51:37Z"}},{"type":"Feature","geometry":{"type":"Point","coordinates":[-0.639824,52.909841]},"properties":{"name":"The Tollemache Inn","slug":"the-tollemache-inn-grantham","jdwPubId":"219","townCity":"Grantham","postcode":"NG31 6PY","country":"England","pageUrl":"https://www.jdwetherspoon.com/pubs/the-tollemache-inn-grantham/","menuUrl":"https://www.jdwetherspoon.com/pub-menus/the-tollemache-inn-grantham/","facilities":["Wi-Fi","TV screens","Licensed outside area","Step-free access"],"regions":["England","Lincolnshire"],"source":"J D Wetherspoon official site (WP REST via Firecrawl)","observedAt":"2026-07-11T11:51:37Z"}},{"type":"Feature","geometry":{"type":"Point","coordinates":[0.369227,51.44233]},"properties":{"name":"The Robert Pocock","slug":"the-robert-pocock-gravesend","jdwPubId":"316","townCity":"Gravesend","postcode":"DA12 1AH","country":"England","pageUrl":"https://www.jdwetherspoon.com/pubs/the-robert-pocock-gravesend/","menuUrl":"https://www.jdwetherspoon.com/pub-menus/the-robert-pocock-gravesend/","facilities":["Wi-Fi","TV screens","Licensed outside area","Baby change","Step-free access"],"regions":["England","Kent"],"source":"J D Wetherspoon official site (WP REST via Firecrawl)","observedAt":"2026-07-11T11:51:37Z"}},{"type":"Feature","geometry":{"type":"Point","coordinates":[-2.330037,52.112482]},"properties":{"name":"The Foley Arms Hotel","slug":"the-foley-arms-hotel-great-malvern","jdwPubId":"5562","townCity":"Great Malvern","postcode":"WR14 4QS","country":"England","pageUrl":"https://www.jdwetherspoon.com/pubs/the-foley-arms-hotel-great-malvern/","menuUrl":"https://www.jdwetherspoon.com/pub-menus/the-foley-arms-hotel-great-malvern/","facilities":["Step-free access","Meeting facilities","Baby change","Room hire","Projector and screen","Licensed outside area","TV screens","Accommodation"],"regions":["England","Worcestershire"],"source":"J D Wetherspoon official site (WP REST via Firecrawl)","observedAt":"2026-07-11T11:51:37Z"}},{"type":"Feature","geometry":{"type":"Point","coordinates":[1.729446,52.607216]},"properties":{"name":"The Troll Cart","slug":"the-troll-cart-great-yarmouth","jdwPubId":"210","townCity":"Great Yarmouth","postcode":"NR30 2AF","country":"England","pageUrl":"https://www.jdwetherspoon.com/pubs/the-troll-cart-great-yarmouth/","menuUrl":"https://www.jdwetherspoon.com/pub-menus/the-troll-cart-great-yarmouth/","facilities":["Step-free access","Baby change","Licensed outside area","Changing places","Accommodation","TV screens","Wi-Fi"],"regions":["England","Norfolk"],"source":"J D Wetherspoon official site (WP REST via Firecrawl)","observedAt":"2026-07-11T11:51:37Z"}},{"type":"Feature","geometry":{"type":"Point","coordinates":[1.73355905,52.5415814]},"properties":{"name":"The White Clover","slug":"the-white-clover-great-yarmouth","jdwPubId":"7915","townCity":"Great Yarmouth","postcode":"NR31 9BW","country":"England","pageUrl":"https://www.jdwetherspoon.com/pubs/the-white-clover-great-yarmouth/","menuUrl":"https://www.jdwetherspoon.com/pub-menus/the-white-clover-great-yarmouth/","facilities":["Wi-Fi","TV screens","Licensed outside area","Baby change","Electric vehicle charging","Step-free access"],"regions":["England","Norfolk"],"source":"J D Wetherspoon official site (WP REST via Firecrawl)","observedAt":"2026-07-11T11:51:37Z"}},{"type":"Feature","geometry":{"type":"Point","coordinates":[1.728201,52.580488]},"properties":{"name":"The William Adams","slug":"the-william-adams-great-yarmouth","jdwPubId":"7294","townCity":"Great Yarmouth","postcode":"NR31 6RG","country":"England","pageUrl":"https://www.jdwetherspoon.com/pubs/the-william-adams-great-yarmouth/","menuUrl":"https://www.jdwetherspoon.com/pub-menus/the-william-adams-great-yarmouth/","facilities":["Licensed outside area","Baby change","TV screens","Wi-Fi"],"regions":["England","Norfolk"],"source":"J D Wetherspoon official site (WP REST via Firecrawl)","observedAt":"2026-07-11T11:51:37Z"}},{"type":"Feature","geometry":{"type":"Point","coordinates":[-0.011132,51.481489]},"properties":{"name":"The Gate Clock","slug":"the-gate-clock-greenwich","jdwPubId":"585","townCity":"Greenwich","postcode":"SE10 9RB","country":"England","pageUrl":"https://www.jdwetherspoon.com/pubs/the-gate-clock-greenwich/","menuUrl":"https://www.jdwetherspoon.com/pub-menus/the-gate-clock-greenwich/","facilities":["Wi-Fi","TV screens","Licensed outside area","Baby change","Meeting facilities","Step-free access"],"regions":["England","Greenwich"],"source":"J D Wetherspoon official site (WP REST via Firecrawl)","observedAt":"2026-07-11T11:51:37Z"}},{"type":"Feature","geometry":{"type":"Point","coordinates":[0.002512,51.503842]},"properties":{"name":"The Stargazer","slug":"the-stargazer-greenwich","jdwPubId":"7606","townCity":"Greenwich","postcode":"SE10 0DX","country":"England","pageUrl":"https://www.jdwetherspoon.com/pubs/the-stargazer-greenwich/","menuUrl":"https://www.jdwetherspoon.com/pub-menus/the-stargazer-greenwich/","facilities":["Step-free access","Baby change","Licensed outside area","TV screens","Wi-Fi"],"regions":["England","Greenwich"],"source":"J D Wetherspoon official site (WP REST via Firecrawl)","observedAt":"2026-07-11T11:51:37Z"}},{"type":"Feature","geometry":{"type":"Point","coordinates":[-0.087395,53.563934]},"properties":{"name":"Yarborough Hotel","slug":"yarborough-hotel-grimsby","jdwPubId":"423","townCity":"Grimsby","postcode":"DN31 1JN","country":"England","pageUrl":"https://www.jdwetherspoon.com/pubs/the-yarborough-hotel-grimsby/","menuUrl":"https://www.jdwetherspoon.com/pub-menus/yarborough-hotel-grimsby/","facilities":["Step-free access","Baby change","Licensed outside area","Accommodation","TV screens","Wi-Fi"],"regions":["England","Lincolnshire"],"source":"J D Wetherspoon official site (WP REST via Firecrawl)","observedAt":"2026-07-11T11:51:37Z"}},{"type":"Feature","geometry":{"type":"Point","coordinates":[-0.57761,51.236732]},"properties":{"name":"The Rodboro Buildings","slug":"the-rodboro-buildings-guildford","jdwPubId":"416","townCity":"Guildford","postcode":"GU1 4SB","country":"England","pageUrl":"https://www.jdwetherspoon.com/pubs/the-rodboro-buildings-guildford/","menuUrl":"https://www.jdwetherspoon.com/pub-menus/the-rodboro-buildings-guildford/","facilities":["Wi-Fi","TV screens","Licensed outside area","Projector and screen","Baby change","Step-free access"],"regions":["England","Surrey"],"source":"J D Wetherspoon official site (WP REST via Firecrawl)","observedAt":"2026-07-11T11:51:37Z"}},{"type":"Feature","geometry":{"type":"Point","coordinates":[-0.59066412,51.24201478]},"properties":{"name":"The Sir Ronald Wates","slug":"the-sir-ronald-wates-guildford","jdwPubId":"7911","townCity":"Guildford","postcode":"GU2 7XH","country":"England","pageUrl":"https://www.jdwetherspoon.com/pubs/the-sir-ronald-wates-guildford/","menuUrl":"https://www.jdwetherspoon.com/pub-menus/the-sir-ronald-wates-guildford/","facilities":["Wi-Fi","Baby change"],"regions":["England","Surrey"],"source":"J D Wetherspoon official site (WP REST via Firecrawl)","observedAt":"2026-07-11T11:51:37Z"}},{"type":"Feature","geometry":{"type":"Point","coordinates":[-1.0566161,54.5345119]},"properties":{"name":"The Ironstone Miner","slug":"the-ironstone-miner-guisborough","jdwPubId":"7182","townCity":"Guisborough","postcode":"TS14 6AP","country":"England","pageUrl":"https://www.jdwetherspoon.com/pubs/the-ironstone-miner-guisborough/","menuUrl":"https://www.jdwetherspoon.com/pub-menus/the-ironstone-miner-guisborough/","facilities":["Step-free access","Baby change","TV screens","Wi-Fi"],"regions":["England","North Yorkshire"],"source":"J D Wetherspoon official site (WP REST via Firecrawl)","observedAt":"2026-07-11T11:51:37Z"}},{"type":"Feature","geometry":{"type":"Point","coordinates":[0.259596,50.862122]},"properties":{"name":"The George Hotel","slug":"the-george-hotel-hailsham","jdwPubId":"6284","townCity":"Hailsham","postcode":"BN27 1AD","country":"England","pageUrl":"https://www.jdwetherspoon.com/pubs/the-george-hotel-hailsham/","menuUrl":"https://www.jdwetherspoon.com/pub-menus/the-george-hotel-hailsham/","facilities":["Meeting facilities","Baby change","Licensed outside area","TV screens","Wi-Fi","Step-free access"],"regions":["England","East Sussex"],"source":"J D Wetherspoon official site (WP REST via Firecrawl)","observedAt":"2026-07-11T11:51:37Z"}},{"type":"Feature","geometry":{"type":"Point","coordinates":[-2.050818,52.449699]},"properties":{"name":"The William Shenstone","slug":"the-william-shenstone-halesowen","jdwPubId":"494","townCity":"Halesowen","postcode":"B63 4AB","country":"England","pageUrl":"https://www.jdwetherspoon.com/pubs/the-william-shenstone-halesowen/","menuUrl":"https://www.jdwetherspoon.com/pub-menus/the-william-shenstone-halesowen/","facilities":["Changing places","TV screens","Wi-Fi","Licensed outside area","Step-free access"],"regions":["England","West Midlands"],"source":"J D Wetherspoon official site (WP REST via Firecrawl)","observedAt":"2026-07-11T11:51:37Z"}},{"type":"Feature","geometry":{"type":"Point","coordinates":[-1.862741,53.721678]},"properties":{"name":"The Barum Top Inn","slug":"the-barum-top-inn-halifax","jdwPubId":"446","townCity":"Halifax","postcode":"HX1 1NX","country":"England","pageUrl":"https://www.jdwetherspoon.com/pubs/the-barum-top-inn-halifax/","menuUrl":"https://www.jdwetherspoon.com/pub-menus/the-barum-top-inn-halifax/","facilities":["TV screens","Licensed outside area","Projector and screen","Baby change","Step-free access","Music"],"regions":["England","West Yorkshire"],"source":"J D Wetherspoon official site (WP REST via Firecrawl)","observedAt":"2026-07-11T11:51:37Z"}},{"type":"Feature","geometry":{"type":"Point","coordinates":[-0.225152,51.493014]},"properties":{"name":"The William Morris","slug":"the-william-morris-hammersmith","jdwPubId":"166","townCity":"Hammersmith","postcode":"W6 0QA","country":"England","pageUrl":"https://www.jdwetherspoon.com/pubs/the-william-morris-hammersmith/","menuUrl":"https://www.jdwetherspoon.com/pub-menus/the-william-morris-hammersmith/","facilities":["Licensed outside area","Step-free access","Baby change","TV screens","Wi-Fi"],"regions":["England","Hammersmith & Fulham"],"source":"J D Wetherspoon official site (WP REST via Firecrawl)","observedAt":"2026-07-11T11:51:37Z"}},{"type":"Feature","geometry":{"type":"Point","coordinates":[-2.174163,53.02532]},"properties":{"name":"The Reginald Mitchell","slug":"the-reginald-mitchell-hanley","jdwPubId":"199","townCity":"Hanley","postcode":"ST1 1NQ","country":"England","pageUrl":"https://www.jdwetherspoon.com/pubs/the-reginald-mitchell-hanley/","menuUrl":"https://www.jdwetherspoon.com/pub-menus/the-reginald-mitchell-hanley/","facilities":["Wi-Fi","TV screens","Licensed outside area","Step-free access"],"regions":["England","Staffordshire"],"source":"J D Wetherspoon official site (WP REST via Firecrawl)","observedAt":"2026-07-11T11:51:37Z"}},{"type":"Feature","geometry":{"type":"Point","coordinates":[0.092027,51.771172]},"properties":{"name":"The William Aylmer","slug":"the-william-aylmer-harlow","jdwPubId":"2861","townCity":"Harlow","postcode":"CM20 1DG","country":"England","pageUrl":"https://www.jdwetherspoon.com/pubs/the-william-aylmer-harlow/","menuUrl":"https://www.jdwetherspoon.com/pub-menus/the-william-aylmer-harlow/","facilities":["Step-free access","Baby change","Licensed outside area","TV screens","Wi-Fi"],"regions":["England","Essex"],"source":"J D Wetherspoon official site (WP REST via Firecrawl)","observedAt":"2026-07-11T11:51:37Z"}},{"type":"Feature","geometry":{"type":"Point","coordinates":[-1.543775,53.994265]},"properties":{"name":"The Winter Gardens","slug":"the-winter-gardens-harrogate","jdwPubId":"893","townCity":"Harrogate","postcode":"HG1 2WH","country":"England","pageUrl":"https://www.jdwetherspoon.com/pubs/the-winter-gardens-harrogate/","menuUrl":"https://www.jdwetherspoon.com/pub-menus/the-winter-gardens-harrogate/","facilities":["Wi-Fi","TV screens","Licensed outside area","Baby change","Meeting facilities","Step-free access"],"regions":["England","North Yorkshire"],"source":"J D Wetherspoon official site (WP REST via Firecrawl)","observedAt":"2026-07-11T11:51:37Z"}},{"type":"Feature","geometry":{"type":"Point","coordinates":[-0.33416,51.579376]},"properties":{"name":"The Moon on the Hill","slug":"the-moon-on-the-hill-harrow","jdwPubId":"38","townCity":"Harrow","postcode":"HA1 2AW","country":"England","pageUrl":"https://www.jdwetherspoon.com/pubs/the-moon-on-the-hill-harrow/","menuUrl":"https://www.jdwetherspoon.com/pub-menus/the-moon-on-the-hill-harrow/","facilities":["Wi-Fi","TV screens","Licensed outside area","Baby change","Step-free access"],"regions":["England","Harrow"],"source":"J D Wetherspoon official site (WP REST via Firecrawl)","observedAt":"2026-07-11T11:51:37Z"}},{"type":"Feature","geometry":{"type":"Point","coordinates":[-1.208621,54.685666]},"properties":{"name":"The Ward Jackson","slug":"the-ward-jackson-hartlepool","jdwPubId":"5115","townCity":"Hartlepool","postcode":"TS24 7EU","country":"England","pageUrl":"https://www.jdwetherspoon.com/pubs/the-ward-jackson-hartlepool/","menuUrl":"https://www.jdwetherspoon.com/pub-menus/the-ward-jackson-hartlepool/","facilities":["Step-free access","Baby change","Licensed outside area","TV screens","Wi-Fi"],"regions":["England","County Durham"],"source":"J D Wetherspoon official site (WP REST via Firecrawl)","observedAt":"2026-07-11T11:51:37Z"}},{"type":"Feature","geometry":{"type":"Point","coordinates":[1.2809545,51.9366895]},"properties":{"name":"The Bottle Kiln","slug":"the-bottle-kiln-harwich","jdwPubId":"7386","townCity":"Harwich","postcode":"CO12 3JR","country":"England","pageUrl":"https://www.jdwetherspoon.com/pubs/the-bottle-kiln-harwich/","menuUrl":"https://www.jdwetherspoon.com/pub-menus/the-bottle-kiln-harwich/","facilities":["Wi-Fi","TV screens","Accommodation","Baby change","Step-free access"],"regions":["England","Essex"],"source":"J D Wetherspoon official site (WP REST via Firecrawl)","observedAt":"2026-07-11T11:51:37Z"}},{"type":"Feature","geometry":{"type":"Point","coordinates":[0.579626,50.855856]},"properties":{"name":"The John Logie Baird","slug":"the-john-logie-baird-hastings","jdwPubId":"1806","townCity":"Hastings","postcode":"TN34 1BE","country":"England","pageUrl":"https://www.jdwetherspoon.com/pubs/the-john-logie-baird-hastings/","menuUrl":"https://www.jdwetherspoon.com/pub-menus/the-john-logie-baird-hastings/","facilities":["Step-free access","Baby change","Projector and screen","Licensed outside area","TV screens","Wi-Fi"],"regions":["England","East Sussex"],"source":"J D Wetherspoon official site (WP REST via Firecrawl)","observedAt":"2026-07-11T11:51:37Z"}},{"type":"Feature","geometry":{"type":"Point","coordinates":[-0.372714,51.608306]},"properties":{"name":"The Moon and Sixpence","slug":"the-moon-and-sixpence-hatch-end","jdwPubId":"37","townCity":"Hatch End","postcode":"HA5 4HS","country":"England","pageUrl":"https://www.jdwetherspoon.com/pubs/the-moon-and-sixpence-hatch-end/","menuUrl":"https://www.jdwetherspoon.com/pub-menus/the-moon-and-sixpence-hatch-end/","facilities":["Wi-Fi","TV screens","Licensed outside area","Baby change"],"regions":["England","Harrow"],"source":"J D Wetherspoon official site (WP REST via Firecrawl)","observedAt":"2026-07-11T11:51:37Z"}},{"type":"Feature","geometry":{"type":"Point","coordinates":[-0.240634,51.762955]},"properties":{"name":"Harpsfield Hall","slug":"harpsfield-hall-hatfield","jdwPubId":"5480","townCity":"Hatfield","postcode":"AL10 9RQ","country":"England","pageUrl":"https://www.jdwetherspoon.com/pubs/harpsfield-hall-hatfield/","menuUrl":"https://www.jdwetherspoon.com/pub-menus/harpsfield-hall-hatfield/","facilities":["Step-free access","Baby change","Licensed outside area","TV screens","Wi-Fi"],"regions":["England","Hertfordshire"],"source":"J D Wetherspoon official site (WP REST via Firecrawl)","observedAt":"2026-07-11T11:51:37Z"}},{"type":"Feature","geometry":{"type":"Point","coordinates":[-0.98459,50.85192]},"properties":{"name":"The Parchment Makers","slug":"the-parchment-makers-havant","jdwPubId":"480","townCity":"Havant","postcode":"PO9 1HE","country":"England","pageUrl":"https://www.jdwetherspoon.com/pubs/the-parchment-makers-havant/","menuUrl":"https://www.jdwetherspoon.com/pub-menus/the-parchment-makers-havant/","facilities":["TNT Sports","Step-free access","Wi-Fi","TV screens","Licensed outside area","Baby change"],"regions":["England","Hampshire"],"source":"J D Wetherspoon official site (WP REST via Firecrawl)","observedAt":"2026-07-11T11:51:37Z"}},{"type":"Feature","geometry":{"type":"Point","coordinates":[0.437527,52.082715]},"properties":{"name":"The Drabbet Smock","slug":"the-drabbet-smock-haverhill","jdwPubId":"1058","townCity":"Haverhill","postcode":"CB9 8BB","country":"England","pageUrl":"https://www.jdwetherspoon.com/pubs/the-drabbet-smock-haverhill/","menuUrl":"https://www.jdwetherspoon.com/pub-menus/the-drabbet-smock-haverhill/","facilities":["Wi-Fi","TV screens","Licensed outside area","Baby change","Step-free access"],"regions":["England","Suffolk"],"source":"J D Wetherspoon official site (WP REST via Firecrawl)","observedAt":"2026-07-11T11:51:37Z"}},{"type":"Feature","geometry":{"type":"Point","coordinates":[-0.416617,51.508134]},"properties":{"name":"The Botwell Inn","slug":"the-botwell-inn-hayes","jdwPubId":"884","townCity":"Hayes","postcode":"UB3 3EB","country":"England","pageUrl":"https://www.jdwetherspoon.com/pubs/the-botwell-inn-hayes/","menuUrl":"https://www.jdwetherspoon.com/pub-menus/the-botwell-inn-hayes/","facilities":["Wi-Fi","TV screens","Licensed outside area","Step-free access"],"regions":["England","Hillingdon"],"source":"J D Wetherspoon official site (WP REST via Firecrawl)","observedAt":"2026-07-11T11:51:37Z"}},{"type":"Feature","geometry":{"type":"Point","coordinates":[-5.42930789,50.1969003]},"properties":{"name":"The Bluff Inn","slug":"the-bluff-inn-hayle","jdwPubId":"7940","townCity":"Hayle","postcode":"TR27 5AF","country":"England","pageUrl":"https://www.jdwetherspoon.com/pubs/the-bluff-inn-hayle/","menuUrl":"https://www.jdwetherspoon.com/pub-menus/the-bluff-inn-hayle/","facilities":["Wi-Fi","TV screens","Licensed outside area","Baby change","Step-free access"],"regions":["England","Cornwall"],"source":"J D Wetherspoon official site (WP REST via Firecrawl)","observedAt":"2026-07-11T11:51:37Z"}},{"type":"Feature","geometry":{"type":"Point","coordinates":[-2.000375,52.709197]},"properties":{"name":"The Hedgeford Lodge","slug":"the-hedgeford-lodge-hednesford","jdwPubId":"7136","townCity":"Hednesford","postcode":"WS12 1DL","country":"England","pageUrl":"https://www.jdwetherspoon.com/pubs/the-hedgeford-lodge-hednesford/","menuUrl":"https://www.jdwetherspoon.com/pub-menus/the-hedgeford-lodge-hednesford/","facilities":["Wi-Fi","TV screens","Licensed outside area","Baby change","Meeting facilities","Step-free access"],"regions":["England","Staffordshire"],"source":"J D Wetherspoon official site (WP REST via Firecrawl)","observedAt":"2026-07-11T11:51:37Z"}},{"type":"Feature","geometry":{"type":"Point","coordinates":[-5.275214,50.100822]},"properties":{"name":"The Coinage Hall","slug":"the-coinage-hall-helston","jdwPubId":"7323","townCity":"Helston","postcode":"TR13 8ER","country":"England","pageUrl":"https://www.jdwetherspoon.com/pubs/the-coinage-hall-helston/","menuUrl":"https://www.jdwetherspoon.com/pub-menus/the-coinage-hall-helston/","facilities":["Wi-Fi","Licensed outside area","Baby change","Meeting facilities","Step-free access"],"regions":["England","Cornwall"],"source":"J D Wetherspoon official site (WP REST via Firecrawl)","observedAt":"2026-07-11T11:51:37Z"}},{"type":"Feature","geometry":{"type":"Point","coordinates":[-0.472611,51.753486]},"properties":{"name":"The Full House","slug":"the-full-house-hemel-hempstead","jdwPubId":"269","townCity":"Hemel Hempstead","postcode":"HP1 1EZ","country":"England","pageUrl":"https://www.jdwetherspoon.com/pubs/the-full-house-hemel-hempstead/","menuUrl":"https://www.jdwetherspoon.com/pub-menus/the-full-house-hemel-hempstead/","facilities":["Step-free access","Licensed outside area","TV screens","Wi-Fi"],"regions":["England","Hertfordshire"],"source":"J D Wetherspoon official site (WP REST via Firecrawl)","observedAt":"2026-07-11T11:51:37Z"}},{"type":"Feature","geometry":{"type":"Point","coordinates":[-0.904076,51.537712]},"properties":{"name":"The Catherine Wheel","slug":"the-catherine-wheel-henley-on-thames","jdwPubId":"2367","townCity":"Henley-on-Thames","postcode":"RG9 2AR","country":"England","pageUrl":"https://www.jdwetherspoon.com/pubs/the-catherine-wheel-henley-on-thames/","menuUrl":"https://www.jdwetherspoon.com/pub-menus/the-catherine-wheel-henley-on-thames/","facilities":["Wi-Fi","TV screens","Accommodation","Licensed outside area","Baby change","Meeting facilities","Step-free access"],"regions":["England","Oxfordshire"],"source":"J D Wetherspoon official site (WP REST via Firecrawl)","observedAt":"2026-07-11T11:51:37Z"}},{"type":"Feature","geometry":{"type":"Point","coordinates":[-2.710562,52.058302]},"properties":{"name":"The Kings Fee","slug":"the-kings-fee-hereford","jdwPubId":"1869","townCity":"Hereford","postcode":"HR1 2BP","country":"England","pageUrl":"https://www.jdwetherspoon.com/pubs/the-kings-fee-hereford/","menuUrl":"https://www.jdwetherspoon.com/pub-menus/the-kings-fee-hereford/","facilities":["Wi-Fi","TV screens","Licensed outside area","Projector and screen","Baby change","Step-free access"],"regions":["England","Herefordshire"],"source":"J D Wetherspoon official site (WP REST via Firecrawl)","observedAt":"2026-07-11T11:51:37Z"}},{"type":"Feature","geometry":{"type":"Point","coordinates":[1.125989,51.372729]},"properties":{"name":"The Saxon Shore","slug":"the-saxon-shore-herne-bay","jdwPubId":"2957","townCity":"Herne Bay","postcode":"CT6 5JQ","country":"England","pageUrl":"https://www.jdwetherspoon.com/pubs/the-saxon-shore-herne-bay/","menuUrl":"https://www.jdwetherspoon.com/pub-menus/the-saxon-shore-herne-bay/","facilities":["Baby change","Step-free access","Licensed outside area","TV screens","Wi-Fi"],"regions":["England","Kent"],"source":"J D Wetherspoon official site (WP REST via Firecrawl)","observedAt":"2026-07-11T11:51:37Z"}},{"type":"Feature","geometry":{"type":"Point","coordinates":[-0.079142,51.79603]},"properties":{"name":"The Six Templars","slug":"the-six-templars-hertford","jdwPubId":"1641","townCity":"Hertford","postcode":"SG14 1PS","country":"England","pageUrl":"https://www.jdwetherspoon.com/pubs/the-six-templars-hertford/","menuUrl":"https://www.jdwetherspoon.com/pub-menus/the-six-templars-hertford/","facilities":["Wi-Fi","TV screens","Licensed outside area","Room hire","Baby change","Meeting facilities","Step-free access"],"regions":["England","Hertfordshire"],"source":"J D Wetherspoon official site (WP REST via Firecrawl)","observedAt":"2026-07-11T11:51:37Z"}},{"type":"Feature","geometry":{"type":"Point","coordinates":[-3.09928384,53.3276803]},"properties":{"name":"The Prense Well","slug":"the-prense-well-heswall","jdwPubId":"7290","townCity":"Heswall","postcode":"CH60 4RE","country":"England","pageUrl":"https://www.jdwetherspoon.com/pubs/the-prense-well-heswall/","menuUrl":"https://www.jdwetherspoon.com/pub-menus/the-prense-well-heswall/","facilities":["Wi-Fi","TV screens","Licensed outside area","Baby change","Step-free access"],"regions":["England","Merseyside"],"source":"J D Wetherspoon official site (WP REST via Firecrawl)","observedAt":"2026-07-11T11:51:37Z"}},{"type":"Feature","geometry":{"type":"Point","coordinates":[-2.101042,54.971866]},"properties":{"name":"The Forum","slug":"the-forum-hexham","jdwPubId":"834","townCity":"Hexham","postcode":"NE46 3PB","country":"England","pageUrl":"https://www.jdwetherspoon.com/pubs/the-forum-hexham/","menuUrl":"https://www.jdwetherspoon.com/pub-menus/the-forum-hexham/","facilities":["Wi-Fi","TV screens","Baby change","Step-free access"],"regions":["England","Northumberland"],"source":"J D Wetherspoon official site (WP REST via Firecrawl)","observedAt":"2026-07-11T11:51:37Z"}},{"type":"Feature","geometry":{"type":"Point","coordinates":[-2.22136,53.593732]},"properties":{"name":"The Edwin Waugh","slug":"the-edwin-waugh-heywood","jdwPubId":"835","townCity":"Heywood","postcode":"OL10 4LY","country":"England","pageUrl":"https://www.jdwetherspoon.com/pubs/the-edwin-waugh-heywood/","menuUrl":"https://www.jdwetherspoon.com/pub-menus/the-edwin-waugh-heywood/","facilities":["Wi-Fi","TV screens","Licensed outside area","Racing TV","Baby change","Step-free access"],"regions":["England","Manchester"],"source":"J D Wetherspoon official site (WP REST via Firecrawl)","observedAt":"2026-07-11T11:51:37Z"}},{"type":"Feature","geometry":{"type":"Point","coordinates":[-0.751336,51.629327]},"properties":{"name":"The Falcon","slug":"the-falcon-high-wycombe","jdwPubId":"167","townCity":"High Wycombe","postcode":"HP11 2AX","country":"England","pageUrl":"https://www.jdwetherspoon.com/pubs/the-falcon-high-wycombe/","menuUrl":"https://www.jdwetherspoon.com/pub-menus/the-falcon-high-wycombe/","facilities":["Wi-Fi","TV screens","Licensed outside area","Step-free access"],"regions":["England","Buckinghamshire"],"source":"J D Wetherspoon official site (WP REST via Firecrawl)","observedAt":"2026-07-11T11:51:37Z"}},{"type":"Feature","geometry":{"type":"Point","coordinates":[-0.278658,51.946575]},"properties":{"name":"The Angel Vaults Inn","slug":"the-angel-vaults-inn-hitchin","jdwPubId":"6427","townCity":"Hitchin","postcode":"SG5 1AE","country":"England","pageUrl":"https://www.jdwetherspoon.com/pubs/the-angel-vaults-inn-hitchin/","menuUrl":"https://www.jdwetherspoon.com/pub-menus/the-angel-vaults-inn-hitchin/","facilities":["Wi-Fi","TV screens","Licensed outside area","Step-free access"],"regions":["England","Hertfordshire"],"source":"J D Wetherspoon official site (WP REST via Firecrawl)","observedAt":"2026-07-11T11:51:37Z"}},{"type":"Feature","geometry":{"type":"Point","coordinates":[-0.01179,51.761613]},"properties":{"name":"The Star","slug":"the-star-hoddesdon","jdwPubId":"7244","townCity":"Hoddesdon","postcode":"EN11 8TN","country":"England","pageUrl":"https://www.jdwetherspoon.com/pubs/the-star-hoddesdon/","menuUrl":"https://www.jdwetherspoon.com/pub-menus/the-star-hoddesdon/","facilities":["Baby change","Licensed outside area","TV screens","Wi-Fi","Step-free access"],"regions":["England","Hertfordshire"],"source":"J D Wetherspoon official site (WP REST via Firecrawl)","observedAt":"2026-07-11T11:51:37Z"}},{"type":"Feature","geometry":{"type":"Point","coordinates":[-0.115481,51.517967]},"properties":{"name":"Penderel’s Oak","slug":"penderels-oak-holborn","jdwPubId":"506","townCity":"Holborn","postcode":"WC1V 7HP","country":"England","pageUrl":"https://www.jdwetherspoon.com/pubs/penderels-oak-holborn/","menuUrl":"https://www.jdwetherspoon.com/pub-menus/penderels-oak-holborn/","facilities":["Wi-Fi","TV screens","Licensed outside area","Baby change","Step-free access"],"regions":["England","Camden"],"source":"J D Wetherspoon official site (WP REST via Firecrawl)","observedAt":"2026-07-11T11:51:37Z"}},{"type":"Feature","geometry":{"type":"Point","coordinates":[-0.119686,51.516816]},"properties":{"name":"Shakespeare’s Head","slug":"shakespeares-head-holborn","jdwPubId":"239","townCity":"Holborn","postcode":"WC2B 6BG","country":"England","pageUrl":"https://www.jdwetherspoon.com/pubs/shakespeares-head-holborn/","menuUrl":"https://www.jdwetherspoon.com/pub-menus/shakespeares-head-holborn/","facilities":["Wi-Fi","Projector and screen","Baby change","Step-free access"],"regions":["England","Camden"],"source":"J D Wetherspoon official site (WP REST via Firecrawl)","observedAt":"2026-07-11T11:51:37Z"}},{"type":"Feature","geometry":{"type":"Point","coordinates":[-3.188086,50.798431]},"properties":{"name":"The Star Inn","slug":"the-star-inn-honiton","jdwPubId":"6790","townCity":"Honiton","postcode":"EX14 1BS","country":"England","pageUrl":"https://www.jdwetherspoon.com/pubs/the-star-inn-honiton/","menuUrl":"https://www.jdwetherspoon.com/pub-menus/the-star-inn-honiton/","facilities":["Wi-Fi","TV screens","Licensed outside area","Step-free access"],"regions":["England","Devon"],"source":"J D Wetherspoon official site (WP REST via Firecrawl)","observedAt":"2026-07-11T11:51:37Z"}},{"type":"Feature","geometry":{"type":"Point","coordinates":[-0.161764,51.170349]},"properties":{"name":"The Jack Fairman","slug":"the-jack-fairman-horley","jdwPubId":"5363","townCity":"Horley","postcode":"RH6 7PZ","country":"England","pageUrl":"https://www.jdwetherspoon.com/pubs/the-jack-fairman-horley/","menuUrl":"https://www.jdwetherspoon.com/pub-menus/the-jack-fairman-horley/","facilities":["Wi-Fi","Step-free access","Baby change","Licensed outside area","TV screens"],"regions":["England","Surrey"],"source":"J D Wetherspoon official site (WP REST via Firecrawl)","observedAt":"2026-07-11T11:51:37Z"}},{"type":"Feature","geometry":{"type":"Point","coordinates":[0.216179,51.562883]},"properties":{"name":"J.J. Moon’s","slug":"j-j-moons-hornchurch","jdwPubId":"89","townCity":"Hornchurch","postcode":"RM12 4UN","country":"England","pageUrl":"https://www.jdwetherspoon.com/pubs/j-j-moons-hornchurch/","menuUrl":"https://www.jdwetherspoon.com/pub-menus/j-j-moons-hornchurch/","facilities":["Wi-Fi","Step-free access"],"regions":["England","Havering"],"source":"J D Wetherspoon official site (WP REST via Firecrawl)","observedAt":"2026-07-11T11:51:37Z"}},{"type":"Feature","geometry":{"type":"Point","coordinates":[-0.332293,51.063625]},"properties":{"name":"The Lynd Cross","slug":"the-lynd-cross-horsham","jdwPubId":"586","townCity":"Horsham","postcode":"RH12 2PG","country":"England","pageUrl":"https://www.jdwetherspoon.com/pubs/the-lynd-cross-horsham/","menuUrl":"https://www.jdwetherspoon.com/pub-menus/the-lynd-cross-horsham/","facilities":["TV screens","Licensed outside area","Step-free access"],"regions":["England","West Sussex"],"source":"J D Wetherspoon official site (WP REST via Firecrawl)","observedAt":"2026-07-11T11:51:37Z"}},{"type":"Feature","geometry":{"type":"Point","coordinates":[-1.469199,54.843412]},"properties":{"name":"The Wild Boar","slug":"the-wild-boar-houghton-le-spring","jdwPubId":"6513","townCity":"Houghton-le-Spring","postcode":"DH4 4BN","country":"England","pageUrl":"https://www.jdwetherspoon.com/pubs/the-wild-boar-houghton-le-spring/","menuUrl":"https://www.jdwetherspoon.com/pub-menus/the-wild-boar-houghton-le-spring/","facilities":["Step-free access","Baby change","Licensed outside area","TV screens","Wi-Fi"],"regions":["England","Tyne and Wear"],"source":"J D Wetherspoon official site (WP REST via Firecrawl)","observedAt":"2026-07-11T11:51:37Z"}},{"type":"Feature","geometry":{"type":"Point","coordinates":[-0.44538,51.46148]},"properties":{"name":"Star Light","slug":"star-light-hounslow","jdwPubId":"7649","townCity":"Hounslow","postcode":"TW6 3XA","country":"England","pageUrl":"https://www.jdwetherspoon.com/pubs/star-light-hounslow/","menuUrl":"https://www.jdwetherspoon.com/pub-menus/star-light-hounslow/","facilities":["Baby change","Step-free access"],"regions":["England","Middlesex"],"source":"J D Wetherspoon official site (WP REST via Firecrawl)","observedAt":"2026-07-11T11:51:37Z"}},{"type":"Feature","geometry":{"type":"Point","coordinates":[-0.4875542,51.473187]},"properties":{"name":"The Crown Rivers","slug":"the-crown-rivers-hounslow","jdwPubId":"5509","townCity":"Hounslow","postcode":"TW6 2GA","country":"England","pageUrl":"https://www.jdwetherspoon.com/pubs/the-crown-rivers-hounslow/","menuUrl":"https://www.jdwetherspoon.com/pub-menus/the-crown-rivers-hounslow/","facilities":["Step-free access","Baby change","TV screens","Wi-Fi"],"regions":["England","Hillingdon"],"source":"J D Wetherspoon official site (WP REST via Firecrawl)","observedAt":"2026-07-11T11:51:37Z"}},{"type":"Feature","geometry":{"type":"Point","coordinates":[-0.369405,51.467084]},"properties":{"name":"The Moon Under Water, Hounslow","slug":"the-moon-under-water-hounslow-hounslow","jdwPubId":"33","townCity":"Hounslow","postcode":"TW3 3LF","country":"England","pageUrl":"https://www.jdwetherspoon.com/pubs/the-moon-under-water-hounslow/","menuUrl":"https://www.jdwetherspoon.com/pub-menus/the-moon-under-water-hounslow-hounslow/","facilities":["Step-free access","Baby change","Licensed outside area","TV screens","Wi-Fi"],"regions":["England","Hounslow"],"source":"J D Wetherspoon official site (WP REST via Firecrawl)","observedAt":"2026-07-11T11:51:37Z"}},{"type":"Feature","geometry":{"type":"Point","coordinates":[-0.44843651,51.46912321]},"properties":{"name":"The Sir Frank Whittle","slug":"the-sir-frank-whittle-hounslow","jdwPubId":"7673","townCity":"Hounslow","postcode":"TW6 1EW","country":"England","pageUrl":"https://www.jdwetherspoon.com/pubs/the-sir-frank-whittle-hounslow/","menuUrl":"https://www.jdwetherspoon.com/pub-menus/the-sir-frank-whittle-hounslow/","facilities":["Wi-Fi","TV screens","Step-free access","Airport after security"],"regions":["England","London"],"source":"J D Wetherspoon official site (WP REST via Firecrawl)","observedAt":"2026-07-11T11:51:37Z"}},{"type":"Feature","geometry":{"type":"Point","coordinates":[-3.177064,53.392477]},"properties":{"name":"Hoylake Lights","slug":"hoylake-lights-hoylake","jdwPubId":"541","townCity":"Hoylake","postcode":"CH47 3BB","country":"England","pageUrl":"https://www.jdwetherspoon.com/pubs/hoylake-lights-hoylake/","menuUrl":"https://www.jdwetherspoon.com/pub-menus/hoylake-lights-hoylake/","facilities":["Wi-Fi","TV screens","Licensed outside area","Baby change","Step-free access"],"regions":["England","Merseyside"],"source":"J D Wetherspoon official site (WP REST via Firecrawl)","observedAt":"2026-07-11T11:51:37Z"}},{"type":"Feature","geometry":{"type":"Point","coordinates":[-1.202491,53.038053]},"properties":{"name":"The Pilgrim Oak","slug":"the-pilgrim-oak-hucknall","jdwPubId":"810","townCity":"Hucknall","postcode":"NG15 7AX","country":"England","pageUrl":"https://www.jdwetherspoon.com/pubs/the-pilgrim-oak-hucknall/","menuUrl":"https://www.jdwetherspoon.com/pub-menus/the-pilgrim-oak-hucknall/","facilities":["Step-free access","Baby change","TV screens","Wi-Fi"],"regions":["England","Nottinghamshire"],"source":"J D Wetherspoon official site (WP REST via Firecrawl)","observedAt":"2026-07-11T11:51:37Z"}},{"type":"Feature","geometry":{"type":"Point","coordinates":[-1.782398,53.647402]},"properties":{"name":"The Cherry Tree","slug":"the-cherry-tree-huddersfield","jdwPubId":"1536","townCity":"Huddersfield","postcode":"HD1 1BA","country":"England","pageUrl":"https://www.jdwetherspoon.com/pubs/the-cherry-tree-huddersfield/","menuUrl":"https://www.jdwetherspoon.com/pub-menus/the-cherry-tree-huddersfield/","facilities":["TV screens","Licensed outside area","Baby change","Step-free access"],"regions":["England","West Yorkshire"],"source":"J D Wetherspoon official site (WP REST via Firecrawl)","observedAt":"2026-07-11T11:51:37Z"}},{"type":"Feature","geometry":{"type":"Point","coordinates":[-1.779138,53.645647]},"properties":{"name":"The Lord Wilson","slug":"the-lord-wilson-huddersfield","jdwPubId":"2314","townCity":"Huddersfield","postcode":"HD1 2PZ","country":"England","pageUrl":"https://www.jdwetherspoon.com/pubs/the-lord-wilson-huddersfield/","menuUrl":"https://www.jdwetherspoon.com/pub-menus/the-lord-wilson-huddersfield/","facilities":["TV screens","Licensed outside area","Projector and screen","Baby change","Step-free access","Music"],"regions":["England","West Yorkshire"],"source":"J D Wetherspoon official site (WP REST via Firecrawl)","observedAt":"2026-07-11T11:51:37Z"}},{"type":"Feature","geometry":{"type":"Point","coordinates":[-0.18713,52.33043]},"properties":{"name":"Sandford House","slug":"sandford-house-huntingdon","jdwPubId":"5452","townCity":"Huntingdon","postcode":"PE29 3BD","country":"England","pageUrl":"https://www.jdwetherspoon.com/pubs/sandford-house-huntingdon/","menuUrl":"https://www.jdwetherspoon.com/pub-menus/sandford-house-huntingdon/","facilities":["Wi-Fi","TV screens","Accommodation","Changing places","Baby change","Step-free access"],"regions":["England","Cambridgeshire"],"source":"J D Wetherspoon official site (WP REST via Firecrawl)","observedAt":"2026-07-11T11:51:37Z"}},{"type":"Feature","geometry":{"type":"Point","coordinates":[0.06883,51.561882]},"properties":{"name":"The Great Spoon of Ilford","slug":"the-great-spoon-of-ilford-ilford","jdwPubId":"90","townCity":"Ilford","postcode":"IG1 4LZ","country":"England","pageUrl":"https://www.jdwetherspoon.com/pubs/the-great-spoon-of-ilford-ilford/","menuUrl":"https://www.jdwetherspoon.com/pub-menus/the-great-spoon-of-ilford-ilford/","facilities":["Wi-Fi","TV screens","Licensed outside area","Baby change","Step-free access"],"regions":["England","Redbridge"],"source":"J D Wetherspoon official site (WP REST via Firecrawl)","observedAt":"2026-07-11T11:51:37Z"}},{"type":"Feature","geometry":{"type":"Point","coordinates":[-4.119226,51.210195]},"properties":{"name":"The Admiral Collingwood","slug":"the-admiral-collingwood-ilfracombe","jdwPubId":"5556","townCity":"Ilfracombe","postcode":"EX34 9AR","country":"England","pageUrl":"https://www.jdwetherspoon.com/pubs/the-admiral-collingwood-ilfracombe/","menuUrl":"https://www.jdwetherspoon.com/pub-menus/the-admiral-collingwood-ilfracombe/","facilities":["Wi-Fi","TV screens","Licensed outside area","Step-free access"],"regions":["England","Devon"],"source":"J D Wetherspoon official site (WP REST via Firecrawl)","observedAt":"2026-07-11T11:51:37Z"}},{"type":"Feature","geometry":{"type":"Point","coordinates":[-1.308167,52.971521]},"properties":{"name":"The Observatory","slug":"the-observatory-ilkeston","jdwPubId":"1017","townCity":"Ilkeston","postcode":"DE7 5QA","country":"England","pageUrl":"https://www.jdwetherspoon.com/pubs/the-observatory-ilkeston/","menuUrl":"https://www.jdwetherspoon.com/pub-menus/the-observatory-ilkeston/","facilities":["Step-free access","Licensed outside area","TV screens","Wi-Fi"],"regions":["England","Derbyshire"],"source":"J D Wetherspoon official site (WP REST via Firecrawl)","observedAt":"2026-07-11T11:51:37Z"}},{"type":"Feature","geometry":{"type":"Point","coordinates":[-1.825689,53.925738]},"properties":{"name":"The Lister Arms","slug":"the-lister-arms-ilkley","jdwPubId":"6693","townCity":"Ilkley","postcode":"LS29 9LB","country":"England","pageUrl":"https://www.jdwetherspoon.com/pubs/the-lister-arms-ilkley/","menuUrl":"https://www.jdwetherspoon.com/pub-menus/the-lister-arms-ilkley/","facilities":["Baby change","Step-free access","TV screens"],"regions":["England","West Yorkshire"],"source":"J D Wetherspoon official site (WP REST via Firecrawl)","observedAt":"2026-07-11T11:51:37Z"}},{"type":"Feature","geometry":{"type":"Point","coordinates":[1.154641,52.05952]},"properties":{"name":"The Cricketers","slug":"the-cricketers-ipswich","jdwPubId":"288","townCity":"Ipswich","postcode":"IP1 3JA","country":"England","pageUrl":"https://www.jdwetherspoon.com/pubs/the-cricketers-ipswich/","menuUrl":"https://www.jdwetherspoon.com/pub-menus/the-cricketers-ipswich/","facilities":["Wi-Fi","TV screens","Licensed outside area","Baby change","Step-free access"],"regions":["England","Suffolk"],"source":"J D Wetherspoon official site (WP REST via Firecrawl)","observedAt":"2026-07-11T11:51:37Z"}},{"type":"Feature","geometry":{"type":"Point","coordinates":[-0.103411,51.545739]},"properties":{"name":"The White Swan","slug":"the-white-swan-islington","jdwPubId":"1732","townCity":"Islington","postcode":"N1 1RY","country":"England","pageUrl":"https://www.jdwetherspoon.com/pubs/the-white-swan-islington/","menuUrl":"https://www.jdwetherspoon.com/pub-menus/the-white-swan-islington/","facilities":["Wi-Fi","TV screens","Licensed outside area","Step-free access"],"regions":["England","Islington"],"source":"J D Wetherspoon official site (WP REST via Firecrawl)","observedAt":"2026-07-11T11:51:37Z"}},{"type":"Feature","geometry":{"type":"Point","coordinates":[-1.909999,53.868726]},"properties":{"name":"The Livery Rooms","slug":"the-livery-rooms-keighley","jdwPubId":"4432","townCity":"Keighley","postcode":"BD21 3AA","country":"England","pageUrl":"https://www.jdwetherspoon.com/pubs/the-livery-rooms-keighley/","menuUrl":"https://www.jdwetherspoon.com/pub-menus/the-livery-rooms-keighley/","facilities":["Step-free access","Licensed outside area","TV screens"],"regions":["England","West Yorkshire"],"source":"J D Wetherspoon official site (WP REST via Firecrawl)","observedAt":"2026-07-11T11:51:37Z"}},{"type":"Feature","geometry":{"type":"Point","coordinates":[-2.748549,54.326752]},"properties":{"name":"The Miles Thompson","slug":"the-miles-thompson-kendal","jdwPubId":"2718","townCity":"Kendal","postcode":"LA9 4JH","country":"England","pageUrl":"https://www.jdwetherspoon.com/pubs/the-miles-thompson-kendal/","menuUrl":"https://www.jdwetherspoon.com/pub-menus/the-miles-thompson-kendal/","facilities":["Wi-Fi","TV screens","Licensed outside area","Baby change","Step-free access"],"regions":["England","Cumbria"],"source":"J D Wetherspoon official site (WP REST via Firecrawl)","observedAt":"2026-07-11T11:51:37Z"}},{"type":"Feature","geometry":{"type":"Point","coordinates":[-1.57963,52.34298]},"properties":{"name":"The Dictum of Kenilworth","slug":"the-dictum-of-kenilworth-kenilworth","jdwPubId":"7591","townCity":"Kenilworth","postcode":"CV8 1EB","country":"England","pageUrl":"https://www.jdwetherspoon.com/pubs/the-dictum-of-kenilworth-kenilworth/","menuUrl":"https://www.jdwetherspoon.com/pub-menus/the-dictum-of-kenilworth-kenilworth/","facilities":["Wi-Fi","TV screens","Licensed outside area","Baby change","Step-free access"],"regions":["England","Warwickshire"],"source":"J D Wetherspoon official site (WP REST via Firecrawl)","observedAt":"2026-07-11T11:51:37Z"}},{"type":"Feature","geometry":{"type":"Point","coordinates":[-3.137898,54.60191]},"properties":{"name":"The Chief Justice of the Common Pleas","slug":"the-chief-justice-of-the-common-pleas-keswick","jdwPubId":"6890","townCity":"Keswick","postcode":"CA12 5JY","country":"England","pageUrl":"https://www.jdwetherspoon.com/pubs/the-chief-justice-of-the-common-pleas-keswick/","menuUrl":"https://www.jdwetherspoon.com/pub-menus/the-chief-justice-of-the-common-pleas-keswick/","facilities":["Wi-Fi","TV screens","Licensed outside area","Baby change","Step-free access"],"regions":["England","Cumbria"],"source":"J D Wetherspoon official site (WP REST via Firecrawl)","observedAt":"2026-07-11T11:51:37Z"}},{"type":"Feature","geometry":{"type":"Point","coordinates":[-0.725818,52.399386]},"properties":{"name":"The Earl of Dalkeith","slug":"the-earl-of-dalkeith-kettering","jdwPubId":"449","townCity":"Kettering","postcode":"NN16 0BS","country":"England","pageUrl":"https://www.jdwetherspoon.com/pubs/the-earl-of-dalkeith-kettering/","menuUrl":"https://www.jdwetherspoon.com/pub-menus/the-earl-of-dalkeith-kettering/","facilities":["Step-free access","Baby change","Licensed outside area","TV screens","Wi-Fi"],"regions":["England","Northamptonshire"],"source":"J D Wetherspoon official site (WP REST via Firecrawl)","observedAt":"2026-07-11T11:51:37Z"}},{"type":"Feature","geometry":{"type":"Point","coordinates":[-0.279922,51.584673]},"properties":{"name":"J.J. Moon’s","slug":"j-j-moons-kingsbury","jdwPubId":"27","townCity":"Kingsbury","postcode":"NW9 9EL","country":"England","pageUrl":"https://www.jdwetherspoon.com/pubs/j-j-moons-kingsbury/","menuUrl":"https://www.jdwetherspoon.com/pub-menus/j-j-moons-kingsbury/","facilities":["Wi-Fi","TV screens","Racing TV","Step-free access"],"regions":["England","Brent"],"source":"J D Wetherspoon official site (WP REST via Firecrawl)","observedAt":"2026-07-11T11:51:37Z"}},{"type":"Feature","geometry":{"type":"Point","coordinates":[-0.365773,53.771874]},"properties":{"name":"Sanctuary Bar","slug":"sanctuary-bar-kingston-upon-hull","jdwPubId":"7609","townCity":"Kingston Upon Hull","postcode":"HU6 7RX","country":"England","pageUrl":"https://www.jdwetherspoon.com/pubs/sanctuary-bar-kingston-upon-hull/","menuUrl":"https://www.jdwetherspoon.com/pub-menus/sanctuary-bar-kingston-upon-hull/","facilities":["Sky Sports","TV screens","Licensed outside area","Projector and screen","Bike storage","Step-free access","TNT Sports"],"regions":["England","East Riding of Yorkshire"],"source":"J D Wetherspoon official site (WP REST via Firecrawl)","observedAt":"2026-07-11T11:51:37Z"}},{"type":"Feature","geometry":{"type":"Point","coordinates":[-0.343746,53.743197]},"properties":{"name":"The Admiral of the Humber","slug":"the-admiral-of-the-humber-kingston-upon-hull","jdwPubId":"1699","townCity":"Kingston Upon Hull","postcode":"HU1 2NR","country":"England","pageUrl":"https://www.jdwetherspoon.com/pubs/the-admiral-of-the-humber-kingston-upon-hull/","menuUrl":"https://www.jdwetherspoon.com/pub-menus/the-admiral-of-the-humber-kingston-upon-hull/","facilities":["Wi-Fi","TV screens","Accommodation","Licensed outside area","Baby change","Step-free access"],"regions":["England","East Riding of Yorkshire"],"source":"J D Wetherspoon official site (WP REST via Firecrawl)","observedAt":"2026-07-11T11:51:37Z"}},{"type":"Feature","geometry":{"type":"Point","coordinates":[-0.332747,53.743981]},"properties":{"name":"The Three John Scotts","slug":"the-three-john-scotts-kingston-upon-hull","jdwPubId":"1417","townCity":"Kingston Upon Hull","postcode":"HU1 1AA","country":"England","pageUrl":"https://www.jdwetherspoon.com/pubs/the-three-john-scotts-kingston-upon-hull/","menuUrl":"https://www.jdwetherspoon.com/pub-menus/the-three-john-scotts-kingston-upon-hull/","facilities":["Step-free access","Baby change","Licensed outside area","TV screens","Wi-Fi"],"regions":["England","East Riding of Yorkshire"],"source":"J D Wetherspoon official site (WP REST via Firecrawl)","observedAt":"2026-07-11T11:51:37Z"}},{"type":"Feature","geometry":{"type":"Point","coordinates":[-0.300592,51.411467]},"properties":{"name":"The Kings Tun","slug":"the-kings-tun-kingston-upon-thames","jdwPubId":"266","townCity":"Kingston upon Thames","postcode":"KT1 1QT","country":"England","pageUrl":"https://www.jdwetherspoon.com/pubs/the-kings-tun-kingston-upon-thames/","menuUrl":"https://www.jdwetherspoon.com/pub-menus/the-kings-tun-kingston-upon-thames/","facilities":["Step-free access","Meeting facilities","Room hire","Projector and screen","Baby change","TV screens","Wi-Fi"],"regions":["England","Kingston upon Thames"],"source":"J D Wetherspoon official site (WP REST via Firecrawl)","observedAt":"2026-07-11T11:51:37Z"}},{"type":"Feature","geometry":{"type":"Point","coordinates":[-2.16848,52.49742]},"properties":{"name":"The Cross Inn","slug":"the-cross-inn-kingswinford","jdwPubId":"7226","townCity":"Kingswinford","postcode":"DY6 8AA","country":"England","pageUrl":"https://www.jdwetherspoon.com/pubs/the-cross-inn-kingswinford/","menuUrl":"https://www.jdwetherspoon.com/pub-menus/the-cross-inn-kingswinford/","facilities":["Projector and screen","Wi-Fi","TV screens","Licensed outside area","Baby change","Step-free access"],"regions":["England","West Midlands"],"source":"J D Wetherspoon official site (WP REST via Firecrawl)","observedAt":"2026-07-11T11:51:37Z"}},{"type":"Feature","geometry":{"type":"Point","coordinates":[0.393692,52.75578]},"properties":{"name":"Globe Hotel","slug":"globe-hotel-kings-lynn","jdwPubId":"2520","townCity":"King’s Lynn","postcode":"PE30 1EZ","country":"England","pageUrl":"https://www.jdwetherspoon.com/pubs/globe-hotel-kings-lynn/","menuUrl":"https://www.jdwetherspoon.com/pub-menus/globe-hotel-kings-lynn/","facilities":["Step-free access","Meeting facilities","Baby change","Room hire","Licensed outside area","Accommodation","TV screens","Wi-Fi"],"regions":["England","Norfolk"],"source":"J D Wetherspoon official site (WP REST via Firecrawl)","observedAt":"2026-07-11T11:51:37Z"}},{"type":"Feature","geometry":{"type":"Point","coordinates":[-1.468513,54.009126]},"properties":{"name":"The Crown Inn","slug":"the-crown-inn-knaresborough","jdwPubId":"7206","townCity":"Knaresborough","postcode":"HG5 0HB","country":"England","pageUrl":"https://www.jdwetherspoon.com/pubs/the-crown-inn-knaresborough/","menuUrl":"https://www.jdwetherspoon.com/pub-menus/the-crown-inn-knaresborough/","facilities":["TV screens","Step-free access","Meeting facilities","Licensed outside area"],"regions":["England","North Yorkshire"],"source":"J D Wetherspoon official site (WP REST via Firecrawl)","observedAt":"2026-07-11T11:51:37Z"}},{"type":"Feature","geometry":{"type":"Point","coordinates":[-2.80032,54.046889]},"properties":{"name":"Sir Richard Owen","slug":"sir-richard-owen-lancaster","jdwPubId":"1990","townCity":"Lancaster","postcode":"LA1 1RQ","country":"England","pageUrl":"https://www.jdwetherspoon.com/pubs/sir-richard-owen-lancaster/","menuUrl":"https://www.jdwetherspoon.com/pub-menus/sir-richard-owen-lancaster/","facilities":["Wi-Fi","TV screens","Licensed outside area","Baby change","Step-free access"],"regions":["England","Lancashire"],"source":"J D Wetherspoon official site (WP REST via Firecrawl)","observedAt":"2026-07-11T11:51:37Z"}},{"type":"Feature","geometry":{"type":"Point","coordinates":[-0.327456,51.295354]},"properties":{"name":"The Edmund Tylney","slug":"the-edmund-tylney-leatherhead","jdwPubId":"520","townCity":"Leatherhead","postcode":"KT22 8AW","country":"England","pageUrl":"https://www.jdwetherspoon.com/pubs/the-edmund-tylney-leatherhead/","menuUrl":"https://www.jdwetherspoon.com/pub-menus/the-edmund-tylney-leatherhead/","facilities":["Wi-Fi","TV screens","Licensed outside area","Step-free access"],"regions":["England","Surrey"],"source":"J D Wetherspoon official site (WP REST via Firecrawl)","observedAt":"2026-07-11T11:51:37Z"}},{"type":"Feature","geometry":{"type":"Point","coordinates":[-1.547285,53.79858]},"properties":{"name":"Beckett’s Bank","slug":"becketts-bank-leeds","jdwPubId":"246","townCity":"Leeds","postcode":"LS1 5HU","country":"England","pageUrl":"https://www.jdwetherspoon.com/pubs/becketts-bank-leeds/","menuUrl":"https://www.jdwetherspoon.com/pub-menus/becketts-bank-leeds/","facilities":["TV screens","Step-free access","Licensed outside area"],"regions":["England","West Yorkshire"],"source":"J D Wetherspoon official site (WP REST via Firecrawl)","observedAt":"2026-07-11T11:51:37Z"}},{"type":"Feature","geometry":{"type":"Point","coordinates":[-1.543248,53.8027]},"properties":{"name":"Stick or Twist","slug":"stick-or-twist-leeds","jdwPubId":"7517","townCity":"Leeds","postcode":"LS2 8PD","country":"England","pageUrl":"https://www.jdwetherspoon.com/pubs/stick-or-twist-leeds/","menuUrl":"https://www.jdwetherspoon.com/pub-menus/stick-or-twist-leeds/","facilities":["Step-free access","Baby change","Licensed outside area","TV screens"],"regions":["England","West Yorkshire"],"source":"J D Wetherspoon official site (WP REST via Firecrawl)","observedAt":"2026-07-11T11:51:37Z"}},{"type":"Feature","geometry":{"type":"Point","coordinates":[-1.3911228,53.7934453]},"properties":{"name":"The Briggate","slug":"the-briggate-leeds","jdwPubId":"7283","townCity":"Leeds","postcode":"LS25 1DS","country":"England","pageUrl":"https://www.jdwetherspoon.com/pubs/the-briggate-leeds/","menuUrl":"https://www.jdwetherspoon.com/pub-menus/the-briggate-leeds/","facilities":["TV screens","Baby change","Licensed outside area"],"regions":["England","West Yorkshire"],"source":"J D Wetherspoon official site (WP REST via Firecrawl)","observedAt":"2026-07-11T11:51:37Z"}},{"type":"Feature","geometry":{"type":"Point","coordinates":[-1.44693,53.807308]},"properties":{"name":"The Charles Henry Roe","slug":"the-charles-henry-roe-leeds","jdwPubId":"7402","townCity":"Leeds","postcode":"LS15 8BA","country":"England","pageUrl":"https://www.jdwetherspoon.com/pubs/charles-henry-roe-leeds/","menuUrl":"https://www.jdwetherspoon.com/pub-menus/the-charles-henry-roe-leeds/","facilities":["TV screens","Licensed outside area","Baby change","Step-free access"],"regions":["England","West Yorkshire"],"source":"J D Wetherspoon official site (WP REST via Firecrawl)","observedAt":"2026-07-11T11:51:37Z"}},{"type":"Feature","geometry":{"type":"Point","coordinates":[-1.681586,53.866113]},"properties":{"name":"The Clothier’s Arms","slug":"the-clothiers-arms-leeds","jdwPubId":"7153","townCity":"Leeds","postcode":"LS19 7PP","country":"England","pageUrl":"https://www.jdwetherspoon.com/pubs/the-clothiers-arms-leeds/","menuUrl":"https://www.jdwetherspoon.com/pub-menus/the-clothiers-arms-leeds/","facilities":["TV screens","Licensed outside area","Step-free access"],"regions":["England","West Yorkshire"],"source":"J D Wetherspoon official site (WP REST via Firecrawl)","observedAt":"2026-07-11T11:51:37Z"}},{"type":"Feature","geometry":{"type":"Point","coordinates":[-1.661856,53.796504]},"properties":{"name":"The Crossed Shuttle","slug":"the-crossed-shuttle-leeds","jdwPubId":"6633","townCity":"Leeds","postcode":"LS28 7BJ","country":"England","pageUrl":"https://www.jdwetherspoon.com/pubs/the-crossed-shuttle-leeds/","menuUrl":"https://www.jdwetherspoon.com/pub-menus/the-crossed-shuttle-leeds/","facilities":["TV screens","Licensed outside area","Baby change","Step-free access"],"regions":["England","West Yorkshire"],"source":"J D Wetherspoon official site (WP REST via Firecrawl)","observedAt":"2026-07-11T11:51:37Z"}},{"type":"Feature","geometry":{"type":"Point","coordinates":[-1.547888,53.801747]},"properties":{"name":"The Cuthbert Brodrick","slug":"the-cuthbert-brodrick-leeds","jdwPubId":"5482","townCity":"Leeds","postcode":"LS2 3AD","country":"England","pageUrl":"https://www.jdwetherspoon.com/pubs/the-cuthbert-brodrick-leeds/","menuUrl":"https://www.jdwetherspoon.com/pub-menus/the-cuthbert-brodrick-leeds/","facilities":["TV screens","Licensed outside area","Step-free access"],"regions":["England","West Yorkshire"],"source":"J D Wetherspoon official site (WP REST via Firecrawl)","observedAt":"2026-07-11T11:51:37Z"}},{"type":"Feature","geometry":{"type":"Point","coordinates":[-1.5709312,53.8169279]},"properties":{"name":"The Golden Beam","slug":"the-golden-beam-leeds","jdwPubId":"5713","townCity":"Leeds","postcode":"LS6 1BL","country":"England","pageUrl":"https://www.jdwetherspoon.com/pubs/the-golden-beam-leeds/","menuUrl":"https://www.jdwetherspoon.com/pub-menus/the-golden-beam-leeds/","facilities":["TV screens","Licensed outside area","Baby change","Bike storage","Step-free access"],"regions":["England","West Yorkshire"],"source":"J D Wetherspoon official site (WP REST via Firecrawl)","observedAt":"2026-07-11T11:51:37Z"}},{"type":"Feature","geometry":{"type":"Point","coordinates":[-1.545685,53.802007]},"properties":{"name":"The Hedley Verity","slug":"the-hedley-verity-leeds","jdwPubId":"6206","townCity":"Leeds","postcode":"LS1 3HQ","country":"England","pageUrl":"https://www.jdwetherspoon.com/pubs/the-hedley-verity-leeds/","menuUrl":"https://www.jdwetherspoon.com/pub-menus/the-hedley-verity-leeds/","facilities":["Music","Step-free access","Baby change","Licensed outside area","TV screens"],"regions":["England","West Yorkshire"],"source":"J D Wetherspoon official site (WP REST via Firecrawl)","observedAt":"2026-07-11T11:51:37Z"}},{"type":"Feature","geometry":{"type":"Point","coordinates":[-1.627304,53.810925]},"properties":{"name":"The Old Unicorn","slug":"the-old-unicorn-leeds","jdwPubId":"7207","townCity":"Leeds","postcode":"LS13 3NA","country":"England","pageUrl":"https://www.jdwetherspoon.com/pubs/the-old-unicorn-leeds/","menuUrl":"https://www.jdwetherspoon.com/pub-menus/the-old-unicorn-leeds/","facilities":["TV screens","Step-free access"],"regions":["England","West Yorkshire"],"source":"J D Wetherspoon official site (WP REST via Firecrawl)","observedAt":"2026-07-11T11:51:37Z"}},{"type":"Feature","geometry":{"type":"Point","coordinates":[-1.600059,53.744171]},"properties":{"name":"The Picture House","slug":"the-picture-house-leeds","jdwPubId":"5771","townCity":"Leeds","postcode":"LS27 8HE","country":"England","pageUrl":"https://www.jdwetherspoon.com/pubs/the-picture-house-leeds/","menuUrl":"https://www.jdwetherspoon.com/pub-menus/the-picture-house-leeds/","facilities":["Step-free access","Baby change","Projector and screen"],"regions":["England","West Yorkshire"],"source":"J D Wetherspoon official site (WP REST via Firecrawl)","observedAt":"2026-07-11T11:51:37Z"}},{"type":"Feature","geometry":{"type":"Point","coordinates":[-1.57429,53.75778]},"properties":{"name":"The Scribbling Mill","slug":"the-scribbling-mill-leeds","jdwPubId":"7597","townCity":"Leeds","postcode":"LS11 8LU","country":"England","pageUrl":"https://www.jdwetherspoon.com/pubs/the-scribbling-mill-leeds/","menuUrl":"https://www.jdwetherspoon.com/pub-menus/the-scribbling-mill-leeds/","facilities":["TV screens","Licensed outside area","Baby change","Electric vehicle charging","Step-free access"],"regions":["England","West Yorkshire"],"source":"J D Wetherspoon official site (WP REST via Firecrawl)","observedAt":"2026-07-11T11:51:37Z"}},{"type":"Feature","geometry":{"type":"Point","coordinates":[-1.535324,53.826077]},"properties":{"name":"The Three Hulats","slug":"the-three-hulats-leeds","jdwPubId":"546","townCity":"Leeds","postcode":"LS7 3NB","country":"England","pageUrl":"https://www.jdwetherspoon.com/pubs/the-three-hulats-leeds/","menuUrl":"https://www.jdwetherspoon.com/pub-menus/the-three-hulats-leeds/","facilities":["TV screens","Licensed outside area","Room hire","Baby change","Meeting facilities","Step-free access"],"regions":["England","West Yorkshire"],"source":"J D Wetherspoon official site (WP REST via Firecrawl)","observedAt":"2026-07-11T11:51:37Z"}},{"type":"Feature","geometry":{"type":"Point","coordinates":[-1.547586,53.794167]},"properties":{"name":"Wetherspoons","slug":"wetherspoons-leeds","jdwPubId":"643","townCity":"Leeds","postcode":"LS1 4DY","country":"England","pageUrl":"https://www.jdwetherspoon.com/pubs/wetherspoons-leeds/","menuUrl":"https://www.jdwetherspoon.com/pub-menus/wetherspoons-leeds/","facilities":["Step-free access","Baby change","Licensed outside area","TV screens"],"regions":["England","West Yorkshire"],"source":"J D Wetherspoon official site (WP REST via Firecrawl)","observedAt":"2026-07-11T11:51:37Z"}},{"type":"Feature","geometry":{"type":"Point","coordinates":[-2.02696,53.106534]},"properties":{"name":"The Green Dragon","slug":"the-green-dragon-leek","jdwPubId":"7029","townCity":"Leek","postcode":"ST13 5DS","country":"England","pageUrl":"https://www.jdwetherspoon.com/pubs/the-green-dragon-leek/","menuUrl":"https://www.jdwetherspoon.com/pub-menus/the-green-dragon-leek/","facilities":["Wi-Fi","TV screens","Licensed outside area","Baby change","Step-free access"],"regions":["England","Staffordshire"],"source":"J D Wetherspoon official site (WP REST via Firecrawl)","observedAt":"2026-07-11T11:51:37Z"}},{"type":"Feature","geometry":{"type":"Point","coordinates":[-1.133307,52.634591]},"properties":{"name":"The Corn Exchange","slug":"the-corn-exchange-leicester","jdwPubId":"2193","townCity":"Leicester","postcode":"LE1 5GG","country":"England","pageUrl":"https://www.jdwetherspoon.com/pubs/the-corn-exchange-leicester/","menuUrl":"https://www.jdwetherspoon.com/pub-menus/the-corn-exchange-leicester/","facilities":["Wi-Fi","TV screens","Licensed outside area","Room hire","Baby change","Step-free access","Music"],"regions":["England","Leicestershire"],"source":"J D Wetherspoon official site (WP REST via Firecrawl)","observedAt":"2026-07-11T11:51:37Z"}},{"type":"Feature","geometry":{"type":"Point","coordinates":[-1.138583,52.635339]},"properties":{"name":"The High Cross","slug":"the-high-cross-leicester","jdwPubId":"583","townCity":"Leicester","postcode":"LE1 4JB","country":"England","pageUrl":"https://www.jdwetherspoon.com/pubs/the-high-cross-leicester/","menuUrl":"https://www.jdwetherspoon.com/pub-menus/the-high-cross-leicester/","facilities":["Step-free access","Licensed outside area","TV screens","Wi-Fi"],"regions":["England","Leicestershire"],"source":"J D Wetherspoon official site (WP REST via Firecrawl)","observedAt":"2026-07-11T11:51:37Z"}},{"type":"Feature","geometry":{"type":"Point","coordinates":[-1.046835,52.642978]},"properties":{"name":"The White House","slug":"the-white-house-leicester","jdwPubId":"6545","townCity":"Leicester","postcode":"LE7 9SE","country":"England","pageUrl":"https://www.jdwetherspoon.com/pubs/the-white-house-leicester/","menuUrl":"https://www.jdwetherspoon.com/pub-menus/the-white-house-leicester/","facilities":["Step-free access","Meeting facilities","Baby change","Room hire","Projector and screen","Licensed outside area","TV screens","Wi-Fi"],"regions":["England","Leicestershire"],"source":"J D Wetherspoon official site (WP REST via Firecrawl)","observedAt":"2026-07-11T11:51:37Z"}},{"type":"Feature","geometry":{"type":"Point","coordinates":[-2.518967,53.499335]},"properties":{"name":"The Thomas Burke","slug":"the-thomas-burke-leigh","jdwPubId":"5308","townCity":"Leigh","postcode":"WN7 1QR","country":"England","pageUrl":"https://www.jdwetherspoon.com/pubs/the-thomas-burke-leigh/","menuUrl":"https://www.jdwetherspoon.com/pub-menus/the-thomas-burke-leigh/","facilities":["Wi-Fi","TV screens","Licensed outside area","Step-free access"],"regions":["England","Lancashire"],"source":"J D Wetherspoon official site (WP REST via Firecrawl)","observedAt":"2026-07-11T11:51:37Z"}},{"type":"Feature","geometry":{"type":"Point","coordinates":[0.65646,51.547698]},"properties":{"name":"The Elms","slug":"the-elms-leigh-on-sea","jdwPubId":"143","townCity":"Leigh-on-Sea","postcode":"SS9 3ND","country":"England","pageUrl":"https://www.jdwetherspoon.com/pubs/the-elms-leigh-on-sea/","menuUrl":"https://www.jdwetherspoon.com/pub-menus/the-elms-leigh-on-sea/","facilities":["Step-free access","Baby change","Licensed outside area","TV screens","Wi-Fi"],"regions":["England","Essex"],"source":"J D Wetherspoon official site (WP REST via Firecrawl)","observedAt":"2026-07-11T11:51:37Z"}},{"type":"Feature","geometry":{"type":"Point","coordinates":[-0.663266,51.915843]},"properties":{"name":"The Swan Hotel","slug":"the-swan-hotel-leighton-buzzard","jdwPubId":"5805","townCity":"Leighton Buzzard","postcode":"LU7 1EA","country":"England","pageUrl":"https://www.jdwetherspoon.com/pubs/the-swan-hotel-leighton-buzzard/","menuUrl":"https://www.jdwetherspoon.com/pub-menus/the-swan-hotel-leighton-buzzard/","facilities":["Wi-Fi","Step-free access","Baby change","Licensed outside area","Accommodation","TV screens"],"regions":["England","Bedfordshire"],"source":"J D Wetherspoon official site (WP REST via Firecrawl)","observedAt":"2026-07-11T11:51:37Z"}},{"type":"Feature","geometry":{"type":"Point","coordinates":[-2.737973,52.227174]},"properties":{"name":"The Duke’s Head","slug":"the-dukes-head-leominster","jdwPubId":"5499","townCity":"Leominster","postcode":"HR6 8LR","country":"England","pageUrl":"https://www.jdwetherspoon.com/pubs/the-dukes-head-leominster/","menuUrl":"https://www.jdwetherspoon.com/pub-menus/the-dukes-head-leominster/","facilities":["Wi-Fi","TV screens","TNT Sports","Step-free access","Baby change","Licensed outside area"],"regions":["England","Herefordshire"],"source":"J D Wetherspoon official site (WP REST via Firecrawl)","observedAt":"2026-07-11T11:51:37Z"}},{"type":"Feature","geometry":{"type":"Point","coordinates":[-0.226942,51.979248]},"properties":{"name":"The Three Magnets","slug":"the-three-magnets-letchworth","jdwPubId":"289","townCity":"Letchworth","postcode":"SG6 3EW","country":"England","pageUrl":"https://www.jdwetherspoon.com/pubs/the-three-magnets-letchworth/","menuUrl":"https://www.jdwetherspoon.com/pub-menus/the-three-magnets-letchworth/","facilities":["Wi-Fi","TV screens","Licensed outside area","Step-free access"],"regions":["England","Hertfordshire"],"source":"J D Wetherspoon official site (WP REST via Firecrawl)","observedAt":"2026-07-11T11:51:37Z"}},{"type":"Feature","geometry":{"type":"Point","coordinates":[-0.01164,51.459945]},"properties":{"name":"The Watch House","slug":"the-watch-house-lewisham","jdwPubId":"254","townCity":"Lewisham","postcode":"SE13 6JP","country":"England","pageUrl":"https://www.jdwetherspoon.com/pubs/the-watch-house-lewisham/","menuUrl":"https://www.jdwetherspoon.com/pub-menus/the-watch-house-lewisham/","facilities":["Step-free access","Baby change","Licensed outside area","TV screens","Wi-Fi"],"regions":["England","Lewisham"],"source":"J D Wetherspoon official site (WP REST via Firecrawl)","observedAt":"2026-07-11T11:51:37Z"}},{"type":"Feature","geometry":{"type":"Point","coordinates":[-2.692648,53.695493]},"properties":{"name":"The Leyland Lion","slug":"the-leyland-lion-leyland","jdwPubId":"6279","townCity":"Leyland","postcode":"PR25 2SA","country":"England","pageUrl":"https://www.jdwetherspoon.com/pubs/the-leyland-lion-leyland/","menuUrl":"https://www.jdwetherspoon.com/pub-menus/the-leyland-lion-leyland/","facilities":["Step-free access","Meeting facilities","Baby change","Licensed outside area","TV screens","Wi-Fi"],"regions":["England","Lancashire"],"source":"J D Wetherspoon official site (WP REST via Firecrawl)","observedAt":"2026-07-11T11:51:37Z"}},{"type":"Feature","geometry":{"type":"Point","coordinates":[0.012879,51.56979]},"properties":{"name":"The Walnut Tree","slug":"the-walnut-tree-leytonstone","jdwPubId":"433","townCity":"Leytonstone","postcode":"E11 1HH","country":"England","pageUrl":"https://www.jdwetherspoon.com/pubs/the-walnut-tree-leytonstone/","menuUrl":"https://www.jdwetherspoon.com/pub-menus/the-walnut-tree-leytonstone/","facilities":["Wi-Fi","TV screens","Licensed outside area","Baby change","Meeting facilities","Step-free access"],"regions":["England","Waltham Forest"],"source":"J D Wetherspoon official site (WP REST via Firecrawl)","observedAt":"2026-07-11T11:51:37Z"}},{"type":"Feature","geometry":{"type":"Point","coordinates":[-1.825945,52.683733]},"properties":{"name":"The Acorn Inn","slug":"the-acorn-inn-lichfield","jdwPubId":"441","townCity":"Lichfield","postcode":"WS13 6JJ","country":"England","pageUrl":"https://www.jdwetherspoon.com/pubs/the-acorn-inn-lichfield/","menuUrl":"https://www.jdwetherspoon.com/pub-menus/the-acorn-inn-lichfield/","facilities":["Wi-Fi","TV screens","Step-free access"],"regions":["England","Staffordshire"],"source":"J D Wetherspoon official site (WP REST via Firecrawl)","observedAt":"2026-07-11T11:51:37Z"}},{"type":"Feature","geometry":{"type":"Point","coordinates":[-0.543243,53.22437]},"properties":{"name":"Ritz","slug":"ritz-lincoln","jdwPubId":"651","townCity":"Lincoln","postcode":"LN5 7PJ","country":"England","pageUrl":"https://www.jdwetherspoon.com/pubs/ritz-lincoln/","menuUrl":"https://www.jdwetherspoon.com/pub-menus/ritz-lincoln/","facilities":["Step-free access","Baby change","Licensed outside area","TV screens","Wi-Fi"],"regions":["England","Lincolnshire"],"source":"J D Wetherspoon official site (WP REST via Firecrawl)","observedAt":"2026-07-11T11:51:37Z"}},{"type":"Feature","geometry":{"type":"Point","coordinates":[-0.62128,53.177]},"properties":{"name":"The Hykeham Manor","slug":"the-hykeham-manor-lincoln","jdwPubId":"7934","townCity":"Lincoln","postcode":"LN6 9UH","country":"England","pageUrl":"https://www.jdwetherspoon.com/pubs/the-hykeham-manor-lincoln/","menuUrl":"https://www.jdwetherspoon.com/pub-menus/the-hykeham-manor-lincoln/","facilities":["Wi-Fi","Changing places","Licensed outside area","Baby change","Bike storage","Step-free access"],"regions":["England","Lincolnshire"],"source":"J D Wetherspoon official site (WP REST via Firecrawl)","observedAt":"2026-07-11T11:51:37Z"}},{"type":"Feature","geometry":{"type":"Point","coordinates":[-0.546572,53.22982]},"properties":{"name":"The Square Sail","slug":"the-square-sail-lincoln","jdwPubId":"2795","townCity":"Lincoln","postcode":"LN1 1YW","country":"England","pageUrl":"https://www.jdwetherspoon.com/pubs/the-square-sail-lincoln/","menuUrl":"https://www.jdwetherspoon.com/pub-menus/the-square-sail-lincoln/","facilities":["Wi-Fi","Licensed outside area","Baby change","Step-free access"],"regions":["England","Lincolnshire"],"source":"J D Wetherspoon official site (WP REST via Firecrawl)","observedAt":"2026-07-11T11:51:37Z"}},{"type":"Feature","geometry":{"type":"Point","coordinates":[-4.464954,50.453967]},"properties":{"name":"The King Doniert","slug":"the-king-doniert-liskeard","jdwPubId":"6981","townCity":"Liskeard","postcode":"PL14 6AB","country":"England","pageUrl":"https://www.jdwetherspoon.com/pubs/the-king-doniert-liskeard/","menuUrl":"https://www.jdwetherspoon.com/pub-menus/the-king-doniert-liskeard/","facilities":["Wi-Fi","TV screens","Licensed outside area","Baby change"],"regions":["England","Cornwall"],"source":"J D Wetherspoon official site (WP REST via Firecrawl)","observedAt":"2026-07-11T11:51:37Z"}},{"type":"Feature","geometry":{"type":"Point","coordinates":[-0.54373,50.809132]},"properties":{"name":"The George Inn","slug":"the-george-inn-littlehampton","jdwPubId":"534","townCity":"Littlehampton","postcode":"BN17 5BG","country":"England","pageUrl":"https://www.jdwetherspoon.com/pubs/the-george-inn-littlehampton/","menuUrl":"https://www.jdwetherspoon.com/pub-menus/the-george-inn-littlehampton/","facilities":["TV screens","Licensed outside area","Baby change","Step-free access"],"regions":["England","West Sussex"],"source":"J D Wetherspoon official site (WP REST via Firecrawl)","observedAt":"2026-07-11T11:51:37Z"}},{"type":"Feature","geometry":{"type":"Point","coordinates":[-2.840059,53.413375]},"properties":{"name":"The Barker’s Brewery","slug":"the-barkers-brewery-liverpool","jdwPubId":"6535","townCity":"Liverpool","postcode":"L36 9UJ","country":"England","pageUrl":"https://www.jdwetherspoon.com/pubs/the-barkers-brewery-liverpool/","menuUrl":"https://www.jdwetherspoon.com/pub-menus/the-barkers-brewery-liverpool/","facilities":["Step-free access","Baby change","Licensed outside area","TV screens","Wi-Fi"],"regions":["England","Merseyside"],"source":"J D Wetherspoon official site (WP REST via Firecrawl)","observedAt":"2026-07-11T11:51:37Z"}},{"type":"Feature","geometry":{"type":"Point","coordinates":[-2.9914214,53.4048621]},"properties":{"name":"The Captain Alexander","slug":"the-captain-alexander-liverpool","jdwPubId":"6826","townCity":"Liverpool","postcode":"L2 7NX","country":"England","pageUrl":"https://www.jdwetherspoon.com/pubs/the-captain-alexander-liverpool/","menuUrl":"https://www.jdwetherspoon.com/pub-menus/the-captain-alexander-liverpool/","facilities":["Wi-Fi","TV screens","Baby change","Step-free access"],"regions":["England","Merseyside"],"source":"J D Wetherspoon official site (WP REST via Firecrawl)","observedAt":"2026-07-11T11:51:37Z"}},{"type":"Feature","geometry":{"type":"Point","coordinates":[-2.896656,53.39682]},"properties":{"name":"The Childwall Fiveways Hotel","slug":"the-childwall-fiveways-hotel-liverpool","jdwPubId":"6235","townCity":"Liverpool","postcode":"L15 6XS","country":"England","pageUrl":"https://www.jdwetherspoon.com/pubs/the-childwall-fiveways-hotel-liverpool/","menuUrl":"https://www.jdwetherspoon.com/pub-menus/the-childwall-fiveways-hotel-liverpool/","facilities":["Wi-Fi","TV screens","Licensed outside area","Racing TV","Baby change","Meeting facilities","Step-free access"],"regions":["England","Merseyside"],"source":"J D Wetherspoon official site (WP REST via Firecrawl)","observedAt":"2026-07-11T11:51:37Z"}},{"type":"Feature","geometry":{"type":"Point","coordinates":[-2.98239,53.40698]},"properties":{"name":"The Fall Well","slug":"the-fall-well-liverpool","jdwPubId":"2517","townCity":"Liverpool","postcode":"L1 1LS","country":"England","pageUrl":"https://www.jdwetherspoon.com/pubs/the-fall-well-liverpool/","menuUrl":"https://www.jdwetherspoon.com/pub-menus/the-fall-well-liverpool/","facilities":["Step-free access","Baby change","Licensed outside area","TV screens","Wi-Fi"],"regions":["England","Merseyside"],"source":"J D Wetherspoon official site (WP REST via Firecrawl)","observedAt":"2026-07-11T11:51:37Z"}},{"type":"Feature","geometry":{"type":"Point","coordinates":[-2.936744,53.515307]},"properties":{"name":"The Frank Hornby","slug":"the-frank-hornby-liverpool","jdwPubId":"6910","townCity":"Liverpool","postcode":"L31 6BR","country":"England","pageUrl":"https://www.jdwetherspoon.com/pubs/the-frank-hornby-liverpool/","menuUrl":"https://www.jdwetherspoon.com/pub-menus/the-frank-hornby-liverpool/","facilities":["Wi-Fi","TV screens","Licensed outside area","Baby change","Step-free access"],"regions":["England","Merseyside"],"source":"J D Wetherspoon official site (WP REST via Firecrawl)","observedAt":"2026-07-11T11:51:37Z"}},{"type":"Feature","geometry":{"type":"Point","coordinates":[-3.0595371,53.5562853]},"properties":{"name":"The Lifeboat","slug":"the-lifeboat-liverpool","jdwPubId":"7216","townCity":"Liverpool","postcode":"L37 4AQ","country":"England","pageUrl":"https://www.jdwetherspoon.com/pubs/the-lifeboat-liverpool/","menuUrl":"https://www.jdwetherspoon.com/pub-menus/the-lifeboat-liverpool/","facilities":["Wi-Fi","TV screens","Changing places"],"regions":["England","Merseyside"],"source":"J D Wetherspoon official site (WP REST via Firecrawl)","observedAt":"2026-07-11T11:51:37Z"}},{"type":"Feature","geometry":{"type":"Point","coordinates":[-2.980277,53.40297]},"properties":{"name":"The Lime Kiln","slug":"the-lime-kiln-liverpool","jdwPubId":"2011","townCity":"Liverpool","postcode":"L1 4NR","country":"England","pageUrl":"https://www.jdwetherspoon.com/pubs/the-lime-kiln-liverpool/","menuUrl":"https://www.jdwetherspoon.com/pub-menus/the-lime-kiln-liverpool/","facilities":["Wi-Fi","TV screens","Licensed outside area","Projector and screen","Baby change","Step-free access","TNT Sports","Music"],"regions":["England","Merseyside"],"source":"J D Wetherspoon official site (WP REST via Firecrawl)","observedAt":"2026-07-11T11:51:37Z"}},{"type":"Feature","geometry":{"type":"Point","coordinates":[-2.905678,53.41513]},"properties":{"name":"The Navigator","slug":"the-navigator-liverpool","jdwPubId":"2936","townCity":"Liverpool","postcode":"L13 5UH","country":"England","pageUrl":"https://www.jdwetherspoon.com/pubs/the-navigator-liverpool/","menuUrl":"https://www.jdwetherspoon.com/pub-menus/the-navigator-liverpool/","facilities":["Wi-Fi","TV screens","Licensed outside area","Step-free access"],"regions":["England","Merseyside"],"source":"J D Wetherspoon official site (WP REST via Firecrawl)","observedAt":"2026-07-11T11:51:37Z"}},{"type":"Feature","geometry":{"type":"Point","coordinates":[-2.977003,53.407259]},"properties":{"name":"The North Western","slug":"the-north-western-liverpool","jdwPubId":"6486","townCity":"Liverpool","postcode":"L1 1RJ","country":"England","pageUrl":"https://www.jdwetherspoon.com/pubs/the-north-western-liverpool/","menuUrl":"https://www.jdwetherspoon.com/pub-menus/the-north-western-liverpool/","facilities":["Baby change","Step-free access","Licensed outside area","TV screens","Wi-Fi"],"regions":["England","Merseyside"],"source":"J D Wetherspoon official site (WP REST via Firecrawl)","observedAt":"2026-07-11T11:51:37Z"}},{"type":"Feature","geometry":{"type":"Point","coordinates":[-3.027309,53.474184]},"properties":{"name":"The Queen’s Picture House","slug":"the-queens-picture-house-liverpool","jdwPubId":"6068","townCity":"Liverpool","postcode":"L22 5PE ","country":"England","pageUrl":"https://www.jdwetherspoon.com/pubs/the-queens-picture-house-liverpool/","menuUrl":"https://www.jdwetherspoon.com/pub-menus/the-queens-picture-house-liverpool/","facilities":["Wi-Fi","TV screens","Licensed outside area","Baby change","Step-free access"],"regions":["England","Merseyside"],"source":"J D Wetherspoon official site (WP REST via Firecrawl)","observedAt":"2026-07-11T11:51:37Z"}},{"type":"Feature","geometry":{"type":"Point","coordinates":[-2.958666,53.463796]},"properties":{"name":"The Raven","slug":"the-raven-liverpool","jdwPubId":"403","townCity":"Liverpool","postcode":"L9 2BU","country":"England","pageUrl":"https://www.jdwetherspoon.com/pubs/the-raven-liverpool/","menuUrl":"https://www.jdwetherspoon.com/pub-menus/the-raven-liverpool/","facilities":["Wi-Fi","TV screens","Baby change","Step-free access"],"regions":["England","Merseyside"],"source":"J D Wetherspoon official site (WP REST via Firecrawl)","observedAt":"2026-07-11T11:51:37Z"}},{"type":"Feature","geometry":{"type":"Point","coordinates":[-2.979932,53.406077]},"properties":{"name":"The Richard John Blackler","slug":"the-richard-john-blackler-liverpool","jdwPubId":"198","townCity":"Liverpool","postcode":"L1 1HU","country":"England","pageUrl":"https://www.jdwetherspoon.com/pubs/the-richard-john-blackler-liverpool/","menuUrl":"https://www.jdwetherspoon.com/pub-menus/the-richard-john-blackler-liverpool/","facilities":["Step-free access","Baby change","Projector and screen","Licensed outside area","TV screens","Wi-Fi"],"regions":["England","Merseyside"],"source":"J D Wetherspoon official site (WP REST via Firecrawl)","observedAt":"2026-07-11T11:51:37Z"}},{"type":"Feature","geometry":{"type":"Point","coordinates":[-2.97267,53.435863]},"properties":{"name":"The Thomas Frost","slug":"the-thomas-frost-liverpool","jdwPubId":"2372","townCity":"Liverpool","postcode":"L4 4AJ","country":"England","pageUrl":"https://www.jdwetherspoon.com/pubs/the-thomas-frost-liverpool/","menuUrl":"https://www.jdwetherspoon.com/pub-menus/the-thomas-frost-liverpool/","facilities":["Wi-Fi","Sky Sports","TV screens","Baby change","Step-free access","TNT Sports"],"regions":["England","Merseyside"],"source":"J D Wetherspoon official site (WP REST via Firecrawl)","observedAt":"2026-07-11T11:51:37Z"}},{"type":"Feature","geometry":{"type":"Point","coordinates":[-2.98582,53.405776]},"properties":{"name":"The Welkin","slug":"the-welkin-liverpool","jdwPubId":"2572","townCity":"Liverpool","postcode":"L1 6DS","country":"England","pageUrl":"https://www.jdwetherspoon.com/pubs/the-welkin-liverpool/","menuUrl":"https://www.jdwetherspoon.com/pub-menus/the-welkin-liverpool/","facilities":["Wi-Fi","TV screens","Licensed outside area","Baby change","Step-free access"],"regions":["England","Merseyside"],"source":"J D Wetherspoon official site (WP REST via Firecrawl)","observedAt":"2026-07-11T11:51:37Z"}},{"type":"Feature","geometry":{"type":"Point","coordinates":[-0.12583811,51.50817144]},"properties":{"name":"The Benjamin Franklin","slug":"the-benjamin-franklin-london","jdwPubId":"7640","townCity":"London","postcode":"WC2N 5HR","country":"England","pageUrl":"https://www.jdwetherspoon.com/pubs/the-benjamin-franklin-london/","menuUrl":"https://www.jdwetherspoon.com/pub-menus/the-benjamin-franklin-london/","facilities":["Wi-Fi","Baby change","Train station nearby"],"regions":["England","London"],"source":"J D Wetherspoon official site (WP REST via Firecrawl)","observedAt":"2026-07-11T11:51:37Z"}},{"type":"Feature","geometry":{"type":"Point","coordinates":[-0.13327656,51.51120769]},"properties":{"name":"The Piccadilly Hall","slug":"the-piccadilly-hall-london","jdwPubId":"7615","townCity":"London","postcode":"W1D 7EJ","country":"England","pageUrl":"https://www.jdwetherspoon.com/pubs/the-piccadilly-hall-london/","menuUrl":"https://www.jdwetherspoon.com/pub-menus/the-piccadilly-hall-london/","facilities":[],"regions":["England","London"],"source":"J D Wetherspoon official site (WP REST via Firecrawl)","observedAt":"2026-07-11T11:51:37Z"}},{"type":"Feature","geometry":{"type":"Point","coordinates":[-0.0857,51.505639]},"properties":{"name":"The Sun Wharf","slug":"the-sun-wharf-london-bridge","jdwPubId":"7596","townCity":"London Bridge","postcode":"SE1 2TF","country":"England","pageUrl":"https://www.jdwetherspoon.com/pubs/the-sun-wharf-london-bridge/","menuUrl":"https://www.jdwetherspoon.com/pub-menus/the-sun-wharf-london-bridge/","facilities":["Wi-Fi","TV screens","Baby change","Step-free access"],"regions":["England","Southwark"],"source":"J D Wetherspoon official site (WP REST via Firecrawl)","observedAt":"2026-07-11T11:51:37Z"}},{"type":"Feature","geometry":{"type":"Point","coordinates":[-1.209355,52.77373]},"properties":{"name":"The Amber Rooms","slug":"the-amber-rooms-loughborough","jdwPubId":"4111","townCity":"Loughborough","postcode":"LE11 5BE","country":"England","pageUrl":"https://www.jdwetherspoon.com/pubs/the-amber-rooms-loughborough/","menuUrl":"https://www.jdwetherspoon.com/pub-menus/the-amber-rooms-loughborough/","facilities":["Music","Step-free access","Baby change","Licensed outside area","Wi-Fi","TV screens","Projector and screen"],"regions":["England","Leicestershire"],"source":"J D Wetherspoon official site (WP REST via Firecrawl)","observedAt":"2026-07-11T11:51:37Z"}},{"type":"Feature","geometry":{"type":"Point","coordinates":[-0.005115,53.365203]},"properties":{"name":"The Joseph Morton","slug":"the-joseph-morton-louth","jdwPubId":"6662","townCity":"Louth","postcode":"LN11 9EZ","country":"England","pageUrl":"https://www.jdwetherspoon.com/pubs/the-joseph-morton-louth/","menuUrl":"https://www.jdwetherspoon.com/pub-menus/the-joseph-morton-louth/","facilities":["Wi-Fi","Licensed outside area","Baby change","Step-free access"],"regions":["England","Lincolnshire"],"source":"J D Wetherspoon official site (WP REST via Firecrawl)","observedAt":"2026-07-11T11:51:37Z"}},{"type":"Feature","geometry":{"type":"Point","coordinates":[1.750985,52.474293]},"properties":{"name":"The Joseph Conrad","slug":"the-joseph-conrad-lowestoft","jdwPubId":"6251","townCity":"Lowestoft","postcode":"NR32 1BA","country":"England","pageUrl":"https://www.jdwetherspoon.com/pubs/the-joseph-conrad-lowestoft/","menuUrl":"https://www.jdwetherspoon.com/pub-menus/the-joseph-conrad-lowestoft/","facilities":["Wi-Fi","TV screens","Licensed outside area","Baby change","Step-free access"],"regions":["England","Suffolk"],"source":"J D Wetherspoon official site (WP REST via Firecrawl)","observedAt":"2026-07-11T11:51:37Z"}},{"type":"Feature","geometry":{"type":"Point","coordinates":[-0.418472,51.881703]},"properties":{"name":"The White House","slug":"the-white-house-luton","jdwPubId":"168","townCity":"Luton","postcode":"LU1 1SA","country":"England","pageUrl":"https://www.jdwetherspoon.com/pubs/the-white-house-luton/","menuUrl":"https://www.jdwetherspoon.com/pub-menus/the-white-house-luton/","facilities":["Step-free access","Baby change","Projector and screen","Licensed outside area","TV screens","Wi-Fi"],"regions":["England","Bedfordshire"],"source":"J D Wetherspoon official site (WP REST via Firecrawl)","observedAt":"2026-07-11T11:51:37Z"}},{"type":"Feature","geometry":{"type":"Point","coordinates":[-1.545543,50.757491]},"properties":{"name":"The Six Bells","slug":"the-six-bells-lymington","jdwPubId":"6301","townCity":"Lymington","postcode":"SO41 9ND","country":"England","pageUrl":"https://www.jdwetherspoon.com/pubs/the-six-bells-lymington/","menuUrl":"https://www.jdwetherspoon.com/pub-menus/the-six-bells-lymington/","facilities":["Wi-Fi","Licensed outside area","Baby change","Step-free access"],"regions":["England","Hampshire"],"source":"J D Wetherspoon official site (WP REST via Firecrawl)","observedAt":"2026-07-11T11:51:37Z"}},{"type":"Feature","geometry":{"type":"Point","coordinates":[-2.956792,53.738048]},"properties":{"name":"The Railway Hotel","slug":"the-railway-hotel-lytham-st-annes","jdwPubId":"6723","townCity":"Lytham St Annes","postcode":"FY8 5DH","country":"England","pageUrl":"https://www.jdwetherspoon.com/pubs/the-railway-hotel-lytham-st-annes/","menuUrl":"https://www.jdwetherspoon.com/pub-menus/the-railway-hotel-lytham-st-annes/","facilities":["Step-free access","Licensed outside area","TV screens","Wi-Fi"],"regions":["England","Lancashire"],"source":"J D Wetherspoon official site (WP REST via Firecrawl)","observedAt":"2026-07-11T11:51:37Z"}},{"type":"Feature","geometry":{"type":"Point","coordinates":[-3.029976,53.750937]},"properties":{"name":"The Trawl Boat Inn","slug":"the-trawl-boat-inn-lytham-st-annes","jdwPubId":"1883","townCity":"Lytham St Annes","postcode":"FY8 1QR","country":"England","pageUrl":"https://www.jdwetherspoon.com/pubs/the-trawl-boat-inn-lytham-st-annes/","menuUrl":"https://www.jdwetherspoon.com/pub-menus/the-trawl-boat-inn-lytham-st-annes/","facilities":["Wi-Fi","TV screens","Licensed outside area","Baby change","Step-free access"],"regions":["England","Lancashire"],"source":"J D Wetherspoon official site (WP REST via Firecrawl)","observedAt":"2026-07-11T11:51:37Z"}},{"type":"Feature","geometry":{"type":"Point","coordinates":[-2.124356,53.256458]},"properties":{"name":"The Society Rooms","slug":"the-society-rooms-macclesfield","jdwPubId":"1635","townCity":"Macclesfield","postcode":"SK11 7NA","country":"England","pageUrl":"https://www.jdwetherspoon.com/pubs/the-society-rooms-macclesfield/","menuUrl":"https://www.jdwetherspoon.com/pub-menus/the-society-rooms-macclesfield/","facilities":["Wi-Fi","TV screens","Licensed outside area","Projector and screen","Baby change","Step-free access"],"regions":["England","Cheshire"],"source":"J D Wetherspoon official site (WP REST via Firecrawl)","observedAt":"2026-07-11T11:51:37Z"}},{"type":"Feature","geometry":{"type":"Point","coordinates":[-0.717843,51.523039]},"properties":{"name":"The Bear","slug":"the-bear-maidenhead","jdwPubId":"6220","townCity":"Maidenhead","postcode":"SL6 1QJ","country":"England","pageUrl":"https://www.jdwetherspoon.com/pubs/the-bear-maidenhead/","menuUrl":"https://www.jdwetherspoon.com/pub-menus/the-bear-maidenhead/","facilities":["Step-free access","Meeting facilities","Baby change","Licensed outside area","TV screens","Wi-Fi"],"regions":["England","Berkshire"],"source":"J D Wetherspoon official site (WP REST via Firecrawl)","observedAt":"2026-07-11T11:51:37Z"}},{"type":"Feature","geometry":{"type":"Point","coordinates":[0.522265,51.273694]},"properties":{"name":"The Muggleton Inn","slug":"the-muggleton-inn-maidstone","jdwPubId":"172","townCity":"Maidstone","postcode":"ME14 1HJ","country":"England","pageUrl":"https://www.jdwetherspoon.com/pubs/the-muggleton-inn-maidstone/","menuUrl":"https://www.jdwetherspoon.com/pub-menus/the-muggleton-inn-maidstone/","facilities":["Step-free access","Baby change","Wi-Fi","TV screens","Licensed outside area"],"regions":["England","Kent"],"source":"J D Wetherspoon official site (WP REST via Firecrawl)","observedAt":"2026-07-11T11:51:37Z"}},{"type":"Feature","geometry":{"type":"Point","coordinates":[0.521807,51.2776]},"properties":{"name":"The Society Rooms","slug":"the-society-rooms-maidstone","jdwPubId":"2505","townCity":"Maidstone","postcode":"ME14 1RF","country":"England","pageUrl":"https://www.jdwetherspoon.com/pubs/the-society-rooms-maidstone/","menuUrl":"https://www.jdwetherspoon.com/pub-menus/the-society-rooms-maidstone/","facilities":["Wi-Fi","TV screens","Licensed outside area","Step-free access"],"regions":["England","Kent"],"source":"J D Wetherspoon official site (WP REST via Firecrawl)","observedAt":"2026-07-11T11:51:37Z"}},{"type":"Feature","geometry":{"type":"Point","coordinates":[0.677701,51.731543]},"properties":{"name":"Rose & Crown","slug":"rose-crown-maldon","jdwPubId":"7286","townCity":"Maldon","postcode":"CM9 5EP","country":"England","pageUrl":"https://www.jdwetherspoon.com/pubs/rose-crown-maldon/","menuUrl":"https://www.jdwetherspoon.com/pub-menus/rose-crown-maldon/","facilities":["Wi-Fi","TV screens","Licensed outside area","Baby change","Step-free access"],"regions":["England","Essex"],"source":"J D Wetherspoon official site (WP REST via Firecrawl)","observedAt":"2026-07-11T11:51:37Z"}},{"type":"Feature","geometry":{"type":"Point","coordinates":[-2.3611,53.468675]},"properties":{"name":"Castle in the Air","slug":"castle-in-the-air-manchester","jdwPubId":"5647","townCity":"Manchester","postcode":"M41 7JA","country":"England","pageUrl":"https://www.jdwetherspoon.com/pubs/castle-in-the-air-manchester/","menuUrl":"https://www.jdwetherspoon.com/pub-menus/castle-in-the-air-manchester/","facilities":["Wi-Fi","TV screens","Licensed outside area","Baby change","Step-free access"],"regions":["England","Manchester"],"source":"J D Wetherspoon official site (WP REST via Firecrawl)","observedAt":"2026-07-11T11:51:37Z"}},{"type":"Feature","geometry":{"type":"Point","coordinates":[-2.279996,53.366463]},"properties":{"name":"The Belle Vue","slug":"the-belle-vue-manchester","jdwPubId":"7666","townCity":"Manchester","postcode":"M90 1QX","country":"England","pageUrl":"https://www.jdwetherspoon.com/pubs/the-belle-vue-manchester/","menuUrl":"https://www.jdwetherspoon.com/pub-menus/the-belle-vue-manchester/","facilities":["Airport after security","Step-free access","TV screens","Wi-Fi"],"regions":["England","Greater Manchester"],"source":"J D Wetherspoon official site (WP REST via Firecrawl)","observedAt":"2026-07-11T11:51:37Z"}},{"type":"Feature","geometry":{"type":"Point","coordinates":[-2.399606,53.524026]},"properties":{"name":"The Bull’s Head Hotel","slug":"the-bulls-head-hotel-manchester","jdwPubId":"6795","townCity":"Manchester","postcode":"M28 3NJ","country":"England","pageUrl":"https://www.jdwetherspoon.com/pubs/the-bulls-head-hotel-manchester/","menuUrl":"https://www.jdwetherspoon.com/pub-menus/the-bulls-head-hotel-manchester/","facilities":["Wi-Fi","TV screens","Step-free access"],"regions":["England","Greater Manchester"],"source":"J D Wetherspoon official site (WP REST via Firecrawl)","observedAt":"2026-07-11T11:51:37Z"}},{"type":"Feature","geometry":{"type":"Point","coordinates":[-2.226697,53.458084]},"properties":{"name":"The Ford Madox Brown","slug":"the-ford-madox-brown-manchester","jdwPubId":"5613","townCity":"Manchester","postcode":"M13 9NG","country":"England","pageUrl":"https://www.jdwetherspoon.com/pubs/the-ford-madox-brown-manchester/","menuUrl":"https://www.jdwetherspoon.com/pub-menus/the-ford-madox-brown-manchester/","facilities":["Step-free access","Baby change","Licensed outside area","TV screens","Wi-Fi"],"regions":["England","Manchester"],"source":"J D Wetherspoon official site (WP REST via Firecrawl)","observedAt":"2026-07-11T11:51:37Z"}},{"type":"Feature","geometry":{"type":"Point","coordinates":[-2.219303,53.44101]},"properties":{"name":"The Great Central","slug":"the-great-central-manchester","jdwPubId":"2809","townCity":"Manchester","postcode":"M14 6NL","country":"England","pageUrl":"https://www.jdwetherspoon.com/pubs/the-great-central-manchester/","menuUrl":"https://www.jdwetherspoon.com/pub-menus/the-great-central-manchester/","facilities":["Licensed outside area","TV screens","Wi-Fi","Step-free access"],"regions":["England","Manchester"],"source":"J D Wetherspoon official site (WP REST via Firecrawl)","observedAt":"2026-07-11T11:51:37Z"}},{"type":"Feature","geometry":{"type":"Point","coordinates":[-2.349005,53.466179]},"properties":{"name":"The Mardi Gras","slug":"the-mardi-gras-manchester","jdwPubId":"6520","townCity":"Manchester","postcode":"M17 8EH","country":"England","pageUrl":"https://www.jdwetherspoon.com/pubs/the-mardi-gras-manchester/","menuUrl":"https://www.jdwetherspoon.com/pub-menus/the-mardi-gras-manchester/","facilities":["Step-free access","Baby change","Wi-Fi"],"regions":["England","Manchester"],"source":"J D Wetherspoon official site (WP REST via Firecrawl)","observedAt":"2026-07-11T11:51:37Z"}},{"type":"Feature","geometry":{"type":"Point","coordinates":[-2.24691,53.482745]},"properties":{"name":"The Moon Under Water, Manchester","slug":"the-moon-under-water-manchester-manchester","jdwPubId":"193","townCity":"Manchester","postcode":"M3 2FN","country":"England","pageUrl":"https://www.jdwetherspoon.com/pubs/the-moon-under-water-manchester/","menuUrl":"https://www.jdwetherspoon.com/pub-menus/the-moon-under-water-manchester-manchester/","facilities":["Wi-Fi","Music","Step-free access","Baby change","Licensed outside area","TV screens"],"regions":["England","Manchester"],"source":"J D Wetherspoon official site (WP REST via Firecrawl)","observedAt":"2026-07-11T11:51:37Z"}},{"type":"Feature","geometry":{"type":"Point","coordinates":[-2.242548,53.476453]},"properties":{"name":"The Paramount","slug":"the-paramount-manchester","jdwPubId":"1015","townCity":"Manchester","postcode":"M1 4BH","country":"England","pageUrl":"https://www.jdwetherspoon.com/pubs/the-paramount-manchester/","menuUrl":"https://www.jdwetherspoon.com/pub-menus/the-paramount-manchester/","facilities":["Step-free access","Meeting facilities","Baby change","Projector and screen","Licensed outside area","TV screens","Wi-Fi"],"regions":["England","Manchester"],"source":"J D Wetherspoon official site (WP REST via Firecrawl)","observedAt":"2026-07-11T11:51:37Z"}},{"type":"Feature","geometry":{"type":"Point","coordinates":[-2.24004,53.48503]},"properties":{"name":"The Seven Stars","slug":"the-seven-stars-manchester","jdwPubId":"2099","townCity":"Manchester","postcode":"M4 2BS","country":"England","pageUrl":"https://www.jdwetherspoon.com/pubs/the-seven-stars-manchester/","menuUrl":"https://www.jdwetherspoon.com/pub-menus/the-seven-stars-manchester/","facilities":["Wi-Fi","TV screens","Baby change","Step-free access","Music"],"regions":["England","Manchester"],"source":"J D Wetherspoon official site (WP REST via Firecrawl)","observedAt":"2026-07-11T11:51:37Z"}},{"type":"Feature","geometry":{"type":"Point","coordinates":[-2.243099,53.479171]},"properties":{"name":"The Waterhouse","slug":"the-waterhouse-manchester","jdwPubId":"2103","townCity":"Manchester","postcode":"M2 4EG","country":"England","pageUrl":"https://www.jdwetherspoon.com/pubs/the-waterhouse-manchester/","menuUrl":"https://www.jdwetherspoon.com/pub-menus/the-waterhouse-manchester/","facilities":["Wi-Fi","TV screens","Baby change","Step-free access"],"regions":["England","Manchester"],"source":"J D Wetherspoon official site (WP REST via Firecrawl)","observedAt":"2026-07-11T11:51:37Z"}},{"type":"Feature","geometry":{"type":"Point","coordinates":[-2.235089,53.481224]},"properties":{"name":"Wetherspoons","slug":"wetherspoons-manchester","jdwPubId":"192","townCity":"Manchester","postcode":"M1 2AP","country":"England","pageUrl":"https://www.jdwetherspoon.com/pubs/wetherspoons-manchester/","menuUrl":"https://www.jdwetherspoon.com/pub-menus/wetherspoons-manchester/","facilities":[],"regions":["England","Manchester"],"source":"J D Wetherspoon official site (WP REST via Firecrawl)","observedAt":"2026-07-11T11:51:37Z"}},{"type":"Feature","geometry":{"type":"Point","coordinates":[-1.195501,53.145772]},"properties":{"name":"The Stag & Pheasant","slug":"the-stag-pheasant-mansfield","jdwPubId":"6423","townCity":"Mansfield","postcode":"NG18 1NU","country":"England","pageUrl":"https://www.jdwetherspoon.com/pubs/the-stag-pheasant-mansfield/","menuUrl":"https://www.jdwetherspoon.com/pub-menus/the-stag-pheasant-mansfield/","facilities":["Wi-Fi","TV screens","Licensed outside area","Projector and screen","Baby change","Step-free access","Music"],"regions":["England","Nottinghamshire"],"source":"J D Wetherspoon official site (WP REST via Firecrawl)","observedAt":"2026-07-11T11:51:37Z"}},{"type":"Feature","geometry":{"type":"Point","coordinates":[0.087332,52.5515]},"properties":{"name":"The Hippodrome","slug":"the-hippodrome-march","jdwPubId":"5983","townCity":"March","postcode":"PE15 8AQ","country":"England","pageUrl":"https://www.jdwetherspoon.com/pubs/the-hippodrome-march/","menuUrl":"https://www.jdwetherspoon.com/pub-menus/the-hippodrome-march/","facilities":["Step-free access","Baby change","Licensed outside area","Accommodation","TV screens","Wi-Fi"],"regions":["England","Cambridgeshire"],"source":"J D Wetherspoon official site (WP REST via Firecrawl)","observedAt":"2026-07-11T11:51:37Z"}},{"type":"Feature","geometry":{"type":"Point","coordinates":[1.377825,51.386708]},"properties":{"name":"The Mechanical Elephant","slug":"the-mechanical-elephant-margate","jdwPubId":"1685","townCity":"Margate","postcode":"CT9 1XJ","country":"England","pageUrl":"https://www.jdwetherspoon.com/pubs/the-mechanical-elephant-margate/","menuUrl":"https://www.jdwetherspoon.com/pub-menus/the-mechanical-elephant-margate/","facilities":["Wi-Fi","TV screens","Licensed outside area","Meeting facilities","Step-free access"],"regions":["England","Kent"],"source":"J D Wetherspoon official site (WP REST via Firecrawl)","observedAt":"2026-07-11T11:51:37Z"}},{"type":"Feature","geometry":{"type":"Point","coordinates":[-2.485833,52.906125]},"properties":{"name":"The Hippodrome","slug":"the-hippodrome-market-drayton","jdwPubId":"5534","townCity":"Market Drayton","postcode":"TF9 1PS","country":"England","pageUrl":"https://www.jdwetherspoon.com/pubs/the-hippodrome-market-drayton/","menuUrl":"https://www.jdwetherspoon.com/pub-menus/the-hippodrome-market-drayton/","facilities":["TV screens","Licensed outside area","Step-free access"],"regions":["England","Shropshire"],"source":"J D Wetherspoon official site (WP REST via Firecrawl)","observedAt":"2026-07-11T11:51:37Z"}},{"type":"Feature","geometry":{"type":"Point","coordinates":[-0.922402,52.478993]},"properties":{"name":"The Sugar Loaf","slug":"the-sugar-loaf-market-harborough","jdwPubId":"789","townCity":"Market Harborough","postcode":"LE16 7NJ","country":"England","pageUrl":"https://www.jdwetherspoon.com/pubs/the-sugar-loaf-market-harborough/","menuUrl":"https://www.jdwetherspoon.com/pub-menus/the-sugar-loaf-market-harborough/","facilities":["Wi-Fi","Step-free access","TV screens","Baby change","Licensed outside area"],"regions":["England","Leicestershire"],"source":"J D Wetherspoon official site (WP REST via Firecrawl)","observedAt":"2026-07-11T11:51:37Z"}},{"type":"Feature","geometry":{"type":"Point","coordinates":[-0.77686,51.57185]},"properties":{"name":"The Grand Assembly","slug":"the-grand-assembly-marlow","jdwPubId":"7593","townCity":"Marlow","postcode":"SL7 3HH","country":"England","pageUrl":"https://www.jdwetherspoon.com/pubs/the-grand-assembly-marlow/","menuUrl":"https://www.jdwetherspoon.com/pub-menus/the-grand-assembly-marlow/","facilities":[],"regions":["England","Buckinghamshire"],"source":"J D Wetherspoon official site (WP REST via Firecrawl)","observedAt":"2026-07-11T11:51:37Z"}},{"type":"Feature","geometry":{"type":"Point","coordinates":[-0.156875,51.522517]},"properties":{"name":"The Metropolitan Bar","slug":"the-metropolitan-bar-marylebone","jdwPubId":"1106","townCity":"Marylebone","postcode":"NW1 5LD","country":"England","pageUrl":"https://www.jdwetherspoon.com/pubs/the-metropolitan-bar-marylebone/","menuUrl":"https://www.jdwetherspoon.com/pub-menus/the-metropolitan-bar-marylebone/","facilities":["Baby change","Step-free access"],"regions":["England","Westminster"],"source":"J D Wetherspoon official site (WP REST via Firecrawl)","observedAt":"2026-07-11T11:51:37Z"}},{"type":"Feature","geometry":{"type":"Point","coordinates":[-2.13862,51.374932]},"properties":{"name":"The Bear","slug":"the-bear-melksham","jdwPubId":"6689","townCity":"Melksham","postcode":"SN12 6LL","country":"England","pageUrl":"https://www.jdwetherspoon.com/pubs/the-bear-melksham/","menuUrl":"https://www.jdwetherspoon.com/pub-menus/the-bear-melksham/","facilities":["Licensed outside area","Step-free access"],"regions":["England","Wiltshire"],"source":"J D Wetherspoon official site (WP REST via Firecrawl)","observedAt":"2026-07-11T11:51:37Z"}},{"type":"Feature","geometry":{"type":"Point","coordinates":[-0.889285,52.76571]},"properties":{"name":"The Kettleby Cross","slug":"the-kettleby-cross-melton-mowbray","jdwPubId":"5469","townCity":"Melton Mowbray","postcode":"LE13 0UJ","country":"England","pageUrl":"https://www.jdwetherspoon.com/pubs/the-kettleby-cross-melton-mowbray/","menuUrl":"https://www.jdwetherspoon.com/pub-menus/the-kettleby-cross-melton-mowbray/","facilities":["Wi-Fi","TV screens","Licensed outside area","Step-free access"],"regions":["England","Leicestershire"],"source":"J D Wetherspoon official site (WP REST via Firecrawl)","observedAt":"2026-07-11T11:51:37Z"}},{"type":"Feature","geometry":{"type":"Point","coordinates":[-1.828419,52.58654]},"properties":{"name":"The Mare Pool","slug":"the-mare-pool-mere-green","jdwPubId":"6387","townCity":"Mere Green","postcode":"B74 2UG","country":"England","pageUrl":"https://www.jdwetherspoon.com/pubs/the-mare-pool-mere-green/","menuUrl":"https://www.jdwetherspoon.com/pub-menus/the-mare-pool-mere-green/","facilities":["Wi-Fi","TV screens","Licensed outside area","Projector and screen","Baby change","Step-free access"],"regions":["England","West Midlands"],"source":"J D Wetherspoon official site (WP REST via Firecrawl)","observedAt":"2026-07-11T11:51:37Z"}},{"type":"Feature","geometry":{"type":"Point","coordinates":[-1.287533,53.492769]},"properties":{"name":"The Old Market Hall","slug":"the-old-market-hall-mexborough","jdwPubId":"5600","townCity":"Mexborough","postcode":"S64 9QA","country":"England","pageUrl":"https://www.jdwetherspoon.com/pubs/the-old-market-hall-mexborough/","menuUrl":"https://www.jdwetherspoon.com/pub-menus/the-old-market-hall-mexborough/","facilities":["Step-free access","Baby change","Projector and screen","Licensed outside area","TV screens","Wi-Fi"],"regions":["England","South Yorkshire"],"source":"J D Wetherspoon official site (WP REST via Firecrawl)","observedAt":"2026-07-11T11:51:37Z"}},{"type":"Feature","geometry":{"type":"Point","coordinates":[-1.238653,54.569864]},"properties":{"name":"The Swatters Carr","slug":"the-swatters-carr-middlesbrough","jdwPubId":"6692","townCity":"Middlesbrough","postcode":"TS1 3QW","country":"England","pageUrl":"https://www.jdwetherspoon.com/pubs/the-swatters-carr-middlesbrough/","menuUrl":"https://www.jdwetherspoon.com/pub-menus/the-swatters-carr-middlesbrough/","facilities":["TV screens","Wi-Fi","Licensed outside area","Step-free access"],"regions":["England","North Yorkshire"],"source":"J D Wetherspoon official site (WP REST via Firecrawl)","observedAt":"2026-07-11T11:51:37Z"}},{"type":"Feature","geometry":{"type":"Point","coordinates":[-2.198051,53.550159]},"properties":{"name":"The Harbord Harbord","slug":"the-harbord-harbord-middleton","jdwPubId":"315","townCity":"Middleton","postcode":"M24 6TE","country":"England","pageUrl":"https://www.jdwetherspoon.com/pubs/the-harbord-harbord-middleton/","menuUrl":"https://www.jdwetherspoon.com/pub-menus/the-harbord-harbord-middleton/","facilities":["Wi-Fi","TV screens","Baby change","Step-free access"],"regions":["England","Manchester"],"source":"J D Wetherspoon official site (WP REST via Firecrawl)","observedAt":"2026-07-11T11:51:37Z"}},{"type":"Feature","geometry":{"type":"Point","coordinates":[-0.045316,51.522195]},"properties":{"name":"The Half Moon","slug":"the-half-moon-mile-end","jdwPubId":"590","townCity":"Mile End","postcode":"E1 4AA","country":"England","pageUrl":"https://www.jdwetherspoon.com/pubs/the-half-moon-mile-end/","menuUrl":"https://www.jdwetherspoon.com/pub-menus/the-half-moon-mile-end/","facilities":["Step-free access","Baby change","Licensed outside area","Wi-Fi","TV screens","Projector and screen"],"regions":["England","Tower Hamlets"],"source":"J D Wetherspoon official site (WP REST via Firecrawl)","observedAt":"2026-07-11T11:51:37Z"}},{"type":"Feature","geometry":{"type":"Point","coordinates":[-0.726308,51.995776]},"properties":{"name":"Captain Ridley’s Shooting Party","slug":"captain-ridleys-shooting-party-milton-keynes","jdwPubId":"7426","townCity":"Milton Keynes","postcode":"MK2 2ED","country":"England","pageUrl":"https://www.jdwetherspoon.com/pubs/captain-ridleys-shooting-party-milton-keynes/","menuUrl":"https://www.jdwetherspoon.com/pub-menus/captain-ridleys-shooting-party-milton-keynes/","facilities":["Step-free access","Electric vehicle charging","Baby change","Licensed outside area","Changing places","TV screens","Wi-Fi"],"regions":["England","Buckinghamshire"],"source":"J D Wetherspoon official site (WP REST via Firecrawl)","observedAt":"2026-07-11T11:51:37Z"}},{"type":"Feature","geometry":{"type":"Point","coordinates":[-0.748931,52.041924]},"properties":{"name":"The Moon Under Water, Milton Keynes","slug":"the-moon-under-water-milton-keynes-milton-keynes","jdwPubId":"1195","townCity":"Milton Keynes","postcode":"MK9 3NN","country":"England","pageUrl":"https://www.jdwetherspoon.com/pubs/the-moon-under-water-milton-keynes/","menuUrl":"https://www.jdwetherspoon.com/pub-menus/the-moon-under-water-milton-keynes-milton-keynes/","facilities":["Licensed outside area","Step-free access","Baby change","TV screens","Wi-Fi"],"regions":["England","Buckinghamshire"],"source":"J D Wetherspoon official site (WP REST via Firecrawl)","observedAt":"2026-07-11T11:51:37Z"}},{"type":"Feature","geometry":{"type":"Point","coordinates":[-0.767558,52.037551]},"properties":{"name":"Wetherspoons","slug":"wetherspoons-milton-keynes","jdwPubId":"152","townCity":"Milton Keynes","postcode":"MK9 1EA","country":"England","pageUrl":"https://www.jdwetherspoon.com/pubs/wetherspoons-milton-keynes/","menuUrl":"https://www.jdwetherspoon.com/pub-menus/wetherspoons-milton-keynes/","facilities":["Wi-Fi","TV screens","Licensed outside area","Projector and screen","Baby change","Step-free access"],"regions":["England","Buckinghamshire"],"source":"J D Wetherspoon official site (WP REST via Firecrawl)","observedAt":"2026-07-11T11:51:37Z"}},{"type":"Feature","geometry":{"type":"Point","coordinates":[-3.479339,51.2053]},"properties":{"name":"The Duke of Wellington","slug":"the-duke-of-wellington-minehead","jdwPubId":"5501","townCity":"Minehead","postcode":"TA24 5NH","country":"England","pageUrl":"https://www.jdwetherspoon.com/pubs/the-duke-of-wellington-minehead/","menuUrl":"https://www.jdwetherspoon.com/pub-menus/the-duke-of-wellington-minehead/","facilities":["Wi-Fi","TV screens","Accommodation","Licensed outside area","Room hire","Baby change","Meeting facilities","Step-free access"],"regions":["England","Somerset"],"source":"J D Wetherspoon official site (WP REST via Firecrawl)","observedAt":"2026-07-11T11:51:37Z"}},{"type":"Feature","geometry":{"type":"Point","coordinates":[-2.866207,54.072496]},"properties":{"name":"The Eric Bartholomew","slug":"the-eric-bartholomew-morecambe","jdwPubId":"4237","townCity":"Morecambe","postcode":"LA4 5DD","country":"England","pageUrl":"https://www.jdwetherspoon.com/pubs/the-eric-bartholomew-morecambe/","menuUrl":"https://www.jdwetherspoon.com/pub-menus/the-eric-bartholomew-morecambe/","facilities":["Wi-Fi","TV screens","Licensed outside area","Step-free access"],"regions":["England","Lancashire"],"source":"J D Wetherspoon official site (WP REST via Firecrawl)","observedAt":"2026-07-11T11:51:37Z"}},{"type":"Feature","geometry":{"type":"Point","coordinates":[-1.69083,55.166767]},"properties":{"name":"The Electrical Wizard","slug":"the-electrical-wizard-morpeth","jdwPubId":"6500","townCity":"Morpeth","postcode":"NE61 1PS","country":"England","pageUrl":"https://www.jdwetherspoon.com/pubs/the-electrical-wizard-morpeth/","menuUrl":"https://www.jdwetherspoon.com/pub-menus/the-electrical-wizard-morpeth/","facilities":["Wi-Fi","TV screens","Step-free access"],"regions":["England","Northumberland"],"source":"J D Wetherspoon official site (WP REST via Firecrawl)","observedAt":"2026-07-11T11:51:37Z"}},{"type":"Feature","geometry":{"type":"Point","coordinates":[-1.887532,52.446314]},"properties":{"name":"The Elizabeth of York","slug":"the-elizabeth-of-york-moseley","jdwPubId":"1320","townCity":"Moseley","postcode":"B13 8JG","country":"England","pageUrl":"https://www.jdwetherspoon.com/pubs/the-elizabeth-of-york-moseley/","menuUrl":"https://www.jdwetherspoon.com/pub-menus/the-elizabeth-of-york-moseley/","facilities":["Wi-Fi","Step-free access","TV screens"],"regions":["England","West Midlands"],"source":"J D Wetherspoon official site (WP REST via Firecrawl)","observedAt":"2026-07-11T11:51:37Z"}},{"type":"Feature","geometry":{"type":"Point","coordinates":[-0.14164,51.590873]},"properties":{"name":"The Mossy Well","slug":"the-mossy-well-muswell-hill","jdwPubId":"6524","townCity":"Muswell Hill","postcode":"N10 3SH","country":"England","pageUrl":"https://www.jdwetherspoon.com/pubs/the-mossy-well-muswell-hill/","menuUrl":"https://www.jdwetherspoon.com/pub-menus/the-mossy-well-muswell-hill/","facilities":["Wi-Fi","Changing places","Baby change","Step-free access"],"regions":["England","Haringey"],"source":"J D Wetherspoon official site (WP REST via Firecrawl)","observedAt":"2026-07-11T11:51:37Z"}},{"type":"Feature","geometry":{"type":"Point","coordinates":[-2.758405,51.432151]},"properties":{"name":"The Glassmaker","slug":"the-glassmaker-nailsea","jdwPubId":"6229","townCity":"Nailsea","postcode":"BS48 1RD","country":"England","pageUrl":"https://www.jdwetherspoon.com/pubs/the-glassmaker-nailsea/","menuUrl":"https://www.jdwetherspoon.com/pub-menus/the-glassmaker-nailsea/","facilities":["Wi-Fi","TV screens","Licensed outside area","Step-free access"],"regions":["England","Somerset"],"source":"J D Wetherspoon official site (WP REST via Firecrawl)","observedAt":"2026-07-11T11:51:37Z"}},{"type":"Feature","geometry":{"type":"Point","coordinates":[-0.255329,51.398867]},"properties":{"name":"The Watchman","slug":"the-watchman-new-malden","jdwPubId":"5447","townCity":"New Malden","postcode":"KT3 4ES","country":"England","pageUrl":"https://www.jdwetherspoon.com/pubs/the-watchman-new-malden/","menuUrl":"https://www.jdwetherspoon.com/pub-menus/the-watchman-new-malden/","facilities":["Wi-Fi","Licensed outside area","Baby change","Step-free access"],"regions":["England","Kingston upon Thames"],"source":"J D Wetherspoon official site (WP REST via Firecrawl)","observedAt":"2026-07-11T11:51:37Z"}},{"type":"Feature","geometry":{"type":"Point","coordinates":[-1.322141,51.400916]},"properties":{"name":"The Hatchet Inn","slug":"the-hatchet-inn-newbury","jdwPubId":"6233","townCity":"Newbury","postcode":"RG14 5BD","country":"England","pageUrl":"https://www.jdwetherspoon.com/pubs/the-hatchet-inn-newbury/","menuUrl":"https://www.jdwetherspoon.com/pub-menus/the-hatchet-inn-newbury/","facilities":["Wi-Fi","TV screens","Accommodation","Licensed outside area","Baby change","Step-free access"],"regions":["England","Berkshire"],"source":"J D Wetherspoon official site (WP REST via Firecrawl)","observedAt":"2026-07-11T11:51:37Z"}},{"type":"Feature","geometry":{"type":"Point","coordinates":[-1.6152,54.97889]},"properties":{"name":"Luther’s Bar","slug":"luthers-bar-newcastle-upon-tyne","jdwPubId":"7905","townCity":"Newcastle upon Tyne","postcode":"NE1 8QB","country":"England","pageUrl":"https://www.jdwetherspoon.com/pubs/luthers-bar-newcastle-upon-tyne/","menuUrl":"https://www.jdwetherspoon.com/pub-menus/luthers-bar-newcastle-upon-tyne/","facilities":["Wi-Fi","TV screens","Licensed outside area"],"regions":["England","Tyne and Wear"],"source":"J D Wetherspoon official site (WP REST via Firecrawl)","observedAt":"2026-07-11T11:51:37Z"}},{"type":"Feature","geometry":{"type":"Point","coordinates":[-1.52320879,55.02763446]},"properties":{"name":"The Blue Bell","slug":"the-blue-bell-newcastle-upon-tyne","jdwPubId":"7945","townCity":"Newcastle upon Tyne","postcode":"NE27 0UN","country":"England","pageUrl":"https://www.jdwetherspoon.com/pubs/the-blue-bell-newcastle/","menuUrl":"https://www.jdwetherspoon.com/pub-menus/the-blue-bell-newcastle-upon-tyne/","facilities":["Step-free access","Meeting facilities","Bike storage","Baby change","Licensed outside area","Changing places","TV screens","Wi-Fi"],"regions":["Newcastle upon Tyne","England"],"source":"J D Wetherspoon official site (WP REST via Firecrawl)","observedAt":"2026-07-11T11:51:37Z"}},{"type":"Feature","geometry":{"type":"Point","coordinates":[-1.61177,54.9778]},"properties":{"name":"The Five Swans","slug":"the-five-swans-newcastle-upon-tyne","jdwPubId":"6367","townCity":"Newcastle upon Tyne","postcode":"NE1 7PG","country":"England","pageUrl":"https://www.jdwetherspoon.com/pubs/the-five-swans-newcastle-upon-tyne/","menuUrl":"https://www.jdwetherspoon.com/pub-menus/the-five-swans-newcastle-upon-tyne/","facilities":["Wi-Fi","TV screens","Licensed outside area","Step-free access"],"regions":["England","Tyne and Wear"],"source":"J D Wetherspoon official site (WP REST via Firecrawl)","observedAt":"2026-07-11T11:51:37Z"}},{"type":"Feature","geometry":{"type":"Point","coordinates":[-1.584256,54.97674]},"properties":{"name":"The High Main","slug":"the-high-main-newcastle-upon-tyne","jdwPubId":"6777","townCity":"Newcastle upon Tyne","postcode":"NE6 1DL","country":"England","pageUrl":"https://www.jdwetherspoon.com/pubs/the-high-main-newcastle-upon-tyne/","menuUrl":"https://www.jdwetherspoon.com/pub-menus/the-high-main-newcastle-upon-tyne/","facilities":["Wi-Fi","TV screens","Licensed outside area","Baby change","Step-free access"],"regions":["England","Tyne and Wear"],"source":"J D Wetherspoon official site (WP REST via Firecrawl)","observedAt":"2026-07-11T11:51:37Z"}},{"type":"Feature","geometry":{"type":"Point","coordinates":[-1.61937,55.004768]},"properties":{"name":"The Job Bulman","slug":"the-job-bulman-newcastle-upon-tyne","jdwPubId":"2341","townCity":"Newcastle upon Tyne","postcode":"NE3 1AA","country":"England","pageUrl":"https://www.jdwetherspoon.com/pubs/the-job-bulman-newcastle-upon-tyne/","menuUrl":"https://www.jdwetherspoon.com/pub-menus/the-job-bulman-newcastle-upon-tyne/","facilities":["Wi-Fi","TV screens","Licensed outside area","Baby change","Step-free access"],"regions":["England","Tyne and Wear"],"source":"J D Wetherspoon official site (WP REST via Firecrawl)","observedAt":"2026-07-11T11:51:37Z"}},{"type":"Feature","geometry":{"type":"Point","coordinates":[-1.617607,54.972519]},"properties":{"name":"The Keel Row","slug":"the-keel-row-newcastle-upon-tyne","jdwPubId":"5126","townCity":"Newcastle upon Tyne","postcode":"NE1 5RF","country":"England","pageUrl":"https://www.jdwetherspoon.com/pubs/the-keel-row-newcastle-upon-tyne/","menuUrl":"https://www.jdwetherspoon.com/pub-menus/the-keel-row-newcastle-upon-tyne/","facilities":["Music","Step-free access","Baby change","TV screens","Wi-Fi"],"regions":["England","Tyne and Wear"],"source":"J D Wetherspoon official site (WP REST via Firecrawl)","observedAt":"2026-07-11T11:51:37Z"}},{"type":"Feature","geometry":{"type":"Point","coordinates":[-1.616518,54.970068]},"properties":{"name":"The Mile Castle","slug":"the-mile-castle-newcastle-upon-tyne","jdwPubId":"6180","townCity":"Newcastle upon Tyne","postcode":"NE1 5JE","country":"England","pageUrl":"https://www.jdwetherspoon.com/pubs/the-mile-castle-newcastle-upon-tyne/","menuUrl":"https://www.jdwetherspoon.com/pub-menus/the-mile-castle-newcastle-upon-tyne/","facilities":["Music","Step-free access","Baby change","Projector and screen","Licensed outside area","Accommodation","TV screens"],"regions":["England","Tyne and Wear"],"source":"J D Wetherspoon official site (WP REST via Firecrawl)","observedAt":"2026-07-11T11:51:37Z"}},{"type":"Feature","geometry":{"type":"Point","coordinates":[-1.610529,54.96766]},"properties":{"name":"The Quayside","slug":"the-quayside-newcastle-upon-tyne","jdwPubId":"1810","townCity":"Newcastle upon Tyne","postcode":"NE1 3RN","country":"England","pageUrl":"https://www.jdwetherspoon.com/pubs/the-quayside-newcastle-upon-tyne/","menuUrl":"https://www.jdwetherspoon.com/pub-menus/the-quayside-newcastle-upon-tyne/","facilities":["Wi-Fi","TV screens","Licensed outside area","Baby change","Step-free access"],"regions":["England","Tyne and Wear"],"source":"J D Wetherspoon official site (WP REST via Firecrawl)","observedAt":"2026-07-11T11:51:37Z"}},{"type":"Feature","geometry":{"type":"Point","coordinates":[-2.225344,53.012193]},"properties":{"name":"The Arnold Machin","slug":"the-arnold-machin-newcastle-under-lyme","jdwPubId":"1964","townCity":"Newcastle-under-Lyme","postcode":"ST5 1PB","country":"England","pageUrl":"https://www.jdwetherspoon.com/pubs/the-arnold-machin-newcastle-under-lyme/","menuUrl":"https://www.jdwetherspoon.com/pub-menus/the-arnold-machin-newcastle-under-lyme/","facilities":["Wi-Fi","TV screens","Licensed outside area","Projector and screen","Baby change","Step-free access"],"regions":["England","Staffordshire"],"source":"J D Wetherspoon official site (WP REST via Firecrawl)","observedAt":"2026-07-11T11:51:37Z"}},{"type":"Feature","geometry":{"type":"Point","coordinates":[0.40739,52.244779]},"properties":{"name":"The Golden Lion","slug":"the-golden-lion-newmarket","jdwPubId":"1311","townCity":"Newmarket","postcode":"CB8 8LB","country":"England","pageUrl":"https://www.jdwetherspoon.com/pubs/the-golden-lion-newmarket/","menuUrl":"https://www.jdwetherspoon.com/pub-menus/the-golden-lion-newmarket/","facilities":["Wi-Fi","TV screens","Licensed outside area","Baby change","Step-free access"],"regions":["England","Suffolk"],"source":"J D Wetherspoon official site (WP REST via Firecrawl)","observedAt":"2026-07-11T11:51:37Z"}},{"type":"Feature","geometry":{"type":"Point","coordinates":[-1.295876,50.700145]},"properties":{"name":"The Man in the Moon","slug":"the-man-in-the-moon-newport","jdwPubId":"5954","townCity":"Newport","postcode":"PO30 5HB","country":"England","pageUrl":"https://www.jdwetherspoon.com/pubs/the-man-in-the-moon-newport/","menuUrl":"https://www.jdwetherspoon.com/pub-menus/the-man-in-the-moon-newport/","facilities":["Wi-Fi","TV screens","Licensed outside area","Baby change","Step-free access"],"regions":["England","Isle of Wight"],"source":"J D Wetherspoon official site (WP REST via Firecrawl)","observedAt":"2026-07-11T11:51:37Z"}},{"type":"Feature","geometry":{"type":"Point","coordinates":[-5.077438,50.414392]},"properties":{"name":"The Towan Blystra","slug":"the-towan-blystra-newquay","jdwPubId":"1856","townCity":"Newquay","postcode":"TR7 1SG","country":"England","pageUrl":"https://www.jdwetherspoon.com/pubs/the-towan-blystra-newquay/","menuUrl":"https://www.jdwetherspoon.com/pub-menus/the-towan-blystra-newquay/","facilities":["Wi-Fi","TV screens","Licensed outside area","Baby change","Step-free access"],"regions":["England","Cornwall"],"source":"J D Wetherspoon official site (WP REST via Firecrawl)","observedAt":"2026-07-11T11:51:37Z"}},{"type":"Feature","geometry":{"type":"Point","coordinates":[-3.607806,50.530714]},"properties":{"name":"The Richard Hopkins","slug":"the-richard-hopkins-newton-abbot","jdwPubId":"2700","townCity":"Newton Abbot","postcode":"TQ12 2EH","country":"England","pageUrl":"https://www.jdwetherspoon.com/pubs/the-richard-hopkins-newton-abbot/","menuUrl":"https://www.jdwetherspoon.com/pub-menus/the-richard-hopkins-newton-abbot/","facilities":["Step-free access","Baby change","Licensed outside area","TV screens","Wi-Fi"],"regions":["England","Devon"],"source":"J D Wetherspoon official site (WP REST via Firecrawl)","observedAt":"2026-07-11T11:51:37Z"}},{"type":"Feature","geometry":{"type":"Point","coordinates":[-2.643989,53.452255]},"properties":{"name":"The Nine Arches","slug":"the-nine-arches-newton-le-willows","jdwPubId":"7293","townCity":"Newton-le-Willows","postcode":"WA12 9NE","country":"England","pageUrl":"https://www.jdwetherspoon.com/pubs/the-nine-arches-newton-le-willows/","menuUrl":"https://www.jdwetherspoon.com/pub-menus/the-nine-arches-newton-le-willows/","facilities":["Baby change","TV screens","Wi-Fi"],"regions":["England","Merseyside"],"source":"J D Wetherspoon official site (WP REST via Firecrawl)","observedAt":"2026-07-11T11:51:37Z"}},{"type":"Feature","geometry":{"type":"Point","coordinates":[-0.12138,51.407097]},"properties":{"name":"The Moon Under Water, Croydon","slug":"the-moon-under-water-croydon-norbury","jdwPubId":"81","townCity":"Norbury","postcode":"SW16 4AU","country":"England","pageUrl":"https://www.jdwetherspoon.com/pubs/the-moon-under-water-norbury/","menuUrl":"https://www.jdwetherspoon.com/pub-menus/the-moon-under-water-croydon-norbury/","facilities":["Wi-Fi","TV screens","Baby change","Step-free access"],"regions":["England","Croydon"],"source":"J D Wetherspoon official site (WP REST via Firecrawl)","observedAt":"2026-07-11T11:51:37Z"}},{"type":"Feature","geometry":{"type":"Point","coordinates":[-0.226121,51.372466]},"properties":{"name":"The Nonsuch Inn","slug":"the-nonsuch-inn-north-cheam","jdwPubId":"154","townCity":"North Cheam","postcode":"SM3 9AA","country":"England","pageUrl":"https://www.jdwetherspoon.com/pubs/the-nonsuch-inn-north-cheam/","menuUrl":"https://www.jdwetherspoon.com/pub-menus/the-nonsuch-inn-north-cheam/","facilities":["Wi-Fi","TV screens","Licensed outside area","Baby change","Step-free access"],"regions":["England","Sutton"],"source":"J D Wetherspoon official site (WP REST via Firecrawl)","observedAt":"2026-07-11T11:51:37Z"}},{"type":"Feature","geometry":{"type":"Point","coordinates":[-1.43701,54.34155]},"properties":{"name":"The Buck Inn","slug":"the-buck-inn-northallerton","jdwPubId":"7479","townCity":"Northallerton","postcode":"DL7 8LU","country":"England","pageUrl":"https://www.jdwetherspoon.com/pubs/the-buck-inn-northallerton/","menuUrl":"https://www.jdwetherspoon.com/pub-menus/the-buck-inn-northallerton/","facilities":["Licensed outside area","Wi-Fi","Baby change","Step-free access"],"regions":["England","North Yorkshire"],"source":"J D Wetherspoon official site (WP REST via Firecrawl)","observedAt":"2026-07-11T11:51:37Z"}},{"type":"Feature","geometry":{"type":"Point","coordinates":[-0.892703,52.237947]},"properties":{"name":"The Cordwainer","slug":"the-cordwainer-northampton","jdwPubId":"6158","townCity":"Northampton","postcode":"NN1 2AQ","country":"England","pageUrl":"https://www.jdwetherspoon.com/pubs/the-cordwainer-northampton/","menuUrl":"https://www.jdwetherspoon.com/pub-menus/the-cordwainer-northampton/","facilities":["Wi-Fi","Step-free access","Baby change","Licensed outside area","TV screens"],"regions":["England","Northamptonshire"],"source":"J D Wetherspoon official site (WP REST via Firecrawl)","observedAt":"2026-07-11T11:51:37Z"}},{"type":"Feature","geometry":{"type":"Point","coordinates":[-0.351424,51.552786]},"properties":{"name":"The Greenwood Hotel","slug":"the-greenwood-hotel-northolt","jdwPubId":"7337","townCity":"Northolt","postcode":"UB5 4LA","country":"England","pageUrl":"https://www.jdwetherspoon.com/pubs/the-greenwood-hotel-northolt/","menuUrl":"https://www.jdwetherspoon.com/pub-menus/the-greenwood-hotel-northolt/","facilities":["Accommodation","Baby change"],"regions":["England","Ealing"],"source":"J D Wetherspoon official site (WP REST via Firecrawl)","observedAt":"2026-07-11T11:51:37Z"}},{"type":"Feature","geometry":{"type":"Point","coordinates":[-2.508536,53.262202]},"properties":{"name":"The Penny Black","slug":"the-penny-black-northwich","jdwPubId":"418","townCity":"Northwich","postcode":"CW9 5AB","country":"England","pageUrl":"https://www.jdwetherspoon.com/pubs/the-penny-black-northwich/","menuUrl":"https://www.jdwetherspoon.com/pub-menus/the-penny-black-northwich/","facilities":["Wi-Fi","TV screens","Licensed outside area","Racing TV","Step-free access"],"regions":["England","Cheshire"],"source":"J D Wetherspoon official site (WP REST via Firecrawl)","observedAt":"2026-07-11T11:51:37Z"}},{"type":"Feature","geometry":{"type":"Point","coordinates":[-1.310721,54.587781]},"properties":{"name":"The Highland Laddie","slug":"the-highland-laddie-norton","jdwPubId":"6906","townCity":"Norton","postcode":"TS20 1AQ","country":"England","pageUrl":"https://www.jdwetherspoon.com/pubs/the-highland-laddie-norton/","menuUrl":"https://www.jdwetherspoon.com/pub-menus/the-highland-laddie-norton/","facilities":["Wi-Fi","Step-free access","Baby change","Licensed outside area","TV screens"],"regions":["England","Stockton-on-Tees"],"source":"J D Wetherspoon official site (WP REST via Firecrawl)","observedAt":"2026-07-11T11:51:37Z"}},{"type":"Feature","geometry":{"type":"Point","coordinates":[1.295477,52.627349]},"properties":{"name":"The Bell Hotel","slug":"the-bell-hotel-norwich","jdwPubId":"136","townCity":"Norwich","postcode":"NR1 3QB","country":"England","pageUrl":"https://www.jdwetherspoon.com/pubs/the-bell-hotel-norwich/","menuUrl":"https://www.jdwetherspoon.com/pub-menus/the-bell-hotel-norwich/","facilities":["Wi-Fi","Step-free access","Licensed outside area","TV screens"],"regions":["England","Norfolk"],"source":"J D Wetherspoon official site (WP REST via Firecrawl)","observedAt":"2026-07-11T11:51:37Z"}},{"type":"Feature","geometry":{"type":"Point","coordinates":[1.297822,52.632297]},"properties":{"name":"The Glass House","slug":"the-glass-house-norwich","jdwPubId":"664","townCity":"Norwich","postcode":"NR3 1LA","country":"England","pageUrl":"https://www.jdwetherspoon.com/pubs/the-glass-house-norwich/","menuUrl":"https://www.jdwetherspoon.com/pub-menus/the-glass-house-norwich/","facilities":["Step-free access","Licensed outside area","TV screens","Wi-Fi"],"regions":["England","Norfolk"],"source":"J D Wetherspoon official site (WP REST via Firecrawl)","observedAt":"2026-07-11T11:51:37Z"}},{"type":"Feature","geometry":{"type":"Point","coordinates":[1.303605,52.625048]},"properties":{"name":"The Queen of Iceni","slug":"the-queen-of-iceni-norwich","jdwPubId":"1719","townCity":"Norwich","postcode":"NR1 1ED","country":"England","pageUrl":"https://www.jdwetherspoon.com/pubs/the-queen-of-iceni-norwich/","menuUrl":"https://www.jdwetherspoon.com/pub-menus/the-queen-of-iceni-norwich/","facilities":["Wi-Fi","TV screens","Licensed outside area","Step-free access","Music"],"regions":["England","Norfolk"],"source":"J D Wetherspoon official site (WP REST via Firecrawl)","observedAt":"2026-07-11T11:51:37Z"}},{"type":"Feature","geometry":{"type":"Point","coordinates":[1.268563,52.654318]},"properties":{"name":"The Whiffler","slug":"the-whiffler-norwich","jdwPubId":"915","townCity":"Norwich","postcode":"NR6 5JB","country":"England","pageUrl":"https://www.jdwetherspoon.com/pubs/the-whiffler-norwich/","menuUrl":"https://www.jdwetherspoon.com/pub-menus/the-whiffler-norwich/","facilities":["Step-free access","Baby change","Licensed outside area","TV screens","Wi-Fi"],"regions":["England","Norfolk"],"source":"J D Wetherspoon official site (WP REST via Firecrawl)","observedAt":"2026-07-11T11:51:37Z"}},{"type":"Feature","geometry":{"type":"Point","coordinates":[-1.14519,52.953599]},"properties":{"name":"Lloyds No.1 Bar","slug":"lloyds-no-1-bar-nottingham","jdwPubId":"2194","townCity":"Nottingham","postcode":"NG1 1NL","country":"England","pageUrl":"https://www.jdwetherspoon.com/pubs/lloyds-no-1-bar-nottingham/","menuUrl":"https://www.jdwetherspoon.com/pub-menus/lloyds-no-1-bar-nottingham/","facilities":["Wi-Fi","TV screens","Licensed outside area","Music","Baby change","Step-free access","Meeting facilities"],"regions":["England","Nottinghamshire"],"source":"J D Wetherspoon official site (WP REST via Firecrawl)","observedAt":"2026-07-11T11:51:37Z"}},{"type":"Feature","geometry":{"type":"Point","coordinates":[-1.278252,52.927625]},"properties":{"name":"The Admiral Sir John Borlase Warren","slug":"the-admiral-sir-john-borlase-warren-nottingham","jdwPubId":"5467","townCity":"Nottingham","postcode":"NG9 7AA","country":"England","pageUrl":"https://www.jdwetherspoon.com/pubs/the-admiral-sir-john-borlase-warren-nottingham/","menuUrl":"https://www.jdwetherspoon.com/pub-menus/the-admiral-sir-john-borlase-warren-nottingham/","facilities":["Wi-Fi","TV screens","Licensed outside area","Baby change","Step-free access"],"regions":["England","Nottinghamshire"],"source":"J D Wetherspoon official site (WP REST via Firecrawl)","observedAt":"2026-07-11T11:51:37Z"}},{"type":"Feature","geometry":{"type":"Point","coordinates":[-1.109232,52.966067]},"properties":{"name":"The Free Man","slug":"the-free-man-nottingham","jdwPubId":"5837","townCity":"Nottingham","postcode":"NG4 1JD","country":"England","pageUrl":"https://www.jdwetherspoon.com/pubs/the-free-man-nottingham/","menuUrl":"https://www.jdwetherspoon.com/pub-menus/the-free-man-nottingham/","facilities":["Wi-Fi","TV screens","Licensed outside area","Baby change","Step-free access"],"regions":["England","Nottinghamshire"],"source":"J D Wetherspoon official site (WP REST via Firecrawl)","observedAt":"2026-07-11T11:51:37Z"}},{"type":"Feature","geometry":{"type":"Point","coordinates":[-1.15578,52.959685]},"properties":{"name":"The Gooseberry Bush","slug":"the-gooseberry-bush-nottingham","jdwPubId":"6728","townCity":"Nottingham","postcode":"NG1 4GL","country":"England","pageUrl":"https://www.jdwetherspoon.com/pubs/the-gooseberry-bush-nottingham/","menuUrl":"https://www.jdwetherspoon.com/pub-menus/the-gooseberry-bush-nottingham/","facilities":["Step-free access","Baby change","Licensed outside area","TV screens","Wi-Fi"],"regions":["England","Nottinghamshire"],"source":"J D Wetherspoon official site (WP REST via Firecrawl)","observedAt":"2026-07-11T11:51:37Z"}},{"type":"Feature","geometry":{"type":"Point","coordinates":[-1.149721,52.95304]},"properties":{"name":"The Joseph Else","slug":"the-joseph-else-nottingham","jdwPubId":"1554","townCity":"Nottingham","postcode":"NG1 2JS","country":"England","pageUrl":"https://www.jdwetherspoon.com/pubs/the-joseph-else-nottingham/","menuUrl":"https://www.jdwetherspoon.com/pub-menus/the-joseph-else-nottingham/","facilities":["Wi-Fi","TV screens","Step-free access"],"regions":["England","Nottinghamshire"],"source":"J D Wetherspoon official site (WP REST via Firecrawl)","observedAt":"2026-07-11T11:51:37Z"}},{"type":"Feature","geometry":{"type":"Point","coordinates":[-1.304965,53.017956]},"properties":{"name":"The Lady Chatterley","slug":"the-lady-chatterley-nottingham","jdwPubId":"7091","townCity":"Nottingham","postcode":"NG16 3AL","country":"England","pageUrl":"https://www.jdwetherspoon.com/pubs/the-lady-chatterley-nottingham/","menuUrl":"https://www.jdwetherspoon.com/pub-menus/the-lady-chatterley-nottingham/","facilities":["Step-free access","Baby change","Licensed outside area","TV screens","Wi-Fi"],"regions":["England","Nottinghamshire"],"source":"J D Wetherspoon official site (WP REST via Firecrawl)","observedAt":"2026-07-11T11:51:37Z"}},{"type":"Feature","geometry":{"type":"Point","coordinates":[-1.152287,52.953001]},"properties":{"name":"The Roebuck Inn","slug":"the-roebuck-inn-nottingham","jdwPubId":"1154","townCity":"Nottingham","postcode":"NG1 6FH","country":"England","pageUrl":"https://www.jdwetherspoon.com/pubs/the-roebuck-inn-nottingham/","menuUrl":"https://www.jdwetherspoon.com/pub-menus/the-roebuck-inn-nottingham/","facilities":["Wi-Fi","TV screens","Licensed outside area","Baby change","Step-free access"],"regions":["England","Nottinghamshire"],"source":"J D Wetherspoon official site (WP REST via Firecrawl)","observedAt":"2026-07-11T11:51:37Z"}},{"type":"Feature","geometry":{"type":"Point","coordinates":[-1.146399,52.981368]},"properties":{"name":"The Samuel Hall","slug":"the-samuel-hall-nottingham","jdwPubId":"6326","townCity":"Nottingham","postcode":"NG5 2JN","country":"England","pageUrl":"https://www.jdwetherspoon.com/pubs/the-samuel-hall-nottingham/","menuUrl":"https://www.jdwetherspoon.com/pub-menus/the-samuel-hall-nottingham/","facilities":["Step-free access","Baby change","TV screens","Wi-Fi"],"regions":["England","Nottinghamshire"],"source":"J D Wetherspoon official site (WP REST via Firecrawl)","observedAt":"2026-07-11T11:51:37Z"}},{"type":"Feature","geometry":{"type":"Point","coordinates":[-1.196372,53.002567]},"properties":{"name":"The William Peverel","slug":"the-william-peverel-nottingham","jdwPubId":"5479","townCity":"Nottingham","postcode":"NG6 8EZ","country":"England","pageUrl":"https://www.jdwetherspoon.com/pubs/the-william-peverel-nottingham/","menuUrl":"https://www.jdwetherspoon.com/pub-menus/the-william-peverel-nottingham/","facilities":["Wi-Fi","TV screens","Licensed outside area","Step-free access"],"regions":["England","Nottinghamshire"],"source":"J D Wetherspoon official site (WP REST via Firecrawl)","observedAt":"2026-07-11T11:51:37Z"}},{"type":"Feature","geometry":{"type":"Point","coordinates":[-1.123279,52.983651]},"properties":{"name":"The Woodthorpe Top","slug":"the-woodthorpe-top-nottingham","jdwPubId":"5571","townCity":"Nottingham","postcode":"NG3 5JL","country":"England","pageUrl":"https://www.jdwetherspoon.com/pubs/the-woodthorpe-top-nottingham/","menuUrl":"https://www.jdwetherspoon.com/pub-menus/the-woodthorpe-top-nottingham/","facilities":["Wi-Fi","TV screens","Licensed outside area","Baby change","Step-free access"],"regions":["England","Nottinghamshire"],"source":"J D Wetherspoon official site (WP REST via Firecrawl)","observedAt":"2026-07-11T11:51:37Z"}},{"type":"Feature","geometry":{"type":"Point","coordinates":[-1.134167,52.937184]},"properties":{"name":"Trent Bridge Inn","slug":"trent-bridge-inn-nottingham","jdwPubId":"6503","townCity":"Nottingham","postcode":"NG2 6AA","country":"England","pageUrl":"https://www.jdwetherspoon.com/pubs/trent-bridge-inn-nottingham/","menuUrl":"https://www.jdwetherspoon.com/pub-menus/trent-bridge-inn-nottingham/","facilities":["TV screens","Wi-Fi","Sky Sports","Licensed outside area","Projector and screen","Baby change","Meeting facilities","Step-free access","TNT Sports"],"regions":["England","Nottinghamshire"],"source":"J D Wetherspoon official site (WP REST via Firecrawl)","observedAt":"2026-07-11T11:51:37Z"}},{"type":"Feature","geometry":{"type":"Point","coordinates":[-1.469525,52.523007]},"properties":{"name":"The Felix Holt","slug":"the-felix-holt-nuneaton","jdwPubId":"576","townCity":"Nuneaton","postcode":"CV11 5BS","country":"England","pageUrl":"https://www.jdwetherspoon.com/pubs/the-felix-holt-nuneaton/","menuUrl":"https://www.jdwetherspoon.com/pub-menus/the-felix-holt-nuneaton/","facilities":["Wi-Fi","TV screens","Licensed outside area","Baby change","Step-free access"],"regions":["England","Warwickshire"],"source":"J D Wetherspoon official site (WP REST via Firecrawl)","observedAt":"2026-07-11T11:51:37Z"}},{"type":"Feature","geometry":{"type":"Point","coordinates":[-1.08408,52.600848]},"properties":{"name":"The Lord Keeper of the Great Seal","slug":"the-lord-keeper-of-the-great-seal-oadby","jdwPubId":"790","townCity":"Oadby","postcode":"LE2 5BF","country":"England","pageUrl":"https://www.jdwetherspoon.com/pubs/the-lord-keeper-of-the-great-seal-oadby/","menuUrl":"https://www.jdwetherspoon.com/pub-menus/the-lord-keeper-of-the-great-seal-oadby/","facilities":["Wi-Fi","Step-free access","Baby change","Licensed outside area","TV screens"],"regions":["England","Leicestershire"],"source":"J D Wetherspoon official site (WP REST via Firecrawl)","observedAt":"2026-07-11T11:51:37Z"}},{"type":"Feature","geometry":{"type":"Point","coordinates":[-0.731175,52.670094]},"properties":{"name":"The Captain Noel Newton","slug":"the-captain-noel-newton-oakham","jdwPubId":"7122","townCity":"Oakham","postcode":"LE15 6AJ","country":"England","pageUrl":"https://www.jdwetherspoon.com/pubs/the-captain-noel-newton-oakham/","menuUrl":"https://www.jdwetherspoon.com/pub-menus/the-captain-noel-newton-oakham/","facilities":["Step-free access","Licensed outside area","TV screens","Wi-Fi"],"regions":["England","Rutland"],"source":"J D Wetherspoon official site (WP REST via Firecrawl)","observedAt":"2026-07-11T11:51:37Z"}},{"type":"Feature","geometry":{"type":"Point","coordinates":[-4.0031674,50.739146]},"properties":{"name":"The White Hart Hotel","slug":"the-white-hart-hotel-okehampton","jdwPubId":"7280","townCity":"Okehampton","postcode":"EX20 1HD","country":"England","pageUrl":"https://www.jdwetherspoon.com/pubs/the-white-hart-hotel-okehampton/","menuUrl":"https://www.jdwetherspoon.com/pub-menus/the-white-hart-hotel-okehampton/","facilities":["Wi-Fi","TV screens","Accommodation","Baby change"],"regions":["England","Devon"],"source":"J D Wetherspoon official site (WP REST via Firecrawl)","observedAt":"2026-07-11T11:51:37Z"}},{"type":"Feature","geometry":{"type":"Point","coordinates":[-0.090642,51.525198]},"properties":{"name":"The Masque Haunt","slug":"the-masque-haunt-old-street","jdwPubId":"195","townCity":"Old Street","postcode":"EC1V 9BP","country":"England","pageUrl":"https://www.jdwetherspoon.com/pubs/the-masque-haunt-old-street/","menuUrl":"https://www.jdwetherspoon.com/pub-menus/the-masque-haunt-old-street/","facilities":["Step-free access","Projector and screen","Licensed outside area","TV screens","Wi-Fi"],"regions":["England","Islington"],"source":"J D Wetherspoon official site (WP REST via Firecrawl)","observedAt":"2026-07-11T11:51:37Z"}},{"type":"Feature","geometry":{"type":"Point","coordinates":[-2.015851,52.504695]},"properties":{"name":"The Court of Requests","slug":"the-court-of-requests-oldbury","jdwPubId":"6596","townCity":"Oldbury","postcode":"B69 3AF","country":"England","pageUrl":"https://www.jdwetherspoon.com/pubs/the-court-of-requests-oldbury/","menuUrl":"https://www.jdwetherspoon.com/pub-menus/the-court-of-requests-oldbury/","facilities":["Step-free access","Baby change","Licensed outside area","TV screens","Wi-Fi"],"regions":["England","West Midlands"],"source":"J D Wetherspoon official site (WP REST via Firecrawl)","observedAt":"2026-07-11T11:51:37Z"}},{"type":"Feature","geometry":{"type":"Point","coordinates":[-2.093059,53.577836]},"properties":{"name":"The Shay Wake","slug":"the-shay-wake-oldham","jdwPubId":"6499","townCity":"Oldham","postcode":"OL2 8EQ","country":"England","pageUrl":"https://www.jdwetherspoon.com/pubs/the-shay-wake-oldham/","menuUrl":"https://www.jdwetherspoon.com/pub-menus/the-shay-wake-oldham/","facilities":["Licensed outside area","Step-free access","Baby change","TV screens","Wi-Fi"],"regions":["England","Greater Manchester"],"source":"J D Wetherspoon official site (WP REST via Firecrawl)","observedAt":"2026-07-11T11:51:37Z"}},{"type":"Feature","geometry":{"type":"Point","coordinates":[-2.112833,53.542231]},"properties":{"name":"The Up Steps Inn","slug":"the-up-steps-inn-oldham","jdwPubId":"395","townCity":"Oldham","postcode":"OL1 3AJ","country":"England","pageUrl":"https://www.jdwetherspoon.com/pubs/the-up-steps-inn-oldham/","menuUrl":"https://www.jdwetherspoon.com/pub-menus/the-up-steps-inn-oldham/","facilities":["Step-free access","Baby change","TV screens","Wi-Fi"],"regions":["England","Greater Manchester"],"source":"J D Wetherspoon official site (WP REST via Firecrawl)","observedAt":"2026-07-11T11:51:37Z"}},{"type":"Feature","geometry":{"type":"Point","coordinates":[-2.885233,53.568405]},"properties":{"name":"The Court Leet","slug":"the-court-leet-ormskirk","jdwPubId":"6439","townCity":"Ormskirk","postcode":"L39 2XA","country":"England","pageUrl":"https://www.jdwetherspoon.com/pubs/the-court-leet-ormskirk/","menuUrl":"https://www.jdwetherspoon.com/pub-menus/the-court-leet-ormskirk/","facilities":["Wi-Fi","TV screens","Licensed outside area","Baby change","Step-free access"],"regions":["England","Lancashire"],"source":"J D Wetherspoon official site (WP REST via Firecrawl)","observedAt":"2026-07-11T11:51:37Z"}},{"type":"Feature","geometry":{"type":"Point","coordinates":[-3.056445,52.859546]},"properties":{"name":"The Wilfred Owen","slug":"the-wilfred-owen-oswestry","jdwPubId":"2773","townCity":"Oswestry","postcode":"SY11 1AJ","country":"England","pageUrl":"https://www.jdwetherspoon.com/pubs/the-wilfred-owen-oswestry/","menuUrl":"https://www.jdwetherspoon.com/pub-menus/the-wilfred-owen-oswestry/","facilities":["Wi-Fi","TV screens","Licensed outside area","Baby change","Step-free access"],"regions":["England","Shropshire"],"source":"J D Wetherspoon official site (WP REST via Firecrawl)","observedAt":"2026-07-11T11:51:37Z"}},{"type":"Feature","geometry":{"type":"Point","coordinates":[-1.692899,53.904207]},"properties":{"name":"The Bowling Green","slug":"the-bowling-green-otley","jdwPubId":"5523","townCity":"Otley","postcode":"LS21 3AB","country":"England","pageUrl":"https://www.jdwetherspoon.com/pubs/the-bowling-green-otley/","menuUrl":"https://www.jdwetherspoon.com/pub-menus/the-bowling-green-otley/","facilities":["TV screens","Licensed outside area","Baby change","Step-free access"],"regions":["England","West Yorkshire"],"source":"J D Wetherspoon official site (WP REST via Firecrawl)","observedAt":"2026-07-11T11:51:37Z"}},{"type":"Feature","geometry":{"type":"Point","coordinates":[-1.262114,51.753444]},"properties":{"name":"The Four Candles","slug":"the-four-candles-oxford","jdwPubId":"6019","townCity":"Oxford","postcode":"OX1 2BE","country":"England","pageUrl":"https://www.jdwetherspoon.com/pubs/the-four-candles-oxford/","menuUrl":"https://www.jdwetherspoon.com/pub-menus/the-four-candles-oxford/","facilities":["Wi-Fi","TV screens","Licensed outside area","Baby change","Bike storage","Step-free access"],"regions":["England","Oxfordshire"],"source":"J D Wetherspoon official site (WP REST via Firecrawl)","observedAt":"2026-07-11T11:51:37Z"}},{"type":"Feature","geometry":{"type":"Point","coordinates":[-1.26157,51.7511]},"properties":{"name":"The Swan & Castle","slug":"the-swan-castle-oxford","jdwPubId":"6191","townCity":"Oxford","postcode":"OX1 1AY","country":"England","pageUrl":"https://www.jdwetherspoon.com/pubs/the-swan-castle-oxford/","menuUrl":"https://www.jdwetherspoon.com/pub-menus/the-swan-castle-oxford/","facilities":["Step-free access","Baby change","Licensed outside area","TV screens"],"regions":["England","Oxfordshire"],"source":"J D Wetherspoon official site (WP REST via Firecrawl)","observedAt":"2026-07-11T11:51:37Z"}},{"type":"Feature","geometry":{"type":"Point","coordinates":[-1.217602,51.732347]},"properties":{"name":"The William Morris","slug":"the-william-morris-oxford","jdwPubId":"4469","townCity":"Oxford","postcode":"OX4 3LR","country":"England","pageUrl":"https://www.jdwetherspoon.com/pubs/the-william-morris-oxford/","menuUrl":"https://www.jdwetherspoon.com/pub-menus/the-william-morris-oxford/","facilities":["Wi-Fi","TV screens","Baby change","Step-free access"],"regions":["England","Oxfordshire"],"source":"J D Wetherspoon official site (WP REST via Firecrawl)","observedAt":"2026-07-11T11:51:37Z"}},{"type":"Feature","geometry":{"type":"Point","coordinates":[-0.004753,51.257473]},"properties":{"name":"The Oxted Inn","slug":"the-oxted-inn-oxted","jdwPubId":"479","townCity":"Oxted","postcode":"RH8 9HR","country":"England","pageUrl":"https://www.jdwetherspoon.com/pubs/the-oxted-inn-oxted/","menuUrl":"https://www.jdwetherspoon.com/pub-menus/the-oxted-inn-oxted/","facilities":["Wi-Fi","TV screens","Licensed outside area","Baby change","Step-free access"],"regions":["England","Surrey"],"source":"J D Wetherspoon official site (WP REST via Firecrawl)","observedAt":"2026-07-11T11:51:37Z"}},{"type":"Feature","geometry":{"type":"Point","coordinates":[-0.17346,51.518642]},"properties":{"name":"The Sir Alexander Fleming","slug":"the-sir-alexander-fleming-paddington","jdwPubId":"7652","townCity":"Paddington","postcode":"W2 1AS","country":"England","pageUrl":"https://www.jdwetherspoon.com/pubs/the-sir-alexander-fleming-paddington/","menuUrl":"https://www.jdwetherspoon.com/pub-menus/the-sir-alexander-fleming-paddington/","facilities":["Wi-Fi","TV screens","Licensed outside area","Baby change","Step-free access"],"regions":["England","Westminster"],"source":"J D Wetherspoon official site (WP REST via Firecrawl)","observedAt":"2026-07-11T11:51:37Z"}},{"type":"Feature","geometry":{"type":"Point","coordinates":[-3.561503,50.435163]},"properties":{"name":"The Talk of the Town","slug":"the-talk-of-the-town-paignton","jdwPubId":"5879","townCity":"Paignton","postcode":"TQ4 6AL ","country":"England","pageUrl":"https://www.jdwetherspoon.com/pubs/the-talk-of-the-town-paignton/","menuUrl":"https://www.jdwetherspoon.com/pub-menus/the-talk-of-the-town-paignton/","facilities":["Wi-Fi","TV screens","Changing places","Licensed outside area","Baby change","Step-free access"],"regions":["England","Devon"],"source":"J D Wetherspoon official site (WP REST via Firecrawl)","observedAt":"2026-07-11T11:51:37Z"}},{"type":"Feature","geometry":{"type":"Point","coordinates":[-0.070012,51.473549]},"properties":{"name":"The Kentish Drovers","slug":"the-kentish-drovers-peckham","jdwPubId":"638","townCity":"Peckham","postcode":"SE15 5RS","country":"England","pageUrl":"https://www.jdwetherspoon.com/pubs/the-kentish-drovers-peckham/","menuUrl":"https://www.jdwetherspoon.com/pub-menus/the-kentish-drovers-peckham/","facilities":["Wi-Fi","TV screens","Licensed outside area","Step-free access"],"regions":["England","Southwark"],"source":"J D Wetherspoon official site (WP REST via Firecrawl)","observedAt":"2026-07-11T11:51:37Z"}},{"type":"Feature","geometry":{"type":"Point","coordinates":[-0.050885,51.412746]},"properties":{"name":"The Moon & Stars","slug":"the-moon-stars-penge","jdwPubId":"71","townCity":"Penge","postcode":"SE20 7QS","country":"England","pageUrl":"https://www.jdwetherspoon.com/pubs/the-moon-stars-penge/","menuUrl":"https://www.jdwetherspoon.com/pub-menus/the-moon-stars-penge/","facilities":["Wi-Fi","Step-free access","Baby change","Licensed outside area","TV screens"],"regions":["England","Bromley"],"source":"J D Wetherspoon official site (WP REST via Firecrawl)","observedAt":"2026-07-11T11:51:37Z"}},{"type":"Feature","geometry":{"type":"Point","coordinates":[-2.750304,54.661841]},"properties":{"name":"The Dog Beck","slug":"the-dog-beck-penrith","jdwPubId":"6748","townCity":"Penrith","postcode":"CA11 8JH","country":"England","pageUrl":"https://www.jdwetherspoon.com/pubs/the-dog-beck-penrith/","menuUrl":"https://www.jdwetherspoon.com/pub-menus/the-dog-beck-penrith/","facilities":["Wi-Fi","TV screens","Licensed outside area","Baby change","Meeting facilities","Step-free access"],"regions":["England","Cumbria"],"source":"J D Wetherspoon official site (WP REST via Firecrawl)","observedAt":"2026-07-11T11:51:37Z"}},{"type":"Feature","geometry":{"type":"Point","coordinates":[-5.536728,50.118594]},"properties":{"name":"The Tremenheere","slug":"the-tremenheere-penzance","jdwPubId":"1099","townCity":"Penzance","postcode":"TR18 2JA","country":"England","pageUrl":"https://www.jdwetherspoon.com/pubs/the-tremenheere-penzance/","menuUrl":"https://www.jdwetherspoon.com/pub-menus/the-tremenheere-penzance/","facilities":["Wi-Fi","TV screens","Licensed outside area","Step-free access"],"regions":["England","Cornwall"],"source":"J D Wetherspoon official site (WP REST via Firecrawl)","observedAt":"2026-07-11T11:51:37Z"}},{"type":"Feature","geometry":{"type":"Point","coordinates":[-5.156051,50.344363]},"properties":{"name":"The Green Parrot","slug":"the-green-parrot-perranporth","jdwPubId":"6383","townCity":"Perranporth","postcode":"TR6 0JP","country":"England","pageUrl":"https://www.jdwetherspoon.com/pubs/the-green-parrot-perranporth/","menuUrl":"https://www.jdwetherspoon.com/pub-menus/the-green-parrot-perranporth/","facilities":["Wi-Fi","TV screens","Step-free access","Meeting facilities","Room hire","Licensed outside area"],"regions":["England","Cornwall"],"source":"J D Wetherspoon official site (WP REST via Firecrawl)","observedAt":"2026-07-11T11:51:37Z"}},{"type":"Feature","geometry":{"type":"Point","coordinates":[-0.241674,52.575379]},"properties":{"name":"The College Arms","slug":"the-college-arms-peterborough","jdwPubId":"236","townCity":"Peterborough","postcode":"PE1 1RS","country":"England","pageUrl":"https://www.jdwetherspoon.com/pubs/the-college-arms-peterborough/","menuUrl":"https://www.jdwetherspoon.com/pub-menus/the-college-arms-peterborough/","facilities":["Wi-Fi","TV screens","Licensed outside area","Step-free access"],"regions":["England","Cambridgeshire"],"source":"J D Wetherspoon official site (WP REST via Firecrawl)","observedAt":"2026-07-11T11:51:37Z"}},{"type":"Feature","geometry":{"type":"Point","coordinates":[-0.246505,52.572972]},"properties":{"name":"The Draper’s Arms","slug":"the-drapers-arms-peterborough","jdwPubId":"5362","townCity":"Peterborough","postcode":"PE1 1LZ","country":"England","pageUrl":"https://www.jdwetherspoon.com/pubs/the-drapers-arms-peterborough/","menuUrl":"https://www.jdwetherspoon.com/pub-menus/the-drapers-arms-peterborough/","facilities":["Wi-Fi","Step-free access","Baby change","Licensed outside area","TV screens"],"regions":["England","Cambridgeshire"],"source":"J D Wetherspoon official site (WP REST via Firecrawl)","observedAt":"2026-07-11T11:51:37Z"}},{"type":"Feature","geometry":{"type":"Point","coordinates":[-0.127433,52.556164]},"properties":{"name":"The George Hotel","slug":"the-george-hotel-peterborough","jdwPubId":"5762","townCity":"Peterborough","postcode":"PE7 1AB","country":"England","pageUrl":"https://www.jdwetherspoon.com/pubs/the-george-hotel-peterborough/","menuUrl":"https://www.jdwetherspoon.com/pub-menus/the-george-hotel-peterborough/","facilities":["Wi-Fi","Step-free access","Licensed outside area","TV screens"],"regions":["England","Cambridgeshire"],"source":"J D Wetherspoon official site (WP REST via Firecrawl)","observedAt":"2026-07-11T11:51:37Z"}},{"type":"Feature","geometry":{"type":"Point","coordinates":[-1.332725,54.758237]},"properties":{"name":"The Five Quarter","slug":"the-five-quarter-peterlee","jdwPubId":"4197","townCity":"Peterlee","postcode":"SR8 1AB","country":"England","pageUrl":"https://www.jdwetherspoon.com/pubs/the-five-quarter-peterlee/","menuUrl":"https://www.jdwetherspoon.com/pub-menus/the-five-quarter-peterlee/","facilities":["Wi-Fi","TV screens","Licensed outside area","Baby change","Step-free access"],"regions":["England","County Durham"],"source":"J D Wetherspoon official site (WP REST via Firecrawl)","observedAt":"2026-07-11T11:51:37Z"}},{"type":"Feature","geometry":{"type":"Point","coordinates":[-0.934238,51.003835]},"properties":{"name":"The Red Lion","slug":"the-red-lion-petersfield","jdwPubId":"6232","townCity":"Petersfield","postcode":"GU31 4AE","country":"England","pageUrl":"https://www.jdwetherspoon.com/pubs/the-red-lion-petersfield/","menuUrl":"https://www.jdwetherspoon.com/pub-menus/the-red-lion-petersfield/","facilities":["Wi-Fi","TV screens","Licensed outside area","Baby change","Meeting facilities","Step-free access"],"regions":["England","Hampshire"],"source":"J D Wetherspoon official site (WP REST via Firecrawl)","observedAt":"2026-07-11T11:51:37Z"}},{"type":"Feature","geometry":{"type":"Point","coordinates":[0.072138,51.389326]},"properties":{"name":"The Sovereign of the Seas","slug":"the-sovereign-of-the-seas-petts-wood","jdwPubId":"140","townCity":"Petts Wood","postcode":"BR5 1DG","country":"England","pageUrl":"https://www.jdwetherspoon.com/pubs/the-sovereign-of-the-seas-petts-wood/","menuUrl":"https://www.jdwetherspoon.com/pub-menus/the-sovereign-of-the-seas-petts-wood/","facilities":["Wi-Fi","TV screens","Licensed outside area","Baby change","Step-free access"],"regions":["England","Bromley"],"source":"J D Wetherspoon official site (WP REST via Firecrawl)","observedAt":"2026-07-11T11:51:37Z"}},{"type":"Feature","geometry":{"type":"Point","coordinates":[-4.1573,50.385633]},"properties":{"name":"The Britannia Inn","slug":"the-britannia-inn-plymouth","jdwPubId":"1171","townCity":"Plymouth","postcode":"PL2 3AA","country":"England","pageUrl":"https://www.jdwetherspoon.com/pubs/the-britannia-inn-plymouth/","menuUrl":"https://www.jdwetherspoon.com/pub-menus/the-britannia-inn-plymouth/","facilities":["Wi-Fi","Licensed outside area","Step-free access"],"regions":["England","Devon"],"source":"J D Wetherspoon official site (WP REST via Firecrawl)","observedAt":"2026-07-11T11:51:37Z"}},{"type":"Feature","geometry":{"type":"Point","coordinates":[-4.137516,50.367521]},"properties":{"name":"The Gog and Magog","slug":"the-gog-and-magog-plymouth","jdwPubId":"2661","townCity":"Plymouth","postcode":"PL1 2LA","country":"England","pageUrl":"https://www.jdwetherspoon.com/pubs/the-gog-and-magog-plymouth/","menuUrl":"https://www.jdwetherspoon.com/pub-menus/the-gog-and-magog-plymouth/","facilities":["Step-free access","Baby change","Licensed outside area","TV screens","Wi-Fi"],"regions":["England","Devon"],"source":"J D Wetherspoon official site (WP REST via Firecrawl)","observedAt":"2026-07-11T11:51:37Z"}},{"type":"Feature","geometry":{"type":"Point","coordinates":[-4.13374,50.382396]},"properties":{"name":"The Mannamead","slug":"the-mannamead-plymouth","jdwPubId":"2365","townCity":"Plymouth","postcode":"PL4 6JH","country":"England","pageUrl":"https://www.jdwetherspoon.com/pubs/the-mannamead-plymouth/","menuUrl":"https://www.jdwetherspoon.com/pub-menus/the-mannamead-plymouth/","facilities":["Wi-Fi","TV screens","Licensed outside area","Baby change","Step-free access"],"regions":["England","Devon"],"source":"J D Wetherspoon official site (WP REST via Firecrawl)","observedAt":"2026-07-11T11:51:37Z"}},{"type":"Feature","geometry":{"type":"Point","coordinates":[-4.148014,50.36971]},"properties":{"name":"The Union Rooms","slug":"the-union-rooms-plymouth","jdwPubId":"662","townCity":"Plymouth","postcode":"PL1 2SU","country":"England","pageUrl":"https://www.jdwetherspoon.com/pubs/the-union-rooms-plymouth/","menuUrl":"https://www.jdwetherspoon.com/pub-menus/the-union-rooms-plymouth/","facilities":["Music","Step-free access","Baby change","Licensed outside area","TV screens","Wi-Fi"],"regions":["England","Devon"],"source":"J D Wetherspoon official site (WP REST via Firecrawl)","observedAt":"2026-07-11T11:51:37Z"}},{"type":"Feature","geometry":{"type":"Point","coordinates":[-4.051731,50.3878]},"properties":{"name":"The Stannary Court","slug":"the-stannary-court-plympton","jdwPubId":"6850","townCity":"Plympton","postcode":"PL7 2AA","country":"England","pageUrl":"https://www.jdwetherspoon.com/pubs/the-stannary-court-plympton/","menuUrl":"https://www.jdwetherspoon.com/pub-menus/the-stannary-court-plympton/","facilities":["Wi-Fi","Step-free access","Baby change","Licensed outside area","TV screens"],"regions":["England","Devon"],"source":"J D Wetherspoon official site (WP REST via Firecrawl)","observedAt":"2026-07-11T11:51:37Z"}},{"type":"Feature","geometry":{"type":"Point","coordinates":[-1.354261,53.613552]},"properties":{"name":"The Blue Bell","slug":"the-blue-bell-pontefract","jdwPubId":"7104","townCity":"Pontefract","postcode":"WF9 4LQ","country":"England","pageUrl":"https://www.jdwetherspoon.com/pubs/the-blue-bell-pontefract/","menuUrl":"https://www.jdwetherspoon.com/pub-menus/the-blue-bell-pontefract/","facilities":["TV screens","Licensed outside area","Step-free access"],"regions":["England","West Yorkshire"],"source":"J D Wetherspoon official site (WP REST via Firecrawl)","observedAt":"2026-07-11T11:51:37Z"}},{"type":"Feature","geometry":{"type":"Point","coordinates":[-1.309399,53.692556]},"properties":{"name":"The Broken Bridge","slug":"the-broken-bridge-pontefract","jdwPubId":"5683","townCity":"Pontefract","postcode":"WF8 1PD","country":"England","pageUrl":"https://www.jdwetherspoon.com/pubs/the-broken-bridge-pontefract/","menuUrl":"https://www.jdwetherspoon.com/pub-menus/the-broken-bridge-pontefract/","facilities":["Step-free access","Baby change","Projector and screen","Licensed outside area","TV screens"],"regions":["England","West Yorkshire"],"source":"J D Wetherspoon official site (WP REST via Firecrawl)","observedAt":"2026-07-11T11:51:37Z"}},{"type":"Feature","geometry":{"type":"Point","coordinates":[-1.982635,50.716528]},"properties":{"name":"The Lord Wimborne","slug":"the-lord-wimborne-poole","jdwPubId":"1412","townCity":"Poole","postcode":"BH15 1QD","country":"England","pageUrl":"https://www.jdwetherspoon.com/pubs/the-lord-wimborne-poole/","menuUrl":"https://www.jdwetherspoon.com/pub-menus/the-lord-wimborne-poole/","facilities":["Step-free access","Licensed outside area","TV screens","Wi-Fi"],"regions":["England","Dorset"],"source":"J D Wetherspoon official site (WP REST via Firecrawl)","observedAt":"2026-07-11T11:51:37Z"}},{"type":"Feature","geometry":{"type":"Point","coordinates":[-1.097682,50.840933]},"properties":{"name":"Sir Alec Rose","slug":"sir-alec-rose-portsmouth","jdwPubId":"2834","townCity":"Portsmouth","postcode":"PO6 4TP","country":"England","pageUrl":"https://www.jdwetherspoon.com/pubs/the-sir-alec-rose-portsmouth/","menuUrl":"https://www.jdwetherspoon.com/pub-menus/sir-alec-rose-portsmouth/","facilities":["Step-free access","Licensed outside area","TV screens","Wi-Fi"],"regions":["England","Hampshire"],"source":"J D Wetherspoon official site (WP REST via Firecrawl)","observedAt":"2026-07-11T11:51:37Z"}},{"type":"Feature","geometry":{"type":"Point","coordinates":[-1.092599,50.797034]},"properties":{"name":"The Isambard Kingdom Brunel","slug":"the-isambard-kingdom-brunel-portsmouth","jdwPubId":"322","townCity":"Portsmouth","postcode":"PO1 2DD","country":"England","pageUrl":"https://www.jdwetherspoon.com/pubs/the-isambard-kingdom-brunel-portsmouth/","menuUrl":"https://www.jdwetherspoon.com/pub-menus/the-isambard-kingdom-brunel-portsmouth/","facilities":["Step-free access","Baby change","Projector and screen","TV screens","Licensed outside area"],"regions":["England","Hampshire"],"source":"J D Wetherspoon official site (WP REST via Firecrawl)","observedAt":"2026-07-11T11:51:37Z"}},{"type":"Feature","geometry":{"type":"Point","coordinates":[-1.07679,50.798321]},"properties":{"name":"The John Jacques","slug":"the-john-jacques-portsmouth","jdwPubId":"1526","townCity":"Portsmouth","postcode":"PO1 5BZ","country":"England","pageUrl":"https://www.jdwetherspoon.com/pubs/the-john-jacques-portsmouth/","menuUrl":"https://www.jdwetherspoon.com/pub-menus/the-john-jacques-portsmouth/","facilities":["Step-free access","Licensed outside area","TV screens","Wi-Fi"],"regions":["England","Hampshire"],"source":"J D Wetherspoon official site (WP REST via Firecrawl)","observedAt":"2026-07-11T11:51:37Z"}},{"type":"Feature","geometry":{"type":"Point","coordinates":[-1.079544,50.81545]},"properties":{"name":"The Sir John Baker","slug":"the-sir-john-baker-portsmouth","jdwPubId":"1855","townCity":"Portsmouth","postcode":"PO2 0LN","country":"England","pageUrl":"https://www.jdwetherspoon.com/pubs/the-sir-john-baker-portsmouth/","menuUrl":"https://www.jdwetherspoon.com/pub-menus/the-sir-john-baker-portsmouth/","facilities":["Wi-Fi","TV screens","Baby change","Step-free access"],"regions":["England","Hampshire"],"source":"J D Wetherspoon official site (WP REST via Firecrawl)","observedAt":"2026-07-11T11:51:37Z"}},{"type":"Feature","geometry":{"type":"Point","coordinates":[-0.19023,51.699604]},"properties":{"name":"The Admiral Byng","slug":"the-admiral-byng-potters-bar","jdwPubId":"566","townCity":"Potters Bar","postcode":"EN6 1AF","country":"England","pageUrl":"https://www.jdwetherspoon.com/pubs/the-admiral-byng-potters-bar/","menuUrl":"https://www.jdwetherspoon.com/pub-menus/the-admiral-byng-potters-bar/","facilities":["Wi-Fi","Step-free access","Baby change","Licensed outside area","TV screens"],"regions":["England","Hertfordshire"],"source":"J D Wetherspoon official site (WP REST via Firecrawl)","observedAt":"2026-07-11T11:51:37Z"}},{"type":"Feature","geometry":{"type":"Point","coordinates":[-2.992392,53.845362]},"properties":{"name":"The Poulton Elk","slug":"the-poulton-elk-poulton-le-fylde","jdwPubId":"7086","townCity":"Poulton-le-Fylde","postcode":"FY6 7SR","country":"England","pageUrl":"https://www.jdwetherspoon.com/pubs/the-poulton-elk-poulton-le-fylde/","menuUrl":"https://www.jdwetherspoon.com/pub-menus/the-poulton-elk-poulton-le-fylde/","facilities":["Wi-Fi","Licensed outside area","Baby change","Step-free access"],"regions":["England","Lancashire"],"source":"J D Wetherspoon official site (WP REST via Firecrawl)","observedAt":"2026-07-11T11:51:37Z"}},{"type":"Feature","geometry":{"type":"Point","coordinates":[-2.124031,53.346484]},"properties":{"name":"The Kingfisher","slug":"the-kingfisher-poynton","jdwPubId":"6862","townCity":"Poynton","postcode":"SK12 1NJ","country":"England","pageUrl":"https://www.jdwetherspoon.com/pubs/the-kingfisher-poynton/","menuUrl":"https://www.jdwetherspoon.com/pub-menus/the-kingfisher-poynton/","facilities":["Step-free access","Bike storage","Baby change","Licensed outside area","Wi-Fi"],"regions":["England","Cheshire"],"source":"J D Wetherspoon official site (WP REST via Firecrawl)","observedAt":"2026-07-11T11:51:37Z"}},{"type":"Feature","geometry":{"type":"Point","coordinates":[-2.802256,53.429627]},"properties":{"name":"The Watch Maker","slug":"the-watch-maker-prescot","jdwPubId":"6103","townCity":"Prescot","postcode":"L34 5QL","country":"England","pageUrl":"https://www.jdwetherspoon.com/pubs/the-watch-maker-prescot/","menuUrl":"https://www.jdwetherspoon.com/pub-menus/the-watch-maker-prescot/","facilities":["Wi-Fi","TV screens","Licensed outside area","Baby change","Step-free access"],"regions":["England","Merseyside"],"source":"J D Wetherspoon official site (WP REST via Firecrawl)","observedAt":"2026-07-11T11:51:37Z"}},{"type":"Feature","geometry":{"type":"Point","coordinates":[-2.696868,53.758722]},"properties":{"name":"The Twelve Tellers","slug":"the-twelve-tellers-preston","jdwPubId":"7078","townCity":"Preston","postcode":"PR1 3BQ","country":"England","pageUrl":"https://www.jdwetherspoon.com/pubs/the-twelve-tellers-preston/","menuUrl":"https://www.jdwetherspoon.com/pub-menus/the-twelve-tellers-preston/","facilities":["Wi-Fi","TV screens","Licensed outside area","Projector and screen","Room hire","Baby change","Meeting facilities","Music"],"regions":["England","Lancashire"],"source":"J D Wetherspoon official site (WP REST via Firecrawl)","observedAt":"2026-07-11T11:51:37Z"}},{"type":"Feature","geometry":{"type":"Point","coordinates":[-0.212939,51.465604]},"properties":{"name":"The Rocket","slug":"the-rocket-putney","jdwPubId":"6283","townCity":"Putney","postcode":"SW15 2JQ","country":"England","pageUrl":"https://www.jdwetherspoon.com/pubs/the-rocket-putney/","menuUrl":"https://www.jdwetherspoon.com/pub-menus/the-rocket-putney/","facilities":["Wi-Fi","TV screens","Licensed outside area","Baby change","Meeting facilities","Step-free access"],"regions":["England","Wandsworth"],"source":"J D Wetherspoon official site (WP REST via Firecrawl)","observedAt":"2026-07-11T11:51:37Z"}},{"type":"Feature","geometry":{"type":"Point","coordinates":[-2.4815218,51.2860806]},"properties":{"name":"Palladium Electric","slug":"palladium-electric-radstock","jdwPubId":"6817","townCity":"Radstock","postcode":"BA3 2DA","country":"England","pageUrl":"https://www.jdwetherspoon.com/pubs/palladium-electric-radstock/","menuUrl":"https://www.jdwetherspoon.com/pub-menus/palladium-electric-radstock/","facilities":[],"regions":["England","Somerset"],"source":"J D Wetherspoon official site (WP REST via Firecrawl)","observedAt":"2026-07-11T11:51:37Z"}},{"type":"Feature","geometry":{"type":"Point","coordinates":[0.611751,51.365712]},"properties":{"name":"The Railway","slug":"the-railway-rainham","jdwPubId":"7404","townCity":"Rainham","postcode":"ME8 7SF","country":"England","pageUrl":"https://www.jdwetherspoon.com/pubs/the-railway-rainham/","menuUrl":"https://www.jdwetherspoon.com/pub-menus/the-railway-rainham/","facilities":["Step-free access","Baby change","TV screens","Wi-Fi"],"regions":["England","Kent"],"source":"J D Wetherspoon official site (WP REST via Firecrawl)","observedAt":"2026-07-11T11:51:37Z"}},{"type":"Feature","geometry":{"type":"Point","coordinates":[1.4236491,51.3318333]},"properties":{"name":"Royal Victoria Pavilion","slug":"royal-victoria-pavilion-ramsgate","jdwPubId":"5994","townCity":"Ramsgate","postcode":"CT11 8LP","country":"England","pageUrl":"https://www.jdwetherspoon.com/pubs/royal-victoria-pavilion-ramsgate/","menuUrl":"https://www.jdwetherspoon.com/pub-menus/royal-victoria-pavilion-ramsgate/","facilities":["Baby change","Licensed outside area","Changing places","TV screens","Wi-Fi"],"regions":["England","Kent"],"source":"J D Wetherspoon official site (WP REST via Firecrawl)","observedAt":"2026-07-11T11:51:37Z"}},{"type":"Feature","geometry":{"type":"Point","coordinates":[0.603515,51.584894]},"properties":{"name":"The Roebuck","slug":"the-roebuck-rayleigh","jdwPubId":"1902","townCity":"Rayleigh","postcode":"SS6 7BU","country":"England","pageUrl":"https://www.jdwetherspoon.com/pubs/the-roebuck-rayleigh/","menuUrl":"https://www.jdwetherspoon.com/pub-menus/the-roebuck-rayleigh/","facilities":["Wi-Fi","TV screens","Licensed outside area","Baby change","Step-free access"],"regions":["England","Essex"],"source":"J D Wetherspoon official site (WP REST via Firecrawl)","observedAt":"2026-07-11T11:51:37Z"}},{"type":"Feature","geometry":{"type":"Point","coordinates":[-0.370988,51.576899]},"properties":{"name":"The Village Inn","slug":"the-village-inn-rayners-lane","jdwPubId":"53","townCity":"Rayners Lane","postcode":"HA5 5DY","country":"England","pageUrl":"https://www.jdwetherspoon.com/pubs/the-village-inn-rayners-lane/","menuUrl":"https://www.jdwetherspoon.com/pub-menus/the-village-inn-rayners-lane/","facilities":["Wi-Fi","TV screens","Licensed outside area","Step-free access"],"regions":["England","Harrow"],"source":"J D Wetherspoon official site (WP REST via Firecrawl)","observedAt":"2026-07-11T11:51:37Z"}},{"type":"Feature","geometry":{"type":"Point","coordinates":[-0.963423,51.45483]},"properties":{"name":"The Back of Beyond","slug":"the-back-of-beyond-reading","jdwPubId":"323","townCity":"Reading","postcode":"RG1 3BY","country":"England","pageUrl":"https://www.jdwetherspoon.com/pubs/the-back-of-beyond-reading/","menuUrl":"https://www.jdwetherspoon.com/pub-menus/the-back-of-beyond-reading/","facilities":["Wi-Fi","Step-free access","Baby change","Licensed outside area","TV screens"],"regions":["England","Berkshire"],"source":"J D Wetherspoon official site (WP REST via Firecrawl)","observedAt":"2026-07-11T11:51:37Z"}},{"type":"Feature","geometry":{"type":"Point","coordinates":[-0.975386,51.45654]},"properties":{"name":"The Hope Tap","slug":"the-hope-tap-reading","jdwPubId":"527","townCity":"Reading","postcode":"RG1 1EP","country":"England","pageUrl":"https://www.jdwetherspoon.com/pubs/the-hope-tap-reading/","menuUrl":"https://www.jdwetherspoon.com/pub-menus/the-hope-tap-reading/","facilities":["Step-free access","Licensed outside area","TV screens","Wi-Fi"],"regions":["England","Berkshire"],"source":"J D Wetherspoon official site (WP REST via Firecrawl)","observedAt":"2026-07-11T11:51:37Z"}},{"type":"Feature","geometry":{"type":"Point","coordinates":[-1.060479,54.617258]},"properties":{"name":"The Plimsoll Line","slug":"the-plimsoll-line-redcar","jdwPubId":"1587","townCity":"Redcar","postcode":"TS10 3DH","country":"England","pageUrl":"https://www.jdwetherspoon.com/pubs/the-plimsoll-line-redcar/","menuUrl":"https://www.jdwetherspoon.com/pub-menus/the-plimsoll-line-redcar/","facilities":["Wi-Fi","TV screens","Licensed outside area","Racing TV","Baby change","Step-free access"],"regions":["England","North Yorkshire"],"source":"J D Wetherspoon official site (WP REST via Firecrawl)","observedAt":"2026-07-11T11:51:37Z"}},{"type":"Feature","geometry":{"type":"Point","coordinates":[-1.943181,52.307042]},"properties":{"name":"The Royal Enfield","slug":"the-royal-enfield-redditch","jdwPubId":"6404","townCity":"Redditch","postcode":"B97 4QR","country":"England","pageUrl":"https://www.jdwetherspoon.com/pubs/the-royal-enfield-redditch/","menuUrl":"https://www.jdwetherspoon.com/pub-menus/the-royal-enfield-redditch/","facilities":["TV screens","Licensed outside area","Step-free access","Music"],"regions":["England","Worcestershire"],"source":"J D Wetherspoon official site (WP REST via Firecrawl)","observedAt":"2026-07-11T11:51:37Z"}},{"type":"Feature","geometry":{"type":"Point","coordinates":[-0.167925,51.241219]},"properties":{"name":"The Sun","slug":"the-sun-redhill","jdwPubId":"238","townCity":"Redhill","postcode":"RH1 1LY","country":"England","pageUrl":"https://www.jdwetherspoon.com/pubs/the-sun-redhill/","menuUrl":"https://www.jdwetherspoon.com/pub-menus/the-sun-redhill/","facilities":["Wi-Fi","TV screens","Licensed outside area","Projector and screen","Baby change","Step-free access"],"regions":["England","Surrey"],"source":"J D Wetherspoon official site (WP REST via Firecrawl)","observedAt":"2026-07-11T11:51:37Z"}},{"type":"Feature","geometry":{"type":"Point","coordinates":[-0.939932,53.322392]},"properties":{"name":"The Dominie Cross","slug":"the-dominie-cross-retford","jdwPubId":"5436","townCity":"Retford","postcode":"DN22 6JR","country":"England","pageUrl":"https://www.jdwetherspoon.com/pubs/the-dominie-cross-retford/","menuUrl":"https://www.jdwetherspoon.com/pub-menus/the-dominie-cross-retford/","facilities":["Wi-Fi","TV screens","Licensed outside area","Step-free access"],"regions":["England","Nottinghamshire"],"source":"J D Wetherspoon official site (WP REST via Firecrawl)","observedAt":"2026-07-11T11:51:37Z"}},{"type":"Feature","geometry":{"type":"Point","coordinates":[-1.736716,54.404675]},"properties":{"name":"The Ralph Fitz Randal","slug":"the-ralph-fitz-randal-richmond","jdwPubId":"2121","townCity":"Richmond","postcode":"DL10 4AE","country":"England","pageUrl":"https://www.jdwetherspoon.com/pubs/the-ralph-fitz-randal-richmond/","menuUrl":"https://www.jdwetherspoon.com/pub-menus/the-ralph-fitz-randal-richmond/","facilities":["Wi-Fi","TV screens","Licensed outside area","Step-free access"],"regions":["England","North Yorkshire"],"source":"J D Wetherspoon official site (WP REST via Firecrawl)","observedAt":"2026-07-11T11:51:37Z"}},{"type":"Feature","geometry":{"type":"Point","coordinates":[-0.46979,51.638871]},"properties":{"name":"The Pennsylvanian","slug":"the-pennsylvanian-rickmansworth","jdwPubId":"177","townCity":"Rickmansworth","postcode":"WD3 1AN","country":"England","pageUrl":"https://www.jdwetherspoon.com/pubs/the-pennsylvanian-rickmansworth/","menuUrl":"https://www.jdwetherspoon.com/pub-menus/the-pennsylvanian-rickmansworth/","facilities":["Wi-Fi","TV screens","Licensed outside area","Baby change","Step-free access"],"regions":["England","Hertfordshire"],"source":"J D Wetherspoon official site (WP REST via Firecrawl)","observedAt":"2026-07-11T11:51:37Z"}},{"type":"Feature","geometry":{"type":"Point","coordinates":[-1.407357,53.050784]},"properties":{"name":"The Red Lion","slug":"the-red-lion-ripley","jdwPubId":"1556","townCity":"Ripley","postcode":"DE5 3BR","country":"England","pageUrl":"https://www.jdwetherspoon.com/pubs/the-red-lion-ripley/","menuUrl":"https://www.jdwetherspoon.com/pub-menus/the-red-lion-ripley/","facilities":["Wi-Fi","TV screens","Licensed outside area","Baby change","Step-free access"],"regions":["England","Derbyshire"],"source":"J D Wetherspoon official site (WP REST via Firecrawl)","observedAt":"2026-07-11T11:51:37Z"}},{"type":"Feature","geometry":{"type":"Point","coordinates":[-1.523206,54.136018]},"properties":{"name":"The Unicorn Hotel","slug":"the-unicorn-hotel-ripon","jdwPubId":"6286","townCity":"Ripon","postcode":"HG4 1BP","country":"England","pageUrl":"https://www.jdwetherspoon.com/pubs/the-unicorn-hotel-ripon/","menuUrl":"https://www.jdwetherspoon.com/pub-menus/the-unicorn-hotel-ripon/","facilities":["Wi-Fi","Accommodation","Baby change","Step-free access"],"regions":["England","North Yorkshire"],"source":"J D Wetherspoon official site (WP REST via Firecrawl)","observedAt":"2026-07-11T11:51:37Z"}},{"type":"Feature","geometry":{"type":"Point","coordinates":[-2.156811,53.617305]},"properties":{"name":"The Regal Moon","slug":"the-regal-moon-rochdale","jdwPubId":"182","townCity":"Rochdale","postcode":"OL16 1HB","country":"England","pageUrl":"https://www.jdwetherspoon.com/pubs/the-regal-moon-rochdale/","menuUrl":"https://www.jdwetherspoon.com/pub-menus/the-regal-moon-rochdale/","facilities":["Step-free access","Licensed outside area","TV screens","Wi-Fi"],"regions":["England","Lancashire"],"source":"J D Wetherspoon official site (WP REST via Firecrawl)","observedAt":"2026-07-11T11:51:37Z"}},{"type":"Feature","geometry":{"type":"Point","coordinates":[0.50679,51.386571]},"properties":{"name":"The Golden Lion","slug":"the-golden-lion-rochester","jdwPubId":"738","townCity":"Rochester","postcode":"ME1 1EL","country":"England","pageUrl":"https://www.jdwetherspoon.com/pubs/the-golden-lion-rochester/","menuUrl":"https://www.jdwetherspoon.com/pub-menus/the-golden-lion-rochester/","facilities":["Wi-Fi","TV screens","Accommodation","Licensed outside area","Baby change","Step-free access"],"regions":["England","Kent"],"source":"J D Wetherspoon official site (WP REST via Firecrawl)","observedAt":"2026-07-11T11:51:37Z"}},{"type":"Feature","geometry":{"type":"Point","coordinates":[0.6447236,51.47734493]},"properties":{"name":"The London Stone","slug":"the-london-stone-rochester","jdwPubId":"7910","townCity":"Rochester","postcode":"ME3 9QD","country":"England","pageUrl":"https://www.jdwetherspoon.com/pubs/the-london-stone-rochester/","menuUrl":"https://www.jdwetherspoon.com/pub-menus/the-london-stone-rochester/","facilities":["Step-free access","Electric vehicle charging","Baby change","Licensed outside area","Changing places","TV screens","Sky Sports","Wi-Fi"],"regions":["England","Kent"],"source":"J D Wetherspoon official site (WP REST via Firecrawl)","observedAt":"2026-07-11T11:51:37Z"}},{"type":"Feature","geometry":{"type":"Point","coordinates":[0.182887,51.575999]},"properties":{"name":"The Moon and Stars","slug":"the-moon-and-stars-romford","jdwPubId":"79","townCity":"Romford","postcode":"RM1 1NX","country":"England","pageUrl":"https://www.jdwetherspoon.com/pubs/the-moon-and-stars-romford/","menuUrl":"https://www.jdwetherspoon.com/pub-menus/the-moon-and-stars-romford/","facilities":["Wi-Fi","TV screens","Licensed outside area","Step-free access"],"regions":["England","Havering"],"source":"J D Wetherspoon official site (WP REST via Firecrawl)","observedAt":"2026-07-11T11:51:37Z"}},{"type":"Feature","geometry":{"type":"Point","coordinates":[-2.582069,51.91382]},"properties":{"name":"The Mail Rooms","slug":"the-mail-rooms-ross-on-wye","jdwPubId":"1469","townCity":"Ross-on-Wye","postcode":"HR9 5BS","country":"England","pageUrl":"https://www.jdwetherspoon.com/pubs/the-mail-rooms-ross-on-wye/","menuUrl":"https://www.jdwetherspoon.com/pub-menus/the-mail-rooms-ross-on-wye/","facilities":[],"regions":["England","Herefordshire"],"source":"J D Wetherspoon official site (WP REST via Firecrawl)","observedAt":"2026-07-11T11:51:37Z"}},{"type":"Feature","geometry":{"type":"Point","coordinates":[-1.354911,53.428856]},"properties":{"name":"The Bluecoat","slug":"the-bluecoat-rotherham","jdwPubId":"1776","townCity":"Rotherham","postcode":"S60 2DJ","country":"England","pageUrl":"https://www.jdwetherspoon.com/pubs/the-bluecoat-rotherham/","menuUrl":"https://www.jdwetherspoon.com/pub-menus/the-bluecoat-rotherham/","facilities":["Step-free access","Baby change","Licensed outside area","TV screens","Wi-Fi"],"regions":["England","South Yorkshire"],"source":"J D Wetherspoon official site (WP REST via Firecrawl)","observedAt":"2026-07-11T11:51:37Z"}},{"type":"Feature","geometry":{"type":"Point","coordinates":[-1.196687,53.423301]},"properties":{"name":"The Queens Hotel","slug":"the-queens-hotel-rotherham","jdwPubId":"6600","townCity":"Rotherham","postcode":"S66 7NQ","country":"England","pageUrl":"https://www.jdwetherspoon.com/pubs/the-queens-hotel-rotherham/","menuUrl":"https://www.jdwetherspoon.com/pub-menus/the-queens-hotel-rotherham/","facilities":["Wi-Fi","TV screens","Licensed outside area","Step-free access"],"regions":["England","South Yorkshire"],"source":"J D Wetherspoon official site (WP REST via Firecrawl)","observedAt":"2026-07-11T11:51:37Z"}},{"type":"Feature","geometry":{"type":"Point","coordinates":[-0.04659,51.493054]},"properties":{"name":"The Surrey Docks","slug":"the-surrey-docks-rotherhithe","jdwPubId":"467","townCity":"Rotherhithe","postcode":"SE16 2LW","country":"England","pageUrl":"https://www.jdwetherspoon.com/pubs/the-surrey-docks-rotherhithe/","menuUrl":"https://www.jdwetherspoon.com/pub-menus/the-surrey-docks-rotherhithe/","facilities":["Step-free access","Baby change","Licensed outside area","TV screens","Wi-Fi"],"regions":["England","Southwark"],"source":"J D Wetherspoon official site (WP REST via Firecrawl)","observedAt":"2026-07-11T11:51:37Z"}},{"type":"Feature","geometry":{"type":"Point","coordinates":[-2.041796,52.473732]},"properties":{"name":"The Britannia","slug":"the-britannia-rowley-regis","jdwPubId":"1656","townCity":"Rowley Regis","postcode":"B65 0ES","country":"England","pageUrl":"https://www.jdwetherspoon.com/pubs/the-britannia-rowley-regis/","menuUrl":"https://www.jdwetherspoon.com/pub-menus/the-britannia-rowley-regis/","facilities":["Wi-Fi","TV screens","Licensed outside area","Step-free access"],"regions":["England","West Midlands"],"source":"J D Wetherspoon official site (WP REST via Firecrawl)","observedAt":"2026-07-11T11:51:37Z"}},{"type":"Feature","geometry":{"type":"Point","coordinates":[-1.535581,52.289716]},"properties":{"name":"The Benjamin Satchwell","slug":"the-benjamin-satchwell-royal-leamington-spa","jdwPubId":"263","townCity":"Royal Leamington Spa","postcode":"CV32 4AQ","country":"England","pageUrl":"https://www.jdwetherspoon.com/pubs/the-benjamin-satchwell-royal-leamington-spa/","menuUrl":"https://www.jdwetherspoon.com/pub-menus/the-benjamin-satchwell-royal-leamington-spa/","facilities":["Step-free access","TV screens","Wi-Fi"],"regions":["England","Warwickshire"],"source":"J D Wetherspoon official site (WP REST via Firecrawl)","observedAt":"2026-07-11T11:51:37Z"}},{"type":"Feature","geometry":{"type":"Point","coordinates":[0.263785,51.133718]},"properties":{"name":"Opera House","slug":"opera-house-royal-tunbridge-wells","jdwPubId":"229","townCity":"Royal Tunbridge Wells","postcode":"TN1 1RT","country":"England","pageUrl":"https://www.jdwetherspoon.com/pubs/opera-house-royal-tunbridge-wells/","menuUrl":"https://www.jdwetherspoon.com/pub-menus/opera-house-royal-tunbridge-wells/","facilities":["Wi-Fi","TV screens","Licensed outside area","Projector and screen","Room hire","Baby change","Meeting facilities","Step-free access"],"regions":["England","Kent"],"source":"J D Wetherspoon official site (WP REST via Firecrawl)","observedAt":"2026-07-11T11:51:37Z"}},{"type":"Feature","geometry":{"type":"Point","coordinates":[-0.023027,52.048273]},"properties":{"name":"The Manor House","slug":"the-manor-house-royston","jdwPubId":"6849","townCity":"Royston","postcode":"SG8 7BZ","country":"England","pageUrl":"https://www.jdwetherspoon.com/pubs/the-manor-house-royston/","menuUrl":"https://www.jdwetherspoon.com/pub-menus/the-manor-house-royston/","facilities":["Wi-Fi","TV screens","Licensed outside area","Baby change","Meeting facilities","Step-free access"],"regions":["England","Hertfordshire"],"source":"J D Wetherspoon official site (WP REST via Firecrawl)","observedAt":"2026-07-11T11:51:37Z"}},{"type":"Feature","geometry":{"type":"Point","coordinates":[-1.259349,52.37303]},"properties":{"name":"The Rupert Brooke","slug":"the-rupert-brooke-rugby","jdwPubId":"1508","townCity":"Rugby","postcode":"CV21 2TP","country":"England","pageUrl":"https://www.jdwetherspoon.com/pubs/the-rupert-brooke-rugby/","menuUrl":"https://www.jdwetherspoon.com/pub-menus/the-rupert-brooke-rugby/","facilities":["Step-free access","Baby change","Licensed outside area","TV screens","Wi-Fi"],"regions":["England","Warwickshire"],"source":"J D Wetherspoon official site (WP REST via Firecrawl)","observedAt":"2026-07-11T11:51:37Z"}},{"type":"Feature","geometry":{"type":"Point","coordinates":[-1.93489,52.757438]},"properties":{"name":"The Plaza","slug":"the-plaza-rugeley","jdwPubId":"671","townCity":"Rugeley","postcode":"WS15 2EH","country":"England","pageUrl":"https://www.jdwetherspoon.com/pubs/the-plaza-rugeley/","menuUrl":"https://www.jdwetherspoon.com/pub-menus/the-plaza-rugeley/","facilities":["Wi-Fi","TV screens","Licensed outside area","Projector and screen","Baby change","Step-free access"],"regions":["England","Staffordshire"],"source":"J D Wetherspoon official site (WP REST via Firecrawl)","observedAt":"2026-07-11T11:51:37Z"}},{"type":"Feature","geometry":{"type":"Point","coordinates":[-0.413293,51.573325]},"properties":{"name":"J.J. Moon’s","slug":"j-j-moons-ruislip-manor","jdwPubId":"20","townCity":"Ruislip Manor","postcode":"HA4 0AA","country":"England","pageUrl":"https://www.jdwetherspoon.com/pubs/j-j-moons-ruislip-manor/","menuUrl":"https://www.jdwetherspoon.com/pub-menus/j-j-moons-ruislip-manor/","facilities":["Wi-Fi","TV screens","Baby change"],"regions":["England","Hillingdon"],"source":"J D Wetherspoon official site (WP REST via Firecrawl)","observedAt":"2026-07-11T11:51:37Z"}},{"type":"Feature","geometry":{"type":"Point","coordinates":[-2.731586,53.34215]},"properties":{"name":"The Ferry Boat","slug":"the-ferry-boat-runcorn","jdwPubId":"4254","townCity":"Runcorn","postcode":"WA7 1LR","country":"England","pageUrl":"https://www.jdwetherspoon.com/pubs/the-ferry-boat-runcorn/","menuUrl":"https://www.jdwetherspoon.com/pub-menus/the-ferry-boat-runcorn/","facilities":["Step-free access","Licensed outside area","TV screens","Wi-Fi"],"regions":["England","Cheshire"],"source":"J D Wetherspoon official site (WP REST via Firecrawl)","observedAt":"2026-07-11T11:51:37Z"}},{"type":"Feature","geometry":{"type":"Point","coordinates":[-0.599042,52.293072]},"properties":{"name":"The Railway Inn","slug":"the-railway-inn-rushden","jdwPubId":"6484","townCity":"Rushden","postcode":"NN10 0PA","country":"England","pageUrl":"https://www.jdwetherspoon.com/pubs/the-railway-inn-rushden/","menuUrl":"https://www.jdwetherspoon.com/pub-menus/the-railway-inn-rushden/","facilities":["Wi-Fi","TV screens","Licensed outside area","Baby change","Step-free access"],"regions":["England","Northamptonshire"],"source":"J D Wetherspoon official site (WP REST via Firecrawl)","observedAt":"2026-07-11T11:51:37Z"}},{"type":"Feature","geometry":{"type":"Point","coordinates":[-1.162669,50.730365]},"properties":{"name":"S. Fowler & Co.","slug":"s-fowler-co-ryde","jdwPubId":"904","townCity":"Ryde","postcode":"PO33 2LF","country":"England","pageUrl":"https://www.jdwetherspoon.com/pubs/s-fowler-co-ryde/","menuUrl":"https://www.jdwetherspoon.com/pub-menus/s-fowler-co-ryde/","facilities":["Wi-Fi","TV screens","Baby change","Meeting facilities","Step-free access"],"regions":["England","Isle of Wight"],"source":"J D Wetherspoon official site (WP REST via Firecrawl)","observedAt":"2026-07-11T11:51:37Z"}},{"type":"Feature","geometry":{"type":"Point","coordinates":[0.239106,52.022184]},"properties":{"name":"The Temeraire","slug":"the-temeraire-saffron-walden","jdwPubId":"736","townCity":"Saffron Walden","postcode":"CB10 1AA","country":"England","pageUrl":"https://www.jdwetherspoon.com/pubs/the-temeraire-saffron-walden/","menuUrl":"https://www.jdwetherspoon.com/pub-menus/the-temeraire-saffron-walden/","facilities":["Wi-Fi","TV screens","Licensed outside area","Baby change","Step-free access"],"regions":["England","Essex"],"source":"J D Wetherspoon official site (WP REST via Firecrawl)","observedAt":"2026-07-11T11:51:37Z"}},{"type":"Feature","geometry":{"type":"Point","coordinates":[-2.317552,53.424075]},"properties":{"name":"The J. P. Joule","slug":"the-j-p-joule-sale","jdwPubId":"511","townCity":"Sale","postcode":"M33 3BR","country":"England","pageUrl":"https://www.jdwetherspoon.com/pubs/the-j-p-joule-sale/","menuUrl":"https://www.jdwetherspoon.com/pub-menus/the-j-p-joule-sale/","facilities":["Wi-Fi","TV screens","Licensed outside area","Step-free access","Baby change"],"regions":["England","Cheshire"],"source":"J D Wetherspoon official site (WP REST via Firecrawl)","observedAt":"2026-07-11T11:51:37Z"}},{"type":"Feature","geometry":{"type":"Point","coordinates":[-1.798179,51.068624]},"properties":{"name":"The King’s Head Inn","slug":"the-kings-head-inn-salisbury","jdwPubId":"4334","townCity":"Salisbury","postcode":"SP1 2ND","country":"England","pageUrl":"https://www.jdwetherspoon.com/pubs/the-kings-head-inn-salisbury/","menuUrl":"https://www.jdwetherspoon.com/pub-menus/the-kings-head-inn-salisbury/","facilities":["TV screens","Accommodation","Licensed outside area","Baby change","Step-free access"],"regions":["England","Wiltshire"],"source":"J D Wetherspoon official site (WP REST via Firecrawl)","observedAt":"2026-07-11T11:51:37Z"}},{"type":"Feature","geometry":{"type":"Point","coordinates":[-2.362178,53.143343]},"properties":{"name":"The George Inn","slug":"the-george-inn-sandbach","jdwPubId":"7090","townCity":"Sandbach","postcode":"CW11 1AL","country":"England","pageUrl":"https://www.jdwetherspoon.com/pubs/the-george-inn-sandbach/","menuUrl":"https://www.jdwetherspoon.com/pub-menus/the-george-inn-sandbach/","facilities":["Wi-Fi","TV screens","Licensed outside area","Baby change","Step-free access"],"regions":["England","Cheshire"],"source":"J D Wetherspoon official site (WP REST via Firecrawl)","observedAt":"2026-07-11T11:51:37Z"}},{"type":"Feature","geometry":{"type":"Point","coordinates":[-0.404235,54.280924]},"properties":{"name":"The Lord Rosebery","slug":"the-lord-rosebery-scarborough","jdwPubId":"383","townCity":"Scarborough","postcode":"YO11 1JW","country":"England","pageUrl":"https://www.jdwetherspoon.com/pubs/the-lord-rosebery-scarborough/","menuUrl":"https://www.jdwetherspoon.com/pub-menus/the-lord-rosebery-scarborough/","facilities":["Wi-Fi","TV screens","Baby change","Step-free access"],"regions":["England","North Yorkshire"],"source":"J D Wetherspoon official site (WP REST via Firecrawl)","observedAt":"2026-07-11T11:51:37Z"}},{"type":"Feature","geometry":{"type":"Point","coordinates":[-0.654238,53.590434]},"properties":{"name":"The Blue Bell Inn","slug":"the-blue-bell-inn-scunthorpe","jdwPubId":"928","townCity":"Scunthorpe","postcode":"DN15 7PU","country":"England","pageUrl":"https://www.jdwetherspoon.com/pubs/the-blue-bell-inn-scunthorpe/","menuUrl":"https://www.jdwetherspoon.com/pub-menus/the-blue-bell-inn-scunthorpe/","facilities":["Wi-Fi","Step-free access","Baby change","Licensed outside area","TV screens"],"regions":["England","Lincolnshire"],"source":"J D Wetherspoon official site (WP REST via Firecrawl)","observedAt":"2026-07-11T11:51:37Z"}},{"type":"Feature","geometry":{"type":"Point","coordinates":[-1.333609,54.837059]},"properties":{"name":"The Hat and Feathers","slug":"the-hat-and-feathers-seaham","jdwPubId":"6530","townCity":"Seaham ","postcode":"SR7 7HF","country":"England","pageUrl":"https://www.jdwetherspoon.com/pubs/the-hat-and-feathers-seaham/","menuUrl":"https://www.jdwetherspoon.com/pub-menus/the-hat-and-feathers-seaham/","facilities":["Step-free access","Baby change","Licensed outside area","TV screens","Wi-Fi"],"regions":["England","County Durham"],"source":"J D Wetherspoon official site (WP REST via Firecrawl)","observedAt":"2026-07-11T11:51:37Z"}},{"type":"Feature","geometry":{"type":"Point","coordinates":[-2.122461,52.541402]},"properties":{"name":"The Clifton","slug":"the-clifton-sedgley","jdwPubId":"663","townCity":"Sedgley","postcode":"DY3 1RX","country":"England","pageUrl":"https://www.jdwetherspoon.com/pubs/the-clifton-sedgley/","menuUrl":"https://www.jdwetherspoon.com/pub-menus/the-clifton-sedgley/","facilities":["Licensed outside area","Projector and screen","Baby change","Step-free access","Wi-Fi","TV screens"],"regions":["England","West Midlands"],"source":"J D Wetherspoon official site (WP REST via Firecrawl)","observedAt":"2026-07-11T11:51:37Z"}},{"type":"Feature","geometry":{"type":"Point","coordinates":[-1.072167,53.783565]},"properties":{"name":"The Giant Bellflower","slug":"the-giant-bellflower-selby","jdwPubId":"6934","townCity":"Selby","postcode":"YO8 4HF","country":"England","pageUrl":"https://www.jdwetherspoon.com/pubs/the-giant-bellflower-selby/","menuUrl":"https://www.jdwetherspoon.com/pub-menus/the-giant-bellflower-selby/","facilities":["Step-free access","Licensed outside area","TV screens","Wi-Fi"],"regions":["England","North Yorkshire"],"source":"J D Wetherspoon official site (WP REST via Firecrawl)","observedAt":"2026-07-11T11:51:37Z"}},{"type":"Feature","geometry":{"type":"Point","coordinates":[-0.062519,51.343446]},"properties":{"name":"The Sir Julian Huxley","slug":"the-sir-julian-huxley-selsdon","jdwPubId":"1249","townCity":"Selsdon","postcode":"CR2 8LB","country":"England","pageUrl":"https://www.jdwetherspoon.com/pubs/the-sir-julian-huxley-selsdon/","menuUrl":"https://www.jdwetherspoon.com/pub-menus/the-sir-julian-huxley-selsdon/","facilities":["Wi-Fi","TV screens","Licensed outside area","Baby change","Step-free access"],"regions":["England","Croydon"],"source":"J D Wetherspoon official site (WP REST via Firecrawl)","observedAt":"2026-07-11T11:51:37Z"}},{"type":"Feature","geometry":{"type":"Point","coordinates":[0.192559,51.272538]},"properties":{"name":"The Sennockian","slug":"the-sennockian-sevenoaks","jdwPubId":"360","townCity":"Sevenoaks","postcode":"TN13 1UX","country":"England","pageUrl":"https://www.jdwetherspoon.com/pubs/the-sennockian-sevenoaks/","menuUrl":"https://www.jdwetherspoon.com/pub-menus/the-sennockian-sevenoaks/","facilities":["Wi-Fi","TV screens","Licensed outside area","Baby change","Step-free access"],"regions":["England","Kent"],"source":"J D Wetherspoon official site (WP REST via Firecrawl)","observedAt":"2026-07-11T11:51:37Z"}},{"type":"Feature","geometry":{"type":"Point","coordinates":[0.760292,51.440797]},"properties":{"name":"The Belle and Lion","slug":"the-belle-and-lion-sheerness","jdwPubId":"7185","townCity":"Sheerness","postcode":"ME12 1NL","country":"England","pageUrl":"https://www.jdwetherspoon.com/pubs/the-belle-and-lion-sheerness/","menuUrl":"https://www.jdwetherspoon.com/pub-menus/the-belle-and-lion-sheerness/","facilities":["Wi-Fi","TV screens","Licensed outside area","Baby change","Meeting facilities","Step-free access"],"regions":["England","Kent"],"source":"J D Wetherspoon official site (WP REST via Firecrawl)","observedAt":"2026-07-11T11:51:37Z"}},{"type":"Feature","geometry":{"type":"Point","coordinates":[-1.472973,53.380267]},"properties":{"name":"Sheffield Water Works Company","slug":"sheffield-water-works-company-sheffield","jdwPubId":"2196","townCity":"Sheffield","postcode":"S1 4GF","country":"England","pageUrl":"https://www.jdwetherspoon.com/pubs/sheffield-water-works-company-sheffield/","menuUrl":"https://www.jdwetherspoon.com/pub-menus/sheffield-water-works-company-sheffield/","facilities":["Music","Wi-Fi","TV screens","Licensed outside area","Baby change","Step-free access"],"regions":["England","South Yorkshire"],"source":"J D Wetherspoon official site (WP REST via Firecrawl)","observedAt":"2026-07-11T11:51:37Z"}},{"type":"Feature","geometry":{"type":"Point","coordinates":[-1.466473,53.383182]},"properties":{"name":"The Bankers Draft","slug":"the-bankers-draft-sheffield","jdwPubId":"281","townCity":"Sheffield","postcode":"S1 2GH","country":"England","pageUrl":"https://www.jdwetherspoon.com/pubs/the-bankers-draft-sheffield/","menuUrl":"https://www.jdwetherspoon.com/pub-menus/the-bankers-draft-sheffield/","facilities":["Wi-Fi","TV screens","Meeting facilities","Step-free access"],"regions":["England","South Yorkshire"],"source":"J D Wetherspoon official site (WP REST via Firecrawl)","observedAt":"2026-07-11T11:51:37Z"}},{"type":"Feature","geometry":{"type":"Point","coordinates":[-1.47238,53.37997]},"properties":{"name":"The Benjamin Huntsman","slug":"the-benjamin-huntsman-sheffield","jdwPubId":"721","townCity":"Sheffield","postcode":"S1 4HP","country":"England","pageUrl":"https://www.jdwetherspoon.com/pubs/the-benjamin-huntsman-sheffield/","menuUrl":"https://www.jdwetherspoon.com/pub-menus/the-benjamin-huntsman-sheffield/","facilities":["Step-free access","Baby change","Projector and screen","Wi-Fi","TV screens","Licensed outside area"],"regions":["England","South Yorkshire"],"source":"J D Wetherspoon official site (WP REST via Firecrawl)","observedAt":"2026-07-11T11:51:37Z"}},{"type":"Feature","geometry":{"type":"Point","coordinates":[-1.492159,53.376826]},"properties":{"name":"The Francis Newton","slug":"the-francis-newton-sheffield","jdwPubId":"6236","townCity":"Sheffield","postcode":"S10 2LA","country":"England","pageUrl":"https://www.jdwetherspoon.com/pubs/the-francis-newton-sheffield/","menuUrl":"https://www.jdwetherspoon.com/pub-menus/the-francis-newton-sheffield/","facilities":["Step-free access","Baby change","Licensed outside area","TV screens","Wi-Fi"],"regions":["England","South Yorkshire"],"source":"J D Wetherspoon official site (WP REST via Firecrawl)","observedAt":"2026-07-11T11:51:37Z"}},{"type":"Feature","geometry":{"type":"Point","coordinates":[-1.500166,53.402014]},"properties":{"name":"The Rawson Spring","slug":"the-rawson-spring-sheffield","jdwPubId":"5261","townCity":"Sheffield","postcode":"S6 2LN","country":"England","pageUrl":"https://www.jdwetherspoon.com/pubs/the-rawson-spring-sheffield/","menuUrl":"https://www.jdwetherspoon.com/pub-menus/the-rawson-spring-sheffield/","facilities":["Wi-Fi","TV screens","Licensed outside area","Projector and screen","Baby change","Step-free access"],"regions":["England","South Yorkshire"],"source":"J D Wetherspoon official site (WP REST via Firecrawl)","observedAt":"2026-07-11T11:51:37Z"}},{"type":"Feature","geometry":{"type":"Point","coordinates":[-1.349529,53.34399]},"properties":{"name":"The Scarsdale Hundred","slug":"the-scarsdale-hundred-sheffield","jdwPubId":"7519","townCity":"Sheffield","postcode":"S20 1NZ","country":"England","pageUrl":"https://www.jdwetherspoon.com/pubs/the-scarsdale-hundred-sheffield/","menuUrl":"https://www.jdwetherspoon.com/pub-menus/the-scarsdale-hundred-sheffield/","facilities":["Step-free access","Bike storage","Baby change","Licensed outside area","TV screens","Wi-Fi"],"regions":["England","South Yorkshire"],"source":"J D Wetherspoon official site (WP REST via Firecrawl)","observedAt":"2026-07-11T11:51:37Z"}},{"type":"Feature","geometry":{"type":"Point","coordinates":[-1.481984,53.372833]},"properties":{"name":"The Sheaf Island","slug":"the-sheaf-island-sheffield","jdwPubId":"5483","townCity":"Sheffield","postcode":"S11 8HW","country":"England","pageUrl":"https://www.jdwetherspoon.com/pubs/the-sheaf-island-sheffield/","menuUrl":"https://www.jdwetherspoon.com/pub-menus/the-sheaf-island-sheffield/","facilities":["Baby change","Licensed outside area","TV screens","Wi-Fi","Bike storage","Step-free access"],"regions":["England","South Yorkshire"],"source":"J D Wetherspoon official site (WP REST via Firecrawl)","observedAt":"2026-07-11T11:51:37Z"}},{"type":"Feature","geometry":{"type":"Point","coordinates":[-1.412461,53.41304]},"properties":{"name":"The Steel Foundry","slug":"the-steel-foundry-sheffield","jdwPubId":"7188","townCity":"Sheffield","postcode":"S9 1EP","country":"England","pageUrl":"https://www.jdwetherspoon.com/pubs/the-steel-foundry-sheffield/","menuUrl":"https://www.jdwetherspoon.com/pub-menus/the-steel-foundry-sheffield/","facilities":["Wi-Fi","TV screens","Licensed outside area","Baby change","Step-free access"],"regions":["England","South Yorkshire"],"source":"J D Wetherspoon official site (WP REST via Firecrawl)","observedAt":"2026-07-11T11:51:37Z"}},{"type":"Feature","geometry":{"type":"Point","coordinates":[-1.465563,53.461684]},"properties":{"name":"The Wagon & Horses","slug":"the-wagon-horses-sheffield","jdwPubId":"7095","townCity":"Sheffield","postcode":"S35 2UU","country":"England","pageUrl":"https://www.jdwetherspoon.com/pubs/the-wagon-horses-sheffield/","menuUrl":"https://www.jdwetherspoon.com/pub-menus/the-wagon-horses-sheffield/","facilities":["Wi-Fi","TV screens","Licensed outside area","Baby change","Step-free access"],"regions":["England","South Yorkshire"],"source":"J D Wetherspoon official site (WP REST via Firecrawl)","observedAt":"2026-07-11T11:51:37Z"}},{"type":"Feature","geometry":{"type":"Point","coordinates":[-1.478358,53.344149]},"properties":{"name":"The Woodseats Palace","slug":"the-woodseats-palace-sheffield","jdwPubId":"1713","townCity":"Sheffield","postcode":"S8 0SD","country":"England","pageUrl":"https://www.jdwetherspoon.com/pubs/the-woodseats-palace-sheffield/","menuUrl":"https://www.jdwetherspoon.com/pub-menus/the-woodseats-palace-sheffield/","facilities":["Wi-Fi","TV screens","Projector and screen","Baby change","Step-free access"],"regions":["England","South Yorkshire"],"source":"J D Wetherspoon official site (WP REST via Firecrawl)","observedAt":"2026-07-11T11:51:37Z"}},{"type":"Feature","geometry":{"type":"Point","coordinates":[-0.219395,51.503871]},"properties":{"name":"The Central Bar","slug":"the-central-bar-shepherds-bush","jdwPubId":"4030","townCity":"Shepherd’s Bush","postcode":"W12 8PH","country":"England","pageUrl":"https://www.jdwetherspoon.com/pubs/the-central-bar-shepherds-bush/","menuUrl":"https://www.jdwetherspoon.com/pub-menus/the-central-bar-shepherds-bush/","facilities":["Wi-Fi","TV screens","Baby change","Step-free access"],"regions":["England","Hammersmith & Fulham"],"source":"J D Wetherspoon official site (WP REST via Firecrawl)","observedAt":"2026-07-11T11:51:37Z"}},{"type":"Feature","geometry":{"type":"Point","coordinates":[-1.430436,50.919801]},"properties":{"name":"The Bright Water Inn","slug":"the-bright-water-inn-shirley","jdwPubId":"656","townCity":"Shirley","postcode":"SO15 3HY","country":"England","pageUrl":"https://www.jdwetherspoon.com/pubs/the-bright-water-inn-shirley/","menuUrl":"https://www.jdwetherspoon.com/pub-menus/the-bright-water-inn-shirley/","facilities":["Wi-Fi","Sky Sports","TV screens","Licensed outside area","Baby change","Step-free access","TNT Sports"],"regions":["England","Hampshire"],"source":"J D Wetherspoon official site (WP REST via Firecrawl)","observedAt":"2026-07-11T11:51:37Z"}},{"type":"Feature","geometry":{"type":"Point","coordinates":[0.782313,51.540773]},"properties":{"name":"Parsons’ Barn","slug":"parsons-barn-shoeburyness","jdwPubId":"7152","townCity":"Shoeburyness","postcode":"SS3 8UT","country":"England","pageUrl":"https://www.jdwetherspoon.com/pubs/parsons-barn-shoeburyness/","menuUrl":"https://www.jdwetherspoon.com/pub-menus/parsons-barn-shoeburyness/","facilities":["Wi-Fi","TV screens","Changing places","Licensed outside area","Baby change","Step-free access"],"regions":["England","Essex"],"source":"J D Wetherspoon official site (WP REST via Firecrawl)","observedAt":"2026-07-11T11:51:37Z"}},{"type":"Feature","geometry":{"type":"Point","coordinates":[-2.758646,52.709256]},"properties":{"name":"Montgomery’s Tower","slug":"montgomerys-tower-shrewsbury","jdwPubId":"6041","townCity":"Shrewsbury","postcode":"SY1 1RT","country":"England","pageUrl":"https://www.jdwetherspoon.com/pubs/montgomerys-tower-shrewsbury/","menuUrl":"https://www.jdwetherspoon.com/pub-menus/montgomerys-tower-shrewsbury/","facilities":["Wi-Fi","Music","Step-free access","Baby change","Projector and screen","Licensed outside area","TV screens"],"regions":["England","Shropshire"],"source":"J D Wetherspoon official site (WP REST via Firecrawl)","observedAt":"2026-07-11T11:51:37Z"}},{"type":"Feature","geometry":{"type":"Point","coordinates":[-2.757119,52.709482]},"properties":{"name":"The Shrewsbury Hotel","slug":"the-shrewsbury-hotel-shrewsbury","jdwPubId":"777","townCity":"Shrewsbury","postcode":"SY1 1PU","country":"England","pageUrl":"https://www.jdwetherspoon.com/pubs/the-shrewsbury-hotel-shrewsbury/","menuUrl":"https://www.jdwetherspoon.com/pub-menus/the-shrewsbury-hotel-shrewsbury/","facilities":["Step-free access","Baby change","Licensed outside area","Accommodation","TV screens","Wi-Fi"],"regions":["England","Shropshire"],"source":"J D Wetherspoon official site (WP REST via Firecrawl)","observedAt":"2026-07-11T11:51:37Z"}},{"type":"Feature","geometry":{"type":"Point","coordinates":[0.103513,51.426161]},"properties":{"name":"The Tailor’s Chalk","slug":"the-tailors-chalk-sidcup","jdwPubId":"6151","townCity":"Sidcup","postcode":"DA14 6ED","country":"England","pageUrl":"https://www.jdwetherspoon.com/pubs/the-tailors-chalk-sidcup/","menuUrl":"https://www.jdwetherspoon.com/pub-menus/the-tailors-chalk-sidcup/","facilities":["Wi-Fi","TV screens","Baby change","Step-free access"],"regions":["England","Bexley"],"source":"J D Wetherspoon official site (WP REST via Firecrawl)","observedAt":"2026-07-11T11:51:37Z"}},{"type":"Feature","geometry":{"type":"Point","coordinates":[0.732164,51.340422]},"properties":{"name":"The Golden Hope","slug":"the-golden-hope-sittingbourne","jdwPubId":"7343","townCity":"Sittingbourne","postcode":"ME10 1DR","country":"England","pageUrl":"https://www.jdwetherspoon.com/pubs/the-golden-hope-sittingbourne/","menuUrl":"https://www.jdwetherspoon.com/pub-menus/the-golden-hope-sittingbourne/","facilities":["Wi-Fi","TV screens","Accommodation","Licensed outside area","Baby change","Step-free access"],"regions":["England","Kent"],"source":"J D Wetherspoon official site (WP REST via Firecrawl)","observedAt":"2026-07-11T11:51:37Z"}},{"type":"Feature","geometry":{"type":"Point","coordinates":[0.336307,53.143959]},"properties":{"name":"The Red Lion","slug":"the-red-lion-skegness","jdwPubId":"405","townCity":"Skegness","postcode":"PE25 2RU","country":"England","pageUrl":"https://www.jdwetherspoon.com/pubs/the-red-lion-skegness/","menuUrl":"https://www.jdwetherspoon.com/pub-menus/the-red-lion-skegness/","facilities":["Wi-Fi","TV screens","Licensed outside area","Baby change","Step-free access"],"regions":["England","Lincolnshire"],"source":"J D Wetherspoon official site (WP REST via Firecrawl)","observedAt":"2026-07-11T11:51:37Z"}},{"type":"Feature","geometry":{"type":"Point","coordinates":[-2.015596,53.960359]},"properties":{"name":"The Devonshire Inn","slug":"the-devonshire-inn-skipton","jdwPubId":"1667","townCity":"Skipton","postcode":"BD23 2HR","country":"England","pageUrl":"https://www.jdwetherspoon.com/pubs/the-devonshire-inn-skipton/","menuUrl":"https://www.jdwetherspoon.com/pub-menus/the-devonshire-inn-skipton/","facilities":["Wi-Fi","TV screens","Licensed outside area","Baby change","Step-free access"],"regions":["England","North Yorkshire"],"source":"J D Wetherspoon official site (WP REST via Firecrawl)","observedAt":"2026-07-11T11:51:37Z"}},{"type":"Feature","geometry":{"type":"Point","coordinates":[-0.410512,52.999841]},"properties":{"name":"The Packhorse Inn","slug":"the-packhorse-inn-sleaford","jdwPubId":"2880","townCity":"Sleaford","postcode":"NG34 7BH","country":"England","pageUrl":"https://www.jdwetherspoon.com/pubs/the-packhorse-inn-sleaford/","menuUrl":"https://www.jdwetherspoon.com/pub-menus/the-packhorse-inn-sleaford/","facilities":["Baby change","Step-free access","Licensed outside area","TV screens","Wi-Fi"],"regions":["England","Lincolnshire"],"source":"J D Wetherspoon official site (WP REST via Firecrawl)","observedAt":"2026-07-11T11:51:37Z"}},{"type":"Feature","geometry":{"type":"Point","coordinates":[-0.595761,51.509569]},"properties":{"name":"The Moon and Spoon","slug":"the-moon-and-spoon-slough","jdwPubId":"142","townCity":"Slough","postcode":"SL1 1EL","country":"England","pageUrl":"https://www.jdwetherspoon.com/pubs/the-moon-and-spoon-slough/","menuUrl":"https://www.jdwetherspoon.com/pub-menus/the-moon-and-spoon-slough/","facilities":["Wi-Fi","Step-free access","Baby change","TV screens"],"regions":["England","Berkshire"],"source":"J D Wetherspoon official site (WP REST via Firecrawl)","observedAt":"2026-07-11T11:51:37Z"}},{"type":"Feature","geometry":{"type":"Point","coordinates":[-1.827759,52.412863]},"properties":{"name":"The Pump House","slug":"the-pump-house-solihull","jdwPubId":"7178","townCity":"Solihull","postcode":"B90 3AQ","country":"England","pageUrl":"https://www.jdwetherspoon.com/pubs/the-pump-house-solihull/","menuUrl":"https://www.jdwetherspoon.com/pub-menus/the-pump-house-solihull/","facilities":["Wi-Fi","Step-free access","Baby change","Licensed outside area","TV screens"],"regions":["England","West Midlands"],"source":"J D Wetherspoon official site (WP REST via Firecrawl)","observedAt":"2026-07-11T11:51:37Z"}},{"type":"Feature","geometry":{"type":"Point","coordinates":[-1.781063,52.414457]},"properties":{"name":"The White Swan","slug":"the-white-swan-solihull","jdwPubId":"5178","townCity":"Solihull","postcode":"B91 3SB","country":"England","pageUrl":"https://www.jdwetherspoon.com/pubs/the-white-swan-solihull/","menuUrl":"https://www.jdwetherspoon.com/pub-menus/the-white-swan-solihull/","facilities":["Wi-Fi","TV screens","Licensed outside area","Baby change","Step-free access"],"regions":["England","West Midlands"],"source":"J D Wetherspoon official site (WP REST via Firecrawl)","observedAt":"2026-07-11T11:51:37Z"}},{"type":"Feature","geometry":{"type":"Point","coordinates":[-1.433382,54.999935]},"properties":{"name":"The Wouldhave","slug":"the-wouldhave-south-shields","jdwPubId":"319","townCity":"South Shields","postcode":"NE33 1TA","country":"England","pageUrl":"https://www.jdwetherspoon.com/pubs/the-wouldhave-south-shields/","menuUrl":"https://www.jdwetherspoon.com/pub-menus/the-wouldhave-south-shields/","facilities":["TV screens","Wi-Fi","Licensed outside area","Baby change","Step-free access"],"regions":["England","Tyne and Wear"],"source":"J D Wetherspoon official site (WP REST via Firecrawl)","observedAt":"2026-07-11T11:51:37Z"}},{"type":"Feature","geometry":{"type":"Point","coordinates":[-1.404486,50.911025]},"properties":{"name":"The Giddy Bridge","slug":"the-giddy-bridge-southampton","jdwPubId":"701","townCity":"Southampton","postcode":"SO15 2AF","country":"England","pageUrl":"https://www.jdwetherspoon.com/pubs/the-giddy-bridge-southampton/","menuUrl":"https://www.jdwetherspoon.com/pub-menus/the-giddy-bridge-southampton/","facilities":["Wi-Fi","Step-free access","Licensed outside area","TV screens"],"regions":["England","Hampshire"],"source":"J D Wetherspoon official site (WP REST via Firecrawl)","observedAt":"2026-07-11T11:51:37Z"}},{"type":"Feature","geometry":{"type":"Point","coordinates":[-1.3603,50.9106]},"properties":{"name":"The Red Lion","slug":"the-red-lion-southampton","jdwPubId":"7331","townCity":"Southampton","postcode":"SO18 5EF","country":"England","pageUrl":"https://www.jdwetherspoon.com/pubs/the-red-lion-southampton/","menuUrl":"https://www.jdwetherspoon.com/pub-menus/the-red-lion-southampton/","facilities":["Step-free access","Baby change","TV screens","Wi-Fi"],"regions":["England","Hampshire"],"source":"J D Wetherspoon official site (WP REST via Firecrawl)","observedAt":"2026-07-11T11:51:37Z"}},{"type":"Feature","geometry":{"type":"Point","coordinates":[-1.403771,50.900512]},"properties":{"name":"The Standing Order","slug":"the-standing-order-southampton","jdwPubId":"202","townCity":"Southampton","postcode":"SO14 2DF","country":"England","pageUrl":"https://www.jdwetherspoon.com/pubs/the-standing-order-southampton/","menuUrl":"https://www.jdwetherspoon.com/pub-menus/the-standing-order-southampton/","facilities":["Step-free access","Baby change","Projector and screen","Licensed outside area","TV screens","Wi-Fi"],"regions":["England","Hampshire"],"source":"J D Wetherspoon official site (WP REST via Firecrawl)","observedAt":"2026-07-11T11:51:37Z"}},{"type":"Feature","geometry":{"type":"Point","coordinates":[0.713005,51.536483]},"properties":{"name":"The Last Post","slug":"the-last-post-southend-on-sea","jdwPubId":"148","townCity":"Southend-on-Sea","postcode":"SS1 1AS","country":"England","pageUrl":"https://www.jdwetherspoon.com/pubs/the-last-post-southend-on-sea/","menuUrl":"https://www.jdwetherspoon.com/pub-menus/the-last-post-southend-on-sea/","facilities":["Baby change","Step-free access","Licensed outside area","Accommodation","TV screens","Wi-Fi"],"regions":["England","Essex"],"source":"J D Wetherspoon official site (WP REST via Firecrawl)","observedAt":"2026-07-11T11:51:37Z"}},{"type":"Feature","geometry":{"type":"Point","coordinates":[-0.130591,51.633315]},"properties":{"name":"The New Crown","slug":"the-new-crown-southgate","jdwPubId":"101","townCity":"Southgate","postcode":"N14 5PH","country":"England","pageUrl":"https://www.jdwetherspoon.com/pubs/the-new-crown-southgate/","menuUrl":"https://www.jdwetherspoon.com/pub-menus/the-new-crown-southgate/","facilities":["Wi-Fi","TV screens","Step-free access"],"regions":["England","Enfield"],"source":"J D Wetherspoon official site (WP REST via Firecrawl)","observedAt":"2026-07-11T11:51:37Z"}},{"type":"Feature","geometry":{"type":"Point","coordinates":[-3.010488,53.645861]},"properties":{"name":"The Sir Henry Segrave","slug":"the-sir-henry-segrave-southport","jdwPubId":"203","townCity":"Southport","postcode":"PR8 1RH","country":"England","pageUrl":"https://www.jdwetherspoon.com/pubs/the-sir-henry-segrave-southport/","menuUrl":"https://www.jdwetherspoon.com/pub-menus/the-sir-henry-segrave-southport/","facilities":["Wi-Fi","TV screens","Licensed outside area","Baby change","Step-free access"],"regions":["England","Merseyside"],"source":"J D Wetherspoon official site (WP REST via Firecrawl)","observedAt":"2026-07-11T11:51:37Z"}},{"type":"Feature","geometry":{"type":"Point","coordinates":[-1.088961,50.784198]},"properties":{"name":"The Lord Palmerston","slug":"the-lord-palmerston-southsea","jdwPubId":"6405","townCity":"Southsea","postcode":"PO5 3PT","country":"England","pageUrl":"https://www.jdwetherspoon.com/pubs/the-lord-palmerston-southsea/","menuUrl":"https://www.jdwetherspoon.com/pub-menus/the-lord-palmerston-southsea/","facilities":["Wi-Fi","TV screens","Licensed outside area","Projector and screen","Baby change","Step-free access"],"regions":["England","Hampshire"],"source":"J D Wetherspoon official site (WP REST via Firecrawl)","observedAt":"2026-07-11T11:51:37Z"}},{"type":"Feature","geometry":{"type":"Point","coordinates":[-1.907801,53.709538]},"properties":{"name":"The Commercial Inn","slug":"the-commercial-inn-sowerby-bridge","jdwPubId":"6976","townCity":"Sowerby Bridge","postcode":"HX6 2LA","country":"England","pageUrl":"https://www.jdwetherspoon.com/pubs/the-commercial-inn-sowerby-bridge/","menuUrl":"https://www.jdwetherspoon.com/pub-menus/the-commercial-inn-sowerby-bridge/","facilities":["Licensed outside area","Baby change","Step-free access"],"regions":["England","West Yorkshire"],"source":"J D Wetherspoon official site (WP REST via Firecrawl)","observedAt":"2026-07-11T11:51:37Z"}},{"type":"Feature","geometry":{"type":"Point","coordinates":[-0.151381,52.788547]},"properties":{"name":"The Ivy Wall","slug":"the-ivy-wall-spalding","jdwPubId":"2493","townCity":"Spalding","postcode":"PE11 1DQ","country":"England","pageUrl":"https://www.jdwetherspoon.com/pubs/the-ivy-wall-spalding/","menuUrl":"https://www.jdwetherspoon.com/pub-menus/the-ivy-wall-spalding/","facilities":["Wi-Fi","TV screens","Licensed outside area","Baby change","Step-free access"],"regions":["England","Lincolnshire"],"source":"J D Wetherspoon official site (WP REST via Firecrawl)","observedAt":"2026-07-11T11:51:37Z"}},{"type":"Feature","geometry":{"type":"Point","coordinates":[-1.600239,54.699619]},"properties":{"name":"The Grand Electric Hall","slug":"the-grand-electric-hall-spennymoor","jdwPubId":"6040","townCity":"Spennymoor","postcode":"DL16 6DJ","country":"England","pageUrl":"https://www.jdwetherspoon.com/pubs/the-grand-electric-hall-spennymoor/","menuUrl":"https://www.jdwetherspoon.com/pub-menus/the-grand-electric-hall-spennymoor/","facilities":["Wi-Fi","TV screens","Licensed outside area","Baby change","Step-free access"],"regions":["England","County Durham"],"source":"J D Wetherspoon official site (WP REST via Firecrawl)","observedAt":"2026-07-11T11:51:37Z"}},{"type":"Feature","geometry":{"type":"Point","coordinates":[-0.337335,51.752619]},"properties":{"name":"Waterend Barn","slug":"waterend-barn-st-albans","jdwPubId":"5152","townCity":"St Albans","postcode":"AL1 3LE","country":"England","pageUrl":"https://www.jdwetherspoon.com/pubs/waterend-barn-st-albans/","menuUrl":"https://www.jdwetherspoon.com/pub-menus/waterend-barn-st-albans/","facilities":["Wi-Fi","Licensed outside area","Baby change","Step-free access"],"regions":["England","Hertfordshire"],"source":"J D Wetherspoon official site (WP REST via Firecrawl)","observedAt":"2026-07-11T11:51:37Z"}},{"type":"Feature","geometry":{"type":"Point","coordinates":[-4.793412,50.338748]},"properties":{"name":"The Rann Wartha","slug":"the-rann-wartha-st-austell","jdwPubId":"5441","townCity":"St Austell","postcode":"PL25 5EW","country":"England","pageUrl":"https://www.jdwetherspoon.com/pubs/the-rann-wartha-st-austell/","menuUrl":"https://www.jdwetherspoon.com/pub-menus/the-rann-wartha-st-austell/","facilities":["Step-free access","Meeting facilities","Baby change","Licensed outside area","TV screens","Wi-Fi"],"regions":["England","Cornwall"],"source":"J D Wetherspoon official site (WP REST via Firecrawl)","observedAt":"2026-07-11T11:51:37Z"}},{"type":"Feature","geometry":{"type":"Point","coordinates":[-2.735861,53.451334]},"properties":{"name":"The Glass House","slug":"the-glass-house-st-helens","jdwPubId":"2026","townCity":"St Helens","postcode":"WA10 1NE","country":"England","pageUrl":"https://www.jdwetherspoon.com/pubs/the-glass-house-st-helens/","menuUrl":"https://www.jdwetherspoon.com/pub-menus/the-glass-house-st-helens/","facilities":["Step-free access","Licensed outside area","TV screens","Wi-Fi"],"regions":["England","Merseyside"],"source":"J D Wetherspoon official site (WP REST via Firecrawl)","observedAt":"2026-07-11T11:51:37Z"}},{"type":"Feature","geometry":{"type":"Point","coordinates":[-0.0749562,52.3232215]},"properties":{"name":"The Swan & Angel","slug":"the-swan-angel-st-ives","jdwPubId":"7140","townCity":"St Ives","postcode":"PE27 5AL","country":"England","pageUrl":"https://www.jdwetherspoon.com/pubs/the-swan-angel-st-ives/","menuUrl":"https://www.jdwetherspoon.com/pub-menus/the-swan-angel-st-ives/","facilities":["Wi-Fi","TV screens","Baby change"],"regions":["England","Cambridgeshire"],"source":"J D Wetherspoon official site (WP REST via Firecrawl)","observedAt":"2026-07-11T11:51:37Z"}},{"type":"Feature","geometry":{"type":"Point","coordinates":[-0.269142,52.22873]},"properties":{"name":"The Weeping Ash","slug":"the-weeping-ash-st-neots","jdwPubId":"5588","townCity":"St Neots","postcode":"PE19 1AE","country":"England","pageUrl":"https://www.jdwetherspoon.com/pubs/the-weeping-ash-st-neots/","menuUrl":"https://www.jdwetherspoon.com/pub-menus/the-weeping-ash-st-neots/","facilities":["Wi-Fi","TV screens","Licensed outside area","Baby change","Step-free access"],"regions":["England","Cambridgeshire"],"source":"J D Wetherspoon official site (WP REST via Firecrawl)","observedAt":"2026-07-11T11:51:37Z"}},{"type":"Feature","geometry":{"type":"Point","coordinates":[-2.115915,52.804441]},"properties":{"name":"The Picture House","slug":"the-picture-house-stafford","jdwPubId":"257","townCity":"Stafford","postcode":"ST16 2HL","country":"England","pageUrl":"https://www.jdwetherspoon.com/pubs/the-picture-house-stafford/","menuUrl":"https://www.jdwetherspoon.com/pub-menus/the-picture-house-stafford/","facilities":["Wi-Fi","TV screens","Licensed outside area","Step-free access"],"regions":["England","Staffordshire"],"source":"J D Wetherspoon official site (WP REST via Firecrawl)","observedAt":"2026-07-11T11:51:37Z"}},{"type":"Feature","geometry":{"type":"Point","coordinates":[-0.513366,51.433656]},"properties":{"name":"The George","slug":"the-george-staines-upon-thames","jdwPubId":"131","townCity":"Staines-upon-Thames","postcode":"TW18 4EE","country":"England","pageUrl":"https://www.jdwetherspoon.com/pubs/the-george-staines-upon-thames/","menuUrl":"https://www.jdwetherspoon.com/pub-menus/the-george-staines-upon-thames/","facilities":["Step-free access","Licensed outside area","TV screens","Wi-Fi"],"regions":["England","Surrey"],"source":"J D Wetherspoon official site (WP REST via Firecrawl)","observedAt":"2026-07-11T11:51:37Z"}},{"type":"Feature","geometry":{"type":"Point","coordinates":[-2.057674,53.481281]},"properties":{"name":"The Society Rooms","slug":"the-society-rooms-stalybridge","jdwPubId":"4079","townCity":"Stalybridge","postcode":"SK15 2JN","country":"England","pageUrl":"https://www.jdwetherspoon.com/pubs/the-society-rooms-stalybridge/","menuUrl":"https://www.jdwetherspoon.com/pub-menus/the-society-rooms-stalybridge/","facilities":["Wi-Fi","TV screens","Licensed outside area","Projector and screen","Baby change","Step-free access"],"regions":["England","Cheshire"],"source":"J D Wetherspoon official site (WP REST via Firecrawl)","observedAt":"2026-07-11T11:51:37Z"}},{"type":"Feature","geometry":{"type":"Point","coordinates":[-0.480789,52.651148]},"properties":{"name":"The Stamford Post","slug":"the-stamford-post-stamford","jdwPubId":"6911","townCity":"Stamford","postcode":"PE9 2QZ","country":"England","pageUrl":"https://www.jdwetherspoon.com/pubs/the-stamford-post-stamford/","menuUrl":"https://www.jdwetherspoon.com/pub-menus/the-stamford-post-stamford/","facilities":["Wi-Fi","TV screens","Licensed outside area","Baby change","Step-free access"],"regions":["England","Lincolnshire"],"source":"J D Wetherspoon official site (WP REST via Firecrawl)","observedAt":"2026-07-11T11:51:37Z"}},{"type":"Feature","geometry":{"type":"Point","coordinates":[0.260748,51.890528]},"properties":{"name":"The Windmill","slug":"the-windmill-stansted","jdwPubId":"7262","townCity":"Stansted","postcode":"CM24 1RW","country":"England","pageUrl":"https://www.jdwetherspoon.com/pubs/the-windmill-stansted/","menuUrl":"https://www.jdwetherspoon.com/pub-menus/the-windmill-stansted/","facilities":["Wi-Fi","TV screens","Step-free access"],"regions":["England","Essex"],"source":"J D Wetherspoon official site (WP REST via Firecrawl)","observedAt":"2026-07-11T11:51:37Z"}},{"type":"Feature","geometry":{"type":"Point","coordinates":[-0.208075,51.912074]},"properties":{"name":"The Standing Order","slug":"the-standing-order-stevenage","jdwPubId":"1031","townCity":"Stevenage","postcode":"SG1 3AU","country":"England","pageUrl":"https://www.jdwetherspoon.com/pubs/the-standing-order-stevenage/","menuUrl":"https://www.jdwetherspoon.com/pub-menus/the-standing-order-stevenage/","facilities":["Wi-Fi","TV screens","Licensed outside area","Baby change","Step-free access"],"regions":["England","Hertfordshire"],"source":"J D Wetherspoon official site (WP REST via Firecrawl)","observedAt":"2026-07-11T11:51:37Z"}},{"type":"Feature","geometry":{"type":"Point","coordinates":[-2.157645,53.410333]},"properties":{"name":"The Calverts Court","slug":"the-calverts-court-stockport","jdwPubId":"1617","townCity":"Stockport","postcode":"SK1 1EB","country":"England","pageUrl":"https://www.jdwetherspoon.com/pubs/the-calverts-court-stockport/","menuUrl":"https://www.jdwetherspoon.com/pub-menus/the-calverts-court-stockport/","facilities":["Wi-Fi","TV screens","Licensed outside area","Projector and screen","Baby change","Step-free access"],"regions":["England","Cheshire"],"source":"J D Wetherspoon official site (WP REST via Firecrawl)","observedAt":"2026-07-11T11:51:37Z"}},{"type":"Feature","geometry":{"type":"Point","coordinates":[-2.120471,53.379446]},"properties":{"name":"The Wilfred Wood","slug":"the-wilfred-wood-stockport","jdwPubId":"6345","townCity":"Stockport","postcode":"SK7 4DF","country":"England","pageUrl":"https://www.jdwetherspoon.com/pubs/the-wilfred-wood-stockport/","menuUrl":"https://www.jdwetherspoon.com/pub-menus/the-wilfred-wood-stockport/","facilities":["Wi-Fi","TV screens","Licensed outside area","Baby change","Step-free access"],"regions":["England","Cheshire"],"source":"J D Wetherspoon official site (WP REST via Firecrawl)","observedAt":"2026-07-11T11:51:37Z"}},{"type":"Feature","geometry":{"type":"Point","coordinates":[-1.33205548,54.5461431]},"properties":{"name":"The Red Anchor","slug":"the-red-anchor-stockton-on-tees","jdwPubId":"7942","townCity":"Stockton-on-Tees","postcode":"TS18 3RT","country":"England","pageUrl":"https://www.jdwetherspoon.com/pubs/the-red-anchor-stockton-on-tees/","menuUrl":"https://www.jdwetherspoon.com/pub-menus/the-red-anchor-stockton-on-tees/","facilities":["Step-free access","Bike storage","Baby change","Licensed outside area","Wi-Fi"],"regions":["England","County Durham"],"source":"J D Wetherspoon official site (WP REST via Firecrawl)","observedAt":"2026-07-11T11:51:37Z"}},{"type":"Feature","geometry":{"type":"Point","coordinates":[-1.312906,54.561391]},"properties":{"name":"The Thomas Sheraton","slug":"the-thomas-sheraton-stockton-on-tees","jdwPubId":"303","townCity":"Stockton-on-Tees","postcode":"TS18 3BW","country":"England","pageUrl":"https://www.jdwetherspoon.com/pubs/the-thomas-sheraton-stockton-on-tees/","menuUrl":"https://www.jdwetherspoon.com/pub-menus/the-thomas-sheraton-stockton-on-tees/","facilities":["Step-free access","Baby change","Licensed outside area","TV screens","Wi-Fi"],"regions":["England","Stockton-on-Tees"],"source":"J D Wetherspoon official site (WP REST via Firecrawl)","observedAt":"2026-07-11T11:51:37Z"}},{"type":"Feature","geometry":{"type":"Point","coordinates":[-0.073976,51.56096]},"properties":{"name":"The Rochester Castle","slug":"the-rochester-castle-stoke-newington","jdwPubId":"3","townCity":"Stoke Newington","postcode":"N16 0NY","country":"England","pageUrl":"https://www.jdwetherspoon.com/pubs/the-rochester-castle-stoke-newington/","menuUrl":"https://www.jdwetherspoon.com/pub-menus/the-rochester-castle-stoke-newington/","facilities":["Wi-Fi","TV screens","Licensed outside area","Baby change"],"regions":["England","Hackney"],"source":"J D Wetherspoon official site (WP REST via Firecrawl)","observedAt":"2026-07-11T11:51:37Z"}},{"type":"Feature","geometry":{"type":"Point","coordinates":[-2.185283,53.004065]},"properties":{"name":"The Wheatsheaf","slug":"the-wheatsheaf-stoke-on-trent","jdwPubId":"755","townCity":"Stoke-on-Trent","postcode":"ST4 1BU","country":"England","pageUrl":"https://www.jdwetherspoon.com/pubs/the-wheatsheaf-stoke-on-trent/","menuUrl":"https://www.jdwetherspoon.com/pub-menus/the-wheatsheaf-stoke-on-trent/","facilities":["Wi-Fi","TV screens","Licensed outside area","Step-free access"],"regions":["England","Staffordshire"],"source":"J D Wetherspoon official site (WP REST via Firecrawl)","observedAt":"2026-07-11T11:51:37Z"}},{"type":"Feature","geometry":{"type":"Point","coordinates":[-2.148554,52.903487]},"properties":{"name":"The Poste of Stone","slug":"the-poste-of-stone-stone","jdwPubId":"2060","townCity":"Stone","postcode":"ST15 8AB","country":"England","pageUrl":"https://www.jdwetherspoon.com/pubs/the-poste-of-stone-stone/","menuUrl":"https://www.jdwetherspoon.com/pub-menus/the-poste-of-stone-stone/","facilities":["Wi-Fi","TV screens","Licensed outside area","Baby change","Step-free access"],"regions":["England","Staffordshire"],"source":"J D Wetherspoon official site (WP REST via Firecrawl)","observedAt":"2026-07-11T11:51:37Z"}},{"type":"Feature","geometry":{"type":"Point","coordinates":[-2.143758,52.454977]},"properties":{"name":"The Chequers Inn","slug":"the-chequers-inn-stourbridge","jdwPubId":"6422","townCity":"Stourbridge","postcode":"DY8 1EQ","country":"England","pageUrl":"https://www.jdwetherspoon.com/pubs/the-chequers-inn-stourbridge/","menuUrl":"https://www.jdwetherspoon.com/pub-menus/the-chequers-inn-stourbridge/","facilities":["Wi-Fi","Step-free access","Baby change","Licensed outside area","TV screens"],"regions":["England","West Midlands"],"source":"J D Wetherspoon official site (WP REST via Firecrawl)","observedAt":"2026-07-11T11:51:37Z"}},{"type":"Feature","geometry":{"type":"Point","coordinates":[0.999027,52.185492]},"properties":{"name":"The Willow Tree","slug":"the-willow-tree-stowmarket","jdwPubId":"5478","townCity":"Stowmarket","postcode":"IP14 1BB","country":"England","pageUrl":"https://www.jdwetherspoon.com/pubs/the-willow-tree-stowmarket/","menuUrl":"https://www.jdwetherspoon.com/pub-menus/the-willow-tree-stowmarket/","facilities":["Wi-Fi","TV screens","Licensed outside area","Baby change","Step-free access"],"regions":["England","Suffolk"],"source":"J D Wetherspoon official site (WP REST via Firecrawl)","observedAt":"2026-07-11T11:51:37Z"}},{"type":"Feature","geometry":{"type":"Point","coordinates":[0.003998,51.543751]},"properties":{"name":"Goldengrove","slug":"goldengrove-stratford","jdwPubId":"91","townCity":"Stratford","postcode":"E15 1NS","country":"England","pageUrl":"https://www.jdwetherspoon.com/pubs/goldengrove-stratford/","menuUrl":"https://www.jdwetherspoon.com/pub-menus/goldengrove-stratford/","facilities":["Wi-Fi","TV screens","Licensed outside area","Baby change","Step-free access"],"regions":["England","Newham"],"source":"J D Wetherspoon official site (WP REST via Firecrawl)","observedAt":"2026-07-11T11:51:37Z"}},{"type":"Feature","geometry":{"type":"Point","coordinates":[-1.70568,52.191596]},"properties":{"name":"The Golden Bee","slug":"the-golden-bee-stratford-upon-avon","jdwPubId":"1610","townCity":"Stratford-upon-Avon","postcode":"CV37 6EE","country":"England","pageUrl":"https://www.jdwetherspoon.com/pubs/the-golden-bee-stratford-upon-avon/","menuUrl":"https://www.jdwetherspoon.com/pub-menus/the-golden-bee-stratford-upon-avon/","facilities":["Wi-Fi","TV screens","Licensed outside area","Baby change","Step-free access"],"regions":["England","Warwickshire"],"source":"J D Wetherspoon official site (WP REST via Firecrawl)","observedAt":"2026-07-11T11:51:37Z"}},{"type":"Feature","geometry":{"type":"Point","coordinates":[-0.129823,51.430174]},"properties":{"name":"The Holland Tringham","slug":"the-holland-tringham-streatham","jdwPubId":"469","townCity":"Streatham","postcode":"SW16 1HJ","country":"England","pageUrl":"https://www.jdwetherspoon.com/pubs/the-holland-tringham-streatham/","menuUrl":"https://www.jdwetherspoon.com/pub-menus/the-holland-tringham-streatham/","facilities":["Wi-Fi","TV screens","Changing places","Licensed outside area","Baby change","Step-free access"],"regions":["England","Lambeth"],"source":"J D Wetherspoon official site (WP REST via Firecrawl)","observedAt":"2026-07-11T11:51:37Z"}},{"type":"Feature","geometry":{"type":"Point","coordinates":[-2.74146,51.125835]},"properties":{"name":"The Lantokay","slug":"the-lantokay-street","jdwPubId":"1790","townCity":"Street","postcode":"BA16 0EY","country":"England","pageUrl":"https://www.jdwetherspoon.com/pubs/the-lantokay-street/","menuUrl":"https://www.jdwetherspoon.com/pub-menus/the-lantokay-street/","facilities":["Wi-Fi","TV screens","Licensed outside area","Baby change","Step-free access"],"regions":["England","Somerset"],"source":"J D Wetherspoon official site (WP REST via Firecrawl)","observedAt":"2026-07-11T11:51:37Z"}},{"type":"Feature","geometry":{"type":"Point","coordinates":[-2.289116,53.461185]},"properties":{"name":"The Bishop Blaize","slug":"the-bishop-blaize-stretford","jdwPubId":"1473","townCity":"Stretford","postcode":"M32 0SF","country":"England","pageUrl":"https://www.jdwetherspoon.com/pubs/the-bishop-blaize-stretford/","menuUrl":"https://www.jdwetherspoon.com/pub-menus/the-bishop-blaize-stretford/","facilities":["Wi-Fi","TNT Sports","Step-free access","Projector and screen","Licensed outside area","TV screens","Sky Sports"],"regions":["England","Manchester"],"source":"J D Wetherspoon official site (WP REST via Firecrawl)","observedAt":"2026-07-11T11:51:37Z"}},{"type":"Feature","geometry":{"type":"Point","coordinates":[-2.218125,51.744793]},"properties":{"name":"The Lord John","slug":"the-lord-john-stroud","jdwPubId":"683","townCity":"Stroud","postcode":"GL5 3AA","country":"England","pageUrl":"https://www.jdwetherspoon.com/pubs/the-lord-john-stroud/","menuUrl":"https://www.jdwetherspoon.com/pub-menus/the-lord-john-stroud/","facilities":["Wi-Fi","TV screens","Licensed outside area","Step-free access"],"regions":["England","Gloucestershire"],"source":"J D Wetherspoon official site (WP REST via Firecrawl)","observedAt":"2026-07-11T11:51:37Z"}},{"type":"Feature","geometry":{"type":"Point","coordinates":[0.730154,52.040777]},"properties":{"name":"Grover & Allen","slug":"grover-allen-sudbury","jdwPubId":"5285","townCity":"Sudbury","postcode":"CO10 1RF","country":"England","pageUrl":"https://www.jdwetherspoon.com/pubs/grover-allen-sudbury/","menuUrl":"https://www.jdwetherspoon.com/pub-menus/grover-allen-sudbury/","facilities":["Wi-Fi","TV screens","Licensed outside area","Baby change","Step-free access"],"regions":["England","Suffolk"],"source":"J D Wetherspoon official site (WP REST via Firecrawl)","observedAt":"2026-07-11T11:51:37Z"}},{"type":"Feature","geometry":{"type":"Point","coordinates":[-1.387901,54.903408]},"properties":{"name":"The Cooper Rose","slug":"the-cooper-rose-sunderland","jdwPubId":"6617","townCity":"Sunderland","postcode":"SR1 3NG","country":"England","pageUrl":"https://www.jdwetherspoon.com/pubs/the-cooper-rose-sunderland/","menuUrl":"https://www.jdwetherspoon.com/pub-menus/the-cooper-rose-sunderland/","facilities":["Wi-Fi","TV screens","Licensed outside area","Meeting facilities","Step-free access","Music"],"regions":["England","Tyne and Wear"],"source":"J D Wetherspoon official site (WP REST via Firecrawl)","observedAt":"2026-07-11T11:51:37Z"}},{"type":"Feature","geometry":{"type":"Point","coordinates":[-0.303705,51.393521]},"properties":{"name":"The Coronation Hall","slug":"the-coronation-hall-surbiton","jdwPubId":"453","townCity":"Surbiton","postcode":"KT6 4LQ","country":"England","pageUrl":"https://www.jdwetherspoon.com/pubs/the-coronation-hall-surbiton/","menuUrl":"https://www.jdwetherspoon.com/pub-menus/the-coronation-hall-surbiton/","facilities":["Wi-Fi","TV screens","Step-free access","Baby change"],"regions":["England","Kingston upon Thames"],"source":"J D Wetherspoon official site (WP REST via Firecrawl)","observedAt":"2026-07-11T11:51:37Z"}},{"type":"Feature","geometry":{"type":"Point","coordinates":[-0.193255,51.361894]},"properties":{"name":"The Moon on the Hill","slug":"the-moon-on-the-hill-sutton","jdwPubId":"106","townCity":"Sutton","postcode":"SM1 1DZ","country":"England","pageUrl":"https://www.jdwetherspoon.com/pubs/the-moon-on-the-hill-sutton/","menuUrl":"https://www.jdwetherspoon.com/pub-menus/the-moon-on-the-hill-sutton/","facilities":["Wi-Fi","TV screens","Licensed outside area","Baby change","Step-free access"],"regions":["England","Sutton"],"source":"J D Wetherspoon official site (WP REST via Firecrawl)","observedAt":"2026-07-11T11:51:37Z"}},{"type":"Feature","geometry":{"type":"Point","coordinates":[-1.841088,52.548528]},"properties":{"name":"The Bishop Vesey","slug":"the-bishop-vesey-sutton-coldfield","jdwPubId":"297","townCity":"Sutton Coldfield","postcode":"B73 5XA","country":"England","pageUrl":"https://www.jdwetherspoon.com/pubs/the-bishop-vesey-sutton-coldfield/","menuUrl":"https://www.jdwetherspoon.com/pub-menus/the-bishop-vesey-sutton-coldfield/","facilities":["Step-free access","Licensed outside area","TV screens","Wi-Fi"],"regions":["England","West Midlands"],"source":"J D Wetherspoon official site (WP REST via Firecrawl)","observedAt":"2026-07-11T11:51:37Z"}},{"type":"Feature","geometry":{"type":"Point","coordinates":[-1.825511,52.560252]},"properties":{"name":"The Bottle of Sack","slug":"the-bottle-of-sack-sutton-coldfield","jdwPubId":"1251","townCity":"Sutton Coldfield","postcode":"B72 1QG","country":"England","pageUrl":"https://www.jdwetherspoon.com/pubs/the-bottle-of-sack-sutton-coldfield/","menuUrl":"https://www.jdwetherspoon.com/pub-menus/the-bottle-of-sack-sutton-coldfield/","facilities":["Step-free access","Baby change","Projector and screen","Licensed outside area","TV screens","Wi-Fi"],"regions":["England","West Midlands"],"source":"J D Wetherspoon official site (WP REST via Firecrawl)","observedAt":"2026-07-11T11:51:37Z"}},{"type":"Feature","geometry":{"type":"Point","coordinates":[-1.261325,53.126174]},"properties":{"name":"The Picture House","slug":"the-picture-house-sutton-in-ashfield","jdwPubId":"1367","townCity":"Sutton-in-Ashfield","postcode":"NG17 1DA","country":"England","pageUrl":"https://www.jdwetherspoon.com/pubs/the-picture-house-sutton-in-ashfield/","menuUrl":"https://www.jdwetherspoon.com/pub-menus/the-picture-house-sutton-in-ashfield/","facilities":["TV screens","Wi-Fi","Step-free access"],"regions":["England","Nottinghamshire"],"source":"J D Wetherspoon official site (WP REST via Firecrawl)","observedAt":"2026-07-11T11:51:37Z"}},{"type":"Feature","geometry":{"type":"Point","coordinates":[-1.557805,52.774308]},"properties":{"name":"The Sir Nigel Gresley","slug":"the-sir-nigel-gresley-swadlincote","jdwPubId":"1805","townCity":"Swadlincote","postcode":"DE11 0AD","country":"England","pageUrl":"https://www.jdwetherspoon.com/pubs/the-sir-nigel-gresley-swadlincote/","menuUrl":"https://www.jdwetherspoon.com/pub-menus/the-sir-nigel-gresley-swadlincote/","facilities":["Wi-Fi","TV screens","Licensed outside area","Baby change","Step-free access"],"regions":["England","Derbyshire"],"source":"J D Wetherspoon official site (WP REST via Firecrawl)","observedAt":"2026-07-11T11:51:37Z"}},{"type":"Feature","geometry":{"type":"Point","coordinates":[-1.754279,51.57486]},"properties":{"name":"The Dockle Farmhouse","slug":"the-dockle-farmhouse-swindon","jdwPubId":"5330","townCity":"Swindon","postcode":"SN3 4PD","country":"England","pageUrl":"https://www.jdwetherspoon.com/pubs/the-dockle-farmhouse-swindon/","menuUrl":"https://www.jdwetherspoon.com/pub-menus/the-dockle-farmhouse-swindon/","facilities":["TV screens","Licensed outside area","Step-free access"],"regions":["England","Wiltshire"],"source":"J D Wetherspoon official site (WP REST via Firecrawl)","observedAt":"2026-07-11T11:51:37Z"}},{"type":"Feature","geometry":{"type":"Point","coordinates":[-1.782671,51.56001]},"properties":{"name":"The Savoy","slug":"the-savoy-swindon","jdwPubId":"247","townCity":"Swindon","postcode":"SN1 1JL","country":"England","pageUrl":"https://www.jdwetherspoon.com/pubs/the-savoy-swindon/","menuUrl":"https://www.jdwetherspoon.com/pub-menus/the-savoy-swindon/","facilities":["TV screens","Licensed outside area","Step-free access"],"regions":["England","Wiltshire"],"source":"J D Wetherspoon official site (WP REST via Firecrawl)","observedAt":"2026-07-11T11:51:37Z"}},{"type":"Feature","geometry":{"type":"Point","coordinates":[-1.787637,51.562324]},"properties":{"name":"The Sir Daniel Arms","slug":"the-sir-daniel-arms-swindon","jdwPubId":"5578","townCity":"Swindon","postcode":"SN1 1RQ","country":"England","pageUrl":"https://www.jdwetherspoon.com/pubs/the-sir-daniel-arms-swindon/","menuUrl":"https://www.jdwetherspoon.com/pub-menus/the-sir-daniel-arms-swindon/","facilities":["TV screens","Licensed outside area","Projector and screen","Baby change","Step-free access","Music"],"regions":["England","Wiltshire"],"source":"J D Wetherspoon official site (WP REST via Firecrawl)","observedAt":"2026-07-11T11:51:37Z"}},{"type":"Feature","geometry":{"type":"Point","coordinates":[-1.691544,52.63314]},"properties":{"name":"The Bole Bridge","slug":"the-bole-bridge-tamworth","jdwPubId":"1448","townCity":"Tamworth","postcode":"B79 7PA","country":"England","pageUrl":"https://www.jdwetherspoon.com/pubs/the-bole-bridge-tamworth/","menuUrl":"https://www.jdwetherspoon.com/pub-menus/the-bole-bridge-tamworth/","facilities":["Wi-Fi","TV screens","Licensed outside area","Racing TV","Baby change","Step-free access"],"regions":["England","Staffordshire"],"source":"J D Wetherspoon official site (WP REST via Firecrawl)","observedAt":"2026-07-11T11:51:37Z"}},{"type":"Feature","geometry":{"type":"Point","coordinates":[-3.099492,51.014715]},"properties":{"name":"The Perkin Warbeck","slug":"the-perkin-warbeck-taunton","jdwPubId":"234","townCity":"Taunton","postcode":"TA1 3LP","country":"England","pageUrl":"https://www.jdwetherspoon.com/pubs/the-perkin-warbeck-taunton/","menuUrl":"https://www.jdwetherspoon.com/pub-menus/the-perkin-warbeck-taunton/","facilities":["Step-free access","Licensed outside area","TV screens","Wi-Fi"],"regions":["England","Somerset"],"source":"J D Wetherspoon official site (WP REST via Firecrawl)","observedAt":"2026-07-11T11:51:37Z"}},{"type":"Feature","geometry":{"type":"Point","coordinates":[-4.146774,50.549681]},"properties":{"name":"The Queen’s Head Hotel","slug":"the-queens-head-hotel-tavistock","jdwPubId":"7251","townCity":"Tavistock","postcode":"PL19 8AQ","country":"England","pageUrl":"https://www.jdwetherspoon.com/pubs/the-queens-head-hotel-tavistock/","menuUrl":"https://www.jdwetherspoon.com/pub-menus/the-queens-head-hotel-tavistock/","facilities":["Wi-Fi","TV screens","Accommodation","Changing places","Licensed outside area","Baby change","Bike storage","Step-free access"],"regions":["England","Devon"],"source":"J D Wetherspoon official site (WP REST via Firecrawl)","observedAt":"2026-07-11T11:51:37Z"}},{"type":"Feature","geometry":{"type":"Point","coordinates":[-3.49449,50.547066]},"properties":{"name":"The Jolie Brise","slug":"the-jolie-brise-teignmouth","jdwPubId":"7309","townCity":"Teignmouth","postcode":"TQ14 8PE","country":"England","pageUrl":"https://www.jdwetherspoon.com/pubs/the-jolie-brise-teignmouth/","menuUrl":"https://www.jdwetherspoon.com/pub-menus/the-jolie-brise-teignmouth/","facilities":["Step-free access","Baby change","Licensed outside area","TV screens","Wi-Fi"],"regions":["England","Devon"],"source":"J D Wetherspoon official site (WP REST via Firecrawl)","observedAt":"2026-07-11T11:51:37Z"}},{"type":"Feature","geometry":{"type":"Point","coordinates":[-2.445659,52.675617]},"properties":{"name":"The Thomas Botfield","slug":"the-thomas-botfield-telford","jdwPubId":"5325","townCity":"Telford","postcode":"TF3 4BW","country":"England","pageUrl":"https://www.jdwetherspoon.com/pubs/the-thomas-botfield-telford/","menuUrl":"https://www.jdwetherspoon.com/pub-menus/the-thomas-botfield-telford/","facilities":["Wi-Fi","TV screens","Licensed outside area","Baby change","Step-free access"],"regions":["England","Telford & Wrekin"],"source":"J D Wetherspoon official site (WP REST via Firecrawl)","observedAt":"2026-07-11T11:51:37Z"}},{"type":"Feature","geometry":{"type":"Point","coordinates":[-2.158586,51.991955]},"properties":{"name":"The Royal Hop Pole","slug":"the-royal-hop-pole-tewkesbury","jdwPubId":"5484","townCity":"Tewkesbury","postcode":"GL20 5RS","country":"England","pageUrl":"https://www.jdwetherspoon.com/pubs/the-royal-hop-pole-tewkesbury/","menuUrl":"https://www.jdwetherspoon.com/pub-menus/the-royal-hop-pole-tewkesbury/","facilities":["Step-free access","Meeting facilities","Baby change","Room hire","Accommodation","TV screens","Wi-Fi"],"regions":["England","Gloucestershire"],"source":"J D Wetherspoon official site (WP REST via Firecrawl)","observedAt":"2026-07-11T11:51:37Z"}},{"type":"Feature","geometry":{"type":"Point","coordinates":[0.750489,52.413429]},"properties":{"name":"The Red Lion","slug":"the-red-lion-thetford","jdwPubId":"6620","townCity":"Thetford","postcode":"IP24 2AL","country":"England","pageUrl":"https://www.jdwetherspoon.com/pubs/the-red-lion-thetford/","menuUrl":"https://www.jdwetherspoon.com/pub-menus/the-red-lion-thetford/","facilities":["Wi-Fi","TV screens","Licensed outside area","Baby change","Step-free access"],"regions":["England","Norfolk"],"source":"J D Wetherspoon official site (WP REST via Firecrawl)","observedAt":"2026-07-11T11:51:37Z"}},{"type":"Feature","geometry":{"type":"Point","coordinates":[-1.341393,54.232583]},"properties":{"name":"The Three Tuns","slug":"the-three-tuns-thirsk","jdwPubId":"5560","townCity":"Thirsk","postcode":"YO7 1LH","country":"England","pageUrl":"https://www.jdwetherspoon.com/pubs/the-three-tuns-thirsk/","menuUrl":"https://www.jdwetherspoon.com/pub-menus/the-three-tuns-thirsk/","facilities":["Wi-Fi","TV screens","Accommodation","Licensed outside area","Baby change","Step-free access"],"regions":["England","North Yorkshire"],"source":"J D Wetherspoon official site (WP REST via Firecrawl)","observedAt":"2026-07-11T11:51:37Z"}},{"type":"Feature","geometry":{"type":"Point","coordinates":[-3.037271,53.876358]},"properties":{"name":"The Jolly Tars","slug":"the-jolly-tars-thornton-cleveleys","jdwPubId":"5959","townCity":"Thornton-Cleveleys","postcode":"FY5 3NE","country":"England","pageUrl":"https://www.jdwetherspoon.com/pubs/the-jolly-tars-thornton-cleveleys/","menuUrl":"https://www.jdwetherspoon.com/pub-menus/the-jolly-tars-thornton-cleveleys/","facilities":["Wi-Fi","TV screens","Licensed outside area","Baby change","Step-free access"],"regions":["England","Lancashire"],"source":"J D Wetherspoon official site (WP REST via Firecrawl)","observedAt":"2026-07-11T11:51:37Z"}},{"type":"Feature","geometry":{"type":"Point","coordinates":[-3.490818,50.902939]},"properties":{"name":"The White Ball Inn","slug":"the-white-ball-inn-tiverton","jdwPubId":"2999","townCity":"Tiverton","postcode":"EX16 5LY","country":"England","pageUrl":"https://www.jdwetherspoon.com/pubs/the-white-ball-inn-tiverton/","menuUrl":"https://www.jdwetherspoon.com/pub-menus/the-white-ball-inn-tiverton/","facilities":["Wi-Fi","TV screens","Licensed outside area","Step-free access"],"regions":["England","Devon"],"source":"J D Wetherspoon official site (WP REST via Firecrawl)","observedAt":"2026-07-11T11:51:37Z"}},{"type":"Feature","geometry":{"type":"Point","coordinates":[0.274508,51.195131]},"properties":{"name":"The Humphrey Bean","slug":"the-humphrey-bean-tonbridge","jdwPubId":"428","townCity":"Tonbridge","postcode":"TN9 1AP","country":"England","pageUrl":"https://www.jdwetherspoon.com/pubs/the-humphrey-bean-tonbridge/","menuUrl":"https://www.jdwetherspoon.com/pub-menus/the-humphrey-bean-tonbridge/","facilities":["Wi-Fi","TV screens","Licensed outside area","Baby change","Step-free access"],"regions":["England","Kent"],"source":"J D Wetherspoon official site (WP REST via Firecrawl)","observedAt":"2026-07-11T11:51:37Z"}},{"type":"Feature","geometry":{"type":"Point","coordinates":[-0.168426,51.427847]},"properties":{"name":"J.J. Moon’s","slug":"j-j-moons-tooting","jdwPubId":"39","townCity":"Tooting","postcode":"SW17 0RN","country":"England","pageUrl":"https://www.jdwetherspoon.com/pubs/j-j-moons-tooting/","menuUrl":"https://www.jdwetherspoon.com/pub-menus/j-j-moons-tooting/","facilities":["Wi-Fi","TV screens","Step-free access"],"regions":["England","Wandsworth"],"source":"J D Wetherspoon official site (WP REST via Firecrawl)","observedAt":"2026-07-11T11:51:37Z"}},{"type":"Feature","geometry":{"type":"Point","coordinates":[-3.525525,50.462146]},"properties":{"name":"The Green Ginger","slug":"the-green-ginger-torquay","jdwPubId":"6011","townCity":"Torquay","postcode":"TQ2 5DZ","country":"England","pageUrl":"https://www.jdwetherspoon.com/pubs/the-green-ginger-torquay/","menuUrl":"https://www.jdwetherspoon.com/pub-menus/the-green-ginger-torquay/","facilities":["Step-free access","Baby change","Licensed outside area","TV screens","Wi-Fi"],"regions":["England","Devon"],"source":"J D Wetherspoon official site (WP REST via Firecrawl)","observedAt":"2026-07-11T11:51:37Z"}},{"type":"Feature","geometry":{"type":"Point","coordinates":[-0.077334,51.502366]},"properties":{"name":"The Pommelers Rest","slug":"the-pommelers-rest-tower-bridge","jdwPubId":"487","townCity":"Tower Bridge","postcode":"SE1 2UN","country":"England","pageUrl":"https://www.jdwetherspoon.com/pubs/the-pommelers-rest-tower-bridge/","menuUrl":"https://www.jdwetherspoon.com/pub-menus/the-pommelers-rest-tower-bridge/","facilities":["TV screens","Wi-Fi","Step-free access"],"regions":["England","Southwark"],"source":"J D Wetherspoon official site (WP REST via Firecrawl)","observedAt":"2026-07-11T11:51:37Z"}},{"type":"Feature","geometry":{"type":"Point","coordinates":[-0.072858,51.511494]},"properties":{"name":"The Goodman’s Field","slug":"the-goodmans-field-tower-hamlets","jdwPubId":"2173","townCity":"Tower Hamlets","postcode":"E1 8AL","country":"England","pageUrl":"https://www.jdwetherspoon.com/pubs/the-goodmans-field-tower-hamlets/","menuUrl":"https://www.jdwetherspoon.com/pub-menus/the-goodmans-field-tower-hamlets/","facilities":["Wi-Fi","TV screens","Licensed outside area","Step-free access"],"regions":["England","London"],"source":"J D Wetherspoon official site (WP REST via Firecrawl)","observedAt":"2026-07-11T11:51:37Z"}},{"type":"Feature","geometry":{"type":"Point","coordinates":[-2.206405,51.320004]},"properties":{"name":"The Albany Palace","slug":"the-albany-palace-trowbridge","jdwPubId":"6265","townCity":"Trowbridge","postcode":"BA14 8AQ","country":"England","pageUrl":"https://www.jdwetherspoon.com/pubs/the-albany-palace-trowbridge/","menuUrl":"https://www.jdwetherspoon.com/pub-menus/the-albany-palace-trowbridge/","facilities":["Baby change","Step-free access","Projector and screen","TV screens"],"regions":["England","Wiltshire"],"source":"J D Wetherspoon official site (WP REST via Firecrawl)","observedAt":"2026-07-11T11:51:37Z"}},{"type":"Feature","geometry":{"type":"Point","coordinates":[-5.050308,50.262189]},"properties":{"name":"Try Dowr","slug":"try-dowr-truro","jdwPubId":"5376","townCity":"Truro","postcode":"TR1 2LW","country":"England","pageUrl":"https://www.jdwetherspoon.com/pubs/try-dowr-truro/","menuUrl":"https://www.jdwetherspoon.com/pub-menus/try-dowr-truro/","facilities":["Licensed outside area","TV screens","Wi-Fi","Baby change","Step-free access"],"regions":["England","Cornwall"],"source":"J D Wetherspoon official site (WP REST via Firecrawl)","observedAt":"2026-07-11T11:51:37Z"}},{"type":"Feature","geometry":{"type":"Point","coordinates":[-0.32853,51.447591]},"properties":{"name":"The William Webb Ellis","slug":"the-william-webb-ellis-twickenham","jdwPubId":"2650","townCity":"Twickenham","postcode":"TW1 3RR","country":"England","pageUrl":"https://www.jdwetherspoon.com/pubs/the-william-webb-ellis-twickenham/","menuUrl":"https://www.jdwetherspoon.com/pub-menus/the-william-webb-ellis-twickenham/","facilities":["Wi-Fi","TV screens","Licensed outside area","Baby change","Step-free access"],"regions":["England","Richmond upon Thames"],"source":"J D Wetherspoon official site (WP REST via Firecrawl)","observedAt":"2026-07-11T11:51:37Z"}},{"type":"Feature","geometry":{"type":"Point","coordinates":[-2.357196,53.448212]},"properties":{"name":"The Tim Bobbin","slug":"the-tim-bobbin-urmston","jdwPubId":"1103","townCity":"Urmston","postcode":"M41 5AN","country":"England","pageUrl":"https://www.jdwetherspoon.com/pubs/the-tim-bobbin-urmston/","menuUrl":"https://www.jdwetherspoon.com/pub-menus/the-tim-bobbin-urmston/","facilities":["Step-free access","Baby change","Licensed outside area","TV screens","Wi-Fi"],"regions":["England","Manchester"],"source":"J D Wetherspoon official site (WP REST via Firecrawl)","observedAt":"2026-07-11T11:51:37Z"}},{"type":"Feature","geometry":{"type":"Point","coordinates":[-1.863266,52.89796]},"properties":{"name":"The Old Swan","slug":"the-old-swan-uttoxeter","jdwPubId":"5367","townCity":"Uttoxeter","postcode":"ST14 8HN","country":"England","pageUrl":"https://www.jdwetherspoon.com/pubs/the-old-swan-uttoxeter/","menuUrl":"https://www.jdwetherspoon.com/pub-menus/the-old-swan-uttoxeter/","facilities":["Wi-Fi","TV screens","Licensed outside area","Step-free access"],"regions":["England","Staffordshire"],"source":"J D Wetherspoon official site (WP REST via Firecrawl)","observedAt":"2026-07-11T11:51:37Z"}},{"type":"Feature","geometry":{"type":"Point","coordinates":[-0.480843,51.547785]},"properties":{"name":"The Good Yarn","slug":"the-good-yarn-uxbridge","jdwPubId":"112","townCity":"Uxbridge","postcode":"UB8 1JX","country":"England","pageUrl":"https://www.jdwetherspoon.com/pubs/the-good-yarn-uxbridge/","menuUrl":"https://www.jdwetherspoon.com/pub-menus/the-good-yarn-uxbridge/","facilities":["Wi-Fi","TV screens","Licensed outside area","Step-free access"],"regions":["England","Hillingdon"],"source":"J D Wetherspoon official site (WP REST via Firecrawl)","observedAt":"2026-07-11T11:51:37Z"}},{"type":"Feature","geometry":{"type":"Point","coordinates":[-0.14253,51.495025]},"properties":{"name":"The Willow Walk","slug":"the-willow-walk-victoria","jdwPubId":"1169","townCity":"Victoria","postcode":"SW1V 1LW","country":"England","pageUrl":"https://www.jdwetherspoon.com/pubs/the-willow-walk-victoria/","menuUrl":"https://www.jdwetherspoon.com/pub-menus/the-willow-walk-victoria/","facilities":["TV screens","Step-free access"],"regions":["England","Westminster"],"source":"J D Wetherspoon official site (WP REST via Firecrawl)","observedAt":"2026-07-11T11:51:37Z"}},{"type":"Feature","geometry":{"type":"Point","coordinates":[-0.144408,51.495295]},"properties":{"name":"Wetherspoons","slug":"wetherspoons-victoria","jdwPubId":"64","townCity":"Victoria","postcode":"SW1V 1JT","country":"England","pageUrl":"https://www.jdwetherspoon.com/pubs/wetherspoons-victoria/","menuUrl":"https://www.jdwetherspoon.com/pub-menus/wetherspoons-victoria/","facilities":["Baby change","Step-free access"],"regions":["England","Westminster"],"source":"J D Wetherspoon official site (WP REST via Firecrawl)","observedAt":"2026-07-11T11:51:37Z"}},{"type":"Feature","geometry":{"type":"Point","coordinates":[-1.494346,53.682919]},"properties":{"name":"The Six Chimneys","slug":"the-six-chimneys-wakefield","jdwPubId":"451","townCity":"Wakefield","postcode":"WF1 1HX","country":"England","pageUrl":"https://www.jdwetherspoon.com/pubs/the-six-chimneys-wakefield/","menuUrl":"https://www.jdwetherspoon.com/pub-menus/the-six-chimneys-wakefield/","facilities":["TV screens","Licensed outside area","Projector and screen","Baby change","Step-free access"],"regions":["England","West Yorkshire"],"source":"J D Wetherspoon official site (WP REST via Firecrawl)","observedAt":"2026-07-11T11:51:37Z"}},{"type":"Feature","geometry":{"type":"Point","coordinates":[-3.047125,53.419728]},"properties":{"name":"The Clairville","slug":"the-clairville-wallasey","jdwPubId":"4259","townCity":"Wallasey","postcode":"CH45 4NW","country":"England","pageUrl":"https://www.jdwetherspoon.com/pubs/the-clairville-wallasey/","menuUrl":"https://www.jdwetherspoon.com/pub-menus/the-clairville-wallasey/","facilities":["Wi-Fi","TV screens","Licensed outside area","Projector and screen","Baby change","Step-free access"],"regions":["England","Merseyside"],"source":"J D Wetherspoon official site (WP REST via Firecrawl)","observedAt":"2026-07-11T11:51:37Z"}},{"type":"Feature","geometry":{"type":"Point","coordinates":[-0.149607,51.360066]},"properties":{"name":"The Whispering Moon","slug":"the-whispering-moon-wallington","jdwPubId":"55","townCity":"Wallington","postcode":"SM6 8QF","country":"England","pageUrl":"https://www.jdwetherspoon.com/pubs/the-whispering-moon-wallington/","menuUrl":"https://www.jdwetherspoon.com/pub-menus/the-whispering-moon-wallington/","facilities":["Wi-Fi","TV screens","Baby change","Step-free access"],"regions":["England","Croydon"],"source":"J D Wetherspoon official site (WP REST via Firecrawl)","observedAt":"2026-07-11T11:51:37Z"}},{"type":"Feature","geometry":{"type":"Point","coordinates":[-1.536996,54.9905]},"properties":{"name":"The Ritz","slug":"the-ritz-wallsend","jdwPubId":"7134","townCity":"Wallsend ","postcode":"NE28 8JD","country":"England","pageUrl":"https://www.jdwetherspoon.com/pubs/the-ritz-wallsend/","menuUrl":"https://www.jdwetherspoon.com/pub-menus/the-ritz-wallsend/","facilities":["Wi-Fi","TV screens","Licensed outside area","Baby change","Step-free access"],"regions":["England","Tyne and Wear"],"source":"J D Wetherspoon official site (WP REST via Firecrawl)","observedAt":"2026-07-11T11:51:37Z"}},{"type":"Feature","geometry":{"type":"Point","coordinates":[-1.979812,52.585188]},"properties":{"name":"St. Matthew’s Hall","slug":"st-matthews-hall-walsall","jdwPubId":"6694","townCity":"Walsall","postcode":"WS1 1SX","country":"England","pageUrl":"https://www.jdwetherspoon.com/pubs/st-matthews-hall-walsall/","menuUrl":"https://www.jdwetherspoon.com/pub-menus/st-matthews-hall-walsall/","facilities":["Wi-Fi","TV screens","Licensed outside area","Baby change","Step-free access"],"regions":["England","West Midlands"],"source":"J D Wetherspoon official site (WP REST via Firecrawl)","observedAt":"2026-07-11T11:51:37Z"}},{"type":"Feature","geometry":{"type":"Point","coordinates":[-0.032768,51.684945]},"properties":{"name":"The Moon and Cross","slug":"the-moon-and-cross-waltham-cross","jdwPubId":"569","townCity":"Waltham Cross","postcode":"EN8 7BX","country":"England","pageUrl":"https://www.jdwetherspoon.com/pubs/the-moon-and-cross-waltham-cross/","menuUrl":"https://www.jdwetherspoon.com/pub-menus/the-moon-and-cross-waltham-cross/","facilities":["Step-free access","Licensed outside area","TV screens","Wi-Fi"],"regions":["England","Hertfordshire"],"source":"J D Wetherspoon official site (WP REST via Firecrawl)","observedAt":"2026-07-11T11:51:37Z"}},{"type":"Feature","geometry":{"type":"Point","coordinates":[-2.180071,51.204758]},"properties":{"name":"The Bath Arms","slug":"the-bath-arms-warminster","jdwPubId":"7089","townCity":"Warminster","postcode":"BA12 9AZ","country":"England","pageUrl":"https://www.jdwetherspoon.com/pubs/the-bath-arms-warminster/","menuUrl":"https://www.jdwetherspoon.com/pub-menus/the-bath-arms-warminster/","facilities":["Step-free access","Baby change","Licensed outside area","Accommodation","TV screens"],"regions":["England","Wiltshire"],"source":"J D Wetherspoon official site (WP REST via Firecrawl)","observedAt":"2026-07-11T11:51:37Z"}},{"type":"Feature","geometry":{"type":"Point","coordinates":[-2.593436,53.387163]},"properties":{"name":"The Friar Penketh","slug":"the-friar-penketh-warrington","jdwPubId":"434","townCity":"Warrington","postcode":"WA1 1EX","country":"England","pageUrl":"https://www.jdwetherspoon.com/pubs/the-friar-penketh-warrington/","menuUrl":"https://www.jdwetherspoon.com/pub-menus/the-friar-penketh-warrington/","facilities":["Licensed outside area","Step-free access","TV screens","Wi-Fi"],"regions":["England","Cheshire"],"source":"J D Wetherspoon official site (WP REST via Firecrawl)","observedAt":"2026-07-11T11:51:37Z"}},{"type":"Feature","geometry":{"type":"Point","coordinates":[-1.590252,52.28228]},"properties":{"name":"The Thomas Lloyd","slug":"the-thomas-lloyd-warwick","jdwPubId":"2201","townCity":"Warwick","postcode":"CV34 4SA","country":"England","pageUrl":"https://www.jdwetherspoon.com/pubs/the-thomas-lloyd-warwick/","menuUrl":"https://www.jdwetherspoon.com/pub-menus/the-thomas-lloyd-warwick/","facilities":["Licensed outside area","Step-free access","Baby change","TV screens","Wi-Fi"],"regions":["England","Warwickshire"],"source":"J D Wetherspoon official site (WP REST via Firecrawl)","observedAt":"2026-07-11T11:51:37Z"}},{"type":"Feature","geometry":{"type":"Point","coordinates":[-1.522992,54.912658]},"properties":{"name":"The Sir William de Wessyngton","slug":"the-sir-william-de-wessyngton-washington","jdwPubId":"1893","townCity":"Washington","postcode":"NE37 2SY","country":"England","pageUrl":"https://www.jdwetherspoon.com/pubs/the-sir-william-de-wessyngton-washington/","menuUrl":"https://www.jdwetherspoon.com/pub-menus/the-sir-william-de-wessyngton-washington/","facilities":["Wi-Fi","TV screens","Licensed outside area","Projector and screen","Baby change","Step-free access"],"regions":["England","Tyne and Wear"],"source":"J D Wetherspoon official site (WP REST via Firecrawl)","observedAt":"2026-07-11T11:51:37Z"}},{"type":"Feature","geometry":{"type":"Point","coordinates":[-0.11274,51.503738]},"properties":{"name":"The Lion & The Unicorn","slug":"the-lion-the-unicorn-waterloo","jdwPubId":"7650","townCity":"Waterloo","postcode":"SE1 7BH","country":"England","pageUrl":"https://www.jdwetherspoon.com/pubs/the-lion-the-unicorn-waterloo/","menuUrl":"https://www.jdwetherspoon.com/pub-menus/the-lion-the-unicorn-waterloo/","facilities":[],"regions":["England","Lambeth"],"source":"J D Wetherspoon official site (WP REST via Firecrawl)","observedAt":"2026-07-11T11:51:37Z"}},{"type":"Feature","geometry":{"type":"Point","coordinates":[-1.030626,50.880772]},"properties":{"name":"The Denmead Queen","slug":"the-denmead-queen-waterlooville","jdwPubId":"6256","townCity":"Waterlooville","postcode":"PO7 7EB","country":"England","pageUrl":"https://www.jdwetherspoon.com/pubs/the-denmead-queen-waterlooville/","menuUrl":"https://www.jdwetherspoon.com/pub-menus/the-denmead-queen-waterlooville/","facilities":["Wi-Fi","TV screens","Licensed outside area","Baby change","Step-free access"],"regions":["England","Hampshire"],"source":"J D Wetherspoon official site (WP REST via Firecrawl)","observedAt":"2026-07-11T11:51:37Z"}},{"type":"Feature","geometry":{"type":"Point","coordinates":[-0.39783,51.656475]},"properties":{"name":"The Moon Under Water, Watford","slug":"the-moon-under-water-watford-watford","jdwPubId":"95","townCity":"Watford","postcode":"WD17 2BS","country":"England","pageUrl":"https://www.jdwetherspoon.com/pubs/the-moon-under-water-watford/","menuUrl":"https://www.jdwetherspoon.com/pub-menus/the-moon-under-water-watford-watford/","facilities":["TNT Sports","Step-free access","Baby change","Projector and screen","Licensed outside area","TV screens","Wi-Fi"],"regions":["England","Hertfordshire"],"source":"J D Wetherspoon official site (WP REST via Firecrawl)","observedAt":"2026-07-11T11:51:37Z"}},{"type":"Feature","geometry":{"type":"Point","coordinates":[-1.345412,53.502186]},"properties":{"name":"The Church House","slug":"the-church-house-wath-upon-dearne","jdwPubId":"1757","townCity":"Wath-upon-Dearne","postcode":"S63 7RZ","country":"England","pageUrl":"https://www.jdwetherspoon.com/pubs/the-church-house-wath-upon-dearne/","menuUrl":"https://www.jdwetherspoon.com/pub-menus/the-church-house-wath-upon-dearne/","facilities":["Wi-Fi","TV screens","Licensed outside area","Baby change","Step-free access"],"regions":["England","South Yorkshire"],"source":"J D Wetherspoon official site (WP REST via Firecrawl)","observedAt":"2026-07-11T11:51:37Z"}},{"type":"Feature","geometry":{"type":"Point","coordinates":[-2.018997,52.553248]},"properties":{"name":"The Bellwether","slug":"the-bellwether-wednesbury","jdwPubId":"1406","townCity":"Wednesbury","postcode":"WS10 9BZ","country":"England","pageUrl":"https://www.jdwetherspoon.com/pubs/the-bellwether-wednesbury/","menuUrl":"https://www.jdwetherspoon.com/pub-menus/the-bellwether-wednesbury/","facilities":["Wi-Fi","TV screens","Licensed outside area","Baby change","Step-free access"],"regions":["England","West Midlands"],"source":"J D Wetherspoon official site (WP REST via Firecrawl)","observedAt":"2026-07-11T11:51:37Z"}},{"type":"Feature","geometry":{"type":"Point","coordinates":[-2.081891,52.600292]},"properties":{"name":"The Royal Tiger","slug":"the-royal-tiger-wednesfield","jdwPubId":"626","townCity":"Wednesfield","postcode":"WV11 1ST","country":"England","pageUrl":"https://www.jdwetherspoon.com/pubs/the-royal-tiger-wednesfield/","menuUrl":"https://www.jdwetherspoon.com/pub-menus/the-royal-tiger-wednesfield/","facilities":["Wi-Fi","TV screens","Licensed outside area","Baby change","Step-free access"],"regions":["England","West Midlands"],"source":"J D Wetherspoon official site (WP REST via Firecrawl)","observedAt":"2026-07-11T11:51:37Z"}},{"type":"Feature","geometry":{"type":"Point","coordinates":[0.103909,51.462947]},"properties":{"name":"The New Cross Turnpike","slug":"the-new-cross-turnpike-welling","jdwPubId":"728","townCity":"Welling","postcode":"DA16 3PB","country":"England","pageUrl":"https://www.jdwetherspoon.com/pubs/the-new-cross-turnpike-welling/","menuUrl":"https://www.jdwetherspoon.com/pub-menus/the-new-cross-turnpike-welling/","facilities":["Step-free access","Baby change","Licensed outside area","TV screens","Wi-Fi"],"regions":["England","Bexley"],"source":"J D Wetherspoon official site (WP REST via Firecrawl)","observedAt":"2026-07-11T11:51:37Z"}},{"type":"Feature","geometry":{"type":"Point","coordinates":[-0.695287,52.301673]},"properties":{"name":"The Red Well","slug":"the-red-well-wellingborough","jdwPubId":"334","townCity":"Wellingborough","postcode":"NN8 1BD","country":"England","pageUrl":"https://www.jdwetherspoon.com/pubs/the-red-well-wellingborough/","menuUrl":"https://www.jdwetherspoon.com/pub-menus/the-red-well-wellingborough/","facilities":["Wi-Fi","TV screens","Licensed outside area","Baby change","Step-free access"],"regions":["England","Northamptonshire"],"source":"J D Wetherspoon official site (WP REST via Firecrawl)","observedAt":"2026-07-11T11:51:37Z"}},{"type":"Feature","geometry":{"type":"Point","coordinates":[-3.227553,50.978756]},"properties":{"name":"The Iron Duke","slug":"the-iron-duke-wellington","jdwPubId":"7060","townCity":"Wellington","postcode":"TA21 8LS","country":"England","pageUrl":"https://www.jdwetherspoon.com/pubs/the-iron-duke-wellington/","menuUrl":"https://www.jdwetherspoon.com/pub-menus/the-iron-duke-wellington/","facilities":["Step-free access","Baby change","Changing places","TV screens","Wi-Fi"],"regions":["England","Somerset"],"source":"J D Wetherspoon official site (WP REST via Firecrawl)","observedAt":"2026-07-11T11:51:37Z"}},{"type":"Feature","geometry":{"type":"Point","coordinates":[-2.517038,52.700595]},"properties":{"name":"The William Withering","slug":"the-william-withering-wellington","jdwPubId":"6444","townCity":"Wellington","postcode":"TF1 1LU","country":"England","pageUrl":"https://www.jdwetherspoon.com/pubs/the-william-withering-wellington/","menuUrl":"https://www.jdwetherspoon.com/pub-menus/the-william-withering-wellington/","facilities":["Wi-Fi","TV screens","Licensed outside area","Baby change","Step-free access"],"regions":["England","Shropshire"],"source":"J D Wetherspoon official site (WP REST via Firecrawl)","observedAt":"2026-07-11T11:51:37Z"}},{"type":"Feature","geometry":{"type":"Point","coordinates":[-2.649105,51.207049]},"properties":{"name":"The Quarter Jack","slug":"the-quarter-jack-wells","jdwPubId":"6507","townCity":"Wells","postcode":"BA5 1SY","country":"England","pageUrl":"https://www.jdwetherspoon.com/pubs/the-quarter-jack-wells/","menuUrl":"https://www.jdwetherspoon.com/pub-menus/the-quarter-jack-wells/","facilities":["Meeting facilities","Step-free access","Room hire","Baby change","Licensed outside area","TV screens","Wi-Fi"],"regions":["England","Somerset"],"source":"J D Wetherspoon official site (WP REST via Firecrawl)","observedAt":"2026-07-11T11:51:37Z"}},{"type":"Feature","geometry":{"type":"Point","coordinates":[-0.292811,51.553589]},"properties":{"name":"J.J. Moon’s","slug":"j-j-moons-wembley","jdwPubId":"5","townCity":"Wembley","postcode":"HA9 6AA","country":"England","pageUrl":"https://www.jdwetherspoon.com/pubs/j-j-moons-wembley/","menuUrl":"https://www.jdwetherspoon.com/pub-menus/j-j-moons-wembley/","facilities":["Wi-Fi","TV screens","Licensed outside area","Baby change","Step-free access"],"regions":["England","Brent"],"source":"J D Wetherspoon official site (WP REST via Firecrawl)","observedAt":"2026-07-11T11:51:37Z"}},{"type":"Feature","geometry":{"type":"Point","coordinates":[-3.182447,53.372818]},"properties":{"name":"The Dee Hotel","slug":"the-dee-hotel-west-kirby","jdwPubId":"2375","townCity":"West Kirby","postcode":"CH48 4EF","country":"England","pageUrl":"https://www.jdwetherspoon.com/pubs/the-dee-hotel-west-kirby/","menuUrl":"https://www.jdwetherspoon.com/pub-menus/the-dee-hotel-west-kirby/","facilities":["Wi-Fi","TV screens","Licensed outside area","Baby change","Step-free access"],"regions":["England","Merseyside"],"source":"J D Wetherspoon official site (WP REST via Firecrawl)","observedAt":"2026-07-11T11:51:37Z"}},{"type":"Feature","geometry":{"type":"Point","coordinates":[-2.522385,53.548867]},"properties":{"name":"The Robert Shaw","slug":"the-robert-shaw-westhoughton","jdwPubId":"2710","townCity":"Westhoughton","postcode":"BL5 3AN","country":"England","pageUrl":"https://www.jdwetherspoon.com/pubs/the-robert-shaw-westhoughton/","menuUrl":"https://www.jdwetherspoon.com/pub-menus/the-robert-shaw-westhoughton/","facilities":["Wi-Fi","TV screens","Step-free access"],"regions":["England","Greater Manchester"],"source":"J D Wetherspoon official site (WP REST via Firecrawl)","observedAt":"2026-07-11T11:51:37Z"}},{"type":"Feature","geometry":{"type":"Point","coordinates":[-0.12974,51.514053]},"properties":{"name":"The Montagu Pyke","slug":"the-montagu-pyke-westminster","jdwPubId":"188","townCity":"Westminster","postcode":"WC2H 0BP","country":"England","pageUrl":"https://www.jdwetherspoon.com/pubs/the-montagu-pyke-westminster/","menuUrl":"https://www.jdwetherspoon.com/pub-menus/the-montagu-pyke-westminster/","facilities":["TV screens","Step-free access","Music"],"regions":["England","Westminster"],"source":"J D Wetherspoon official site (WP REST via Firecrawl)","observedAt":"2026-07-11T11:51:37Z"}},{"type":"Feature","geometry":{"type":"Point","coordinates":[-0.129424,51.510266]},"properties":{"name":"The Moon Under Water, Westminster","slug":"the-moon-under-water-westminster-westminster","jdwPubId":"70","townCity":"Westminster","postcode":"WC2H 7LE","country":"England","pageUrl":"https://www.jdwetherspoon.com/pubs/the-moon-under-water-westminster/","menuUrl":"https://www.jdwetherspoon.com/pub-menus/the-moon-under-water-westminster-westminster/","facilities":["TV screens","Licensed outside area","Step-free access"],"regions":["England","Westminster"],"source":"J D Wetherspoon official site (WP REST via Firecrawl)","observedAt":"2026-07-11T11:51:37Z"}},{"type":"Feature","geometry":{"type":"Point","coordinates":[-2.982553,51.350518]},"properties":{"name":"Cabot Court Hotel","slug":"cabot-court-hotel-weston-super-mare","jdwPubId":"6255","townCity":"Weston-super-Mare","postcode":"BS23 2AH","country":"England","pageUrl":"https://www.jdwetherspoon.com/pubs/cabot-court-hotel-weston-super-mare/","menuUrl":"https://www.jdwetherspoon.com/pub-menus/cabot-court-hotel-weston-super-mare/","facilities":["Wi-Fi","TV screens","Accommodation","Licensed outside area","Baby change","Step-free access"],"regions":["England","Somerset"],"source":"J D Wetherspoon official site (WP REST via Firecrawl)","observedAt":"2026-07-11T11:51:37Z"}},{"type":"Feature","geometry":{"type":"Point","coordinates":[-1.38534481,53.92826347]},"properties":{"name":"The Angel Inn","slug":"the-angel-inn-wetherby","jdwPubId":"7560","townCity":"Wetherby","postcode":"LS22 6LT","country":"England","pageUrl":"https://www.jdwetherspoon.com/pubs/the-angel-inn-wetherby/","menuUrl":"https://www.jdwetherspoon.com/pub-menus/the-angel-inn-wetherby/","facilities":["Wi-Fi"],"regions":["England","West Yorkshire"],"source":"J D Wetherspoon official site (WP REST via Firecrawl)","observedAt":"2026-07-11T11:51:37Z"}},{"type":"Feature","geometry":{"type":"Point","coordinates":[-2.455106,50.608135]},"properties":{"name":"The Swan","slug":"the-swan-weymouth","jdwPubId":"475","townCity":"Weymouth","postcode":"DT4 8EH","country":"England","pageUrl":"https://www.jdwetherspoon.com/pubs/the-swan-weymouth/","menuUrl":"https://www.jdwetherspoon.com/pub-menus/the-swan-weymouth/","facilities":["Wi-Fi","TV screens","Step-free access"],"regions":["England","Dorset"],"source":"J D Wetherspoon official site (WP REST via Firecrawl)","observedAt":"2026-07-11T11:51:37Z"}},{"type":"Feature","geometry":{"type":"Point","coordinates":[-2.45426,50.611574]},"properties":{"name":"The William Henry","slug":"the-william-henry-weymouth","jdwPubId":"6016","townCity":"Weymouth","postcode":"DT4 8HQ","country":"England","pageUrl":"https://www.jdwetherspoon.com/pubs/the-william-henry-weymouth/","menuUrl":"https://www.jdwetherspoon.com/pub-menus/the-william-henry-weymouth/","facilities":["Wi-Fi","TV screens","Baby change","Step-free access"],"regions":["England","Dorset"],"source":"J D Wetherspoon official site (WP REST via Firecrawl)","observedAt":"2026-07-11T11:51:37Z"}},{"type":"Feature","geometry":{"type":"Point","coordinates":[-1.673357,54.945865]},"properties":{"name":"The Harry Clasper","slug":"the-harry-clasper-whickham","jdwPubId":"6866","townCity":"Whickham","postcode":"NE16 4HF","country":"England","pageUrl":"https://www.jdwetherspoon.com/pubs/the-harry-clasper-whickham/","menuUrl":"https://www.jdwetherspoon.com/pub-menus/the-harry-clasper-whickham/","facilities":["Wi-Fi","TV screens","Licensed outside area","Baby change","Step-free access"],"regions":["England","Tyne and Wear"],"source":"J D Wetherspoon official site (WP REST via Firecrawl)","observedAt":"2026-07-11T11:51:37Z"}},{"type":"Feature","geometry":{"type":"Point","coordinates":[-0.613778,54.486015]},"properties":{"name":"The Angel Hotel","slug":"the-angel-hotel-whitby","jdwPubId":"6246","townCity":"Whitby","postcode":"YO21 1DH ","country":"England","pageUrl":"https://www.jdwetherspoon.com/pubs/the-angel-hotel-whitby/","menuUrl":"https://www.jdwetherspoon.com/pub-menus/the-angel-hotel-whitby/","facilities":["Wi-Fi","TV screens","Accommodation","Licensed outside area","Baby change","Step-free access"],"regions":["England","North Yorkshire"],"source":"J D Wetherspoon official site (WP REST via Firecrawl)","observedAt":"2026-07-11T11:51:37Z"}},{"type":"Feature","geometry":{"type":"Point","coordinates":[-3.587175,54.550938]},"properties":{"name":"The Bransty Arch","slug":"the-bransty-arch-whitehaven","jdwPubId":"4243","townCity":"Whitehaven","postcode":"CA28 7XE","country":"England","pageUrl":"https://www.jdwetherspoon.com/pubs/the-bransty-arch-whitehaven/","menuUrl":"https://www.jdwetherspoon.com/pub-menus/the-bransty-arch-whitehaven/","facilities":["Wi-Fi","TV screens","Baby change","Step-free access"],"regions":["England","Cumbria"],"source":"J D Wetherspoon official site (WP REST via Firecrawl)","observedAt":"2026-07-11T11:51:37Z"}},{"type":"Feature","geometry":{"type":"Point","coordinates":[-1.445076,55.042515]},"properties":{"name":"The Fire Station","slug":"the-fire-station-whitley-bay","jdwPubId":"1752","townCity":"Whitley Bay","postcode":"NE26 1AB","country":"England","pageUrl":"https://www.jdwetherspoon.com/pubs/the-fire-station-whitley-bay/","menuUrl":"https://www.jdwetherspoon.com/pub-menus/the-fire-station-whitley-bay/","facilities":["Wi-Fi","TV screens","Licensed outside area","Projector and screen","Baby change","Step-free access"],"regions":["England","Tyne and Wear"],"source":"J D Wetherspoon official site (WP REST via Firecrawl)","observedAt":"2026-07-11T11:51:37Z"}},{"type":"Feature","geometry":{"type":"Point","coordinates":[1.024231,51.35654]},"properties":{"name":"The Peter Cushing","slug":"the-peter-cushing-whitstable","jdwPubId":"6102","townCity":"Whitstable","postcode":"CT5 1DD","country":"England","pageUrl":"https://www.jdwetherspoon.com/pubs/the-peter-cushing-whitstable/","menuUrl":"https://www.jdwetherspoon.com/pub-menus/the-peter-cushing-whitstable/","facilities":[],"regions":["England","Kent"],"source":"J D Wetherspoon official site (WP REST via Firecrawl)","observedAt":"2026-07-11T11:51:37Z"}},{"type":"Feature","geometry":{"type":"Point","coordinates":[-2.724383,53.3704]},"properties":{"name":"The Premier","slug":"the-premier-widnes","jdwPubId":"1970","townCity":"Widnes","postcode":"WA8 6JS","country":"England","pageUrl":"https://www.jdwetherspoon.com/pubs/the-premier-widnes/","menuUrl":"https://www.jdwetherspoon.com/pub-menus/the-premier-widnes/","facilities":["Wi-Fi","TV screens","Licensed outside area","Projector and screen","Baby change","Step-free access"],"regions":["England","Cheshire"],"source":"J D Wetherspoon official site (WP REST via Firecrawl)","observedAt":"2026-07-11T11:51:37Z"}},{"type":"Feature","geometry":{"type":"Point","coordinates":[-2.634421,53.556931]},"properties":{"name":"The Brocket Arms","slug":"the-brocket-arms-wigan","jdwPubId":"2963","townCity":"Wigan","postcode":"WN1 2DD","country":"England","pageUrl":"https://www.jdwetherspoon.com/pubs/the-brocket-arms-wigan/","menuUrl":"https://www.jdwetherspoon.com/pub-menus/the-brocket-arms-wigan/","facilities":["Meeting facilities","Wi-Fi","TV screens","Accommodation","Licensed outside area","Room hire","Baby change","Bike storage","Step-free access"],"regions":["England","Greater Manchester"],"source":"J D Wetherspoon official site (WP REST via Firecrawl)","observedAt":"2026-07-11T11:51:37Z"}},{"type":"Feature","geometry":{"type":"Point","coordinates":[-2.631714,53.545905]},"properties":{"name":"The Moon Under Water, Wigan","slug":"the-moon-under-water-wigan-wigan","jdwPubId":"187","townCity":"Wigan","postcode":"WN1 1PE","country":"England","pageUrl":"https://www.jdwetherspoon.com/pubs/the-moon-under-water-wigan/","menuUrl":"https://www.jdwetherspoon.com/pub-menus/the-moon-under-water-wigan-wigan/","facilities":["Step-free access","Licensed outside area","Wi-Fi","TV screens"],"regions":["England","Greater Manchester"],"source":"J D Wetherspoon official site (WP REST via Firecrawl)","observedAt":"2026-07-11T11:51:37Z"}},{"type":"Feature","geometry":{"type":"Point","coordinates":[-1.105556,52.587736]},"properties":{"name":"The William Wygston","slug":"the-william-wygston-wigston","jdwPubId":"424","townCity":"Wigston","postcode":"LE18 1DR","country":"England","pageUrl":"https://www.jdwetherspoon.com/pubs/the-william-wygston-wigston/","menuUrl":"https://www.jdwetherspoon.com/pub-menus/the-william-wygston-wigston/","facilities":["Step-free access","Licensed outside area","TV screens","Wi-Fi"],"regions":["England","Leicestershire"],"source":"J D Wetherspoon official site (WP REST via Firecrawl)","observedAt":"2026-07-11T11:51:37Z"}},{"type":"Feature","geometry":{"type":"Point","coordinates":[-0.202661,51.419166]},"properties":{"name":"The Wibbas Down Inn","slug":"the-wibbas-down-inn-wimbledon","jdwPubId":"221","townCity":"Wimbledon","postcode":"SW19 1QT","country":"England","pageUrl":"https://www.jdwetherspoon.com/pubs/the-wibbas-down-inn-wimbledon/","menuUrl":"https://www.jdwetherspoon.com/pub-menus/the-wibbas-down-inn-wimbledon/","facilities":["Wi-Fi","TV screens","Licensed outside area","Step-free access"],"regions":["England","Merton"],"source":"J D Wetherspoon official site (WP REST via Firecrawl)","observedAt":"2026-07-11T11:51:37Z"}},{"type":"Feature","geometry":{"type":"Point","coordinates":[-1.988347,50.800828]},"properties":{"name":"The Man in the Wall","slug":"the-man-in-the-wall-wimborne","jdwPubId":"6269","townCity":"Wimborne","postcode":"BH21 1NF","country":"England","pageUrl":"https://www.jdwetherspoon.com/pubs/the-man-in-the-wall-wimborne/","menuUrl":"https://www.jdwetherspoon.com/pub-menus/the-man-in-the-wall-wimborne/","facilities":["Wi-Fi","Licensed outside area","Room hire","Baby change","Step-free access"],"regions":["England","Dorset"],"source":"J D Wetherspoon official site (WP REST via Firecrawl)","observedAt":"2026-07-11T11:51:37Z"}},{"type":"Feature","geometry":{"type":"Point","coordinates":[-1.316288,51.06382]},"properties":{"name":"The Old Gaolhouse","slug":"the-old-gaolhouse-winchester","jdwPubId":"468","townCity":"Winchester","postcode":"SO23 8RZ","country":"England","pageUrl":"https://www.jdwetherspoon.com/pubs/the-old-gaolhouse-winchester/","menuUrl":"https://www.jdwetherspoon.com/pub-menus/the-old-gaolhouse-winchester/","facilities":["Wi-Fi","TV screens","Licensed outside area","Step-free access"],"regions":["England","Hampshire"],"source":"J D Wetherspoon official site (WP REST via Firecrawl)","observedAt":"2026-07-11T11:51:37Z"}},{"type":"Feature","geometry":{"type":"Point","coordinates":[-0.608679,51.483657]},"properties":{"name":"The King and Castle","slug":"the-king-and-castle-windsor","jdwPubId":"4424","townCity":"Windsor","postcode":"SL4 1PL","country":"England","pageUrl":"https://www.jdwetherspoon.com/pubs/the-king-and-castle-windsor/","menuUrl":"https://www.jdwetherspoon.com/pub-menus/the-king-and-castle-windsor/","facilities":["Wi-Fi","Licensed outside area","Step-free access"],"regions":["England","Berkshire"],"source":"J D Wetherspoon official site (WP REST via Firecrawl)","observedAt":"2026-07-11T11:51:37Z"}},{"type":"Feature","geometry":{"type":"Point","coordinates":[-2.530204,53.191311]},"properties":{"name":"The Queens Arms","slug":"the-queens-arms-winsford","jdwPubId":"4260","townCity":"Winsford","postcode":"CW7 1AT","country":"England","pageUrl":"https://www.jdwetherspoon.com/pubs/the-queens-arms-winsford/","menuUrl":"https://www.jdwetherspoon.com/pub-menus/the-queens-arms-winsford/","facilities":["Wi-Fi","TV screens","Licensed outside area","Racing TV","Baby change","Step-free access"],"regions":["England","Cheshire"],"source":"J D Wetherspoon official site (WP REST via Firecrawl)","observedAt":"2026-07-11T11:51:37Z"}},{"type":"Feature","geometry":{"type":"Point","coordinates":[0.162965,52.663234]},"properties":{"name":"The Wheatsheaf Inn","slug":"the-wheatsheaf-inn-wisbech","jdwPubId":"1725","townCity":"Wisbech","postcode":"PE13 1BL","country":"England","pageUrl":"https://www.jdwetherspoon.com/pubs/the-wheatsheaf-inn-wisbech/","menuUrl":"https://www.jdwetherspoon.com/pub-menus/the-wheatsheaf-inn-wisbech/","facilities":["Wi-Fi","TV screens","Licensed outside area","Baby change","Step-free access"],"regions":["England","Cambridgeshire"],"source":"J D Wetherspoon official site (WP REST via Firecrawl)","observedAt":"2026-07-11T11:51:37Z"}},{"type":"Feature","geometry":{"type":"Point","coordinates":[0.637871,51.798234]},"properties":{"name":"The Battesford Court","slug":"the-battesford-court-witham","jdwPubId":"2495","townCity":"Witham","postcode":"CM8 1AH","country":"England","pageUrl":"https://www.jdwetherspoon.com/pubs/the-battesford-court-witham/","menuUrl":"https://www.jdwetherspoon.com/pub-menus/the-battesford-court-witham/","facilities":["Wi-Fi","TV screens","Licensed outside area","Baby change","Step-free access"],"regions":["England","Essex"],"source":"J D Wetherspoon official site (WP REST via Firecrawl)","observedAt":"2026-07-11T11:51:37Z"}},{"type":"Feature","geometry":{"type":"Point","coordinates":[-1.484908,51.783603]},"properties":{"name":"The Company of Weavers","slug":"the-company-of-weavers-witney","jdwPubId":"6612","townCity":"Witney","postcode":"OX28 6AD","country":"England","pageUrl":"https://www.jdwetherspoon.com/pubs/the-company-of-weavers-witney/","menuUrl":"https://www.jdwetherspoon.com/pub-menus/the-company-of-weavers-witney/","facilities":["Wi-Fi","TV screens","Baby change","Step-free access"],"regions":["England","Oxfordshire"],"source":"J D Wetherspoon official site (WP REST via Firecrawl)","observedAt":"2026-07-11T11:51:37Z"}},{"type":"Feature","geometry":{"type":"Point","coordinates":[-0.55547,51.320567]},"properties":{"name":"The Herbert Wells","slug":"the-herbert-wells-woking","jdwPubId":"194","townCity":"Woking","postcode":"GU21 5AJ","country":"England","pageUrl":"https://www.jdwetherspoon.com/pubs/the-herbert-wells-woking/","menuUrl":"https://www.jdwetherspoon.com/pub-menus/the-herbert-wells-woking/","facilities":["Wi-Fi","TV screens","Licensed outside area","Step-free access"],"regions":["England","Surrey"],"source":"J D Wetherspoon official site (WP REST via Firecrawl)","observedAt":"2026-07-11T11:51:37Z"}},{"type":"Feature","geometry":{"type":"Point","coordinates":[-2.124171,52.586747]},"properties":{"name":"The Moon Under Water, Wolverhampton","slug":"the-moon-under-water-wolverhampton-wolverhampton","jdwPubId":"184","townCity":"Wolverhampton","postcode":"WV1 1EQ","country":"England","pageUrl":"https://www.jdwetherspoon.com/pubs/the-moon-under-water-wolverhampton/","menuUrl":"https://www.jdwetherspoon.com/pub-menus/the-moon-under-water-wolverhampton-wolverhampton/","facilities":["Wi-Fi","TV screens","Licensed outside area","Step-free access"],"regions":["England","West Midlands"],"source":"J D Wetherspoon official site (WP REST via Firecrawl)","observedAt":"2026-07-11T11:51:37Z"}},{"type":"Feature","geometry":{"type":"Point","coordinates":[-1.398634,53.522573]},"properties":{"name":"The Horseshoe","slug":"the-horseshoe-wombwell","jdwPubId":"2844","townCity":"Wombwell","postcode":"S73 0AA","country":"England","pageUrl":"https://www.jdwetherspoon.com/pubs/the-horseshoe-wombwell/","menuUrl":"https://www.jdwetherspoon.com/pub-menus/the-horseshoe-wombwell/","facilities":["Racing TV","Step-free access","Baby change","Licensed outside area","TV screens","Wi-Fi"],"regions":["England","South Yorkshire"],"source":"J D Wetherspoon official site (WP REST via Firecrawl)","observedAt":"2026-07-11T11:51:37Z"}},{"type":"Feature","geometry":{"type":"Point","coordinates":[-0.108708,51.596974]},"properties":{"name":"Spouter’s Corner","slug":"spouters-corner-wood-green","jdwPubId":"390","townCity":"Wood Green","postcode":"N22 6EJ","country":"England","pageUrl":"https://www.jdwetherspoon.com/pubs/spouters-corner-wood-green/","menuUrl":"https://www.jdwetherspoon.com/pub-menus/spouters-corner-wood-green/","facilities":["Wi-Fi","TV screens","Licensed outside area","Step-free access"],"regions":["England","Haringey"],"source":"J D Wetherspoon official site (WP REST via Firecrawl)","observedAt":"2026-07-11T11:51:37Z"}},{"type":"Feature","geometry":{"type":"Point","coordinates":[0.066917,51.489975]},"properties":{"name":"The Great Harry","slug":"the-great-harry-woolwich","jdwPubId":"1139","townCity":"Woolwich","postcode":"SE18 6PQ","country":"England","pageUrl":"https://www.jdwetherspoon.com/pubs/the-great-harry-woolwich/","menuUrl":"https://www.jdwetherspoon.com/pub-menus/the-great-harry-woolwich/","facilities":["Wi-Fi","TV screens","Projector and screen","Baby change","Step-free access"],"regions":["England","Greenwich"],"source":"J D Wetherspoon official site (WP REST via Firecrawl)","observedAt":"2026-07-11T11:51:37Z"}},{"type":"Feature","geometry":{"type":"Point","coordinates":[-2.22212,52.192865]},"properties":{"name":"The Crown","slug":"the-crown-worcester","jdwPubId":"4086","townCity":"Worcester","postcode":"WR1 3LL","country":"England","pageUrl":"https://www.jdwetherspoon.com/pubs/the-crown-worcester/","menuUrl":"https://www.jdwetherspoon.com/pub-menus/the-crown-worcester/","facilities":["TV screens","Accommodation","Licensed outside area","Room hire","Baby change","Meeting facilities","Step-free access"],"regions":["England","Worcestershire"],"source":"J D Wetherspoon official site (WP REST via Firecrawl)","observedAt":"2026-07-11T11:51:37Z"}},{"type":"Feature","geometry":{"type":"Point","coordinates":[-3.548045,54.643076]},"properties":{"name":"The Henry Bessemer","slug":"the-henry-bessemer-workington","jdwPubId":"1795","townCity":"Workington","postcode":"CA14 2NA","country":"England","pageUrl":"https://www.jdwetherspoon.com/pubs/the-henry-bessemer-workington/","menuUrl":"https://www.jdwetherspoon.com/pub-menus/the-henry-bessemer-workington/","facilities":["Wi-Fi","TV screens","Step-free access"],"regions":["England","Cumbria"],"source":"J D Wetherspoon official site (WP REST via Firecrawl)","observedAt":"2026-07-11T11:51:37Z"}},{"type":"Feature","geometry":{"type":"Point","coordinates":[-1.123609,53.304274]},"properties":{"name":"The Liquorice Gardens","slug":"the-liquorice-gardens-worksop","jdwPubId":"2155","townCity":"Worksop","postcode":"S80 2AS","country":"England","pageUrl":"https://www.jdwetherspoon.com/pubs/the-liquorice-gardens-worksop/","menuUrl":"https://www.jdwetherspoon.com/pub-menus/the-liquorice-gardens-worksop/","facilities":["Wi-Fi","TV screens","Licensed outside area","Baby change","Step-free access"],"regions":["England","Nottinghamshire"],"source":"J D Wetherspoon official site (WP REST via Firecrawl)","observedAt":"2026-07-11T11:51:37Z"}},{"type":"Feature","geometry":{"type":"Point","coordinates":[-0.370706,50.81329]},"properties":{"name":"The Three Fishes","slug":"the-three-fishes-worthing","jdwPubId":"6307","townCity":"Worthing","postcode":"BN11 1BE","country":"England","pageUrl":"https://www.jdwetherspoon.com/pubs/the-three-fishes-worthing/","menuUrl":"https://www.jdwetherspoon.com/pub-menus/the-three-fishes-worthing/","facilities":["Step-free access","Baby change","Licensed outside area","TV screens"],"regions":["England","West Sussex"],"source":"J D Wetherspoon official site (WP REST via Firecrawl)","observedAt":"2026-07-11T11:51:37Z"}},{"type":"Feature","geometry":{"type":"Point","coordinates":[-2.41326,51.539258]},"properties":{"name":"Thorn’s Farm","slug":"thorns-farm-yate","jdwPubId":"6491","townCity":"Yate","postcode":"BS37 4BB","country":"England","pageUrl":"https://www.jdwetherspoon.com/pubs/thorns-farm-yate/","menuUrl":"https://www.jdwetherspoon.com/pub-menus/thorns-farm-yate/","facilities":["Wi-Fi","TV screens","Licensed outside area","Step-free access"],"regions":["England","South Gloucestershire"],"source":"J D Wetherspoon official site (WP REST via Firecrawl)","observedAt":"2026-07-11T11:51:37Z"}},{"type":"Feature","geometry":{"type":"Point","coordinates":[-2.626269,50.941616]},"properties":{"name":"The William Dampier","slug":"the-william-dampier-yeovil","jdwPubId":"677","townCity":"Yeovil","postcode":"BA20 1LN","country":"England","pageUrl":"https://www.jdwetherspoon.com/pubs/the-william-dampier-yeovil/","menuUrl":"https://www.jdwetherspoon.com/pub-menus/the-william-dampier-yeovil/","facilities":["Wi-Fi","TV screens","Licensed outside area","Projector and screen","Baby change","Step-free access","Music"],"regions":["England","Somerset"],"source":"J D Wetherspoon official site (WP REST via Firecrawl)","observedAt":"2026-07-11T11:51:37Z"}},{"type":"Feature","geometry":{"type":"Point","coordinates":[-1.077186,53.954488]},"properties":{"name":"The Postern Gate","slug":"the-postern-gate-york","jdwPubId":"1845","townCity":"York","postcode":"YO1 9NX","country":"England","pageUrl":"https://www.jdwetherspoon.com/pubs/the-postern-gate-york/","menuUrl":"https://www.jdwetherspoon.com/pub-menus/the-postern-gate-york/","facilities":["Wi-Fi","TV screens","Licensed outside area","Baby change","Step-free access"],"regions":["England","North Yorkshire"],"source":"J D Wetherspoon official site (WP REST via Firecrawl)","observedAt":"2026-07-11T11:51:37Z"}},{"type":"Feature","geometry":{"type":"Point","coordinates":[-1.091004,53.95562]},"properties":{"name":"The Punch Bowl","slug":"the-punch-bowl-york","jdwPubId":"2870","townCity":"York","postcode":"YO24 1AU","country":"England","pageUrl":"https://www.jdwetherspoon.com/pubs/the-punch-bowl-york/","menuUrl":"https://www.jdwetherspoon.com/pub-menus/the-punch-bowl-york/","facilities":["Step-free access","Baby change","Licensed outside area","TV screens","Wi-Fi"],"regions":["England","North Yorkshire"],"source":"J D Wetherspoon official site (WP REST via Firecrawl)","observedAt":"2026-07-11T11:51:37Z"}},{"type":"Feature","geometry":{"type":"Point","coordinates":[-4.47480296,54.15110875]},"properties":{"name":"The Conister Arms","slug":"the-conister-arms-douglas","jdwPubId":"7923","townCity":"Douglas","postcode":"IM1 2EA","country":"Isle of Man","pageUrl":"https://www.jdwetherspoon.com/pubs/the-conister-arms-douglas/","menuUrl":"https://www.jdwetherspoon.com/pub-menus/the-conister-arms-douglas/","facilities":["Wi-Fi","Sky Sports","TV screens","Licensed outside area","Projector and screen","Room hire","Baby change","Meeting facilities","Step-free access","TNT Sports","Music"],"regions":["Isle of Man"],"source":"J D Wetherspoon official site (WP REST via Firecrawl)","observedAt":"2026-07-11T11:51:37Z"}},{"type":"Feature","geometry":{"type":"Point","coordinates":[-5.931808,54.593013]},"properties":{"name":"The Bridge House","slug":"the-bridge-house-belfast","jdwPubId":"1331","townCity":"Belfast","postcode":"BT2 7EJ","country":"Northern Ireland","pageUrl":"https://www.jdwetherspoon.com/pubs/the-bridge-house-belfast/","menuUrl":"https://www.jdwetherspoon.com/pub-menus/the-bridge-house-belfast/","facilities":["Wi-Fi","TV screens","Licensed outside area","Baby change","Meeting facilities","Step-free access"],"regions":["County Antrim","Northern Ireland"],"source":"J D Wetherspoon official site (WP REST via Firecrawl)","observedAt":"2026-07-11T11:51:37Z"}},{"type":"Feature","geometry":{"type":"Point","coordinates":[-5.806399,54.714593]},"properties":{"name":"The Central Bar","slug":"the-central-bar-carrickfergus","jdwPubId":"2245","townCity":"Carrickfergus","postcode":"BT38 7AN","country":"Northern Ireland","pageUrl":"https://www.jdwetherspoon.com/pubs/the-central-bar-carrickfergus/","menuUrl":"https://www.jdwetherspoon.com/pub-menus/the-central-bar-carrickfergus/","facilities":["TV screens","Licensed outside area","Racing TV","Step-free access"],"regions":["County Antrim","Northern Ireland"],"source":"J D Wetherspoon official site (WP REST via Firecrawl)","observedAt":"2026-07-11T11:51:37Z"}},{"type":"Feature","geometry":{"type":"Point","coordinates":[-5.701269,54.594336]},"properties":{"name":"The Spirit Merchant","slug":"the-spirit-merchant-newtownards","jdwPubId":"2396","townCity":"Newtownards","postcode":"BT23 4LP","country":"Northern Ireland","pageUrl":"https://www.jdwetherspoon.com/pubs/the-spirit-merchant-newtownards/","menuUrl":"https://www.jdwetherspoon.com/pub-menus/the-spirit-merchant-newtownards/","facilities":["Wi-Fi","Step-free access","TV screens","Licensed outside area","Baby change"],"regions":["County Down","Northern Ireland"],"source":"J D Wetherspoon official site (WP REST via Firecrawl)","observedAt":"2026-07-11T11:51:37Z"}},{"type":"Feature","geometry":{"type":"Point","coordinates":[-6.265332,53.333464]},"properties":{"name":"Keavan’s Port","slug":"keavans-port-dublin","jdwPubId":"7381","townCity":"Dublin","postcode":"D02 TC61","country":"Republic of Ireland","pageUrl":"https://www.jdwetherspoon.com/pubs/keavans-port-dublin/","menuUrl":"https://www.jdwetherspoon.com/pub-menus/keavans-port-dublin/","facilities":["Wi-Fi","TV screens","Accommodation","Baby change","Meeting facilities","Step-free access"],"regions":["County Dublin","Republic of Ireland"],"source":"J D Wetherspoon official site (WP REST via Firecrawl)","observedAt":"2026-07-11T11:51:37Z"}},{"type":"Feature","geometry":{"type":"Point","coordinates":[-6.388942,53.389167]},"properties":{"name":"The Great Wood","slug":"the-great-wood-dublin","jdwPubId":"7299","townCity":"Dublin","postcode":"D15 ED86","country":"Republic of Ireland","pageUrl":"https://www.jdwetherspoon.com/pubs/the-great-wood-dublin/","menuUrl":"https://www.jdwetherspoon.com/pub-menus/the-great-wood-dublin/","facilities":["Step-free access","Meeting facilities","Baby change","TV screens","Wi-Fi"],"regions":["County Dublin","Republic of Ireland"],"source":"J D Wetherspoon official site (WP REST via Firecrawl)","observedAt":"2026-07-11T11:51:37Z"}},{"type":"Feature","geometry":{"type":"Point","coordinates":[-6.256171,53.349067]},"properties":{"name":"The Silver Penny","slug":"the-silver-penny-dublin","jdwPubId":"7380","townCity":"Dublin","postcode":"D01 X593","country":"Republic of Ireland","pageUrl":"https://www.jdwetherspoon.com/pubs/the-silver-penny-dublin/","menuUrl":"https://www.jdwetherspoon.com/pub-menus/the-silver-penny-dublin/","facilities":["TV screens","Wi-Fi"],"regions":["County Dublin","Republic of Ireland"],"source":"J D Wetherspoon official site (WP REST via Firecrawl)","observedAt":"2026-07-11T11:51:37Z"}},{"type":"Feature","geometry":{"type":"Point","coordinates":[-6.2380134,53.3442665]},"properties":{"name":"The South Strand","slug":"the-south-strand-dublin","jdwPubId":"7377","townCity":"Dublin","postcode":"D02 E295","country":"Republic of Ireland","pageUrl":"https://www.jdwetherspoon.com/pubs/the-south-strand-dublin/","menuUrl":"https://www.jdwetherspoon.com/pub-menus/the-south-strand-dublin/","facilities":["Wi-Fi","TV screens","Licensed outside area","Baby change","Step-free access"],"regions":["County Dublin","Republic of Ireland"],"source":"J D Wetherspoon official site (WP REST via Firecrawl)","observedAt":"2026-07-11T11:51:37Z"}},{"type":"Feature","geometry":{"type":"Point","coordinates":[-6.133645,53.294142]},"properties":{"name":"The Forty Foot","slug":"the-forty-foot-dun-laoghaire","jdwPubId":"7330","townCity":"Dún Laoghaire","postcode":"A96 P862","country":"Republic of Ireland","pageUrl":"https://www.jdwetherspoon.com/pubs/the-forty-foot-dun-laoghaire/","menuUrl":"https://www.jdwetherspoon.com/pub-menus/the-forty-foot-dun-laoghaire/","facilities":["Step-free access","Baby change","Licensed outside area","TV screens","Wi-Fi"],"regions":["County Dublin","Republic of Ireland"],"source":"J D Wetherspoon official site (WP REST via Firecrawl)","observedAt":"2026-07-11T11:51:37Z"}},{"type":"Feature","geometry":{"type":"Point","coordinates":[-6.222072,53.456392]},"properties":{"name":"The Old Borough","slug":"the-old-borough-swords","jdwPubId":"7278","townCity":"Swords","postcode":"K67 E6W7","country":"Republic of Ireland","pageUrl":"https://www.jdwetherspoon.com/pubs/the-old-borough-swords/","menuUrl":"https://www.jdwetherspoon.com/pub-menus/the-old-borough-swords/","facilities":["Wi-Fi","TV screens","Accommodation","Licensed outside area","Projector and screen","Baby change","Step-free access"],"regions":["County Dublin","Republic of Ireland"],"source":"J D Wetherspoon official site (WP REST via Firecrawl)","observedAt":"2026-07-11T11:51:37Z"}},{"type":"Feature","geometry":{"type":"Point","coordinates":[-2.093642,57.148118]},"properties":{"name":"The Archibald Simpson","slug":"the-archibald-simpson-aberdeen","jdwPubId":"331","townCity":"Aberdeen","postcode":"AB11 5BQ","country":"Scotland","pageUrl":"https://www.jdwetherspoon.com/pubs/the-archibald-simpson-aberdeen/","menuUrl":"https://www.jdwetherspoon.com/pub-menus/the-archibald-simpson-aberdeen/","facilities":["Wi-Fi","TV screens","Licensed outside area","Baby change","Step-free access"],"regions":["Aberdeen","Scotland"],"source":"J D Wetherspoon official site (WP REST via Firecrawl)","observedAt":"2026-07-11T11:51:37Z"}},{"type":"Feature","geometry":{"type":"Point","coordinates":[-2.10967,57.143368]},"properties":{"name":"The Justice Mill","slug":"the-justice-mill-aberdeen","jdwPubId":"2460","townCity":"Aberdeen","postcode":"AB11 6DA","country":"Scotland","pageUrl":"https://www.jdwetherspoon.com/pubs/the-justice-mill-aberdeen/","menuUrl":"https://www.jdwetherspoon.com/pub-menus/the-justice-mill-aberdeen/","facilities":["Wi-Fi","TV screens","Projector and screen","Baby change","Meeting facilities","Step-free access","Music"],"regions":["Aberdeen","Scotland"],"source":"J D Wetherspoon official site (WP REST via Firecrawl)","observedAt":"2026-07-11T11:51:37Z"}},{"type":"Feature","geometry":{"type":"Point","coordinates":[-3.791251,56.11587]},"properties":{"name":"The Bobbing John","slug":"the-bobbing-john-alloa","jdwPubId":"6390","townCity":"Alloa","postcode":"FK10 1JL","country":"Scotland","pageUrl":"https://www.jdwetherspoon.com/pubs/the-bobbing-john-alloa/","menuUrl":"https://www.jdwetherspoon.com/pub-menus/the-bobbing-john-alloa/","facilities":["Step-free access","TV screens","Wi-Fi"],"regions":["Scotland","Clackmannanshire"],"source":"J D Wetherspoon official site (WP REST via Firecrawl)","observedAt":"2026-07-11T11:51:37Z"}},{"type":"Feature","geometry":{"type":"Point","coordinates":[-2.582331,56.55884]},"properties":{"name":"The Corn Exchange","slug":"the-corn-exchange-arbroath","jdwPubId":"1044","townCity":"Arbroath","postcode":"DD11 1HR","country":"Scotland","pageUrl":"https://www.jdwetherspoon.com/pubs/the-corn-exchange-arbroath/","menuUrl":"https://www.jdwetherspoon.com/pub-menus/the-corn-exchange-arbroath/","facilities":["Wi-Fi","TV screens","Licensed outside area","Baby change","Step-free access"],"regions":["Scotland","Angus"],"source":"J D Wetherspoon official site (WP REST via Firecrawl)","observedAt":"2026-07-11T11:51:37Z"}},{"type":"Feature","geometry":{"type":"Point","coordinates":[-4.633937,55.462916]},"properties":{"name":"The West Kirk","slug":"the-west-kirk-ayr","jdwPubId":"804","townCity":"Ayr","postcode":"KA7 1BX","country":"Scotland","pageUrl":"https://www.jdwetherspoon.com/pubs/the-west-kirk-ayr/","menuUrl":"https://www.jdwetherspoon.com/pub-menus/the-west-kirk-ayr/","facilities":["Licensed outside area","TV screens","Wi-Fi","Step-free access"],"regions":["Scotland","South Ayrshire"],"source":"J D Wetherspoon official site (WP REST via Firecrawl)","observedAt":"2026-07-11T11:51:37Z"}},{"type":"Feature","geometry":{"type":"Point","coordinates":[-3.338402,56.592614]},"properties":{"name":"The Fair O’Blair","slug":"the-fair-oblair-blairgowrie","jdwPubId":"6732","townCity":"Blairgowrie","postcode":"PH10 6AB","country":"Scotland","pageUrl":"https://www.jdwetherspoon.com/pubs/the-fair-oblair-blairgowrie/","menuUrl":"https://www.jdwetherspoon.com/pub-menus/the-fair-oblair-blairgowrie/","facilities":["Step-free access","Baby change","Licensed outside area","TV screens"],"regions":["Scotland","Perth and Kinross"],"source":"J D Wetherspoon official site (WP REST via Firecrawl)","observedAt":"2026-07-11T11:51:37Z"}},{"type":"Feature","geometry":{"type":"Point","coordinates":[-2.873623,56.466195]},"properties":{"name":"Jolly’s Hotel","slug":"jollys-hotel-broughty-ferry","jdwPubId":"6919","townCity":"Broughty Ferry","postcode":"DD5 2BJ","country":"Scotland","pageUrl":"https://www.jdwetherspoon.com/pubs/jollys-hotel-broughty-ferry/","menuUrl":"https://www.jdwetherspoon.com/pub-menus/jollys-hotel-broughty-ferry/","facilities":["Wi-Fi","TV screens","Accommodation","Licensed outside area","Baby change","Step-free access"],"regions":["Scotland","Dundee City"],"source":"J D Wetherspoon official site (WP REST via Firecrawl)","observedAt":"2026-07-11T11:51:37Z"}},{"type":"Feature","geometry":{"type":"Point","coordinates":[-4.165774,55.818727]},"properties":{"name":"The John Fairweather","slug":"the-john-fairweather-cambuslang","jdwPubId":"5801","townCity":"Cambuslang","postcode":"G72 7EP","country":"Scotland","pageUrl":"https://www.jdwetherspoon.com/pubs/the-john-fairweather-cambuslang/","menuUrl":"https://www.jdwetherspoon.com/pub-menus/the-john-fairweather-cambuslang/","facilities":["Step-free access","Licensed outside area","TV screens","Wi-Fi"],"regions":["Scotland","South Lanarkshire"],"source":"J D Wetherspoon official site (WP REST via Firecrawl)","observedAt":"2026-07-11T11:51:37Z"}},{"type":"Feature","geometry":{"type":"Point","coordinates":[-4.571429,55.943228]},"properties":{"name":"The Captain James Lang","slug":"the-captain-james-lang-dumbarton","jdwPubId":"7057","townCity":"Dumbarton","postcode":"G82 1LF","country":"Scotland","pageUrl":"https://www.jdwetherspoon.com/pubs/the-captain-james-lang-dumbarton/","menuUrl":"https://www.jdwetherspoon.com/pub-menus/the-captain-james-lang-dumbarton/","facilities":["Step-free access","Meeting facilities","Baby change","Licensed outside area","TV screens","Wi-Fi"],"regions":["Scotland","West Dunbartonshire"],"source":"J D Wetherspoon official site (WP REST via Firecrawl)","observedAt":"2026-07-11T11:51:37Z"}},{"type":"Feature","geometry":{"type":"Point","coordinates":[-3.613408,55.070304]},"properties":{"name":"Robert the Bruce","slug":"robert-the-bruce-dumfries","jdwPubId":"1204","townCity":"Dumfries","postcode":"DG1 1DJ","country":"Scotland","pageUrl":"https://www.jdwetherspoon.com/pubs/robert-the-bruce-dumfries/","menuUrl":"https://www.jdwetherspoon.com/pub-menus/robert-the-bruce-dumfries/","facilities":["Wi-Fi","TV screens","Licensed outside area","Step-free access"],"regions":["Scotland","Dumfries and Galloway"],"source":"J D Wetherspoon official site (WP REST via Firecrawl)","observedAt":"2026-07-11T11:51:37Z"}},{"type":"Feature","geometry":{"type":"Point","coordinates":[-2.971839,56.462066]},"properties":{"name":"The Counting House","slug":"the-counting-house-dundee","jdwPubId":"358","townCity":"Dundee","postcode":"DD1 1SP","country":"Scotland","pageUrl":"https://www.jdwetherspoon.com/pubs/the-counting-house-dundee/","menuUrl":"https://www.jdwetherspoon.com/pub-menus/the-counting-house-dundee/","facilities":["Wi-Fi","Step-free access","Baby change","Licensed outside area","TV screens"],"regions":["Scotland","Dundee City"],"source":"J D Wetherspoon official site (WP REST via Firecrawl)","observedAt":"2026-07-11T11:51:37Z"}},{"type":"Feature","geometry":{"type":"Point","coordinates":[-3.461366,56.071339]},"properties":{"name":"The Guildhall & Linen Exchange","slug":"the-guildhall-linen-exchange-dunfermline","jdwPubId":"6198","townCity":"Dunfermline","postcode":"KY12 7DR","country":"Scotland","pageUrl":"https://www.jdwetherspoon.com/pubs/the-guildhall-linen-exchange-dunfermline/","menuUrl":"https://www.jdwetherspoon.com/pub-menus/the-guildhall-linen-exchange-dunfermline/","facilities":["Baby change","Step-free access","Licensed outside area","Accommodation","TV screens","Wi-Fi"],"regions":["Scotland","Fife"],"source":"J D Wetherspoon official site (WP REST via Firecrawl)","observedAt":"2026-07-11T11:51:37Z"}},{"type":"Feature","geometry":{"type":"Point","coordinates":[-4.1767691,55.7610994]},"properties":{"name":"The Hay Stook","slug":"the-hay-stook-east-kilbride","jdwPubId":"6966","townCity":"East Kilbride","postcode":"G74 1JU","country":"Scotland","pageUrl":"https://www.jdwetherspoon.com/pubs/the-hay-stook-east-kilbride/","menuUrl":"https://www.jdwetherspoon.com/pub-menus/the-hay-stook-east-kilbride/","facilities":["Baby change","Step-free access","Licensed outside area","Wi-Fi"],"regions":["Scotland","South Lanarkshire"],"source":"J D Wetherspoon official site (WP REST via Firecrawl)","observedAt":"2026-07-11T11:51:37Z"}},{"type":"Feature","geometry":{"type":"Point","coordinates":[-3.205333,55.951995]},"properties":{"name":"The Alexander Graham Bell","slug":"the-alexander-graham-bell-edinburgh","jdwPubId":"6183","townCity":"Edinburgh","postcode":"EH2 4JZ","country":"Scotland","pageUrl":"https://www.jdwetherspoon.com/pubs/the-alexander-graham-bell-edinburgh/","menuUrl":"https://www.jdwetherspoon.com/pub-menus/the-alexander-graham-bell-edinburgh/","facilities":["Baby change","Step-free access","Licensed outside area","TV screens","Wi-Fi"],"regions":["Scotland","Edinburgh"],"source":"J D Wetherspoon official site (WP REST via Firecrawl)","observedAt":"2026-07-11T11:51:37Z"}},{"type":"Feature","geometry":{"type":"Point","coordinates":[-3.191294,55.952631]},"properties":{"name":"The Booking Office","slug":"the-booking-office-edinburgh","jdwPubId":"7164","townCity":"Edinburgh","postcode":"EH1 1BQ","country":"Scotland","pageUrl":"https://www.jdwetherspoon.com/pubs/the-booking-office-edinburgh/","menuUrl":"https://www.jdwetherspoon.com/pub-menus/the-booking-office-edinburgh/","facilities":["Changing places","TV screens","Wi-Fi"],"regions":["Scotland","Edinburgh"],"source":"J D Wetherspoon official site (WP REST via Firecrawl)","observedAt":"2026-07-11T11:51:37Z"}},{"type":"Feature","geometry":{"type":"Point","coordinates":[-3.208378,55.9482283]},"properties":{"name":"The Caley Picture House","slug":"the-caley-picture-house-edinburgh","jdwPubId":"7248","townCity":"Edinburgh","postcode":"EH1 2DJ","country":"Scotland","pageUrl":"https://www.jdwetherspoon.com/pubs/the-caley-picture-house-edinburgh/","menuUrl":"https://www.jdwetherspoon.com/pub-menus/the-caley-picture-house-edinburgh/","facilities":["Baby change","TV screens","Wi-Fi"],"regions":["Scotland","Edinburgh"],"source":"J D Wetherspoon official site (WP REST via Firecrawl)","observedAt":"2026-07-11T11:51:37Z"}},{"type":"Feature","geometry":{"type":"Point","coordinates":[-3.18587,55.956463]},"properties":{"name":"The Playfair","slug":"the-playfair-edinburgh","jdwPubId":"4312","townCity":"Edinburgh","postcode":"EH1 3AJ","country":"Scotland","pageUrl":"https://www.jdwetherspoon.com/pubs/the-playfair-edinburgh/","menuUrl":"https://www.jdwetherspoon.com/pub-menus/the-playfair-edinburgh/","facilities":["Wi-Fi","TV screens","Licensed outside area","Baby change","Step-free access"],"regions":["Scotland","Edinburgh"],"source":"J D Wetherspoon official site (WP REST via Firecrawl)","observedAt":"2026-07-11T11:51:37Z"}},{"type":"Feature","geometry":{"type":"Point","coordinates":[-3.362945,55.948862]},"properties":{"name":"The Sir Walter Scott","slug":"the-sir-walter-scott-edinburgh","jdwPubId":"6245","townCity":"Edinburgh","postcode":"EH12 9DN","country":"Scotland","pageUrl":"https://www.jdwetherspoon.com/pubs/the-sir-walter-scott-edinburgh/","menuUrl":"https://www.jdwetherspoon.com/pub-menus/the-sir-walter-scott-edinburgh/","facilities":["TV screens","Step-free access","Baby change"],"regions":["Scotland","Edinburgh"],"source":"J D Wetherspoon official site (WP REST via Firecrawl)","observedAt":"2026-07-11T11:51:37Z"}},{"type":"Feature","geometry":{"type":"Point","coordinates":[-3.199702,55.952978]},"properties":{"name":"The Standing Order","slug":"the-standing-order-edinburgh","jdwPubId":"371","townCity":"Edinburgh","postcode":"EH2 2LR","country":"Scotland","pageUrl":"https://www.jdwetherspoon.com/pubs/the-standing-order-edinburgh/","menuUrl":"https://www.jdwetherspoon.com/pub-menus/the-standing-order-edinburgh/","facilities":["Wi-Fi","TV screens","Licensed outside area","Projector and screen","Baby change","Step-free access"],"regions":["Scotland","Edinburgh"],"source":"J D Wetherspoon official site (WP REST via Firecrawl)","observedAt":"2026-07-11T11:51:37Z"}},{"type":"Feature","geometry":{"type":"Point","coordinates":[-3.282521,55.942903]},"properties":{"name":"The White Lady","slug":"the-white-lady-edinburgh","jdwPubId":"6341","townCity":"Edinburgh","postcode":"EH12 8AT","country":"Scotland","pageUrl":"https://www.jdwetherspoon.com/pubs/the-white-lady-edinburgh/","menuUrl":"https://www.jdwetherspoon.com/pub-menus/the-white-lady-edinburgh/","facilities":["Step-free access","Baby change","Licensed outside area","Accommodation","TV screens","Wi-Fi"],"regions":["Scotland","Edinburgh"],"source":"J D Wetherspoon official site (WP REST via Firecrawl)","observedAt":"2026-07-11T11:51:37Z"}},{"type":"Feature","geometry":{"type":"Point","coordinates":[-3.19099,55.94739]},"properties":{"name":"The William Chambers","slug":"the-william-chambers-edinburgh","jdwPubId":"7675","townCity":"Edinburgh","postcode":"EH1 1HU","country":"Scotland","pageUrl":"https://www.jdwetherspoon.com/pubs/the-william-chambers-edinburgh/","menuUrl":"https://www.jdwetherspoon.com/pub-menus/the-william-chambers-edinburgh/","facilities":["Wi-Fi","TV screens","Licensed outside area","Baby change","Step-free access"],"regions":["Midlothian","Scotland"],"source":"J D Wetherspoon official site (WP REST via Firecrawl)","observedAt":"2026-07-11T11:51:37Z"}},{"type":"Feature","geometry":{"type":"Point","coordinates":[-3.312467,57.648905]},"properties":{"name":"The Muckle Cross","slug":"the-muckle-cross-elgin","jdwPubId":"797","townCity":"Elgin","postcode":"IV30 1BU","country":"Scotland","pageUrl":"https://www.jdwetherspoon.com/pubs/the-muckle-cross-elgin/","menuUrl":"https://www.jdwetherspoon.com/pub-menus/the-muckle-cross-elgin/","facilities":["Wi-Fi","TV screens","Baby change","Step-free access"],"regions":["Scotland","Moray"],"source":"J D Wetherspoon official site (WP REST via Firecrawl)","observedAt":"2026-07-11T11:51:37Z"}},{"type":"Feature","geometry":{"type":"Point","coordinates":[-3.783067,56.000127]},"properties":{"name":"The Carron Works","slug":"the-carron-works-falkirk","jdwPubId":"2496","townCity":"Falkirk","postcode":"FK1 1NB","country":"Scotland","pageUrl":"https://www.jdwetherspoon.com/pubs/the-carron-works-falkirk/","menuUrl":"https://www.jdwetherspoon.com/pub-menus/the-carron-works-falkirk/","facilities":["Wi-Fi","TV screens","Licensed outside area","Baby change","Step-free access"],"regions":["Scotland","Falkirk"],"source":"J D Wetherspoon official site (WP REST via Firecrawl)","observedAt":"2026-07-11T11:51:37Z"}},{"type":"Feature","geometry":{"type":"Point","coordinates":[-5.11381,56.816444]},"properties":{"name":"The Great Glen","slug":"the-great-glen-fort-william","jdwPubId":"6411","townCity":"Fort William","postcode":"PH33 6AD","country":"Scotland","pageUrl":"https://www.jdwetherspoon.com/pubs/the-great-glen-fort-william/","menuUrl":"https://www.jdwetherspoon.com/pub-menus/the-great-glen-fort-william/","facilities":["Wi-Fi","TV screens","Licensed outside area","Baby change","Step-free access"],"regions":["Scotland","Highland"],"source":"J D Wetherspoon official site (WP REST via Firecrawl)","observedAt":"2026-07-11T11:51:37Z"}},{"type":"Feature","geometry":{"type":"Point","coordinates":[-2.811066,55.61789]},"properties":{"name":"Hunters Hall","slug":"hunters-hall-galashiels","jdwPubId":"1233","townCity":"Galashiels","postcode":"TD1 1SE","country":"Scotland","pageUrl":"https://www.jdwetherspoon.com/pubs/hunters-hall-galashiels/","menuUrl":"https://www.jdwetherspoon.com/pub-menus/hunters-hall-galashiels/","facilities":["Wi-Fi","TV screens","Licensed outside area","Step-free access"],"regions":["Scotland","Scottish Borders"],"source":"J D Wetherspoon official site (WP REST via Firecrawl)","observedAt":"2026-07-11T11:51:37Z"}},{"type":"Feature","geometry":{"type":"Point","coordinates":[-4.11022489,55.8369847]},"properties":{"name":"Black Bear","slug":"black-bear-glasgow","jdwPubId":"7952","townCity":"Glasgow","postcode":"G71 7SA","country":"Scotland","pageUrl":"https://www.jdwetherspoon.com/pubs/black-bear-glasgow/","menuUrl":"https://www.jdwetherspoon.com/pub-menus/black-bear-glasgow/","facilities":["Wi-Fi","TV screens","Licensed outside area","Baby change","Bike storage"],"regions":["Scotland","Glasgow"],"source":"J D Wetherspoon official site (WP REST via Firecrawl)","observedAt":"2026-07-11T11:51:37Z"}},{"type":"Feature","geometry":{"type":"Point","coordinates":[-4.2518,55.861023]},"properties":{"name":"The Counting House","slug":"the-counting-house-glasgow","jdwPubId":"282","townCity":"Glasgow","postcode":"G1 2DH","country":"Scotland","pageUrl":"https://www.jdwetherspoon.com/pubs/the-counting-house-glasgow/","menuUrl":"https://www.jdwetherspoon.com/pub-menus/the-counting-house-glasgow/","facilities":["Wi-Fi","Licensed outside area","Baby change","Step-free access"],"regions":["Scotland","Glasgow"],"source":"J D Wetherspoon official site (WP REST via Firecrawl)","observedAt":"2026-07-11T11:51:37Z"}},{"type":"Feature","geometry":{"type":"Point","coordinates":[-4.257313,55.857518]},"properties":{"name":"The Crystal Palace","slug":"the-crystal-palace-glasgow","jdwPubId":"833","townCity":"Glasgow","postcode":"G1 4QD","country":"Scotland","pageUrl":"https://www.jdwetherspoon.com/pubs/the-crystal-palace-glasgow/","menuUrl":"https://www.jdwetherspoon.com/pub-menus/the-crystal-palace-glasgow/","facilities":["Wi-Fi","TV screens","Licensed outside area","Meeting facilities","Step-free access"],"regions":["Scotland","Glasgow"],"source":"J D Wetherspoon official site (WP REST via Firecrawl)","observedAt":"2026-07-11T11:51:37Z"}},{"type":"Feature","geometry":{"type":"Point","coordinates":[-4.321724,55.888472]},"properties":{"name":"The Esquire House","slug":"the-esquire-house-glasgow","jdwPubId":"1660","townCity":"Glasgow","postcode":"G12 0AU","country":"Scotland","pageUrl":"https://www.jdwetherspoon.com/pubs/the-esquire-house-glasgow/","menuUrl":"https://www.jdwetherspoon.com/pub-menus/the-esquire-house-glasgow/","facilities":["Wi-Fi","TV screens","Licensed outside area","Projector and screen","Baby change","Step-free access"],"regions":["Scotland","Glasgow"],"source":"J D Wetherspoon official site (WP REST via Firecrawl)","observedAt":"2026-07-11T11:51:37Z"}},{"type":"Feature","geometry":{"type":"Point","coordinates":[-4.2667,55.86569]},"properties":{"name":"The Hengler’s Circus","slug":"the-henglers-circus-glasgow","jdwPubId":"1903","townCity":"Glasgow","postcode":"G2 3HU","country":"Scotland","pageUrl":"https://www.jdwetherspoon.com/pubs/the-henglers-circus-glasgow/","menuUrl":"https://www.jdwetherspoon.com/pub-menus/the-henglers-circus-glasgow/","facilities":["Wi-Fi","TV screens","Licensed outside area","Baby change","Step-free access"],"regions":["Scotland","Glasgow"],"source":"J D Wetherspoon official site (WP REST via Firecrawl)","observedAt":"2026-07-11T11:51:37Z"}},{"type":"Feature","geometry":{"type":"Point","coordinates":[-4.154589,55.938177]},"properties":{"name":"The Kirky Puffer","slug":"the-kirky-puffer-glasgow","jdwPubId":"2663","townCity":"Glasgow","postcode":"G66 1NG","country":"Scotland","pageUrl":"https://www.jdwetherspoon.com/pubs/the-kirky-puffer-glasgow/","menuUrl":"https://www.jdwetherspoon.com/pub-menus/the-kirky-puffer-glasgow/","facilities":["Wi-Fi","TV screens","Room hire","Baby change","Step-free access"],"regions":["Scotland","Glasgow"],"source":"J D Wetherspoon official site (WP REST via Firecrawl)","observedAt":"2026-07-11T11:51:37Z"}},{"type":"Feature","geometry":{"type":"Point","coordinates":[-4.259879,55.858751]},"properties":{"name":"The Sir John Moore","slug":"the-sir-john-moore-glasgow","jdwPubId":"2151","townCity":"Glasgow","postcode":"G2 8QW","country":"Scotland","pageUrl":"https://www.jdwetherspoon.com/pubs/the-sir-john-moore-glasgow/","menuUrl":"https://www.jdwetherspoon.com/pub-menus/the-sir-john-moore-glasgow/","facilities":["Step-free access","Baby change","Licensed outside area","TV screens","Wi-Fi"],"regions":["Scotland","Glasgow"],"source":"J D Wetherspoon official site (WP REST via Firecrawl)","observedAt":"2026-07-11T11:51:37Z"}},{"type":"Feature","geometry":{"type":"Point","coordinates":[-4.257089,55.862294]},"properties":{"name":"The Society Room","slug":"the-society-room-glasgow","jdwPubId":"2615","townCity":"Glasgow","postcode":"G2 2JJ","country":"Scotland","pageUrl":"https://www.jdwetherspoon.com/pubs/the-society-room-glasgow/","menuUrl":"https://www.jdwetherspoon.com/pub-menus/the-society-room-glasgow/","facilities":["Music","Step-free access","Baby change","Licensed outside area","TV screens","Wi-Fi"],"regions":["Scotland","Glasgow"],"source":"J D Wetherspoon official site (WP REST via Firecrawl)","observedAt":"2026-07-11T11:51:37Z"}},{"type":"Feature","geometry":{"type":"Point","coordinates":[-3.167625,56.195863]},"properties":{"name":"The Golden Acorn","slug":"the-golden-acorn-glenrothes","jdwPubId":"801","townCity":"Glenrothes","postcode":"KY7 5NA","country":"Scotland","pageUrl":"https://www.jdwetherspoon.com/pubs/the-golden-acorn-glenrothes/","menuUrl":"https://www.jdwetherspoon.com/pub-menus/the-golden-acorn-glenrothes/","facilities":["Step-free access","Baby change","Licensed outside area","Accommodation","TV screens","Wi-Fi"],"regions":["Scotland","Fife"],"source":"J D Wetherspoon official site (WP REST via Firecrawl)","observedAt":"2026-07-11T11:51:37Z"}},{"type":"Feature","geometry":{"type":"Point","coordinates":[-4.753627,55.946808]},"properties":{"name":"The James Watt","slug":"the-james-watt-greenock","jdwPubId":"625","townCity":"Greenock","postcode":"PA15 1DD","country":"Scotland","pageUrl":"https://www.jdwetherspoon.com/pubs/the-james-watt-greenock/","menuUrl":"https://www.jdwetherspoon.com/pub-menus/the-james-watt-greenock/","facilities":["Wi-Fi","Step-free access","Licensed outside area","TV screens"],"regions":["Scotland","Inverclyde"],"source":"J D Wetherspoon official site (WP REST via Firecrawl)","observedAt":"2026-07-11T11:51:37Z"}},{"type":"Feature","geometry":{"type":"Point","coordinates":[-2.783623,55.425266]},"properties":{"name":"The Bourtree","slug":"the-bourtree-hawick","jdwPubId":"6327","townCity":"Hawick","postcode":"TD9 9HL","country":"Scotland","pageUrl":"https://www.jdwetherspoon.com/pubs/the-bourtree-hawick/","menuUrl":"https://www.jdwetherspoon.com/pub-menus/the-bourtree-hawick/","facilities":["Wi-Fi","TV screens","Licensed outside area","Meeting facilities","Step-free access","Music"],"regions":["Scotland","Scottish Borders"],"source":"J D Wetherspoon official site (WP REST via Firecrawl)","observedAt":"2026-07-11T11:51:37Z"}},{"type":"Feature","geometry":{"type":"Point","coordinates":[-4.737553,56.004058]},"properties":{"name":"The Henry Bell","slug":"the-henry-bell-helensburgh","jdwPubId":"6453","townCity":"Helensburgh","postcode":"G84 8AS","country":"Scotland","pageUrl":"https://www.jdwetherspoon.com/pubs/the-henry-bell-helensburgh/","menuUrl":"https://www.jdwetherspoon.com/pub-menus/the-henry-bell-helensburgh/","facilities":["Wi-Fi","TV screens","Licensed outside area","Step-free access"],"regions":["Scotland","Argyll and Bute"],"source":"J D Wetherspoon official site (WP REST via Firecrawl)","observedAt":"2026-07-11T11:51:37Z"}},{"type":"Feature","geometry":{"type":"Point","coordinates":[-4.227476,57.479581]},"properties":{"name":"The Kings Highway","slug":"the-kings-highway-inverness","jdwPubId":"1789","townCity":"Inverness","postcode":"IV1 1EN","country":"Scotland","pageUrl":"https://www.jdwetherspoon.com/pubs/the-kings-highway-inverness/","menuUrl":"https://www.jdwetherspoon.com/pub-menus/the-kings-highway-inverness/","facilities":["Wi-Fi","TV screens","Accommodation","Licensed outside area","Baby change","Step-free access"],"regions":["Scotland","Highland"],"source":"J D Wetherspoon official site (WP REST via Firecrawl)","observedAt":"2026-07-11T11:51:37Z"}},{"type":"Feature","geometry":{"type":"Point","coordinates":[-2.37967,57.28482]},"properties":{"name":"The Gordon Highlander","slug":"the-gordon-highlander-inverurie","jdwPubId":"6424","townCity":"Inverurie","postcode":"AB51 3QQ","country":"Scotland","pageUrl":"https://www.jdwetherspoon.com/pubs/the-gordon-highlander-inverurie/","menuUrl":"https://www.jdwetherspoon.com/pub-menus/the-gordon-highlander-inverurie/","facilities":["Wi-Fi","TV screens","Licensed outside area","Baby change","Step-free access"],"regions":["Aberdeenshire","Scotland"],"source":"J D Wetherspoon official site (WP REST via Firecrawl)","observedAt":"2026-07-11T11:51:37Z"}},{"type":"Feature","geometry":{"type":"Point","coordinates":[-4.672991,55.612441]},"properties":{"name":"The Auld Brig","slug":"the-auld-brig-irvine","jdwPubId":"6736","townCity":"Irvine","postcode":"KA12 8EH","country":"Scotland","pageUrl":"https://www.jdwetherspoon.com/pubs/the-auld-brig-irvine/","menuUrl":"https://www.jdwetherspoon.com/pub-menus/the-auld-brig-irvine/","facilities":["Step-free access","Baby change","Licensed outside area","Wi-Fi","TV screens"],"regions":["Scotland","North Ayrshire"],"source":"J D Wetherspoon official site (WP REST via Firecrawl)","observedAt":"2026-07-11T11:51:37Z"}},{"type":"Feature","geometry":{"type":"Point","coordinates":[-4.497014,55.611143]},"properties":{"name":"The Wheatsheaf Inn","slug":"the-wheatsheaf-inn-kilmarnock","jdwPubId":"725","townCity":"Kilmarnock","postcode":"KA1 1JG","country":"Scotland","pageUrl":"https://www.jdwetherspoon.com/pubs/the-wheatsheaf-inn-kilmarnock/","menuUrl":"https://www.jdwetherspoon.com/pub-menus/the-wheatsheaf-inn-kilmarnock/","facilities":["Music","Wi-Fi","TV screens","Licensed outside area","Baby change","Step-free access"],"regions":["Scotland","East Ayrshire"],"source":"J D Wetherspoon official site (WP REST via Firecrawl)","observedAt":"2026-07-11T11:51:37Z"}},{"type":"Feature","geometry":{"type":"Point","coordinates":[-3.158047,56.111982]},"properties":{"name":"The Robert Nairn","slug":"the-robert-nairn-kirkcaldy","jdwPubId":"1065","townCity":"Kirkcaldy","postcode":"KY1 1EH","country":"Scotland","pageUrl":"https://www.jdwetherspoon.com/pubs/the-robert-nairn-kirkcaldy/","menuUrl":"https://www.jdwetherspoon.com/pub-menus/the-robert-nairn-kirkcaldy/","facilities":["Step-free access","Baby change","Licensed outside area","TV screens","Wi-Fi"],"regions":["Scotland","Fife"],"source":"J D Wetherspoon official site (WP REST via Firecrawl)","observedAt":"2026-07-11T11:51:37Z"}},{"type":"Feature","geometry":{"type":"Point","coordinates":[-4.87005,55.7952]},"properties":{"name":"The Paddle Steamer","slug":"the-paddle-steamer-largs","jdwPubId":"6902","townCity":"Largs","postcode":"KA30 8LX","country":"Scotland","pageUrl":"https://www.jdwetherspoon.com/pubs/the-paddle-steamer-largs/","menuUrl":"https://www.jdwetherspoon.com/pub-menus/the-paddle-steamer-largs/","facilities":["Step-free access","Baby change","Licensed outside area","TV screens","Wi-Fi"],"regions":["Scotland","North Ayrshire"],"source":"J D Wetherspoon official site (WP REST via Firecrawl)","observedAt":"2026-07-11T11:51:37Z"}},{"type":"Feature","geometry":{"type":"Point","coordinates":[-3.517758,55.882537]},"properties":{"name":"The NewYearField","slug":"the-newyearfield-livingston","jdwPubId":"6266","townCity":"Livingston","postcode":"EH54 6QX","country":"Scotland","pageUrl":"https://www.jdwetherspoon.com/pubs/the-newyearfield-livingston/","menuUrl":"https://www.jdwetherspoon.com/pub-menus/the-newyearfield-livingston/","facilities":["Wi-Fi","TV screens","Licensed outside area","Baby change","Step-free access"],"regions":["Scotland","West Lothian"],"source":"J D Wetherspoon official site (WP REST via Firecrawl)","observedAt":"2026-07-11T11:51:37Z"}},{"type":"Feature","geometry":{"type":"Point","coordinates":[-3.990256,55.791623]},"properties":{"name":"The Brandon Works","slug":"the-brandon-works-motherwell","jdwPubId":"2468","townCity":"Motherwell","postcode":"ML1 1JJ","country":"Scotland","pageUrl":"https://www.jdwetherspoon.com/pubs/the-brandon-works-motherwell/","menuUrl":"https://www.jdwetherspoon.com/pub-menus/the-brandon-works-motherwell/","facilities":["Wi-Fi","TV screens","Licensed outside area","Step-free access"],"regions":["Scotland","North Lanarkshire"],"source":"J D Wetherspoon official site (WP REST via Firecrawl)","observedAt":"2026-07-11T11:51:37Z"}},{"type":"Feature","geometry":{"type":"Point","coordinates":[-3.057992,55.943611]},"properties":{"name":"The David Macbeth Moir","slug":"the-david-macbeth-moir-musselburgh","jdwPubId":"5703","townCity":"Musselburgh","postcode":"EH21 6AG","country":"Scotland","pageUrl":"https://www.jdwetherspoon.com/pubs/the-david-macbeth-moir-musselburgh/","menuUrl":"https://www.jdwetherspoon.com/pub-menus/the-david-macbeth-moir-musselburgh/","facilities":["Wi-Fi","TV screens","Licensed outside area","Step-free access"],"regions":["Scotland","East Lothian"],"source":"J D Wetherspoon official site (WP REST via Firecrawl)","observedAt":"2026-07-11T11:51:37Z"}},{"type":"Feature","geometry":{"type":"Point","coordinates":[-5.474628,56.412796]},"properties":{"name":"The Corryvreckan","slug":"the-corryvreckan-oban","jdwPubId":"5717","townCity":"Oban","postcode":"PA34 4LW","country":"Scotland","pageUrl":"https://www.jdwetherspoon.com/pubs/the-corryvreckan-oban/","menuUrl":"https://www.jdwetherspoon.com/pub-menus/the-corryvreckan-oban/","facilities":["Wi-Fi","TV screens","Licensed outside area","Baby change","Step-free access"],"regions":["Scotland","Argyll and Bute"],"source":"J D Wetherspoon official site (WP REST via Firecrawl)","observedAt":"2026-07-11T11:51:37Z"}},{"type":"Feature","geometry":{"type":"Point","coordinates":[-4.424535,55.846603]},"properties":{"name":"The Last Post","slug":"the-last-post-paisley","jdwPubId":"497","townCity":"Paisley","postcode":"PA1 1BN","country":"Scotland","pageUrl":"https://www.jdwetherspoon.com/pubs/the-last-post-paisley/","menuUrl":"https://www.jdwetherspoon.com/pub-menus/the-last-post-paisley/","facilities":["Wi-Fi","TV screens","Licensed outside area","Step-free access"],"regions":["Scotland","Renfrewshire"],"source":"J D Wetherspoon official site (WP REST via Firecrawl)","observedAt":"2026-07-11T11:51:37Z"}},{"type":"Feature","geometry":{"type":"Point","coordinates":[-3.425895,56.396318]},"properties":{"name":"The Capital Asset","slug":"the-capital-asset-perth","jdwPubId":"2959","townCity":"Perth","postcode":"PH1 5LQ","country":"Scotland","pageUrl":"https://www.jdwetherspoon.com/pubs/the-capital-asset-perth/","menuUrl":"https://www.jdwetherspoon.com/pub-menus/the-capital-asset-perth/","facilities":["Wi-Fi","TV screens","Licensed outside area","Baby change","Step-free access"],"regions":["Scotland","Perth and Kinross"],"source":"J D Wetherspoon official site (WP REST via Firecrawl)","observedAt":"2026-07-11T11:51:37Z"}},{"type":"Feature","geometry":{"type":"Point","coordinates":[-1.779061,57.505782]},"properties":{"name":"The Cross Keys","slug":"the-cross-keys-peterhead","jdwPubId":"5428","townCity":"Peterhead","postcode":"AB42 1TH","country":"Scotland","pageUrl":"https://www.jdwetherspoon.com/pubs/the-cross-keys-peterhead/","menuUrl":"https://www.jdwetherspoon.com/pub-menus/the-cross-keys-peterhead/","facilities":["Wi-Fi","TV screens","Licensed outside area","Racing TV","Baby change","Step-free access"],"regions":["Aberdeenshire","Scotland"],"source":"J D Wetherspoon official site (WP REST via Firecrawl)","observedAt":"2026-07-11T11:51:37Z"}},{"type":"Feature","geometry":{"type":"Point","coordinates":[-4.610786,55.499539]},"properties":{"name":"The Prestwick Pioneer","slug":"the-prestwick-pioneer-prestwick","jdwPubId":"6319","townCity":"Prestwick","postcode":"KA9 1JS","country":"Scotland","pageUrl":"https://www.jdwetherspoon.com/pubs/the-prestwick-pioneer-prestwick/","menuUrl":"https://www.jdwetherspoon.com/pub-menus/the-prestwick-pioneer-prestwick/","facilities":["Wi-Fi","TV screens","Step-free access"],"regions":["Scotland","South Ayrshire"],"source":"J D Wetherspoon official site (WP REST via Firecrawl)","observedAt":"2026-07-11T11:51:37Z"}},{"type":"Feature","geometry":{"type":"Point","coordinates":[-4.3714,55.87832]},"properties":{"name":"The Lord of the Isles","slug":"the-lord-of-the-isles-renfrew","jdwPubId":"5520","townCity":"Renfrew","postcode":"PA4 8XQ","country":"Scotland","pageUrl":"https://www.jdwetherspoon.com/pubs/the-lord-of-the-isles-renfrew/","menuUrl":"https://www.jdwetherspoon.com/pub-menus/the-lord-of-the-isles-renfrew/","facilities":["Music","Step-free access","Baby change","Licensed outside area","TV screens","Wi-Fi"],"regions":["Scotland","Renfrewshire"],"source":"J D Wetherspoon official site (WP REST via Firecrawl)","observedAt":"2026-07-11T11:51:37Z"}},{"type":"Feature","geometry":{"type":"Point","coordinates":[-4.217484,55.828222]},"properties":{"name":"An Ruadh-Ghleann","slug":"an-ruadh-ghleann-rutherglen","jdwPubId":"6335","townCity":"Rutherglen","postcode":"G73 2HY","country":"Scotland","pageUrl":"https://www.jdwetherspoon.com/pubs/an-ruadh-ghleann-rutherglen/","menuUrl":"https://www.jdwetherspoon.com/pub-menus/an-ruadh-ghleann-rutherglen/","facilities":["Wi-Fi","Licensed outside area","Step-free access"],"regions":["Scotland","South Lanarkshire"],"source":"J D Wetherspoon official site (WP REST via Firecrawl)","observedAt":"2026-07-11T11:51:37Z"}},{"type":"Feature","geometry":{"type":"Point","coordinates":[-4.789511,55.633765]},"properties":{"name":"The Salt Cot","slug":"the-salt-cot-saltcoats","jdwPubId":"943","townCity":"Saltcoats","postcode":"KA21 5DS","country":"Scotland","pageUrl":"https://www.jdwetherspoon.com/pubs/the-salt-cot-saltcoats/","menuUrl":"https://www.jdwetherspoon.com/pub-menus/the-salt-cot-saltcoats/","facilities":["Step-free access","Baby change","Licensed outside area","TV screens","Wi-Fi"],"regions":["Scotland","North Ayrshire"],"source":"J D Wetherspoon official site (WP REST via Firecrawl)","observedAt":"2026-07-11T11:51:37Z"}},{"type":"Feature","geometry":{"type":"Point","coordinates":[-2.80011924,56.34036896]},"properties":{"name":"The Red Gown","slug":"the-red-gown-st-andrews","jdwPubId":"7930","townCity":"St Andrews","postcode":"KY16 9UZ","country":"Scotland","pageUrl":"https://www.jdwetherspoon.com/pubs/the-red-gown-st-andrews/","menuUrl":"https://www.jdwetherspoon.com/pub-menus/the-red-gown-st-andrews/","facilities":["Wi-Fi","Licensed outside area","Baby change","Bike storage","Meeting facilities","Step-free access"],"regions":["Scotland","Fife"],"source":"J D Wetherspoon official site (WP REST via Firecrawl)","observedAt":"2026-07-11T11:51:37Z"}},{"type":"Feature","geometry":{"type":"Point","coordinates":[-3.939151,56.118532]},"properties":{"name":"The Crossed Peels","slug":"the-crossed-peels-stirling","jdwPubId":"5648","townCity":"Stirling","postcode":"FK8 1AT","country":"Scotland","pageUrl":"https://www.jdwetherspoon.com/pubs/the-crossed-peels-stirling/","menuUrl":"https://www.jdwetherspoon.com/pub-menus/the-crossed-peels-stirling/","facilities":["Step-free access","Baby change","Licensed outside area","TV screens","Wi-Fi"],"regions":["Scotland","Stirling"],"source":"J D Wetherspoon official site (WP REST via Firecrawl)","observedAt":"2026-07-11T11:51:37Z"}},{"type":"Feature","geometry":{"type":"Point","coordinates":[-3.91806,55.77417]},"properties":{"name":"The Wishaw Malt","slug":"the-wishaw-malt-wishaw","jdwPubId":"1014","townCity":"Wishaw","postcode":"ML2 7BL","country":"Scotland","pageUrl":"https://www.jdwetherspoon.com/pubs/the-wishaw-malt-wishaw/","menuUrl":"https://www.jdwetherspoon.com/pub-menus/the-wishaw-malt-wishaw/","facilities":["Step-free access","Licensed outside area","TV screens","Wi-Fi"],"regions":["Scotland","North Lanarkshire"],"source":"J D Wetherspoon official site (WP REST via Firecrawl)","observedAt":"2026-07-11T11:51:37Z"}},{"type":"Feature","geometry":{"type":"Point","coordinates":[-0.55311155,38.28651427]},"properties":{"name":"Castell de Santa Bàrbara","slug":"castell-de-santa-barbara-alicante","jdwPubId":"7927","townCity":"Alicante","postcode":"03195","country":"Spain","pageUrl":"https://www.jdwetherspoon.com/pubs/castell-de-santa-barbera-alicante/","menuUrl":"https://www.jdwetherspoon.com/pub-menus/castell-de-santa-barbara-alicante/","facilities":["Wi-Fi","TV screens","Licensed outside area","Step-free access","Airport after security"],"regions":["Spain","Valencia"],"source":"J D Wetherspoon official site (WP REST via Firecrawl)","observedAt":"2026-07-11T11:51:37Z"}},{"type":"Feature","geometry":{"type":"Point","coordinates":[2.073333,41.288333]},"properties":{"name":"Sant Jordi","slug":"sant-jordi-barcelona","jdwPubId":"7957","townCity":"Barcelona","postcode":"08820 El Prat de Llobregat","country":"Spain","pageUrl":"https://www.jdwetherspoon.com/pubs/sant-jordi-barcelona/","menuUrl":"https://www.jdwetherspoon.com/pub-menus/sant-jordi-barcelona/","facilities":["TV screens","Step-free access","Airport after security"],"regions":["Spain","Catalonia"],"source":"J D Wetherspoon official site (WP REST via Firecrawl)","observedAt":"2026-07-11T11:51:37Z"}},{"type":"Feature","geometry":{"type":"Point","coordinates":[-3.446322,51.712742]},"properties":{"name":"Yr Ieuan Ap Iago","slug":"yr-ieuan-ap-iago-aberdare","jdwPubId":"2667","townCity":"Aberdare","postcode":"CF44 7AA","country":"Wales","pageUrl":"https://www.jdwetherspoon.com/pubs/yr-ieuan-ap-iago-aberdare/","menuUrl":"https://www.jdwetherspoon.com/pub-menus/yr-ieuan-ap-iago-aberdare/","facilities":["Step-free access","Baby change","Projector and screen","Licensed outside area","TV screens","Wi-Fi"],"regions":["Wales","Rhondda Cynon Taff"],"source":"J D Wetherspoon official site (WP REST via Firecrawl)","observedAt":"2026-07-11T11:51:37Z"}},{"type":"Feature","geometry":{"type":"Point","coordinates":[-3.019214,51.823226]},"properties":{"name":"The Coliseum","slug":"the-coliseum-abergavenny","jdwPubId":"1742","townCity":"Abergavenny","postcode":"NP7 5PE","country":"Wales","pageUrl":"https://www.jdwetherspoon.com/pubs/the-coliseum-abergavenny/","menuUrl":"https://www.jdwetherspoon.com/pub-menus/the-coliseum-abergavenny/","facilities":["Wi-Fi","TV screens","Licensed outside area","Projector and screen","Baby change"],"regions":["Wales","Monmouthshire"],"source":"J D Wetherspoon official site (WP REST via Firecrawl)","observedAt":"2026-07-11T11:51:37Z"}},{"type":"Feature","geometry":{"type":"Point","coordinates":[-3.134537,51.729839]},"properties":{"name":"The Pontlottyn","slug":"the-pontlottyn-abertillery","jdwPubId":"5468","townCity":"Abertillery","postcode":"NP13 1DJ","country":"Wales","pageUrl":"https://www.jdwetherspoon.com/pubs/the-pontlottyn-abertillery/","menuUrl":"https://www.jdwetherspoon.com/pub-menus/the-pontlottyn-abertillery/","facilities":["Step-free access","Baby change","Projector and screen","Licensed outside area","TV screens","Wi-Fi"],"regions":["Blaenau Gwent","Wales"],"source":"J D Wetherspoon official site (WP REST via Firecrawl)","observedAt":"2026-07-11T11:51:37Z"}},{"type":"Feature","geometry":{"type":"Point","coordinates":[-4.081825,52.414089]},"properties":{"name":"Yr Hen Orsaf","slug":"yr-hen-orsaf-aberystwyth","jdwPubId":"1176","townCity":"Aberystwyth","postcode":"SY23 1LN","country":"Wales","pageUrl":"https://www.jdwetherspoon.com/pubs/yr-hen-orsaf-aberystwyth/","menuUrl":"https://www.jdwetherspoon.com/pub-menus/yr-hen-orsaf-aberystwyth/","facilities":["Wi-Fi","TV screens","Licensed outside area","Baby change","Step-free access"],"regions":["Wales","Ceredigion"],"source":"J D Wetherspoon official site (WP REST via Firecrawl)","observedAt":"2026-07-11T11:51:37Z"}},{"type":"Feature","geometry":{"type":"Point","coordinates":[-4.12906,53.22437]},"properties":{"name":"The Black Bull Inn","slug":"the-black-bull-inn-bangor","jdwPubId":"1664","townCity":"Bangor","postcode":"LL57 1NS","country":"Wales","pageUrl":"https://www.jdwetherspoon.com/pubs/the-black-bull-inn-bangor/","menuUrl":"https://www.jdwetherspoon.com/pub-menus/the-black-bull-inn-bangor/","facilities":["Wi-Fi","TV screens","Licensed outside area","Baby change","Step-free access"],"regions":["Wales","Gwynedd"],"source":"J D Wetherspoon official site (WP REST via Firecrawl)","observedAt":"2026-07-11T11:51:37Z"}},{"type":"Feature","geometry":{"type":"Point","coordinates":[-3.284393,51.398496]},"properties":{"name":"The Sir Samuel Romilly","slug":"the-sir-samuel-romilly-barry","jdwPubId":"5574","townCity":"Barry","postcode":"CF62 7AU","country":"Wales","pageUrl":"https://www.jdwetherspoon.com/pubs/the-sir-samuel-romilly-barry/","menuUrl":"https://www.jdwetherspoon.com/pub-menus/the-sir-samuel-romilly-barry/","facilities":["Wi-Fi","TV screens","Licensed outside area","Projector and screen","Baby change","Meeting facilities","Step-free access"],"regions":["Wales","Vale of Glamorgan"],"source":"J D Wetherspoon official site (WP REST via Firecrawl)","observedAt":"2026-07-11T11:51:37Z"}},{"type":"Feature","geometry":{"type":"Point","coordinates":[-3.195527,51.669323]},"properties":{"name":"The Sirhowy","slug":"the-sirhowy-blackwood","jdwPubId":"1381","townCity":"Blackwood","postcode":"NP12 1BA","country":"Wales","pageUrl":"https://www.jdwetherspoon.com/pubs/the-sirhowy-blackwood/","menuUrl":"https://www.jdwetherspoon.com/pub-menus/the-sirhowy-blackwood/","facilities":["Wi-Fi","TV screens","Licensed outside area","Projector and screen","Baby change","Step-free access"],"regions":["Wales","Caerphilly"],"source":"J D Wetherspoon official site (WP REST via Firecrawl)","observedAt":"2026-07-11T11:51:37Z"}},{"type":"Feature","geometry":{"type":"Point","coordinates":[-3.3934178,51.9487309]},"properties":{"name":"The George Hotel","slug":"the-george-hotel-brecon","jdwPubId":"7401","townCity":"Brecon","postcode":"LD3 7LD","country":"Wales","pageUrl":"https://www.jdwetherspoon.com/pubs/the-george-hotel-brecon/","menuUrl":"https://www.jdwetherspoon.com/pub-menus/the-george-hotel-brecon/","facilities":["Wi-Fi","TV screens","Accommodation","Licensed outside area","Room hire","Baby change","Meeting facilities","Step-free access"],"regions":["Wales","Powys"],"source":"J D Wetherspoon official site (WP REST via Firecrawl)","observedAt":"2026-07-11T11:51:37Z"}},{"type":"Feature","geometry":{"type":"Point","coordinates":[-3.57927,51.506639]},"properties":{"name":"The Wyndham Arms Hotel","slug":"the-wyndham-arms-hotel-bridgend","jdwPubId":"1087","townCity":"Bridgend","postcode":"CF31 1JE","country":"Wales","pageUrl":"https://www.jdwetherspoon.com/pubs/the-wyndham-arms-hotel-bridgend/","menuUrl":"https://www.jdwetherspoon.com/pub-menus/the-wyndham-arms-hotel-bridgend/","facilities":["Wi-Fi","TV screens","Accommodation","Licensed outside area","Baby change","Step-free access"],"regions":["Wales","Bridgend"],"source":"J D Wetherspoon official site (WP REST via Firecrawl)","observedAt":"2026-07-11T11:51:37Z"}},{"type":"Feature","geometry":{"type":"Point","coordinates":[-4.274801,53.140706]},"properties":{"name":"Tafarn Y Porth","slug":"tafarn-y-porth-caernarfon","jdwPubId":"1715","townCity":"Caernarfon","postcode":"LL55 1AG","country":"Wales","pageUrl":"https://www.jdwetherspoon.com/pubs/tafarn-y-porth-caernarfon/","menuUrl":"https://www.jdwetherspoon.com/pub-menus/tafarn-y-porth-caernarfon/","facilities":["Step-free access","Baby change","Projector and screen","Licensed outside area","TV screens","Wi-Fi"],"regions":["Wales","Gwynedd"],"source":"J D Wetherspoon official site (WP REST via Firecrawl)","observedAt":"2026-07-11T11:51:37Z"}},{"type":"Feature","geometry":{"type":"Point","coordinates":[-3.219794,51.57221]},"properties":{"name":"The Malcolm Uphill","slug":"the-malcolm-uphill-caerphilly","jdwPubId":"6372","townCity":"Caerphilly","postcode":"CF83 1FQ","country":"Wales","pageUrl":"https://www.jdwetherspoon.com/pubs/the-malcolm-uphill-caerphilly/","menuUrl":"https://www.jdwetherspoon.com/pub-menus/the-malcolm-uphill-caerphilly/","facilities":["Wi-Fi","Step-free access","Licensed outside area","TV screens"],"regions":["Wales","Caerphilly"],"source":"J D Wetherspoon official site (WP REST via Firecrawl)","observedAt":"2026-07-11T11:51:37Z"}},{"type":"Feature","geometry":{"type":"Point","coordinates":[-3.199854,51.507614]},"properties":{"name":"The Aneurin Bevan","slug":"the-aneurin-bevan-cardiff","jdwPubId":"6259","townCity":"Cardiff","postcode":"CF14 4AD","country":"Wales","pageUrl":"https://www.jdwetherspoon.com/pubs/the-aneurin-bevan-cardiff/","menuUrl":"https://www.jdwetherspoon.com/pub-menus/the-aneurin-bevan-cardiff/","facilities":["Step-free access","Baby change","Licensed outside area","TV screens","Wi-Fi"],"regions":["Wales","Cardiff"],"source":"J D Wetherspoon official site (WP REST via Firecrawl)","observedAt":"2026-07-11T11:51:37Z"}},{"type":"Feature","geometry":{"type":"Point","coordinates":[-3.172948,51.483341]},"properties":{"name":"The Central Bar","slug":"the-central-bar-cardiff","jdwPubId":"2042","townCity":"Cardiff","postcode":"CF10 3BW","country":"Wales","pageUrl":"https://www.jdwetherspoon.com/pubs/the-central-bar-cardiff/","menuUrl":"https://www.jdwetherspoon.com/pub-menus/the-central-bar-cardiff/","facilities":["Step-free access","Projector and screen","Licensed outside area","TV screens","Wi-Fi"],"regions":["Wales","Cardiff"],"source":"J D Wetherspoon official site (WP REST via Firecrawl)","observedAt":"2026-07-11T11:51:37Z"}},{"type":"Feature","geometry":{"type":"Point","coordinates":[-3.165617,51.485684]},"properties":{"name":"The Ernest Willows","slug":"the-ernest-willows-cardiff","jdwPubId":"754","townCity":"Cardiff","postcode":"CF24 3DL","country":"Wales","pageUrl":"https://www.jdwetherspoon.com/pubs/the-ernest-willows-cardiff/","menuUrl":"https://www.jdwetherspoon.com/pub-menus/the-ernest-willows-cardiff/","facilities":["Wi-Fi","TV screens","Licensed outside area","Projector and screen","Baby change","Step-free access"],"regions":["Wales","Cardiff"],"source":"J D Wetherspoon official site (WP REST via Firecrawl)","observedAt":"2026-07-11T11:51:37Z"}},{"type":"Feature","geometry":{"type":"Point","coordinates":[-3.181925,51.480148]},"properties":{"name":"The Gatekeeper","slug":"the-gatekeeper-cardiff","jdwPubId":"1749","townCity":"Cardiff","postcode":"CF10 1DD","country":"Wales","pageUrl":"https://www.jdwetherspoon.com/pubs/the-gatekeeper-cardiff/","menuUrl":"https://www.jdwetherspoon.com/pub-menus/the-gatekeeper-cardiff/","facilities":["Wi-Fi","TV screens","Licensed outside area","Projector and screen","Baby change","Step-free access","TNT Sports"],"regions":["Wales","Cardiff"],"source":"J D Wetherspoon official site (WP REST via Firecrawl)","observedAt":"2026-07-11T11:51:37Z"}},{"type":"Feature","geometry":{"type":"Point","coordinates":[-3.17689,51.476596]},"properties":{"name":"The Great Western","slug":"the-great-western-cardiff","jdwPubId":"5361","townCity":"Cardiff","postcode":"CF10 1FA","country":"Wales","pageUrl":"https://www.jdwetherspoon.com/pubs/the-great-western-cardiff/","menuUrl":"https://www.jdwetherspoon.com/pub-menus/the-great-western-cardiff/","facilities":["Baby change","Music","Step-free access","Projector and screen","Licensed outside area","TV screens","Wi-Fi"],"regions":["Wales","Cardiff"],"source":"J D Wetherspoon official site (WP REST via Firecrawl)","observedAt":"2026-07-11T11:51:37Z"}},{"type":"Feature","geometry":{"type":"Point","coordinates":[-3.200316,51.48133]},"properties":{"name":"The Ivor Davies","slug":"the-ivor-davies-cardiff","jdwPubId":"750","townCity":"Cardiff","postcode":"CF11 9AN","country":"Wales","pageUrl":"https://www.jdwetherspoon.com/pubs/the-ivor-davies-cardiff/","menuUrl":"https://www.jdwetherspoon.com/pub-menus/the-ivor-davies-cardiff/","facilities":["Step-free access","Baby change","Racing TV","Licensed outside area","TV screens","Wi-Fi"],"regions":["Wales","Cardiff"],"source":"J D Wetherspoon official site (WP REST via Firecrawl)","observedAt":"2026-07-11T11:51:37Z"}},{"type":"Feature","geometry":{"type":"Point","coordinates":[-3.166651,51.462724]},"properties":{"name":"The Mount Stuart","slug":"the-mount-stuart-cardiff","jdwPubId":"6428","townCity":"Cardiff","postcode":"CF10 5BU","country":"Wales","pageUrl":"https://www.jdwetherspoon.com/pubs/the-mount-stuart-cardiff/","menuUrl":"https://www.jdwetherspoon.com/pub-menus/the-mount-stuart-cardiff/","facilities":["Wi-Fi","TV screens","Licensed outside area","Step-free access"],"regions":["Wales","Cardiff"],"source":"J D Wetherspoon official site (WP REST via Firecrawl)","observedAt":"2026-07-11T11:51:37Z"}},{"type":"Feature","geometry":{"type":"Point","coordinates":[-3.177898,51.477658]},"properties":{"name":"The Prince of Wales","slug":"the-prince-of-wales-cardiff","jdwPubId":"207","townCity":"Cardiff","postcode":"CF10 1FA","country":"Wales","pageUrl":"https://www.jdwetherspoon.com/pubs/the-prince-of-wales-cardiff/","menuUrl":"https://www.jdwetherspoon.com/pub-menus/the-prince-of-wales-cardiff/","facilities":["Wi-Fi","TV screens","Licensed outside area","Projector and screen","Baby change","Step-free access"],"regions":["Wales","Cardiff"],"source":"J D Wetherspoon official site (WP REST via Firecrawl)","observedAt":"2026-07-11T11:51:37Z"}},{"type":"Feature","geometry":{"type":"Point","coordinates":[-4.304996,51.857052]},"properties":{"name":"Yr Hen Dderwen","slug":"yr-hen-dderwen-carmarthen","jdwPubId":"1721","townCity":"Carmarthen","postcode":"SA31 1BH","country":"Wales","pageUrl":"https://www.jdwetherspoon.com/pubs/yr-hen-dderwen-carmarthen/","menuUrl":"https://www.jdwetherspoon.com/pub-menus/yr-hen-dderwen-carmarthen/","facilities":["Wi-Fi","TV screens","Licensed outside area","Step-free access"],"regions":["Wales","Carmarthenshire"],"source":"J D Wetherspoon official site (WP REST via Firecrawl)","observedAt":"2026-07-11T11:51:37Z"}},{"type":"Feature","geometry":{"type":"Point","coordinates":[-2.67366,51.642586]},"properties":{"name":"The Bell Hanger","slug":"the-bell-hanger-chepstow","jdwPubId":"5345","townCity":"Chepstow","postcode":"NP16 5EW","country":"Wales","pageUrl":"https://www.jdwetherspoon.com/pubs/the-bell-hanger-chepstow/","menuUrl":"https://www.jdwetherspoon.com/pub-menus/the-bell-hanger-chepstow/","facilities":["Wi-Fi","TV screens","Licensed outside area","Baby change","Step-free access"],"regions":["Wales","Monmouthshire"],"source":"J D Wetherspoon official site (WP REST via Firecrawl)","observedAt":"2026-07-11T11:51:37Z"}},{"type":"Feature","geometry":{"type":"Point","coordinates":[-3.727801,53.296712]},"properties":{"name":"The Picture House","slug":"the-picture-house-colwyn-bay","jdwPubId":"807","townCity":"Colwyn Bay","postcode":"LL29 8LA","country":"Wales","pageUrl":"https://www.jdwetherspoon.com/pubs/the-picture-house-colwyn-bay/","menuUrl":"https://www.jdwetherspoon.com/pub-menus/the-picture-house-colwyn-bay/","facilities":["Step-free access","TV screens","Wi-Fi"],"regions":["Wales","Conwy"],"source":"J D Wetherspoon official site (WP REST via Firecrawl)","observedAt":"2026-07-11T11:51:37Z"}},{"type":"Feature","geometry":{"type":"Point","coordinates":[-3.020568,51.655404]},"properties":{"name":"The John Fielding","slug":"the-john-fielding-cwmbran","jdwPubId":"5195","townCity":"Cwmbran","postcode":"NP44 1PP","country":"Wales","pageUrl":"https://www.jdwetherspoon.com/pubs/the-john-fielding-cwmbran/","menuUrl":"https://www.jdwetherspoon.com/pub-menus/the-john-fielding-cwmbran/","facilities":["Licensed outside area","TV screens","Wi-Fi","Baby change","Step-free access","TNT Sports"],"regions":["Wales","Torfaen"],"source":"J D Wetherspoon official site (WP REST via Firecrawl)","observedAt":"2026-07-11T11:51:37Z"}},{"type":"Feature","geometry":{"type":"Point","coordinates":[-3.207618,51.77965]},"properties":{"name":"The Picture House","slug":"the-picture-house-ebbw-vale","jdwPubId":"680","townCity":"Ebbw Vale","postcode":"NP23 6HP","country":"Wales","pageUrl":"https://www.jdwetherspoon.com/pubs/the-picture-house-ebbw-vale/","menuUrl":"https://www.jdwetherspoon.com/pub-menus/the-picture-house-ebbw-vale/","facilities":["Step-free access","Baby change","Licensed outside area","TV screens","Wi-Fi","Projector and screen"],"regions":["Blaenau Gwent","Wales"],"source":"J D Wetherspoon official site (WP REST via Firecrawl)","observedAt":"2026-07-11T11:51:37Z"}},{"type":"Feature","geometry":{"type":"Point","coordinates":[-4.968229,51.801554]},"properties":{"name":"The William Owen","slug":"the-william-owen-haverfordwest","jdwPubId":"5748","townCity":"Haverfordwest","postcode":"SA61 1BG","country":"Wales","pageUrl":"https://www.jdwetherspoon.com/pubs/the-william-owen-haverfordwest/","menuUrl":"https://www.jdwetherspoon.com/pub-menus/the-william-owen-haverfordwest/","facilities":["Wi-Fi","TV screens","Licensed outside area","Baby change","Meeting facilities","Step-free access"],"regions":["Wales","Pembrokeshire"],"source":"J D Wetherspoon official site (WP REST via Firecrawl)","observedAt":"2026-07-11T11:51:37Z"}},{"type":"Feature","geometry":{"type":"Point","coordinates":[-3.832359,53.325173]},"properties":{"name":"The Palladium","slug":"the-palladium-llandudno","jdwPubId":"1013","townCity":"Llandudno","postcode":"LL30 2DD","country":"Wales","pageUrl":"https://www.jdwetherspoon.com/pubs/the-palladium-llandudno/","menuUrl":"https://www.jdwetherspoon.com/pub-menus/the-palladium-llandudno/","facilities":["Wi-Fi","Step-free access","Baby change","Projector and screen","TV screens"],"regions":["Wales","Conwy"],"source":"J D Wetherspoon official site (WP REST via Firecrawl)","observedAt":"2026-07-11T11:51:37Z"}},{"type":"Feature","geometry":{"type":"Point","coordinates":[-4.163244,51.680907]},"properties":{"name":"The York Palace","slug":"the-york-palace-llanelli","jdwPubId":"465","townCity":"Llanelli","postcode":"SA15 3YA","country":"Wales","pageUrl":"https://www.jdwetherspoon.com/pubs/the-york-palace-llanelli/","menuUrl":"https://www.jdwetherspoon.com/pub-menus/the-york-palace-llanelli/","facilities":["Wi-Fi","TV screens","Step-free access"],"regions":["Wales","Carmarthenshire"],"source":"J D Wetherspoon official site (WP REST via Firecrawl)","observedAt":"2026-07-11T11:51:37Z"}},{"type":"Feature","geometry":{"type":"Point","coordinates":[-3.659949,51.608429]},"properties":{"name":"The Sawyer’s Arms","slug":"the-sawyers-arms-maesteg","jdwPubId":"6954","townCity":"Maesteg","postcode":"CF34 9DF","country":"Wales","pageUrl":"https://www.jdwetherspoon.com/pubs/the-sawyers-arms-maesteg/","menuUrl":"https://www.jdwetherspoon.com/pub-menus/the-sawyers-arms-maesteg/","facilities":["Wi-Fi","TV screens","Licensed outside area","Baby change","Step-free access"],"regions":["Wales","Bridgend"],"source":"J D Wetherspoon official site (WP REST via Firecrawl)","observedAt":"2026-07-11T11:51:37Z"}},{"type":"Feature","geometry":{"type":"Point","coordinates":[-3.378139,51.747381]},"properties":{"name":"Y Dic Penderyn","slug":"y-dic-penderyn-merthyr-tydfil","jdwPubId":"1258","townCity":"Merthyr Tydfil","postcode":"CF47 8AP","country":"Wales","pageUrl":"https://www.jdwetherspoon.com/pubs/y-dic-penderyn-merthyr-tydfil/","menuUrl":"https://www.jdwetherspoon.com/pub-menus/y-dic-penderyn-merthyr-tydfil/","facilities":["Step-free access","Baby change","Wi-Fi","TV screens","Licensed outside area","Projector and screen"],"regions":["Wales","Merthyr Tydfil"],"source":"J D Wetherspoon official site (WP REST via Firecrawl)","observedAt":"2026-07-11T11:51:37Z"}},{"type":"Feature","geometry":{"type":"Point","coordinates":[-3.141215,53.166431]},"properties":{"name":"The Gold Cape","slug":"the-gold-cape-mold","jdwPubId":"2422","townCity":"Mold","postcode":"CH7 1ES","country":"Wales","pageUrl":"https://www.jdwetherspoon.com/pubs/the-gold-cape-mold/","menuUrl":"https://www.jdwetherspoon.com/pub-menus/the-gold-cape-mold/","facilities":["Licensed outside area","TV screens","Wi-Fi","Baby change","Step-free access"],"regions":["Wales","Flintshire"],"source":"J D Wetherspoon official site (WP REST via Firecrawl)","observedAt":"2026-07-11T11:51:37Z"}},{"type":"Feature","geometry":{"type":"Point","coordinates":[-2.715684,51.811804]},"properties":{"name":"The Kings Head","slug":"the-kings-head-monmouth","jdwPubId":"623","townCity":"Monmouth","postcode":"NP25 3DY","country":"Wales","pageUrl":"https://www.jdwetherspoon.com/pubs/the-kings-head-monmouth/","menuUrl":"https://www.jdwetherspoon.com/pub-menus/the-kings-head-monmouth/","facilities":["Step-free access","Bike storage","Baby change","Projector and screen","Licensed outside area","Accommodation","TV screens","Wi-Fi"],"regions":["Wales","Monmouthshire"],"source":"J D Wetherspoon official site (WP REST via Firecrawl)","observedAt":"2026-07-11T11:51:37Z"}},{"type":"Feature","geometry":{"type":"Point","coordinates":[-3.806338,51.661907]},"properties":{"name":"The David Protheroe","slug":"the-david-protheroe-neath","jdwPubId":"785","townCity":"Neath","postcode":"SA11 1LS","country":"Wales","pageUrl":"https://www.jdwetherspoon.com/pubs/the-david-protheroe-neath/","menuUrl":"https://www.jdwetherspoon.com/pub-menus/the-david-protheroe-neath/","facilities":["Wi-Fi","Step-free access","Licensed outside area","TV screens"],"regions":["Wales","Neath Port Talbot"],"source":"J D Wetherspoon official site (WP REST via Firecrawl)","observedAt":"2026-07-11T11:51:37Z"}},{"type":"Feature","geometry":{"type":"Point","coordinates":[-2.978427,51.589783]},"properties":{"name":"The Godfrey Morgan","slug":"the-godfrey-morgan-newport","jdwPubId":"458","townCity":"Newport","postcode":"NP19 8EG","country":"Wales","pageUrl":"https://www.jdwetherspoon.com/pubs/the-godfrey-morgan-newport/","menuUrl":"https://www.jdwetherspoon.com/pub-menus/the-godfrey-morgan-newport/","facilities":["Wi-Fi","TV screens","Licensed outside area","Projector and screen","Baby change","Step-free access"],"regions":["Wales","Newport"],"source":"J D Wetherspoon official site (WP REST via Firecrawl)","observedAt":"2026-07-11T11:51:37Z"}},{"type":"Feature","geometry":{"type":"Point","coordinates":[-2.998056,51.588957]},"properties":{"name":"The John Wallace Linton","slug":"the-john-wallace-linton-newport","jdwPubId":"191","townCity":"Newport","postcode":"NP20 4AD","country":"Wales","pageUrl":"https://www.jdwetherspoon.com/pubs/the-john-wallace-linton-newport/","menuUrl":"https://www.jdwetherspoon.com/pub-menus/the-john-wallace-linton-newport/","facilities":["TNT Sports","Step-free access","Wi-Fi","TV screens","Licensed outside area","Projector and screen","Baby change"],"regions":["Wales","Newport"],"source":"J D Wetherspoon official site (WP REST via Firecrawl)","observedAt":"2026-07-11T11:51:37Z"}},{"type":"Feature","geometry":{"type":"Point","coordinates":[-3.316007,52.516404]},"properties":{"name":"The Black Boy","slug":"the-black-boy-newtown","jdwPubId":"6671","townCity":"Newtown","postcode":"SY16 2BQ","country":"Wales","pageUrl":"https://www.jdwetherspoon.com/pubs/the-black-boy-newtown/","menuUrl":"https://www.jdwetherspoon.com/pub-menus/the-black-boy-newtown/","facilities":["Wi-Fi","TV screens","Baby change","Step-free access"],"regions":["Wales","Powys"],"source":"J D Wetherspoon official site (WP REST via Firecrawl)","observedAt":"2026-07-11T11:51:37Z"}},{"type":"Feature","geometry":{"type":"Point","coordinates":[-3.340818,51.599484]},"properties":{"name":"The Tumble Inn","slug":"the-tumble-inn-pontypridd","jdwPubId":"2470","townCity":"Pontypridd","postcode":"CF37 1BA","country":"Wales","pageUrl":"https://www.jdwetherspoon.com/pubs/the-tumble-inn-pontypridd/","menuUrl":"https://www.jdwetherspoon.com/pub-menus/the-tumble-inn-pontypridd/","facilities":["Wi-Fi","TV screens","Licensed outside area","Step-free access","Music"],"regions":["Wales","Rhondda Cynon Taff"],"source":"J D Wetherspoon official site (WP REST via Firecrawl)","observedAt":"2026-07-11T11:51:37Z"}},{"type":"Feature","geometry":{"type":"Point","coordinates":[-3.782071,51.59438]},"properties":{"name":"The Lord Caradoc","slug":"the-lord-caradoc-port-talbot","jdwPubId":"729","townCity":"Port Talbot","postcode":"SA13 1NW","country":"Wales","pageUrl":"https://www.jdwetherspoon.com/pubs/the-lord-caradoc-port-talbot/","menuUrl":"https://www.jdwetherspoon.com/pub-menus/the-lord-caradoc-port-talbot/","facilities":["Wi-Fi","TV screens","Licensed outside area","Projector and screen","Baby change","Step-free access"],"regions":["Wales","Neath Port Talbot"],"source":"J D Wetherspoon official site (WP REST via Firecrawl)","observedAt":"2026-07-11T11:51:37Z"}},{"type":"Feature","geometry":{"type":"Point","coordinates":[-4.417534,52.887857]},"properties":{"name":"Pen Cob","slug":"pen-cob-pwllheli","jdwPubId":"6682","townCity":"Pwllheli","postcode":"LL53 5HG","country":"Wales","pageUrl":"https://www.jdwetherspoon.com/pubs/pen-cob-pwllheli/","menuUrl":"https://www.jdwetherspoon.com/pub-menus/pen-cob-pwllheli/","facilities":["Wi-Fi","TV screens","Baby change","Step-free access"],"regions":["Wales","Gwynedd"],"source":"J D Wetherspoon official site (WP REST via Firecrawl)","observedAt":"2026-07-11T11:51:37Z"}},{"type":"Feature","geometry":{"type":"Point","coordinates":[-3.491623,53.321051]},"properties":{"name":"The Sussex","slug":"the-sussex-rhyl","jdwPubId":"2000","townCity":"Rhyl","postcode":"LL18 1SG","country":"Wales","pageUrl":"https://www.jdwetherspoon.com/pubs/the-sussex-rhyl/","menuUrl":"https://www.jdwetherspoon.com/pub-menus/the-sussex-rhyl/","facilities":["Wi-Fi","TV screens","Licensed outside area","Baby change","Step-free access"],"regions":["Wales","Denbighshire"],"source":"J D Wetherspoon official site (WP REST via Firecrawl)","observedAt":"2026-07-11T11:51:37Z"}},{"type":"Feature","geometry":{"type":"Point","coordinates":[-3.310398,53.114594]},"properties":{"name":"The Castle Hotel","slug":"the-castle-hotel-ruthin","jdwPubId":"5536","townCity":"Ruthin","postcode":"LL15 1AA","country":"Wales","pageUrl":"https://www.jdwetherspoon.com/pubs/the-castle-hotel-ruthin/","menuUrl":"https://www.jdwetherspoon.com/pub-menus/the-castle-hotel-ruthin/","facilities":["Wi-Fi","Accommodation","Licensed outside area","Baby change","Step-free access"],"regions":["Wales","Denbighshire"],"source":"J D Wetherspoon official site (WP REST via Firecrawl)","observedAt":"2026-07-11T11:51:37Z"}},{"type":"Feature","geometry":{"type":"Point","coordinates":[-3.039094,53.212225]},"properties":{"name":"The Central Hotel","slug":"the-central-hotel-shotton","jdwPubId":"5815","townCity":"Shotton","postcode":"CH5 1BX","country":"Wales","pageUrl":"https://www.jdwetherspoon.com/pubs/the-central-hotel-shotton/","menuUrl":"https://www.jdwetherspoon.com/pub-menus/the-central-hotel-shotton/","facilities":["Step-free access","Baby change","Licensed outside area","TV screens","Wi-Fi"],"regions":["Wales","Flintshire"],"source":"J D Wetherspoon official site (WP REST via Firecrawl)","observedAt":"2026-07-11T11:51:37Z"}},{"type":"Feature","geometry":{"type":"Point","coordinates":[-3.940487,51.619375]},"properties":{"name":"The Bank Statement","slug":"the-bank-statement-swansea","jdwPubId":"749","townCity":"Swansea","postcode":"SA1 1EP","country":"Wales","pageUrl":"https://www.jdwetherspoon.com/pubs/the-bank-statement-swansea/","menuUrl":"https://www.jdwetherspoon.com/pub-menus/the-bank-statement-swansea/","facilities":["Music","Step-free access","Baby change","Projector and screen","Licensed outside area","TV screens","Wi-Fi"],"regions":["Wales","Swansea"],"source":"J D Wetherspoon official site (WP REST via Firecrawl)","observedAt":"2026-07-11T11:51:37Z"}},{"type":"Feature","geometry":{"type":"Point","coordinates":[-4.037645,51.669]},"properties":{"name":"The Mardy Inn","slug":"the-mardy-inn-swansea","jdwPubId":"6897","townCity":"Swansea","postcode":"SA4 4BR","country":"Wales","pageUrl":"https://www.jdwetherspoon.com/pubs/the-mardy-inn-swansea/","menuUrl":"https://www.jdwetherspoon.com/pub-menus/the-mardy-inn-swansea/","facilities":["Wi-Fi","TV screens","Step-free access"],"regions":["Wales","Swansea"],"source":"J D Wetherspoon official site (WP REST via Firecrawl)","observedAt":"2026-07-11T11:51:37Z"}},{"type":"Feature","geometry":{"type":"Point","coordinates":[-3.949492,51.619245]},"properties":{"name":"The Potters Wheel","slug":"the-potters-wheel-swansea","jdwPubId":"175","townCity":"Swansea","postcode":"SA1 5JE","country":"Wales","pageUrl":"https://www.jdwetherspoon.com/pubs/the-potters-wheel-swansea/","menuUrl":"https://www.jdwetherspoon.com/pub-menus/the-potters-wheel-swansea/","facilities":["Wi-Fi","TV screens","Licensed outside area","Step-free access"],"regions":["Wales","Swansea"],"source":"J D Wetherspoon official site (WP REST via Firecrawl)","observedAt":"2026-07-11T11:51:37Z"}},{"type":"Feature","geometry":{"type":"Point","coordinates":[-3.922654,51.668635]},"properties":{"name":"The Red Lion Inn","slug":"the-red-lion-inn-swansea","jdwPubId":"6700","townCity":"Swansea","postcode":"SA6 6JA","country":"Wales","pageUrl":"https://www.jdwetherspoon.com/pubs/the-red-lion-inn-swansea/","menuUrl":"https://www.jdwetherspoon.com/pub-menus/the-red-lion-inn-swansea/","facilities":["Step-free access","Baby change","Licensed outside area","TV screens","Wi-Fi"],"regions":["Wales","Swansea"],"source":"J D Wetherspoon official site (WP REST via Firecrawl)","observedAt":"2026-07-11T11:51:37Z"}},{"type":"Feature","geometry":{"type":"Point","coordinates":[-3.245151,51.771165]},"properties":{"name":"The Olympia","slug":"the-olympia-tredegar","jdwPubId":"1762","townCity":"Tredegar","postcode":"NP22 3ND","country":"Wales","pageUrl":"https://www.jdwetherspoon.com/pubs/the-olympia-tredegar/","menuUrl":"https://www.jdwetherspoon.com/pub-menus/the-olympia-tredegar/","facilities":["Wi-Fi","TV screens","Step-free access","Baby change","Projector and screen","Licensed outside area"],"regions":["Blaenau Gwent","Wales"],"source":"J D Wetherspoon official site (WP REST via Firecrawl)","observedAt":"2026-07-11T11:51:37Z"}},{"type":"Feature","geometry":{"type":"Point","coordinates":[-2.997051,53.047074]},"properties":{"name":"The Elihu Yale","slug":"the-elihu-yale-wrexham","jdwPubId":"386","townCity":"Wrexham","postcode":"LL11 1RR","country":"Wales","pageUrl":"https://www.jdwetherspoon.com/pubs/the-elihu-yale-wrexham/","menuUrl":"https://www.jdwetherspoon.com/pub-menus/the-elihu-yale-wrexham/","facilities":["TV screens","Licensed outside area","Projector and screen","Baby change","Step-free access"],"regions":["Wales","Wrexham"],"source":"J D Wetherspoon official site (WP REST via Firecrawl)","observedAt":"2026-07-11T11:51:37Z"}}]}